{
  "type": "FeatureCollection",
  "features": [
    {
      "type": "Feature",
      "geometry": {
        "type": "Polygon",
        "coordinates": [
          [
            [
              117.04092238300403,
              58.969425773612755
            ],
            [
              117.04083508337348,
              58.96766387847845
            ],
            [
              117.0405805078888,
              58.96590631698764
            ],
            [
              117.0401592951722,
              58.96415732227942
            ],
            [
              117.03957248478812,
              58.96242110622205
            ],
            [
              117.03882151450013,
              58.96070184928193
            ],
            [
              117.03790821657572,
              58.95900369047409
            ],
            [
              117.03683481315015,
              58.957330717418365
            ],
            [
              117.03560391066274,
              58.95568695652474
            ],
            [
              117.03421849338093,
              58.95407636333119
            ],
            [
              117.03268191602947,
              58.95250281301739
            ],
            [
              117.03099789554466,
              58.95097009111592
            ],
            [
              117.02917050197435,
              58.94948188444368
            ],
            [
              117.02720414854782,
              58.94804177227424
            ],
            [
              117.02510358094007,
              58.94665321777247
            ],
            [
              117.02287386575748,
              58.94531955971093
            ],
            [
              117.02052037827352,
              58.94404400448787
            ],
            [
              117.0180487894445,
              58.942829618465204
            ],
            [
              117.01546505223678,
              58.94167932064451
            ],
            [
              117.01277538729882,
              58.94059587569785
            ],
            [
              117.00998626801223,
              58.93958188736998
            ],
            [
              117.0071044049574,
              58.93863979226669
            ],
            [
              117.0041367298306,
              58.937771854044335
            ],
            [
              117.00109037885086,
              58.936980158013334
            ],
            [
              116.9979726756948,
              58.93626660616851
            ],
            [
              116.99479111399995,
              58.93563291265765
            ],
            [
              116.99155333947735,
              58.935080599698544
            ],
            [
              116.98826713167409,
              58.93461099395416
            ],
            [
              116.9849403854292,
              58.93422522337397
            ],
            [
              116.98158109206469,
              58.933924214509105
            ],
            [
              116.97819732035549,
              58.93370869030701
            ],
            [
              116.97479719732196,
              58.933579168390985
            ],
            [
              116.971388888889,
              58.933535959828475
            ],
            [
              116.96798058045604,
              58.933579168390985
            ],
            [
              116.96458045742251,
              58.93370869030701
            ],
            [
              116.96119668571332,
              58.933924214509105
            ],
            [
              116.9578373923488,
              58.93422522337397
            ],
            [
              116.95451064610391,
              58.93461099395416
            ],
            [
              116.95122443830064,
              58.935080599698544
            ],
            [
              116.94798666377805,
              58.93563291265765
            ],
            [
              116.94480510208321,
              58.93626660616851
            ],
            [
              116.94168739892713,
              58.936980158013334
            ],
            [
              116.9386410479474,
              58.937771854044335
            ],
            [
              116.93567337282059,
              58.93863979226669
            ],
            [
              116.93279150976574,
              58.93958188736998
            ],
            [
              116.93000239047917,
              58.94059587569785
            ],
            [
              116.92731272554123,
              58.94167932064451
            ],
            [
              116.9247289883335,
              58.942829618465204
            ],
            [
              116.92225739950449,
              58.94404400448787
            ],
            [
              116.91990391202052,
              58.94531955971093
            ],
            [
              116.91767419683794,
              58.94665321777247
            ],
            [
              116.91557362923018,
              58.94804177227424
            ],
            [
              116.91360727580366,
              58.94948188444368
            ],
            [
              116.91177988223335,
              58.95097009111592
            ],
            [
              116.91009586174849,
              58.95250281301739
            ],
            [
              116.90855928439706,
              58.95407636333119
            ],
            [
              116.90717386711526,
              58.95568695652474
            ],
            [
              116.90594296462785,
              58.957330717418365
            ],
            [
              116.90486956120228,
              58.95900369047409
            ],
            [
              116.90395626327786,
              58.960701849281925
            ],
            [
              116.90320529298988,
              58.96242110622205
            ],
            [
              116.90261848260579,
              58.96415732227942
            ],
            [
              116.90219726988919,
              58.96590631698764
            ],
            [
              116.90194269440453,
              58.96766387847845
            ],
            [
              116.90185539477397,
              58.969425773612755
            ],
            [
              116.90193560689525,
              58.971187758169044
            ],
            [
              116.90218316312699,
              58.97294558706457
            ],
            [
              116.90259749244599,
              58.97469502458506
            ],
            [
              116.90317762157845,
              58.97643185459772
            ],
            [
              116.90392217710468,
              58.97815189072343
            ],
            [
              116.90482938853472,
              58.97985098644322
            ],
            [
              116.90589709234943,
              58.98152504511436
            ],
            [
              116.90712273699978,
              58.98317002987182
            ],
            [
              116.90850338885417,
              58.98478197339114
            ],
            [
              116.91003573908151,
              58.98635698748838
            ],
            [
              116.91171611145518,
              58.98789127253391
            ],
            [
              116.91354047106068,
              58.98938112665698
            ],
            [
              116.91550443388765,
              58.99082295471818
            ],
            [
              116.91760327728409,
              58.992213277027695
            ],
            [
              116.91983195124892,
              58.99354873778802
            ],
            [
              116.92218509053639,
              58.99482611323997
            ],
            [
              116.92465702754389,
              58.99604231949181
            ],
            [
              116.92724180595204,
              58.99719442001217
            ],
            [
              116.92993319508533,
              58.99827963276799
            ],
            [
              116.93272470495747,
              58.99929533698953
            ],
            [
              116.93560960196567,
              59.00023907954596
            ],
            [
              116.93858092519507,
              59.00110858091503
            ],
            [
              116.94163150329364,
              59.00190174073235
            ],
            [
              116.94475397187537,
              59.002616642905934
            ],
            [
              116.947940791409,
              59.00325156028359
            ],
            [
              116.95118426554774,
              59.00380495886096
            ],
            [
              116.95447655985393,
              59.00427550151999
            ],
            [
              116.95780972087205,
              59.00466205128809
            ],
            [
              116.96117569550219,
              59.00496367411013
            ],
            [
              116.96456635062498,
              59.005179641125906
            ],
            [
              116.96797349292875,
              59.00530943044754
            ],
            [
              116.971388888889,
              59.005352728432314
            ],
            [
              116.97480428484924,
              59.00530943044754
            ],
            [
              116.97821142715303,
              59.005179641125906
            ],
            [
              116.98160208227581,
              59.00496367411013
            ],
            [
              116.98496805690596,
              59.00466205128809
            ],
            [
              116.98830121792408,
              59.00427550151999
            ],
            [
              116.99159351223025,
              59.00380495886096
            ],
            [
              116.994836986369,
              59.0032515602836
            ],
            [
              116.99802380590263,
              59.002616642905934
            ],
            [
              117.00114627448437,
              59.001901740732336
            ],
            [
              117.00419685258292,
              59.00110858091503
            ],
            [
              117.00716817581234,
              59.00023907954596
            ],
            [
              117.01005307282051,
              58.99929533698955
            ],
            [
              117.01284458269268,
              58.99827963276799
            ],
            [
              117.01553597182597,
              58.99719442001217
            ],
            [
              117.01812075023412,
              58.99604231949181
            ],
            [
              117.0205926872416,
              58.99482611323997
            ],
            [
              117.02294582652908,
              58.99354873778802
            ],
            [
              117.02517450049392,
              58.992213277027695
            ],
            [
              117.02727334389036,
              58.99082295471818
            ],
            [
              117.0292373067173,
              58.98938112665698
            ],
            [
              117.03106166632281,
              58.98789127253391
            ],
            [
              117.03274203869648,
              58.986356987488364
            ],
            [
              117.03427438892382,
              58.98478197339114
            ],
            [
              117.03565504077821,
              58.98317002987182
            ],
            [
              117.03688068542857,
              58.98152504511436
            ],
            [
              117.03794838924328,
              58.97985098644322
            ],
            [
              117.03885560067332,
              58.978151890723424
            ],
            [
              117.03960015619955,
              58.97643185459772
            ],
            [
              117.04018028533201,
              58.97469502458506
            ],
            [
              117.040594614651,
              58.97294558706457
            ],
            [
              117.04084217088275,
              58.971187758169044
            ],
            [
              117.04092238300403,
              58.969425773612755
            ]
          ]
        ],
        "meta": {
          "shape": "circle"
        }
      },
      "properties": {
        "title": "J9455/26 for Irkutsk International Airport",
        "text": "From: 2026-09-30 02:00:00+00:00\nTo: 2026-09-30 05:00:00+00:00\n\nAIRSPACE CLSD Within CIRCLE RADIUS 4KM CENTRE 585810N1165817E."
      }
    },
    {
      "type": "Feature",
      "geometry": {
        "type": "Polygon",
        "coordinates": [
          [
            [
              103.42111111111112,
              51.75361111111111
            ],
            [
              103.41861111111112,
              51.74805555555556
            ],
            [
              103.43194444444445,
              51.743611111111115
            ],
            [
              103.45472222222223,
              51.74111111111111
            ],
            [
              103.47083333333333,
              51.730555555555554
            ],
            [
              103.47472222222223,
              51.73222222222223
            ],
            [
              103.46333333333334,
              51.74444444444445
            ],
            [
              103.42944444444444,
              51.75194444444445
            ],
            [
              103.42111111111112,
              51.75361111111111
            ]
          ]
        ],
        "meta": {
          "shape": "polygon"
        }
      },
      "properties": {
        "title": "J9562/26 for Irkutsk International Airport",
        "text": "From: 2026-09-29 02:00:00+00:00\nTo: 2026-10-04 12:00:00+00:00\n\nAIRSPACE CLSD Within AREA:\n\n514513N1032516E-514453N1032507E-514437N1032555E-514428N1032717E-\n\n514350N1032815E-514356N1032829E-514440N1032748E-514507N1032546E-\n\n514513N1032516E."
      }
    },
    {
      "type": "Feature",
      "geometry": {
        "type": "Polygon",
        "coordinates": [
          [
            [
              116.09888888888888,
              58.40972222222222
            ],
            [
              116.08333333333333,
              58.40472222222222
            ],
            [
              116.09583333333333,
              58.39861111111111
            ],
            [
              116.10805555555555,
              58.40416666666667
            ],
            [
              116.09888888888888,
              58.40972222222222
            ]
          ]
        ],
        "meta": {
          "shape": "polygon"
        }
      },
      "properties": {
        "title": "J9584/26 for Irkutsk International Airport",
        "text": "From: 2026-09-29 04:00:00+00:00\nTo: 2026-10-04 11:00:00+00:00\n\nAIRSPACE CLSD Within AREA:\n\n582435N1160556E-582417N1160500E-582355N1160545E-\n\n582415N1160629E-582435N1160556E"
      }
    },
    {
      "type": "Feature",
      "geometry": {
        "type": "Polygon",
        "coordinates": [
          [
            [
              119.45765414843117,
              53.517776171522826
            ],
            [
              119.45763027690674,
              53.5172030372677
            ],
            [
              119.4575592500824,
              53.51663129139436
            ],
            [
              119.45744124095692,
              53.51606231120545
            ],
            [
              119.4572765356768,
              53.51549746728641
            ],
            [
              119.45706553282898,
              53.514938120205024
            ],
            [
              119.45680874246344,
              53.5143856172355
            ],
            [
              119.45650678484778,
              53.51384128911513
            ],
            [
              119.45616038895706,
              53.5133064468412
            ],
            [
              119.45577039070315,
              53.512782378515915
            ],
            [
              119.45533773090715,
              53.51227034624696
            ],
            [
              119.45486345302056,
              53.511771583110985
            ],
            [
              119.45434870060075,
              53.511287290187354
            ],
            [
              119.45379471454638,
              53.51081863366934
            ],
            [
              119.45320283010031,
              53.510366742059595
            ],
            [
              119.45257447362663,
              53.509932703456585
            ],
            [
              119.45191115917002,
              53.50951756293853
            ],
            [
              119.45121448480566,
              53.50912232005112
            ],
            [
              119.45048612878833,
              53.50874792640498
            ],
            [
              119.44972784551038,
              53.50839528338851
            ],
            [
              119.44894146127794,
              53.50806524000182
            ],
            [
              119.44812886991558,
              53.50775859081663
            ],
            [
              119.4472920282103,
              53.50747607406719
            ],
            [
              119.44643295120517,
              53.50721836987679
            ],
            [
              119.44555370735445,
              53.50698609862388
            ],
            [
              119.44465641355143,
              53.506779819451864
            ],
            [
              119.443743230041,
              53.50660002892621
            ],
            [
              119.44281635522901,
              53.50644715984167
            ],
            [
              119.44187802040099,
              53.506321580183055
            ],
            [
              119.44093048436234,
              53.50622359224136
            ],
            [
              119.43997602801346,
              53.50615343188791
            ],
            [
              119.43901694887205,
              53.506111268008006
            ],
            [
              119.438055555556,
              53.50609720209527
            ],
            [
              119.43709416223996,
              53.506111268008006
            ],
            [
              119.43613508309853,
              53.50615343188791
            ],
            [
              119.43518062674967,
              53.50622359224136
            ],
            [
              119.43423309071102,
              53.506321580183055
            ],
            [
              119.433294755883,
              53.50644715984167
            ],
            [
              119.43236788107102,
              53.50660002892621
            ],
            [
              119.43145469756058,
              53.506779819451864
            ],
            [
              119.43055740375756,
              53.50698609862388
            ],
            [
              119.42967815990684,
              53.50721836987679
            ],
            [
              119.42881908290171,
              53.50747607406719
            ],
            [
              119.42798224119643,
              53.50775859081663
            ],
            [
              119.42716964983407,
              53.50806524000182
            ],
            [
              119.42638326560163,
              53.50839528338851
            ],
            [
              119.42562498232368,
              53.50874792640498
            ],
            [
              119.42489662630635,
              53.50912232005112
            ],
            [
              119.42419995194199,
              53.50951756293853
            ],
            [
              119.42353663748538,
              53.509932703456585
            ],
            [
              119.4229082810117,
              53.510366742059595
            ],
            [
              119.42231639656563,
              53.51081863366934
            ],
            [
              119.42176241051126,
              53.511287290187354
            ],
            [
              119.42124765809145,
              53.511771583110985
            ],
            [
              119.42077338020486,
              53.51227034624697
            ],
            [
              119.42034072040886,
              53.512782378515915
            ],
            [
              119.41995072215495,
              53.5133064468412
            ],
            [
              119.41960432626423,
              53.51384128911513
            ],
            [
              119.41930236864857,
              53.5143856172355
            ],
            [
              119.41904557828302,
              53.514938120205024
            ],
            [
              119.41883457543521,
              53.51549746728641
            ],
            [
              119.41866987015509,
              53.51606231120545
            ],
            [
              119.41855186102961,
              53.51663129139436
            ],
            [
              119.41848083420527,
              53.5172030372677
            ],
            [
              119.41845696268084,
              53.517776171522826
            ],
            [
              119.41848030587246,
              53.51834931345722
            ],
            [
              119.41855080945216,
              53.51892108229442
            ],
            [
              119.41866830546024,
              53.51949010051064
            ],
            [
              119.41883251269184,
              53.520054997154176
            ],
            [
              119.41904303735646,
              53.52061441114951
            ],
            [
              119.41929937400931,
              53.52116699457802
            ],
            [
              119.41960090675232,
              53.521711415927534
            ],
            [
              119.41994691070211,
              53.522246363302926
            ],
            [
              119.42033655372147,
              53.522770547589815
            ],
            [
              119.4207688984104,
              53.52328270556371
            ],
            [
              119.42124290435203,
              53.5237816029374
            ],
            [
              119.42175743060797,
              53.52426603733871
            ],
            [
              119.4223112384577,
              53.52473484121186
            ],
            [
              119.4229029943745,
              53.52518688463509
            ],
            [
              119.42353127323211,
              53.5256210780479
            ],
            [
              119.4241945617333,
              53.52603637488116
            ],
            [
              119.42489126205298,
              53.52643177408376
            ],
            [
              119.42561969568624,
              53.526806322539706
            ],
            [
              119.42637810749339,
              53.52715911736967
            ],
            [
              119.42716466993045,
              53.52748930811151
            ],
            [
              119.42797748745656,
              53.5277960987744
            ],
            [
              119.42881460110677,
              53.52807874976155
            ],
            [
              119.42967399321897,
              53.52833657965692
            ],
            [
              119.43055359230422,
              53.52856896687146
            ],
            [
              119.43145127804814,
              53.52877535114496
            ],
            [
              119.43236488643129,
              53.52895523489978
            ],
            [
              119.433292214956,
              53.5291081844433
            ],
            [
              119.43423102796729,
              53.529233831015894
            ],
            [
              119.43517906205453,
              53.52933187168211
            ],
            [
              119.43613403152091,
              53.529402070062844
            ],
            [
              119.43709363390707,
              53.52944425690663
            ],
            [
              119.438055555556,
              53.52945833049864
            ],
            [
              119.43901747720494,
              53.52944425690663
            ],
            [
              119.4399770795911,
              53.52940207006285
            ],
            [
              119.44093204905748,
              53.52933187168211
            ],
            [
              119.44188008314471,
              53.529233831015894
            ],
            [
              119.44281889615601,
              53.5291081844433
            ],
            [
              119.44374622468072,
              53.52895523489978
            ],
            [
              119.44465983306385,
              53.52877535114496
            ],
            [
              119.44555751880779,
              53.528568966871454
            ],
            [
              119.44643711789307,
              53.52833657965692
            ],
            [
              119.44729651000524,
              53.52807874976155
            ],
            [
              119.44813362365545,
              53.52779609877441
            ],
            [
              119.44894644118159,
              53.527489308111505
            ],
            [
              119.44973300361862,
              53.52715911736967
            ],
            [
              119.45049141542576,
              53.526806322539706
            ],
            [
              119.45121984905906,
              53.526431774083754
            ],
            [
              119.45191654937871,
              53.52603637488116
            ],
            [
              119.4525798378799,
              53.5256210780479
            ],
            [
              119.45320811673751,
              53.52518688463509
            ],
            [
              119.45379987265432,
              53.52473484121186
            ],
            [
              119.45435368050404,
              53.52426603733871
            ],
            [
              119.45486820675998,
              53.523781602937405
            ],
            [
              119.45534221270161,
              53.523282705563716
            ],
            [
              119.45577455739054,
              53.522770547589815
            ],
            [
              119.4561642004099,
              53.52224636330293
            ],
            [
              119.45651020435969,
              53.521711415927534
            ],
            [
              119.4568117371027,
              53.52116699457802
            ],
            [
              119.45706807375555,
              53.520614411149516
            ],
            [
              119.45727859842016,
              53.520054997154176
            ],
            [
              119.45744280565177,
              53.51949010051063
            ],
            [
              119.45756030165985,
              53.51892108229442
            ],
            [
              119.45763080523955,
              53.51834931345722
            ],
            [
              119.45765414843117,
              53.517776171522826
            ]
          ]
        ],
        "meta": {
          "shape": "circle"
        }
      },
      "properties": {
        "title": "J9607/26 for Irkutsk International Airport",
        "text": "From: 2026-10-02 04:00:00+00:00\nTo: 2026-10-20 06:00:00+00:00\n\nAIRSPACE CLSD Within CIRCLE RADIUS 1.3KM CENTRE 533104N1192617E."
      }
    },
    {
      "type": "Feature",
      "geometry": {
        "type": "Polygon",
        "coordinates": [
          [
            [
              114.7243412302458,
              51.62249954647903
            ],
            [
              114.71696347382412,
              51.54502909518662
            ],
            [
              114.70353556685441,
              51.46787511638075
            ],
            [
              114.6841198962469,
              51.39122128487494
            ],
            [
              114.65879222269386,
              51.3152491835041
            ],
            [
              114.62764123933397,
              51.24013790370351
            ],
            [
              114.59076811634199,
              51.16606365944011
            ],
            [
              114.54828603426391,
              51.093199414844754
            ],
            [
              114.50031970870036,
              51.021714525819185
            ],
            [
              114.44700490871718,
              50.95177439582402
            ],
            [
              114.38848797113903,
              50.88354014599259
            ],
            [
              114.32492531265764,
              50.817168299662626
            ],
            [
              114.25648294146717,
              50.75281048136958
            ],
            [
              114.18333596992488,
              50.69061313030562
            ],
            [
              114.10566812952858,
              50.630717228212866
            ],
            [
              114.02367128930416,
              50.5732580416507
            ],
            [
              113.93754497850796,
              50.518364878553506
            ],
            [
              113.84749591437098,
              50.466160858975364
            ],
            [
              113.75373753544486,
              50.41676269990512
            ],
            [
              113.65648954095438,
              50.3702805140235
            ],
            [
              113.555977436417,
              50.32681762226824
            ],
            [
              113.45243208565772,
              50.28647038006907
            ],
            [
              113.34608926922657,
              50.24932801711411
            ],
            [
              113.23718924911581,
              50.2154724905111
            ],
            [
              113.12597633957533,
              50.18497835121103
            ],
            [
              113.01269848373526,
              50.15791262356824
            ],
            [
              112.89760683566682,
              50.134334697917865
            ],
            [
              112.78095534744233,
              50.11429623606225
            ],
            [
              112.66300036069593,
              50.09784108956672
            ],
            [
              112.54400020213401,
              50.08500523077779
            ],
            [
              112.42421478240203,
              50.075816696488
            ],
            [
              112.3039051976776,
              50.07029554418571
            ],
            [
              112.183333333333,
              50.06845382083995
            ],
            [
              112.0627614689884,
              50.07029554418571
            ],
            [
              111.94245188426397,
              50.075816696488
            ],
            [
              111.82266646453198,
              50.08500523077779
            ],
            [
              111.70366630597007,
              50.09784108956672
            ],
            [
              111.58571131922366,
              50.11429623606225
            ],
            [
              111.46905983099919,
              50.134334697917865
            ],
            [
              111.35396818293073,
              50.15791262356824
            ],
            [
              111.24069032709066,
              50.18497835121103
            ],
            [
              111.12947741755019,
              50.2154724905111
            ],
            [
              111.02057739743944,
              50.24932801711411
            ],
            [
              110.91423458100827,
              50.28647038006907
            ],
            [
              110.81068923024901,
              50.32681762226824
            ],
            [
              110.71017712571162,
              50.3702805140235
            ],
            [
              110.61292913122114,
              50.41676269990512
            ],
            [
              110.51917075229501,
              50.466160858975364
            ],
            [
              110.42912168815803,
              50.5183648785535
            ],
            [
              110.34299537736185,
              50.57325804165071
            ],
            [
              110.26099853713743,
              50.630717228212866
            ],
            [
              110.18333069674111,
              50.69061313030562
            ],
            [
              110.11018372519882,
              50.75281048136958
            ],
            [
              110.04174135400835,
              50.817168299662626
            ],
            [
              109.97817869552696,
              50.88354014599259
            ],
            [
              109.91966175794883,
              50.95177439582402
            ],
            [
              109.86634695796565,
              51.02171452581919
            ],
            [
              109.81838063240207,
              51.093199414844754
            ],
            [
              109.77589855032402,
              51.16606365944011
            ],
            [
              109.73902542733202,
              51.24013790370351
            ],
            [
              109.70787444397213,
              51.31524918350409
            ],
            [
              109.6825467704191,
              51.39122128487494
            ],
            [
              109.66313109981158,
              51.46787511638075
            ],
            [
              109.64970319284188,
              51.54502909518662
            ],
            [
              109.6423254364202,
              51.62249954647903
            ],
            [
              109.64104641944361,
              51.70010111580805
            ],
            [
              109.64590052889763,
              51.7776471938312
            ],
            [
              109.6569075696992,
              51.8549503528427
            ],
            [
              109.67407241185157,
              51.93182279437053
            ],
            [
              109.69738466861628,
              52.008076807015485
            ],
            [
              109.72681840951421,
              52.0835252335931
            ],
            [
              109.76233191203767,
              52.15798194652318
            ],
            [
              109.80386745598773,
              52.231262330290306
            ],
            [
              109.85135116433842,
              52.303183769677645
            ],
            [
              109.90469289446887,
              52.37356614235359
            ],
            [
              109.9637861834916,
              52.44223231426932
            ],
            [
              110.02850825123805,
              52.50900863620738
            ],
            [
              110.09872006423568,
              52.573725439707495
            ],
            [
              110.17426646372755,
              52.63621753048884
            ],
            [
              110.25497636043869,
              52.696324677389974
            ],
            [
              110.34066299839027,
              52.75389209476002
            ],
            [
              110.4311242895992,
              52.808770916160285
            ],
            [
              110.52614322098405,
              52.86081865717552
            ],
            [
              110.6254883342296,
              52.90989966509166
            ],
            [
              110.72891427874976,
              52.95588555317179
            ],
            [
              110.83616243723749,
              52.99865561725886
            ],
            [
              110.94696162261012,
              53.03809723245
            ],
            [
              111.06102884445664,
              53.074106227627915
            ],
            [
              111.1780701423843,
              53.106587235697674
            ],
            [
              111.29778148295092,
              53.13545401746317
            ],
            [
              111.4198497161738,
              53.160629757188886
            ],
            [
              111.5439535869346,
              53.18204732802445
            ],
            [
              111.66976479596542,
              53.19964952562529
            ],
            [
              111.79694910451622,
              53.21338926847803
            ],
            [
              111.92516747627843,
              53.22322976363476
            ],
            [
              112.0540772496852,
              53.22914463677058
            ],
            [
              112.183333333333,
              53.23111802570585
            ],
            [
              112.3125894169808,
              53.22914463677058
            ],
            [
              112.44149919038757,
              53.22322976363476
            ],
            [
              112.56971756214978,
              53.21338926847803
            ],
            [
              112.69690187070059,
              53.199649525625276
            ],
            [
              112.82271307973141,
              53.18204732802445
            ],
            [
              112.9468169504922,
              53.160629757188886
            ],
            [
              113.06888518371508,
              53.13545401746317
            ],
            [
              113.18859652428169,
              53.10658723569767
            ],
            [
              113.30563782220936,
              53.074106227627915
            ],
            [
              113.41970504405589,
              53.038097232449985
            ],
            [
              113.5305042294285,
              52.99865561725886
            ],
            [
              113.63775238791625,
              52.95588555317179
            ],
            [
              113.74117833243639,
              52.90989966509166
            ],
            [
              113.84052344568194,
              52.86081865717553
            ],
            [
              113.93554237706681,
              52.808770916160285
            ],
            [
              114.02600366827573,
              52.75389209476002
            ],
            [
              114.1116903062273,
              52.696324677389974
            ],
            [
              114.19240020293847,
              52.63621753048885
            ],
            [
              114.26794660243033,
              52.573725439707495
            ],
            [
              114.33815841542796,
              52.509008636207376
            ],
            [
              114.40288048317439,
              52.442232314269326
            ],
            [
              114.46197377219713,
              52.37356614235358
            ],
            [
              114.51531550232757,
              52.303183769677645
            ],
            [
              114.56279921067828,
              52.231262330290306
            ],
            [
              114.60433475462834,
              52.15798194652318
            ],
            [
              114.6398482571518,
              52.0835252335931
            ],
            [
              114.66928199804974,
              52.00807680701549
            ],
            [
              114.69259425481444,
              51.93182279437054
            ],
            [
              114.70975909696679,
              51.8549503528427
            ],
            [
              114.7207661377684,
              51.7776471938312
            ],
            [
              114.7256202472224,
              51.70010111580805
            ],
            [
              114.7243412302458,
              51.62249954647903
            ]
          ]
        ]
      },
      "properties": {
        "title": "J9624/26 for Irkutsk International Airport",
        "text": "From: 2026-09-29 00:00:00+00:00\nTo: 2026-10-02 23:59:00+00:00\n\nATS RTE A810 SEGMENT RINOP-AGINO CLSD."
      }
    },
    {
      "type": "Feature",
      "geometry": {
        "type": "Polygon",
        "coordinates": [
          [
            [
              119.32255741510355,
              53.92637345408664
            ],
            [
              119.32248150636916,
              53.92461011084079
            ],
            [
              119.32225910819291,
              53.92285108916754
            ],
            [
              119.3218907746736,
              53.921100625896564
            ],
            [
              119.32137741111944,
              53.91936293671739
            ],
            [
              119.32072027169438,
              53.917642206036305
            ],
            [
              119.31992095622911,
              53.915942576913615
            ],
            [
              119.31898140620632,
              53.91426814110517
            ],
            [
              119.31790389993108,
              53.91262292923204
            ],
            [
              119.31669104689978,
              53.91101090110169
            ],
            [
              119.31534578138216,
              53.909435936203664
            ],
            [
              119.31387135523363,
              53.907901824402394
            ],
            [
              119.31227132995605,
              53.906412256849165
            ],
            [
              119.31054956802677,
              53.90497081713461
            ],
            [
              119.30871022351859,
              53.90358097270285
            ],
            [
              119.3067577320329,
              53.902246066547235
            ],
            [
              119.30469679997167,
              53.900969309207454
            ],
            [
              119.30253239317378,
              53.89975377108664
            ],
            [
              119.30026972494416,
              53.898602375106634
            ],
            [
              119.29791424350373,
              53.89751788971845
            ],
            [
              119.29547161889101,
              53.89650292228432
            ],
            [
              119.29294772934624,
              53.895559912846906
            ],
            [
              119.29034864721052,
              53.89469112830004
            ],
            [
              119.28768062437362,
              53.893898656974564
            ],
            [
              119.28495007730419,
              53.89318440365205
            ],
            [
              119.2821635716982,
              53.892550085017746
            ],
            [
              119.27932780678103,
              53.89199722556348
            ],
            [
              119.27644959930028,
              53.89152715394993
            ],
            [
              119.27353586724647,
              53.89114099983673
            ],
            [
              119.27059361333922,
              53.89083969118774
            ],
            [
              119.26762990831774,
              53.890623952057666
            ],
            [
              119.26465187407383,
              53.89049430086537
            ],
            [
              119.261666666667,
              53.890451049157434
            ],
            [
              119.25868145926015,
              53.89049430086537
            ],
            [
              119.25570342501624,
              53.890623952057666
            ],
            [
              119.25273971999476,
              53.89083969118774
            ],
            [
              119.24979746608751,
              53.89114099983673
            ],
            [
              119.2468837340337,
              53.89152715394993
            ],
            [
              119.24400552655297,
              53.89199722556348
            ],
            [
              119.24116976163577,
              53.892550085017746
            ],
            [
              119.23838325602979,
              53.89318440365205
            ],
            [
              119.23565270896037,
              53.893898656974564
            ],
            [
              119.23298468612346,
              53.89469112830004
            ],
            [
              119.23038560398776,
              53.895559912846906
            ],
            [
              119.22786171444297,
              53.89650292228431
            ],
            [
              119.22541908983025,
              53.89751788971845
            ],
            [
              119.22306360838982,
              53.898602375106634
            ],
            [
              119.2208009401602,
              53.89975377108664
            ],
            [
              119.21863653336231,
              53.900969309207454
            ],
            [
              119.21657560130107,
              53.902246066547235
            ],
            [
              119.21462310981539,
              53.90358097270285
            ],
            [
              119.21278376530721,
              53.90497081713461
            ],
            [
              119.21106200337795,
              53.906412256849165
            ],
            [
              119.20946197810035,
              53.907901824402394
            ],
            [
              119.20798755195183,
              53.90943593620366
            ],
            [
              119.2066422864342,
              53.91101090110169
            ],
            [
              119.2054294334029,
              53.91262292923204
            ],
            [
              119.20435192712766,
              53.91426814110517
            ],
            [
              119.20341237710488,
              53.915942576913615
            ],
            [
              119.2026130616396,
              53.917642206036305
            ],
            [
              119.20195592221454,
              53.91936293671739
            ],
            [
              119.20144255866037,
              53.921100625896564
            ],
            [
              119.20107422514107,
              53.92285108916752
            ],
            [
              119.20085182696482,
              53.92461011084079
            ],
            [
              119.20077591823043,
              53.92637345408664
            ],
            [
              119.20084670031598,
              53.928136871134186
            ],
            [
              119.20106402121567,
              53.929896113501776
            ],
            [
              119.20142737572753,
              53.93164694223433
            ],
            [
              119.20193590649379,
              53.93338513812275
            ],
            [
              119.20258840589281,
              53.935106511880875
            ],
            [
              119.20338331877977,
              53.93680691425524
            ],
            [
              119.20431874607112,
              53.938482246043186
            ],
            [
              119.20539244916598,
              53.940128467994874
            ],
            [
              119.2066018551946,
              53.94174161057527
            ],
            [
              119.20794406308381,
              53.94331778356211
            ],
            [
              119.20941585042482,
              53.944853185456395
            ],
            [
              119.21101368112906,
              53.94634411268258
            ],
            [
              119.21273371385416,
              53.947786968555654
            ],
            [
              119.21457181118062,
              53.949178271993155
            ],
            [
              119.21652354951817,
              53.950514665950706
            ],
            [
              119.21858422971835,
              53.951792925560284
            ],
            [
              119.22074888836782,
              53.95300996595106
            ],
            [
              119.22301230973638,
              53.954162849733514
            ],
            [
              119.22536903835005,
              53.95524879412831
            ],
            [
              119.22781339215956,
              53.95626517772213
            ],
            [
              119.23033947627164,
              53.95720954683392
            ],
            [
              119.23294119721034,
              53.958079621475434
            ],
            [
              119.23561227767287,
              53.958873300891455
            ],
            [
              119.23834627174404,
              53.95958866866586
            ],
            [
              119.24113658053136,
              53.960223997380524
            ],
            [
              119.24397646818272,
              53.96077775281603
            ],
            [
              119.24685907824629,
              53.96124859768287
            ],
            [
              119.24977745033225,
              53.96163539487454
            ],
            [
              119.25272453703477,
              53.96193721023395
            ],
            [
              119.25569322107216,
              53.96215331482646
            ],
            [
              119.25867633260177,
              53.96228318671365
            ],
            [
              119.261666666667,
              53.96232651222344
            ],
            [
              119.26465700073221,
              53.96228318671365
            ],
            [
              119.26764011226182,
              53.96215331482646
            ],
            [
              119.27060879629921,
              53.96193721023395
            ],
            [
              119.27355588300175,
              53.96163539487453
            ],
            [
              119.27647425508769,
              53.96124859768287
            ],
            [
              119.27935686515126,
              53.960777752816036
            ],
            [
              119.28219675280263,
              53.96022399738052
            ],
            [
              119.28498706158994,
              53.95958866866586
            ],
            [
              119.28772105566111,
              53.958873300891455
            ],
            [
              119.29039213612366,
              53.958079621475434
            ],
            [
              119.29299385706238,
              53.95720954683392
            ],
            [
              119.29551994117442,
              53.95626517772212
            ],
            [
              119.29796429498393,
              53.95524879412831
            ],
            [
              119.3003210235976,
              53.954162849733514
            ],
            [
              119.30258444496616,
              53.95300996595106
            ],
            [
              119.30474910361563,
              53.951792925560284
            ],
            [
              119.30680978381581,
              53.950514665950706
            ],
            [
              119.30876152215336,
              53.949178271993155
            ],
            [
              119.31059961947983,
              53.94778696855566
            ],
            [
              119.31231965220492,
              53.94634411268258
            ],
            [
              119.31391748290916,
              53.944853185456395
            ],
            [
              119.31538927025015,
              53.9433177835621
            ],
            [
              119.31673147813936,
              53.94174161057528
            ],
            [
              119.31794088416802,
              53.940128467994874
            ],
            [
              119.31901458726286,
              53.938482246043186
            ],
            [
              119.31995001455421,
              53.93680691425525
            ],
            [
              119.32074492744117,
              53.93510651188088
            ],
            [
              119.32139742684019,
              53.93338513812276
            ],
            [
              119.32190595760645,
              53.93164694223433
            ],
            [
              119.32226931211831,
              53.929896113501776
            ],
            [
              119.322486633018,
              53.928136871134186
            ],
            [
              119.32255741510355,
              53.92637345408664
            ]
          ]
        ],
        "meta": {
          "shape": "circle"
        }
      },
      "properties": {
        "title": "J9643/26 for Irkutsk International Airport",
        "text": "From: 2026-10-03 03:00:00+00:00\nTo: 2026-10-08 10:00:00+00:00\n\nAIRSPACE CLSD Within CIRCLE RADIUS 4KM CENTRE 535535N1191542E."
      }
    },
    {
      "type": "Feature",
      "geometry": {
        "type": "Polygon",
        "coordinates": [
          [
            [
              104.06666666666666,
              52.15
            ],
            [
              104.08333333333333,
              52.13333333333333
            ],
            [
              104.13333333333334,
              52.166666666666664
            ],
            [
              104.11666666666666,
              52.18333333333333
            ],
            [
              104.06666666666666,
              52.15
            ]
          ]
        ],
        "meta": {
          "shape": "polygon"
        }
      },
      "properties": {
        "title": "J9662/26 for Irkutsk International Airport",
        "text": "From: 2026-09-29 03:00:00+00:00\nTo: 2026-09-30 09:00:00+00:00\n\nAIRSPACE CLSD Within AREA:\n\n520900N1040400E-520800N1040500E-521000N1040800E-\n\n521100N1040700E-520900N1040400E."
      }
    },
    {
      "type": "Feature",
      "geometry": {
        "type": "Polygon",
        "coordinates": [
          [
            [
              103.6676888344728,
              52.8194444073743
            ],
            [
              103.66768525506073,
              52.81935622196669
            ],
            [
              103.66767453748638,
              52.81926824918201
            ],
            [
              103.66765670761221,
              52.819180700952465
            ],
            [
              103.66763180843401,
              52.81909378818625
            ],
            [
              103.6675998999769,
              52.81900772025944
            ],
            [
              103.66756105915036,
              52.81892270451162
            ],
            [
              103.66751537956252,
              52.818838945746485
            ],
            [
              103.66746297129434,
              52.81875664573847
            ],
            [
              103.66740396063408,
              52.81867600274673
            ],
            [
              103.66733848977266,
              52.818597211037634
            ],
            [
              103.66726671646096,
              52.818520460416856
            ],
            [
              103.6671888136295,
              52.818445935772175
            ],
            [
              103.66710496897151,
              52.818373816628196
            ],
            [
              103.66701538449075,
              52.81830427671398
            ],
            [
              103.6669202760146,
              52.81823748354462
            ],
            [
              103.66681987267407,
              52.81817359801782
            ],
            [
              103.66671441635172,
              52.81811277402638
            ],
            [
              103.66660416109896,
              52.81805515808762
            ],
            [
              103.66648937252396,
              52.81800088899046
            ],
            [
              103.66637032715191,
              52.817950097461285
            ],
            [
              103.66624731175895,
              52.81790290584905
            ],
            [
              103.66612062268136,
              52.81785942783071
            ],
            [
              103.66599056510198,
              52.81781976813742
            ],
            [
              103.66585745231504,
              52.81778402230239
            ],
            [
              103.6657216049718,
              52.81775227643081
            ],
            [
              103.66558335030827,
              52.81772460699251
            ],
            [
              103.66544302135723,
              52.81770108063783
            ],
            [
              103.66530095614621,
              52.81768175403711
            ],
            [
              103.66515749688357,
              52.81766667374425
            ],
            [
              103.66501298913438,
              52.8176558760846
            ],
            [
              103.66486778098844,
              52.81764938706751
            ],
            [
              103.664722222222,
              52.81764722232367
            ],
            [
              103.66457666345555,
              52.81764938706751
            ],
            [
              103.6644314553096,
              52.8176558760846
            ],
            [
              103.66428694756043,
              52.81766667374425
            ],
            [
              103.66414348829777,
              52.81768175403711
            ],
            [
              103.66400142308676,
              52.81770108063783
            ],
            [
              103.66386109413573,
              52.81772460699253
            ],
            [
              103.66372283947219,
              52.81775227643081
            ],
            [
              103.66358699212896,
              52.81778402230239
            ],
            [
              103.66345387934201,
              52.81781976813742
            ],
            [
              103.66332382176262,
              52.81785942783071
            ],
            [
              103.66319713268504,
              52.81790290584905
            ],
            [
              103.66307411729208,
              52.817950097461285
            ],
            [
              103.66295507192004,
              52.81800088899046
            ],
            [
              103.66284028334503,
              52.81805515808762
            ],
            [
              103.66273002809226,
              52.81811277402638
            ],
            [
              103.66262457176991,
              52.81817359801782
            ],
            [
              103.66252416842939,
              52.81823748354462
            ],
            [
              103.66242905995324,
              52.81830427671398
            ],
            [
              103.66233947547246,
              52.818373816628196
            ],
            [
              103.6622556308145,
              52.818445935772175
            ],
            [
              103.66217772798302,
              52.818520460416856
            ],
            [
              103.66210595467133,
              52.818597211037634
            ],
            [
              103.66204048380992,
              52.81867600274673
            ],
            [
              103.66198147314964,
              52.818756645738475
            ],
            [
              103.66192906488146,
              52.81883894574649
            ],
            [
              103.66188338529363,
              52.81892270451162
            ],
            [
              103.66184454446709,
              52.81900772025944
            ],
            [
              103.66181263600998,
              52.81909378818625
            ],
            [
              103.66178773683178,
              52.819180700952465
            ],
            [
              103.66176990695762,
              52.819268249181995
            ],
            [
              103.66175918938325,
              52.81935622196669
            ],
            [
              103.66175560997118,
              52.8194444073743
            ],
            [
              103.66175917738785,
              52.81953259295909
            ],
            [
              103.66176988308231,
              52.81962056627362
            ],
            [
              103.66178770130654,
              52.819708115380564
            ],
            [
              103.66181258917692,
              52.819795029363306
            ],
            [
              103.66184448677723,
              52.819881098834024
            ],
            [
              103.66188331730257,
              52.81996611643828
            ],
            [
              103.66192898724398,
              52.82004987735449
            ],
            [
              103.66198138661345,
              52.820132179787535
            ],
            [
              103.66204038920839,
              52.82021282545487
            ],
            [
              103.66210585291553,
              52.820291620064346
            ],
            [
              103.6621776200529,
              52.820368373782415
            ],
            [
              103.66225551774949,
              52.82044290169142
            ],
            [
              103.66233935836145,
              52.82051502423535
            ],
            [
              103.66242893992407,
              52.820584567652375
            ],
            [
              103.662524046638,
              52.82065136439367
            ],
            [
              103.66262444938923,
              52.82071525352715
            ],
            [
              103.66272990630088,
              52.82077608112525
            ],
            [
              103.66284016331586,
              52.820833700635966
            ],
            [
              103.66295495480904,
              52.82088797323592
            ],
            [
              103.66307400422708,
              52.82093876816504
            ],
            [
              103.66319702475492,
              52.82098596304159
            ],
            [
              103.6633237200068,
              52.82102944415723
            ],
            [
              103.66345378474047,
              52.82106910675092
            ],
            [
              103.66358690559274,
              52.82110485526154
            ],
            [
              103.66372276183472,
              52.82113660355813
            ],
            [
              103.66386102614466,
              52.82116427514752
            ],
            [
              103.6640013653969,
              52.82118780335864
            ],
            [
              103.66414344146472,
              52.821207131503286
            ],
            [
              103.6642869120352,
              52.82122221301266
            ],
            [
              103.66443143143431,
              52.82123301154971
            ],
            [
              103.66457665146014,
              52.82123950109664
            ],
            [
              103.664722222222,
              52.82124166601766
            ],
            [
              103.66486779298386,
              52.82123950109664
            ],
            [
              103.66501301300968,
              52.82123301154971
            ],
            [
              103.6651575324088,
              52.82122221301266
            ],
            [
              103.66530100297928,
              52.82120713150327
            ],
            [
              103.66544307904708,
              52.82118780335865
            ],
            [
              103.66558341829933,
              52.82116427514752
            ],
            [
              103.66572168260927,
              52.82113660355813
            ],
            [
              103.66585753885124,
              52.821104855261545
            ],
            [
              103.66599065970352,
              52.82106910675092
            ],
            [
              103.66612072443718,
              52.821029444157226
            ],
            [
              103.66624741968907,
              52.82098596304159
            ],
            [
              103.66637044021691,
              52.820938768165036
            ],
            [
              103.66648948963496,
              52.82088797323592
            ],
            [
              103.66660428112813,
              52.820833700635966
            ],
            [
              103.66671453814311,
              52.82077608112526
            ],
            [
              103.66681999505475,
              52.82071525352715
            ],
            [
              103.66692039780598,
              52.82065136439367
            ],
            [
              103.66701550451992,
              52.820584567652375
            ],
            [
              103.66710508608251,
              52.82051502423534
            ],
            [
              103.66718892669451,
              52.82044290169142
            ],
            [
              103.6672668243911,
              52.82036837378241
            ],
            [
              103.66733859152848,
              52.820291620064346
            ],
            [
              103.66740405523562,
              52.82021282545487
            ],
            [
              103.66746305783056,
              52.82013217978753
            ],
            [
              103.6675154572,
              52.82004987735449
            ],
            [
              103.66756112714141,
              52.81996611643828
            ],
            [
              103.66759995766674,
              52.81988109883402
            ],
            [
              103.66763185526706,
              52.819795029363306
            ],
            [
              103.66765674313744,
              52.81970811538058
            ],
            [
              103.66767456136166,
              52.81962056627362
            ],
            [
              103.66768526705613,
              52.81953259295909
            ],
            [
              103.6676888344728,
              52.8194444073743
            ]
          ]
        ],
        "meta": {
          "shape": "circle"
        }
      },
      "properties": {
        "title": "J9664/26 for Irkutsk International Airport",
        "text": "From: 2026-09-29 01:00:00+00:00\nTo: 2026-09-30 02:00:00+00:00\n\nAIRSPACE CLSD Within CIRCLE RADIUS 0.2KM CENTRE 524910N1033953E."
      }
    },
    {
      "type": "Feature",
      "geometry": {
        "type": "Polygon",
        "coordinates": [
          [
            [
              110.66222222222223,
              60.17527777777777
            ],
            [
              110.86861111111111,
              60.18
            ],
            [
              111.07277777777777,
              60.12361111111111
            ],
            [
              111.04166666666667,
              60.09027777777778
            ],
            [
              110.90777777777778,
              60.0575
            ],
            [
              110.82444444444444,
              60.001666666666665
            ],
            [
              111.02527777777777,
              59.888333333333335
            ],
            [
              111.00888888888889,
              59.848333333333336
            ],
            [
              111.08222222222221,
              59.771388888888886
            ],
            [
              111.34444444444443,
              59.644444444444446
            ],
            [
              111.37194444444444,
              59.60388888888889
            ],
            [
              111.2863888888889,
              59.592222222222226
            ],
            [
              110.95027777777779,
              59.65222222222222
            ],
            [
              110.68333333333334,
              59.4975
            ],
            [
              110.45305555555557,
              59.66555555555556
            ],
            [
              110.72527777777778,
              59.783055555555556
            ],
            [
              110.80027777777669,
              59.76964646464666
            ],
            [
              110.72500000000001,
              59.78333333333333
            ],
            [
              110.41305555555556,
              60.08388888888889
            ],
            [
              110.66222222222223,
              60.17527777777777
            ]
          ],
          [
            [
              110.87694444444443,
              59.756388888888885
            ],
            [
              110.87833333333333,
              59.78583333333333
            ],
            [
              110.81722222222221,
              59.786944444444444
            ],
            [
              110.81694444444445,
              59.78194444444444
            ],
            [
              110.81027777777777,
              59.778055555555554
            ],
            [
              110.8075059491122,
              59.76835415522607
            ],
            [
              110.81694444444445,
              59.766666666666666
            ],
            [
              110.81666666666666,
              59.757777777777775
            ],
            [
              110.87694444444443,
              59.756388888888885
            ]
          ]
        ],
        "meta": {
          "shape": "circle"
        }
      },
      "properties": {
        "title": "J9685/26 for Irkutsk International Airport",
        "text": "From: 2026-10-01 00:00:00+00:00\nTo: 2026-10-06 11:00:00+00:00\n\nAIRSPACE CLSD AS FLW:\n\n1. Within CIRCLE RADIUS 1KM CENTRE 593717N1111717E\n\n   SFC-850M AMSL.\n\n2. Within CIRCLE RADIUS 1KM CENTRE 593958N1103841E\n\n   SFC-850M AMSL.\n\n3. Within CIRCLE RADIUS 1KM CENTRE 594510N1105547E\n\n   SFC-850M AMSL.\n\n4. Within CIRCLE RADIUS 1KM CENTRE 595238N1104631E\n\n   SFC-850M AMSL.\n\n5. Within CIRCLE RADIUS 1KM CENTRE 595700N1104430E\n\n   SFC-850M AMSL.\n\n6. Within CIRCLE RADIUS 1KM CENTRE 600738N1104520E\n\n   SFC-850M AMSL.\n\n7. AREA: 601048N1105207E-600725N1110422E-600525N1110230E-\n\n         600327N1105428E-600006N1104928E-595318N1110131E-\n\n         595054N1110032E-594617N1110456E-593840N1112040E-\n\n         593614N1112219E-593532N1111711E-593908N1105701E-\n\n         592951N1104100E-593956N1102711E-594659N1104331E-\n\n         594600N1104901E-594528N1104900E-594523N1105237E-\n\n         594709N1105242E-594713N1104902E-594655N1104901E-\n\n         594641N1104837E-594606N1104827E-594700N1104330E-\n\n         600502N1102447E-601031N1103944E-601048N1105207E\n\n   750M AMSL-850M AMSL."
      }
    },
    {
      "type": "Feature",
      "geometry": {
        "type": "Polygon",
        "coordinates": [
          [
            [
              113.17277525904424,
              52.050277633534805
            ],
            [
              113.17276821264109,
              52.05010123981053
            ],
            [
              113.1727471364361,
              52.04992527172095
            ],
            [
              113.17271208136772,
              52.04975015318115
            ],
            [
              113.17266313204749,
              52.04957630605469
            ],
            [
              113.17260040655472,
              52.049404149137445
            ],
            [
              113.17252405615044,
              52.04923409714881
            ],
            [
              113.17243426491167,
              52.049066559732836
            ],
            [
              113.17233124928649,
              52.048901940471595
            ],
            [
              113.17221525757138,
              52.04874063591329
            ],
            [
              113.17208656931186,
              52.04858303461709
            ],
            [
              113.17194549462795,
              52.04842951621762
            ],
            [
              113.17179237346609,
              52.04828045051061
            ],
            [
              113.17162757477945,
              52.0481361965626
            ],
            [
              113.1714514956383,
              52.04799710184619
            ],
            [
              113.17126456027296,
              52.04786350140358
            ],
            [
              113.17106721905138,
              52.047735717039735
            ],
            [
              113.17085994739399,
              52.047614056547765
            ],
            [
              113.1706432446282,
              52.04749881296775
            ],
            [
              113.17041763278559,
              52.04739026388144
            ],
            [
              113.17018365534452,
              52.04728867074391
            ],
            [
              113.16994187592131,
              52.047194278254146
            ],
            [
              113.16969287691286,
              52.04710731376612
            ],
            [
              113.16943725809438,
              52.04702798674138
            ],
            [
              113.1691756351752,
              52.046956488244945
            ],
            [
              113.16890863831651,
              52.04689299048541
            ],
            [
              113.16863691061432,
              52.04683764640036
            ],
            [
              113.16836110655133,
              52.04679058928836
            ],
            [
              113.16808189042146,
              52.04675193248803
            ],
            [
              113.167799934731,
              52.04672176910531
            ],
            [
              113.16751591857984,
              52.04670017178934
            ],
            [
              113.16723052602694,
              52.04668719255764
            ],
            [
              113.166944444444,
              52.0466828626709
            ],
            [
              113.16665836286107,
              52.04668719255764
            ],
            [
              113.16637297030817,
              52.04670017178934
            ],
            [
              113.16608895415702,
              52.04672176910531
            ],
            [
              113.16580699846655,
              52.04675193248803
            ],
            [
              113.16552778233668,
              52.04679058928836
            ],
            [
              113.16525197827369,
              52.04683764640036
            ],
            [
              113.16498025057149,
              52.04689299048541
            ],
            [
              113.16471325371282,
              52.046956488244945
            ],
            [
              113.16445163079364,
              52.04702798674138
            ],
            [
              113.16419601197514,
              52.04710731376612
            ],
            [
              113.16394701296669,
              52.047194278254146
            ],
            [
              113.1637052335435,
              52.04728867074391
            ],
            [
              113.16347125610243,
              52.04739026388144
            ],
            [
              113.16324564425982,
              52.04749881296775
            ],
            [
              113.16302894149402,
              52.047614056547765
            ],
            [
              113.16282166983663,
              52.047735717039735
            ],
            [
              113.16262432861507,
              52.04786350140358
            ],
            [
              113.16243739324972,
              52.04799710184619
            ],
            [
              113.16226131410856,
              52.0481361965626
            ],
            [
              113.16209651542192,
              52.04828045051061
            ],
            [
              113.16194339426006,
              52.04842951621761
            ],
            [
              113.16180231957615,
              52.04858303461709
            ],
            [
              113.16167363131663,
              52.04874063591329
            ],
            [
              113.16155763960153,
              52.04890194047161
            ],
            [
              113.16145462397635,
              52.049066559732836
            ],
            [
              113.16136483273756,
              52.04923409714881
            ],
            [
              113.16128848233329,
              52.049404149137445
            ],
            [
              113.16122575684052,
              52.049576306054696
            ],
            [
              113.16117680752029,
              52.04975015318115
            ],
            [
              113.16114175245191,
              52.049925271720944
            ],
            [
              113.16112067624692,
              52.05010123981053
            ],
            [
              113.16111362984377,
              52.050277633534805
            ],
            [
              113.16112063038341,
              52.05045402794834
            ],
            [
              113.16114166116655,
              52.05062999809906
            ],
            [
              113.16117667169222,
              52.050805120052026
            ],
            [
              113.16122557777783,
              52.05097897191081
            ],
            [
              113.16128826176046,
              52.05115113483396
            ],
            [
              113.16136457277884,
              52.051321194044256
            ],
            [
              113.16145432713525,
              52.05148873982807
            ],
            [
              113.1615573087368,
              52.05165336852275
            ],
            [
              113.1616732696147,
              52.05181468348929
            ],
            [
              113.1618019305204,
              52.05197229606822
            ],
            [
              113.1619429815973,
              52.0521258265163
            ],
            [
              113.16209608312633,
              52.052274904921724
            ],
            [
              113.16226086634339,
              52.05241917209571
            ],
            [
              113.16243693432718,
              52.052558280438234
            ],
            [
              113.16262386295482,
              52.05269189477591
            ],
            [
              113.16282120192325,
              52.05281969316992
            ],
            [
              113.16302847583377,
              52.05294136769209
            ],
            [
              113.16324518533726,
              52.05305662516716
            ],
            [
              113.16347080833725,
              52.053165187879586
            ],
            [
              113.16370480124789,
              52.0532667942431
            ],
            [
              113.16394660030393,
              52.05336119943128
            ],
            [
              113.16419562291938,
              52.053448175967915
            ],
            [
              113.1644512690917,
              52.05352751427539
            ],
            [
              113.1647129228481,
              52.05359902318003
            ],
            [
              113.1649799537304,
              52.05366253037303
            ],
            [
              113.16525171831493,
              52.05371788282591
            ],
            [
              113.16552756176385,
              52.053764947159564
            ],
            [
              113.16580681940385,
              52.053803609965826
            ],
            [
              113.16608881832892,
              52.053833778080865
            ],
            [
              113.16637287902282,
              52.05385537880999
            ],
            [
              113.16665831699756,
              52.05386836010282
            ],
            [
              113.166944444444,
              52.053872690678844
            ],
            [
              113.16723057189046,
              52.05386836010282
            ],
            [
              113.1675160098652,
              52.05385537880999
            ],
            [
              113.1678000705591,
              52.053833778080865
            ],
            [
              113.16808206948416,
              52.053803609965826
            ],
            [
              113.16836132712416,
              52.053764947159564
            ],
            [
              113.16863717057308,
              52.053717882825914
            ],
            [
              113.16890893515762,
              52.05366253037302
            ],
            [
              113.16917596603992,
              52.05359902318002
            ],
            [
              113.16943761979631,
              52.05352751427539
            ],
            [
              113.16969326596863,
              52.053448175967915
            ],
            [
              113.16994228858408,
              52.05336119943128
            ],
            [
              113.17018408764011,
              52.0532667942431
            ],
            [
              113.17041808055076,
              52.05316518787959
            ],
            [
              113.17064370355077,
              52.05305662516716
            ],
            [
              113.17086041305424,
              52.05294136769209
            ],
            [
              113.17106768696476,
              52.05281969316993
            ],
            [
              113.1712650259332,
              52.05269189477591
            ],
            [
              113.17145195456084,
              52.052558280438234
            ],
            [
              113.17162802254462,
              52.05241917209571
            ],
            [
              113.17179280576168,
              52.052274904921724
            ],
            [
              113.17194590729069,
              52.052125826516296
            ],
            [
              113.17208695836761,
              52.05197229606822
            ],
            [
              113.17221561927332,
              52.05181468348929
            ],
            [
              113.17233158015121,
              52.05165336852276
            ],
            [
              113.17243456175277,
              52.05148873982807
            ],
            [
              113.17252431610918,
              52.05132119404424
            ],
            [
              113.17260062712755,
              52.05115113483396
            ],
            [
              113.17266331111018,
              52.05097897191081
            ],
            [
              113.1727122171958,
              52.050805120052026
            ],
            [
              113.17274722772146,
              52.05062999809906
            ],
            [
              113.1727682585046,
              52.05045402794835
            ],
            [
              113.17277525904424,
              52.050277633534805
            ]
          ]
        ],
        "meta": {
          "shape": "circle"
        }
      },
      "properties": {
        "title": "J9690/26 for Irkutsk International Airport",
        "text": "From: 2026-09-30 03:00:00+00:00\nTo: 2026-09-30 05:00:00+00:00\n\nAIRSPACE CLSD Within CIRCLE RADIUS 0.4KM CENTRE 520301N1131001E."
      }
    },
    {
      "type": "Feature",
      "geometry": {
        "type": "Polygon",
        "coordinates": [
          [
            [
              109.16111111111111,
              51.19694444444444
            ],
            [
              109.16916666666667,
              51.19305555555555
            ],
            [
              109.18166666666667,
              51.19611111111111
            ],
            [
              109.19222222222223,
              51.198055555555555
            ],
            [
              109.20694444444445,
              51.20166666666667
            ],
            [
              109.20611111111111,
              51.20944444444445
            ],
            [
              109.20555555555556,
              51.21
            ],
            [
              109.19055555555556,
              51.20583333333334
            ],
            [
              109.18,
              51.20388888888889
            ],
            [
              109.17416666666666,
              51.20333333333333
            ],
            [
              109.17222222222223,
              51.20333333333333
            ],
            [
              109.16305555555556,
              51.20138888888889
            ],
            [
              109.16111111111111,
              51.19694444444444
            ]
          ]
        ],
        "meta": {
          "shape": "polygon"
        }
      },
      "properties": {
        "title": "J9695/26 for Irkutsk International Airport",
        "text": "From: 2026-09-30 01:00:00+00:00\nTo: 2026-09-30 07:00:00+00:00\n\nAIRSPACE CLSD Within AREA:\n\n511149N1090940E-511135N1091009E-511146N1091054E-511153N1091132E-\n\n511206N1091225E-511234N1091222E-511236N1091220E-511221N1091126E-\n\n511214N1091048E-511212N1091027E-511212N1091020E-511205N1090947E-\n\n511149N1090940E."
      }
    },
    {
      "type": "Feature",
      "geometry": {
        "type": "Polygon",
        "coordinates": [
          [
            [
              115.59777777777778,
              53.54055555555556
            ],
            [
              115.6101426706411,
              53.541708215059764
            ],
            [
              115.61023689561895,
              53.54172986742837
            ],
            [
              115.61058839643451,
              53.54179904222585
            ],
            [
              115.61094517326335,
              53.54185785925671
            ],
            [
              115.61130636635622,
              53.541906176782575
            ],
            [
              115.6116711053115,
              53.5419438783665
            ],
            [
              115.61203851117467,
              53.541970873153886
            ],
            [
              115.61240769855841,
              53.54198709609159
            ],
            [
              115.612777777778,
              53.54199250808485
            ],
            [
              115.6131361414038,
              53.541987267419
            ],
            [
              115.63055555555555,
              53.54361111111111
            ],
            [
              115.64555555555556,
              53.52722222222222
            ],
            [
              115.58833333333332,
              53.51861111111111
            ],
            [
              115.59777777777778,
              53.54055555555556
            ]
          ]
        ],
        "meta": {
          "shape": "circle"
        }
      },
      "properties": {
        "title": "J9703/26 for Irkutsk International Airport",
        "text": "From: 2026-10-01 00:00:00+00:00\nTo: 2026-10-03 09:00:00+00:00\n\nAIRSPACE CLSD AS FLW:\n\n1. Within CIRCLE RADIUS 0.5KM CENTRE 533215N1153646E\n\n   SFC-1500M AMSL.\n\n2. AREA: 533107N1153518E-533226N1153552E-533237N1153750E-\n\n         533138N1153844E-533107N1153518E\n\n   1100M AMSL-1500M AMSL."
      }
    },
    {
      "type": "Feature",
      "geometry": {
        "type": "Polygon",
        "coordinates": [
          [
            [
              102.85666666666665,
              56.49333333333333
            ],
            [
              102.78388888888888,
              56.49777777777778
            ],
            [
              102.74083333333333,
              56.4575
            ],
            [
              102.77194444444444,
              56.41916666666666
            ],
            [
              102.79222222222222,
              56.39805555555556
            ],
            [
              102.80583333333333,
              56.39111111111111
            ],
            [
              102.83916666666666,
              56.390277777777776
            ],
            [
              102.86416666666666,
              56.40361111111111
            ],
            [
              102.89111111111112,
              56.41111111111111
            ],
            [
              102.91416666666667,
              56.41861111111111
            ],
            [
              102.92583333333334,
              56.468611111111116
            ],
            [
              102.8736111111111,
              56.48916666666667
            ],
            [
              102.85666666666665,
              56.49333333333333
            ]
          ]
        ],
        "meta": {
          "shape": "polygon"
        }
      },
      "properties": {
        "title": "J9708/26 for Irkutsk International Airport",
        "text": "From: 2026-09-30 01:00:00+00:00\nTo: 2026-09-30 12:00:00+00:00\n\nAIRSPACE CLSD Within AREA:\n\n562936N1025124E-562952N1024702E-562727N1024427E-562509N1024619E-\n\n562353N1024732E-562328N1024821E-562325N1025021E-562413N1025151E-\n\n562440N1025328E-562507N1025451E-562807N1025533E-562921N1025225E-\n\n562936N1025124E."
      }
    },
    {
      "type": "Feature",
      "geometry": {
        "type": "Polygon",
        "coordinates": [
          [
            [
              103.78388888888888,
              52.617777777777775
            ],
            [
              103.83305555555555,
              52.46666666666667
            ],
            [
              103.8875,
              52.44277777777778
            ],
            [
              103.91888888888889,
              52.45888888888889
            ],
            [
              103.88416666666667,
              52.48416666666667
            ],
            [
              103.83305555555555,
              52.4675
            ],
            [
              103.82138888888889,
              52.50388888888889
            ],
            [
              103.96277777777777,
              52.53472222222222
            ],
            [
              104.07,
              52.42944444444444
            ],
            [
              103.8938888888889,
              52.378055555555555
            ],
            [
              103.73611111111111,
              52.46194444444445
            ],
            [
              103.66611111111112,
              52.62166666666667
            ],
            [
              103.78388888888888,
              52.617777777777775
            ]
          ]
        ],
        "meta": {
          "shape": "polygon"
        }
      },
      "properties": {
        "title": "J9731/26 for Irkutsk International Airport",
        "text": "From: 2026-09-30 00:00:00+00:00\nTo: 2026-10-04 14:00:00+00:00\n\nAIRSPACE CLSD AS FLW:\n\n1. AREA: 523718N1033958E-522743N1034410E-522241N1035338E-\n\n         522546N1040412E-523205N1035746E-523014N1034917E-\n\n         522803N1034959E-522903N1035303E-522732N1035508E-\n\n         522634N1035315E-522800N1034959E-523704N1034702E-\n\n         523718N1033958E\n\n   700M AMSL-1150M AMSL.\n\n2. Within CIRCLE RADIUS 1.5KM CENTRE 522703N1034730E\n\n   GND-1150M AMSL."
      }
    },
    {
      "type": "Feature",
      "geometry": {
        "type": "Polygon",
        "coordinates": [
          [
            [
              103.69050692358759,
              52.62112883602542
            ],
            [
              103.688333333333,
              52.62109638238994
            ],
            [
              103.68615974307842,
              52.62112883602542
            ],
            [
              103.68399137956408,
              52.62122611889092
            ],
            [
              103.68183345703106,
              52.621387997050384
            ],
            [
              103.67969116475138,
              52.621614081231954
            ],
            [
              103.67826541534144,
              52.62180880381815
            ],
            [
              103.66583333333334,
              52.62222222222222
            ],
            [
              103.38388888888889,
              52.815
            ],
            [
              103.335,
              52.8975
            ],
            [
              103.29527777777777,
              52.9
            ],
            [
              103.29507734164753,
              52.906814828428416
            ],
            [
              103.29502013734373,
              52.907013907294164
            ],
            [
              103.29493068840308,
              52.907451633030036
            ],
            [
              103.29487687139198,
              52.90789148499899
            ],
            [
              103.29485881703819,
              52.908332403607254
            ],
            [
              103.29487656992471,
              52.908773326659464
            ],
            [
              103.29493008837183,
              52.909213191917516
            ],
            [
              103.29499712138742,
              52.90954231727204
            ],
            [
              103.29472222222222,
              52.91888888888889
            ],
            [
              102.98222222222222,
              53.075
            ],
            [
              102.89305555555556,
              53.07416666666667
            ],
            [
              102.90277777777779,
              53.10944444444445
            ],
            [
              102.76277777777777,
              53.27611111111111
            ],
            [
              102.73805555555556,
              53.32833333333333
            ],
            [
              102.63722222222223,
              53.39111111111111
            ],
            [
              102.69944444444445,
              53.41277777777778
            ],
            [
              102.82888888888888,
              53.325
            ],
            [
              102.82833333333333,
              53.28361111111111
            ],
            [
              103.00611111111111,
              53.12083333333334
            ],
            [
              103.09416666666667,
              53.114444444444445
            ],
            [
              103.07555555555555,
              53.07611111111112
            ],
            [
              103.35138888888888,
              52.948611111111106
            ],
            [
              103.71734089791934,
              52.668432786103246
            ],
            [
              103.71811376021338,
              52.668027165160204
            ],
            [
              103.71968948302442,
              52.66711434836357
            ],
            [
              103.72118956761452,
              52.66615560722698
            ],
            [
              103.7226104006362,
              52.66515325435654
            ],
            [
              103.7239485606108,
              52.664109707394275
            ],
            [
              103.72520082615722,
              52.663027483166005
            ],
            [
              103.7263641837295,
              52.661909191590844
            ],
            [
              103.72743583484501,
              52.66075752936721
            ],
            [
              103.7275565007803,
              52.66061156794376
            ],
            [
              103.78277777777778,
              52.61833333333333
            ],
            [
              103.69363120184914,
              52.62129782754474
            ],
            [
              103.69267528710193,
              52.62122611889092
            ],
            [
              103.69050692358759,
              52.62112883602542
            ]
          ]
        ],
        "meta": {
          "shape": "polygon"
        }
      },
      "properties": {
        "title": "J9753/26 for Irkutsk International Airport",
        "text": "From: 2026-10-03 00:00:00+00:00\nTo: 2026-10-08 03:00:00+00:00\n\nAIRSPACE CLSD AS FLW:\n\n1. AREA: 530634N1025410E-530427N1025335E-530430N1025856E-\n\n         525508N1031741E-525400N1031743E-525351N1032006E-\n\n         524854N1032302E-523720N1033957E-523706N1034658E-\n\n         525655N1032105E-530434N1030432E-530652N1030539E-\n\n         530715N1030022E-531701N1024942E-531930N1024944E-\n\n         532446N1024158E-532328N1023814E-531942N1024417E-\n\n         531634N1024546E-530634N1025410E\n\n   700M AMSL-900M AMSL.\n\n2. Within CIRCLE RADIUS 1KM CENTRE 530522N1030228E\n\n   SFC-900M AMSL.\n\n3. Within CIRCLE RADIUS 1KM CENTRE 530623N1030422E\n\n   SFC-900M AMSL.\n\n4. Within CIRCLE RADIUS 1KM CENTRE 530503N1025445E\n\n   SFC-900M AMSL.\n\n5. Within CIRCLE RADIUS 1KM CENTRE 530939N1025242E\n\n   SFC-900M AMSL.\n\n6. Within CIRCLE RADIUS 1KM CENTRE 531800N1024812E\n\n   SFC-900M AMSL.\n\n7. Within CIRCLE RADIUS 1KM CENTRE 525430N1031835E\n\n   SFC-900M AMSL.\n\n8. Within CIRCLE RADIUS 3KM CENTRE 523853N1034118E\n\n   SFC-900M AMSL."
      }
    },
    {
      "type": "Feature",
      "geometry": {
        "type": "Polygon",
        "coordinates": [
          [
            [
              102.66504329285674,
              53.42583238605051
            ],
            [
              102.66502501710174,
              53.425391506023836
            ],
            [
              102.66497054589192,
              53.42495169262792
            ],
            [
              102.66488001156482,
              53.4245140053627
            ],
            [
              102.66475363331557,
              53.42407949857401
            ],
            [
              102.66459171665835,
              53.423649218914356
            ],
            [
              102.66439465268016,
              53.423224202822475
            ],
            [
              102.66416291708889,
              53.42280547402796
            ],
            [
              102.66389706905807,
              53.422394041086534
            ],
            [
              102.663597749871,
              53.42199089495231
            ],
            [
              102.66326568136799,
              53.42159700659265
            ],
            [
              102.66290166419994,
              53.42121332465144
            ],
            [
              102.6625065758932,
              53.42084077316622
            ],
            [
              102.66208136872997,
              53.42048024934492
            ],
            [
              102.66162706744947,
              53.42013262140729
            ],
            [
              102.66114476677575,
              53.41979872649626
            ],
            [
              102.66063562877765,
              53.41947936866438
            ],
            [
              102.66010088006784,
              53.4191753169399
            ],
            [
              102.65954180884718,
              53.41888730347732
            ],
            [
              102.65895976180191,
              53.4186160217968
            ],
            [
              102.65835614086092,
              53.41836212511658
            ],
            [
              102.65773239982113,
              53.418126224782355
            ],
            [
              102.65709004084871,
              53.41790888879762
            ],
            [
              102.65643061086483,
              53.417710640458125
            ],
            [
              102.65575569782472,
              53.417531957094006
            ],
            [
              102.6550669268984,
              53.41737326892231
            ],
            [
              102.65436595656293,
              53.41723495801315
            ],
            [
              102.65365447461485,
              53.41711735737122
            ],
            [
              102.65293419411299,
              53.41702075013555
            ],
            [
              102.6522068492607,
              53.41694536889908
            ],
            [
              102.65147419123777,
              53.416891395149605
            ],
            [
              102.65073798399199,
              53.416858958833686
            ],
            [
              102.65,
              53.41684813804443
            ],
            [
              102.64926201600802,
              53.416858958833686
            ],
            [
              102.64852580876224,
              53.416891395149605
            ],
            [
              102.64779315073932,
              53.41694536889908
            ],
            [
              102.64706580588701,
              53.41702075013555
            ],
            [
              102.64634552538514,
              53.41711735737122
            ],
            [
              102.64563404343708,
              53.41723495801315
            ],
            [
              102.64493307310161,
              53.41737326892231
            ],
            [
              102.6442443021753,
              53.417531957094006
            ],
            [
              102.64356938913517,
              53.417710640458125
            ],
            [
              102.6429099591513,
              53.41790888879762
            ],
            [
              102.64226760017887,
              53.418126224782355
            ],
            [
              102.64164385913908,
              53.41836212511657
            ],
            [
              102.64104023819809,
              53.4186160217968
            ],
            [
              102.64045819115282,
              53.41888730347732
            ],
            [
              102.63989911993217,
              53.4191753169399
            ],
            [
              102.63936437122236,
              53.41947936866438
            ],
            [
              102.63885523322425,
              53.41979872649626
            ],
            [
              102.63837293255052,
              53.42013262140729
            ],
            [
              102.63791863127003,
              53.42048024934492
            ],
            [
              102.63749342410681,
              53.42084077316622
            ],
            [
              102.63709833580006,
              53.42121332465144
            ],
            [
              102.63673431863201,
              53.421597006592656
            ],
            [
              102.636402250129,
              53.42199089495231
            ],
            [
              102.63610293094195,
              53.422394041086534
            ],
            [
              102.63583708291111,
              53.42280547402797
            ],
            [
              102.63560534731984,
              53.423224202822475
            ],
            [
              102.63540828334165,
              53.423649218914356
            ],
            [
              102.63524636668441,
              53.42407949857401
            ],
            [
              102.63511998843518,
              53.4245140053627
            ],
            [
              102.63502945410809,
              53.42495169262793
            ],
            [
              102.63497498289827,
              53.425391506023836
            ],
            [
              102.63495670714326,
              53.42583238605051
            ],
            [
              102.6349746719935,
              53.42627327060586
            ],
            [
              102.63502883529274,
              53.42671309754421
            ],
            [
              102.63511906766878,
              53.42715080723517
            ],
            [
              102.63524515283444,
              53.427585345116974
            ],
            [
              102.63540678809814,
              53.428015664237655
            ],
            [
              102.6356035850828,
              53.42844072777842
            ],
            [
              102.63583507065186,
              53.428859511552744
            ],
            [
              102.63610068803962,
              53.42927100647544
            ],
            [
              102.63639979818397,
              53.429674220995445
            ],
            [
              102.63673168125788,
              53.430068183486796
            ],
            [
              102.63709553839615,
              53.430451944591724
            ],
            [
              102.63749049361364,
              53.43082457951026
            ],
            [
              102.63791559590989,
              53.43118519023098
            ],
            [
              102.63836982155556,
              53.431532907697246
            ],
            [
              102.63885207655504,
              53.4318668939039
            ],
            [
              102.63936119927934,
              53.4321863439192
            ],
            [
              102.6398959632629,
              53.4324904878271
            ],
            [
              102.64045508015778,
              53.432778592585315
            ],
            [
              102.64103720283785,
              53.433049963794474
            ],
            [
              102.64164092864578,
              53.43330394737413
            ],
            [
              102.6422648027748,
              53.43353993114167
            ],
            [
              102.64290732177699,
              53.43375734629011
            ],
            [
              102.64356693718999,
              53.433955668761314
            ],
            [
              102.64424205927278,
              53.434134420511235
            ],
            [
              102.64493106084217,
              53.43429317066417
            ],
            [
              102.64563228119988,
              53.43443153655316
            ],
            [
              102.64634403014149,
              53.434549184644005
            ],
            [
              102.6470645920369,
              53.43464583134069
            ],
            [
              102.64779222997282,
              53.43472124367028
            ],
            [
              102.64852518994682,
              53.43477523984552
            ],
            [
              102.64926170510321,
              53.434807689703845
            ],
            [
              102.65,
              53.43481851502179
            ],
            [
              102.65073829489678,
              53.43480768970385
            ],
            [
              102.65147481005317,
              53.43477523984552
            ],
            [
              102.65220777002719,
              53.43472124367028
            ],
            [
              102.6529354079631,
              53.43464583134069
            ],
            [
              102.6536559698585,
              53.43454918464401
            ],
            [
              102.65436771880012,
              53.43443153655316
            ],
            [
              102.65506893915783,
              53.43429317066417
            ],
            [
              102.6557579407272,
              53.434134420511235
            ],
            [
              102.65643306281002,
              53.433955668761314
            ],
            [
              102.65709267822301,
              53.43375734629011
            ],
            [
              102.6577351972252,
              53.43353993114166
            ],
            [
              102.65835907135421,
              53.43330394737413
            ],
            [
              102.65896279716216,
              53.433049963794474
            ],
            [
              102.65954491984223,
              53.43277859258532
            ],
            [
              102.66010403673711,
              53.4324904878271
            ],
            [
              102.66063880072066,
              53.4321863439192
            ],
            [
              102.66114792344496,
              53.43186689390391
            ],
            [
              102.66163017844444,
              53.431532907697246
            ],
            [
              102.66208440409012,
              53.43118519023098
            ],
            [
              102.66250950638636,
              53.43082457951026
            ],
            [
              102.66290446160384,
              53.430451944591724
            ],
            [
              102.66326831874213,
              53.430068183486796
            ],
            [
              102.66360020181601,
              53.429674220995445
            ],
            [
              102.66389931196038,
              53.42927100647544
            ],
            [
              102.66416492934815,
              53.428859511552744
            ],
            [
              102.6643964149172,
              53.42844072777842
            ],
            [
              102.66459321190187,
              53.42801566423766
            ],
            [
              102.66475484716555,
              53.42758534511697
            ],
            [
              102.66488093233123,
              53.42715080723518
            ],
            [
              102.66497116470727,
              53.42671309754421
            ],
            [
              102.66502532800651,
              53.42627327060586
            ],
            [
              102.66504329285674,
              53.42583238605051
            ]
          ]
        ],
        "meta": {
          "shape": "circle"
        }
      },
      "properties": {
        "title": "J9754/26 for Irkutsk International Airport",
        "text": "From: 2026-10-03 00:00:00+00:00\nTo: 2026-10-08 14:00:00+00:00\n\nAIRSPACE CLSD Within CIRCLE RADIUS 1KM CENTRE 532533N1023900E."
      }
    },
    {
      "type": "Feature",
      "geometry": {
        "type": "Polygon",
        "coordinates": [
          [
            [
              102.56388888888888,
              53.47027777777778
            ],
            [
              102.59972222222221,
              53.48833333333334
            ],
            [
              102.4875,
              53.54361111111111
            ],
            [
              102.46222222222222,
              53.57527777777778
            ],
            [
              102.46583333333334,
              53.57888888888889
            ],
            [
              102.46416666666667,
              53.58527777777778
            ],
            [
              102.45722222222223,
              53.589444444444446
            ],
            [
              102.44972222222222,
              53.59055555555556
            ],
            [
              102.14222222222223,
              53.96805555555556
            ],
            [
              102.07027777777778,
              54.005
            ],
            [
              102.0025,
              54.04333333333333
            ],
            [
              101.84972222222221,
              54.16972222222222
            ],
            [
              101.69500000000001,
              54.265
            ],
            [
              101.5325,
              54.35277777777778
            ],
            [
              101.29583333333333,
              54.44222222222222
            ],
            [
              100.87722222222222,
              54.53333333333333
            ],
            [
              100.72416666666666,
              54.62694444444445
            ],
            [
              100.25694444444444,
              54.64333333333333
            ],
            [
              99.75833333333334,
              54.692499999999995
            ],
            [
              99.59777777777778,
              54.769444444444446
            ],
            [
              99.15666666666667,
              54.89833333333333
            ],
            [
              99.03916666666666,
              54.863055555555555
            ],
            [
              99.01861111111111,
              54.888888888888886
            ],
            [
              98.96111111111111,
              54.86
            ],
            [
              99.03055555555555,
              54.831388888888895
            ],
            [
              99.16722222222222,
              54.85861111111111
            ],
            [
              99.51694444444445,
              54.74722222222222
            ],
            [
              99.72944444444444,
              54.65611111111111
            ],
            [
              100.24083333333333,
              54.59777777777778
            ],
            [
              100.69944444444445,
              54.58444444444444
            ],
            [
              100.81416666666667,
              54.48694444444445
            ],
            [
              100.84166666666667,
              54.481388888888894
            ],
            [
              100.84305555555555,
              54.473333333333336
            ],
            [
              100.85972222222222,
              54.46944444444445
            ],
            [
              100.87388888888889,
              54.475
            ],
            [
              101.30888888888889,
              54.38361111111111
            ],
            [
              101.91861111111112,
              54.03194444444444
            ],
            [
              101.93055555555556,
              53.9525
            ],
            [
              102.07083333333333,
              53.930277777777775
            ],
            [
              102.44166666666668,
              53.52472222222222
            ],
            [
              102.56388888888888,
              53.47027777777778
            ]
          ]
        ],
        "meta": {
          "shape": "polygon"
        }
      },
      "properties": {
        "title": "J9755/26A02 for Irkutsk International Airport",
        "text": "From: 2026-10-03 00:00:00+00:00\nTo: 2026-10-08 14:00:00+00:00\n\nAIRSPACE CLSD AS FLW:\n\n1. AREA:  532813N1023350E-532918N1023559E-533237N1022915E-\n\n          533431N1022744E-533444N1022757E-533507N1022751E-\n\n          533522N1022726E-533526N1022659E-535805N1020832E-\n\n          540018N1020413E-540236N1020009E-541011N1015059E-\n\n          541554N1014142E-542110N1013157E-542632N1011745E-\n\n          543200N1005238E-543737N1004327E-543836N1001525E-\n\n          544133N0994530E-544610N0993552E-545354N0990924E-\n\n          545147N0990221E-545320N0990107E-545136N0985740E-\n\n          544953N0990150E-545131N0991002E-544450N0993101E-\n\n          543922N0994346E-543552N1001427E-543504N1004158E-\n\n          542913N1004851E-542853N1005030E-542824N1005035E-\n\n          542810N1005135E-542830N1005226E-542301N1011832E-\n\n          540155N1015507E-535709N1015550E-535549N1020415E-\n\n          533129N1022630E-532813N1023350E\n\n   750M AMSL-1300M AMSL.\n\n2. CIRCLE RADIUS 1KM CENTRE 543814N1000823E\n\n   SFC-1300M AMSL.\n\n3. CIRCLE RADIUS 1KM CENTRE 543915N0995436E\n\n   SFC-1300M AMSL.\n\n4. CIRCLE RADIUS 1KM CENTRE 533451N1022659E\n\n   SFC-1300M AMSL."
      }
    },
    {
      "type": "Feature",
      "geometry": {
        "type": "Polygon",
        "coordinates": [
          [
            [
              103.00022454515783,
              54.16353644641985
            ],
            [
              102.99429642298819,
              54.100755058135185
            ],
            [
              102.98316089532113,
              54.038218592356614
            ],
            [
              102.96686783536632,
              53.97607619828239
            ],
            [
              102.94547878209251,
              53.914475431638984
            ],
            [
              102.91906659036106,
              53.85356192516919
            ],
            [
              102.88771506609437,
              53.79347906920743
            ],
            [
              102.8515185887928,
              53.73436770271596
            ],
            [
              102.81058172356427,
              53.676365815095814
            ],
            [
              102.7650188246773,
              53.61960825903177
            ],
            [
              102.71495363248681,
              53.5642264745795
            ],
            [
              102.66051886542138,
              53.51034822465775
            ],
            [
              102.60185580855759,
              53.458097342067234
            ],
            [
              102.53911390014572,
              53.407593488121336
            ],
            [
              102.47245031729352,
              53.35895192294169
            ],
            [
              102.40202956186015,
              53.312283287443776
            ],
            [
              102.32802304746356,
              53.26769339701353
            ],
            [
              102.25060868836245,
              53.225283046856326
            ],
            [
              102.16997049083753,
              53.18514782898244
            ],
            [
              102.08629814756861,
              53.147377960780084
            ],
            [
              101.99978663538401,
              53.112058125116896
            ],
            [
              101.91063581664517,
              53.07926732190276
            ],
            [
              101.81905004442636,
              53.0490787310422
            ],
            [
              101.72523777155227,
              53.02155958670149
            ],
            [
              101.62941116346926,
              52.99677106281517
            ],
            [
              101.53178571484644,
              52.97476816975726
            ],
            [
              101.43257986973067,
              52.95559966210583
            ],
            [
              101.33201464501691,
              52.93930795743282
            ],
            [
              101.23031325693847,
              52.92592906605713
            ],
            [
              101.12770075023427,
              52.91549253170455
            ],
            [
              101.02440362960853,
              52.908021383025925
            ],
            [
              100.92064949306443,
              52.90353209593262
            ],
            [
              100.816666666667,
              52.90203456671671
            ],
            [
              100.71268384026959,
              52.90353209593262
            ],
            [
              100.60892970372548,
              52.908021383025925
            ],
            [
              100.50563258309974,
              52.91549253170455
            ],
            [
              100.40302007639555,
              52.92592906605713
            ],
            [
              100.3013186883171,
              52.93930795743282
            ],
            [
              100.20075346360333,
              52.95559966210583
            ],
            [
              100.10154761848757,
              52.97476816975726
            ],
            [
              100.00392216986477,
              52.99677106281517
            ],
            [
              99.90809556178175,
              53.02155958670149
            ],
            [
              99.81428328890765,
              53.0490787310422
            ],
            [
              99.72269751668884,
              53.07926732190276
            ],
            [
              99.63354669795,
              53.11205812511689
            ],
            [
              99.5470351857654,
              53.147377960780084
            ],
            [
              99.4633628424965,
              53.18514782898244
            ],
            [
              99.38272464497156,
              53.225283046856326
            ],
            [
              99.30531028587045,
              53.26769339701353
            ],
            [
              99.23130377147386,
              53.312283287443776
            ],
            [
              99.16088301604049,
              53.35895192294169
            ],
            [
              99.09421943318829,
              53.407593488121336
            ],
            [
              99.03147752477642,
              53.45809734206723
            ],
            [
              98.97281446791263,
              53.51034822465775
            ],
            [
              98.9183797008472,
              53.5642264745795
            ],
            [
              98.86831450865671,
              53.61960825903177
            ],
            [
              98.82275160976974,
              53.67636581509581
            ],
            [
              98.78181474454122,
              53.734367702715964
            ],
            [
              98.74561826723964,
              53.79347906920743
            ],
            [
              98.71426674297295,
              53.85356192516919
            ],
            [
              98.6878545512415,
              53.914475431638984
            ],
            [
              98.6664654979677,
              53.97607619828239
            ],
            [
              98.65017243801287,
              54.038218592356614
            ],
            [
              98.63903691034584,
              54.100755058135185
            ],
            [
              98.63310878817617,
              54.16353644641985
            ],
            [
              98.63242594650394,
              54.226412353700994
            ],
            [
              98.63701394966243,
              54.289231470460194
            ],
            [
              98.64688576154245,
              54.351841938034966
            ],
            [
              98.66204148127743,
              54.41409171339029
            ],
            [
              98.68246810723963,
              54.475828941061366
            ],
            [
              98.70813933224328,
              54.53690233145096
            ],
            [
              98.73901537286785,
              54.59716154458033
            ],
            [
              98.77504283580197,
              54.65645757830878
            ],
            [
              98.81615462406128,
              54.71464315995173
            ],
            [
              98.86226988585118,
              54.771573140143715
            ],
            [
              98.91329400872411,
              54.82710488771135
            ],
            [
              98.96911866152023,
              54.881098684242396
            ],
            [
              99.02962188637882,
              54.93341811696398
            ],
            [
              99.09466824286444,
              54.98393046847422
            ],
            [
              99.16410900596745,
              55.03250710181135
            ],
            [
              99.23778241941463,
              55.07902383929143
            ],
            [
              99.31551400536203,
              55.1233613335032
            ],
            [
              99.39711693114458,
              55.16540542881685
            ],
            [
              99.48239243332532,
              55.2050475117438
            ],
            [
              99.57113029882937,
              55.242184848478004
            ],
            [
              99.66310940246652,
              55.27672090795692
            ],
            [
              99.75809829964737,
              55.308565668802665
            ],
            [
              99.8558558725918,
              55.33763590854118
            ],
            [
              99.95613202781549,
              55.36385547355128
            ],
            [
              100.05866844217546,
              55.3871555282635
            ],
            [
              100.16319935426098,
              55.40747478221416
            ],
            [
              100.26945239744317,
              55.42475969365909
            ],
            [
              100.37714947045146,
              55.43896464856599
            ],
            [
              100.48600764093707,
              55.450052113931484
            ],
            [
              100.59574007711745,
              55.45799276450946
            ],
            [
              100.70605700228036,
              55.46276558218716
            ],
            [
              100.816666666667,
              55.46435792740543
            ],
            [
              100.92727633105366,
              55.46276558218716
            ],
            [
              101.03759325621655,
              55.45799276450946
            ],
            [
              101.14732569239693,
              55.450052113931484
            ],
            [
              101.25618386288257,
              55.43896464856599
            ],
            [
              101.36388093589083,
              55.42475969365909
            ],
            [
              101.47013397907303,
              55.40747478221416
            ],
            [
              101.57466489115856,
              55.38715552826349
            ],
            [
              101.67720130551854,
              55.36385547355128
            ],
            [
              101.77747746074222,
              55.33763590854118
            ],
            [
              101.87523503368664,
              55.30856566880268
            ],
            [
              101.9702239308675,
              55.276720907956935
            ],
            [
              102.06220303450462,
              55.242184848478004
            ],
            [
              102.1509409000087,
              55.2050475117438
            ],
            [
              102.23621640218943,
              55.16540542881685
            ],
            [
              102.31781932797199,
              55.123361333503205
            ],
            [
              102.39555091391941,
              55.07902383929142
            ],
            [
              102.46922432736656,
              55.03250710181135
            ],
            [
              102.53866509046958,
              54.98393046847422
            ],
            [
              102.60371144695519,
              54.93341811696398
            ],
            [
              102.6642146718138,
              54.881098684242396
            ],
            [
              102.72003932460991,
              54.82710488771135
            ],
            [
              102.77106344748283,
              54.771573140143715
            ],
            [
              102.81717870927271,
              54.71464315995173
            ],
            [
              102.85829049753204,
              54.65645757830879
            ],
            [
              102.89431796046617,
              54.59716154458033
            ],
            [
              102.92519400109074,
              54.53690233145096
            ],
            [
              102.9508652260944,
              54.47582894106137
            ],
            [
              102.9712918520566,
              54.41409171339029
            ],
            [
              102.98644757179156,
              54.35184193803497
            ],
            [
              102.99631938367158,
              54.289231470460194
            ],
            [
              103.00090738683006,
              54.226412353701
            ],
            [
              103.00022454515783,
              54.16353644641985
            ]
          ]
        ]
      },
      "properties": {
        "title": "J9755/26B02 for Irkutsk International Airport",
        "text": "From: 2026-10-03 00:00:00+00:00\nTo: 2026-10-08 14:00:00+00:00\n\n5. CIRCLE RADIUS 1KM CENTRE 544649N0993017E\n\n   SFC-1300M AMSL.\n\n6. CIRCLE RADIUS 1KM CENTRE 535741N1015652E\n\n   SFC-1300M AMSL.\n\n7. CIRCLE RADIUS 1KM CENTRE 541507N1014012E\n\n   SFC-1300M AMSL.\n\n8. CIRCLE RADIUS 1KM CENTRE 542609N1011654E\n\n   SFC-1300M AMSL.\n\n9. CIRCLE RADIUS 1KM CENTRE 542847N1005128E\n\n   SFC-1300M AMSL.\n\n10. CIRCLE RADIUS 1KM CENTRE 545236N0990035E\n\n   SFC-1300M AMSL."
      }
    },
    {
      "type": "Feature",
      "geometry": {
        "type": "Polygon",
        "coordinates": [
          [
            [
              104.2935635366928,
              52.291944362602656
            ],
            [
              104.29355822738792,
              52.29181207269758
            ],
            [
              104.2935423385232,
              52.291680101880175
            ],
            [
              104.29351590846986,
              52.29154876807545
            ],
            [
              104.29347900099197,
              52.29141838767107
            ],
            [
              104.29343170509193,
              52.29128927475512
            ],
            [
              104.2933741347952,
              52.29116174035966
            ],
            [
              104.29330642887479,
              52.29103609171139
            ],
            [
              104.29322875051614,
              52.29091263149175
            ],
            [
              104.29314128692326,
              52.29079165710793
            ],
            [
              104.2930442488672,
              52.29067345997646
            ],
            [
              104.29293787017738,
              52.29055832482148
            ],
            [
              104.29282240717802,
              52.29044652898898
            ],
            [
              104.29269813807005,
              52.29033834177888
            ],
            [
              104.29256536226045,
              52.290234023796565
            ],
            [
              104.29242439964075,
              52.290133826325246
            ],
            [
              104.29227558981611,
              52.290037990721
            ],
            [
              104.29211929128708,
              52.28994674783138
            ],
            [
              104.29195588058582,
              52.2898603174398
            ],
            [
              104.29178575136916,
              52.28977890773617
            ],
            [
              104.29160931347029,
              52.28970271481567
            ],
            [
              104.29142699191169,
              52.289631922206645
            ],
            [
              104.29123922588153,
              52.28956670042865
            ],
            [
              104.29104646767595,
              52.289507206582
            ],
            [
              104.29084918161007,
              52.289453583969475
            ],
            [
              104.29064784289976,
              52.28940596175132
            ],
            [
              104.29044293651751,
              52.289364454634295
            ],
            [
              104.29023495602482,
              52.289329162595536
            ],
            [
              104.29002440238376,
              52.28930017064188
            ],
            [
              104.28981178275102,
              52.28927754860518
            ],
            [
              104.28959760925686,
              52.289261350974186
            ],
            [
              104.28938239777227,
              52.28925161676345
            ],
            [
              104.289166666667,
              52.28924836941928
            ],
            [
              104.28895093556174,
              52.28925161676345
            ],
            [
              104.28873572407716,
              52.289261350974186
            ],
            [
              104.288521550583,
              52.28927754860518
            ],
            [
              104.28830893095025,
              52.28930017064188
            ],
            [
              104.2880983773092,
              52.289329162595536
            ],
            [
              104.28789039681651,
              52.28936445463429
            ],
            [
              104.28768549043426,
              52.28940596175132
            ],
            [
              104.28748415172394,
              52.289453583969475
            ],
            [
              104.28728686565806,
              52.289507206582
            ],
            [
              104.28709410745249,
              52.28956670042865
            ],
            [
              104.28690634142232,
              52.289631922206645
            ],
            [
              104.28672401986373,
              52.28970271481567
            ],
            [
              104.28654758196485,
              52.28977890773617
            ],
            [
              104.2863774527482,
              52.2898603174398
            ],
            [
              104.28621404204694,
              52.28994674783138
            ],
            [
              104.2860577435179,
              52.290037990721
            ],
            [
              104.28590893369326,
              52.290133826325246
            ],
            [
              104.28576797107357,
              52.290234023796565
            ],
            [
              104.28563519526396,
              52.29033834177888
            ],
            [
              104.285510926156,
              52.29044652898898
            ],
            [
              104.28539546315663,
              52.29055832482148
            ],
            [
              104.28528908446681,
              52.29067345997646
            ],
            [
              104.28519204641076,
              52.29079165710793
            ],
            [
              104.28510458281788,
              52.29091263149175
            ],
            [
              104.28502690445923,
              52.29103609171139
            ],
            [
              104.28495919853881,
              52.29116174035966
            ],
            [
              104.28490162824208,
              52.29128927475513
            ],
            [
              104.28485433234205,
              52.291418387671065
            ],
            [
              104.28481742486416,
              52.29154876807545
            ],
            [
              104.28479099481082,
              52.29168010188017
            ],
            [
              104.2847751059461,
              52.29181207269758
            ],
            [
              104.28476979664121,
              52.291944362602656
            ],
            [
              104.28477507978123,
              52.29207665289885
            ],
            [
              104.28479094273305,
              52.29220862488582
            ],
            [
              104.28481734737504,
              52.2923399606273
            ],
            [
              104.28485423018783,
              52.292470343716964
            ],
            [
              104.28490150240658,
              52.292599460040854
            ],
            [
              104.2849590502339,
              52.29272699853415
            ],
            [
              104.28502673511314,
              52.29285265193064
            ],
            [
              104.28510439406152,
              52.292976117503144
            ],
            [
              104.28519184006191,
              52.29309709779296
            ],
            [
              104.2852888625128,
              52.29321530132664
            ],
            [
              104.28539522773497,
              52.293330443318425
            ],
            [
              104.2855106795339,
              52.29344224635647
            ],
            [
              104.28563493981657,
              52.29355044107144
            ],
            [
              104.28576770926095,
              52.2936547667857
            ],
            [
              104.28590866803684,
              52.29375497214155
            ],
            [
              104.28605747657608,
              52.293850815707046
            ],
            [
              104.28621377639053,
              52.29394206655787
            ],
            [
              104.28637719093558,
              52.29402850483398
            ],
            [
              104.28654732651745,
              52.29410992226956
            ],
            [
              104.28672377324165,
              52.29418612269494
            ],
            [
              104.28690610600066,
              52.29425692250951
            ],
            [
              104.28709388549848,
              52.2943221511243
            ],
            [
              104.28728665930923,
              52.29438165137316
            ],
            [
              104.28748396296757,
              52.29443527989169
            ],
            [
              104.28768532108816,
              52.294482907462715
            ],
            [
              104.28789024851156,
              52.29452441932796
            ],
            [
              104.2880982514737,
              52.29455971546452
            ],
            [
              104.28830882879605,
              52.294588710826154
            ],
            [
              104.28852147309388,
              52.29461133554813
            ],
            [
              104.28873567199939,
              52.29462753511587
            ],
            [
              104.28895090939686,
              52.294637270496175
            ],
            [
              104.289166666667,
              52.29464051823145
            ],
            [
              104.28938242393716,
              52.29463727049618
            ],
            [
              104.28959766133462,
              52.29462753511587
            ],
            [
              104.28981186024014,
              52.29461133554813
            ],
            [
              104.29002450453797,
              52.294588710826154
            ],
            [
              104.29023508186032,
              52.29455971546452
            ],
            [
              104.29044308482246,
              52.294524419327956
            ],
            [
              104.29064801224585,
              52.294482907462715
            ],
            [
              104.29084937036644,
              52.29443527989169
            ],
            [
              104.29104667402478,
              52.29438165137315
            ],
            [
              104.29123944783554,
              52.2943221511243
            ],
            [
              104.29142722733336,
              52.29425692250952
            ],
            [
              104.29160956009238,
              52.294186122694946
            ],
            [
              104.29178600681655,
              52.29410992226956
            ],
            [
              104.29195614239843,
              52.29402850483398
            ],
            [
              104.2921195569435,
              52.29394206655787
            ],
            [
              104.29227585675793,
              52.293850815707046
            ],
            [
              104.29242466529718,
              52.29375497214155
            ],
            [
              104.29256562407306,
              52.293654766785714
            ],
            [
              104.29269839351744,
              52.29355044107144
            ],
            [
              104.29282265380012,
              52.29344224635647
            ],
            [
              104.29293810559905,
              52.293330443318425
            ],
            [
              104.2930444708212,
              52.29321530132665
            ],
            [
              104.2931414932721,
              52.29309709779296
            ],
            [
              104.2932289392725,
              52.292976117503144
            ],
            [
              104.29330659822088,
              52.29285265193064
            ],
            [
              104.29337428310012,
              52.29272699853415
            ],
            [
              104.29343183092743,
              52.292599460040854
            ],
            [
              104.29347910314618,
              52.292470343716964
            ],
            [
              104.29351598595898,
              52.292339960627295
            ],
            [
              104.29354239060096,
              52.29220862488582
            ],
            [
              104.29355825355279,
              52.29207665289885
            ],
            [
              104.2935635366928,
              52.291944362602656
            ]
          ]
        ],
        "meta": {
          "shape": "circle"
        }
      },
      "properties": {
        "title": "J9757/26 for Irkutsk International Airport",
        "text": "From: 2026-09-30 04:00:00+00:00\nTo: 2026-09-30 10:00:00+00:00\n\nAIRSPACE CLSD Within CIRCLE RADIUS 0.3KM CENTRE 521731N1041721E."
      }
    },
    {
      "type": "Feature",
      "geometry": {
        "type": "Polygon",
        "coordinates": [
          [
            [
              98.59833333333333,
              55.34027777777778
            ],
            [
              98.5475,
              55.504444444444445
            ],
            [
              98.47583333333334,
              55.60277777777778
            ],
            [
              98.21833333333333,
              55.81333333333333
            ],
            [
              98.10388888888889,
              55.80027777777777
            ],
            [
              97.95972222222223,
              55.89611111111111
            ],
            [
              98.01,
              55.94194444444444
            ],
            [
              98.165,
              55.8975
            ],
            [
              98.36,
              55.79805555555556
            ],
            [
              98.56166666666667,
              55.64666666666667
            ],
            [
              98.66416666666667,
              55.658055555555556
            ],
            [
              98.67611111111111,
              55.64888888888889
            ],
            [
              98.64805555555556,
              55.580555555555556
            ],
            [
              98.69916666666667,
              55.355555555555554
            ],
            [
              98.79305555555555,
              55.27777777777778
            ],
            [
              98.82777777777777,
              55.21138888888889
            ],
            [
              98.81611111111111,
              55.153888888888886
            ],
            [
              98.85749999999999,
              55.000277777777775
            ],
            [
              99.01833333333333,
              54.888888888888886
            ],
            [
              98.96111111111111,
              54.86
            ],
            [
              98.78444444444445,
              54.984722222222224
            ],
            [
              98.59833333333333,
              55.34027777777778
            ]
          ]
        ],
        "meta": {
          "shape": "polygon"
        }
      },
      "properties": {
        "title": "J9759/26 for Irkutsk International Airport",
        "text": "From: 2026-10-03 00:00:00+00:00\nTo: 2026-10-08 14:00:00+00:00\n\nAIRSPACE CLSD AS FLW:\n\n1. AREA: 545136N0985740E-545320N0990106E-550001N0985127E-\n\n         550914N0984858E-551241N0984940E-551640N0984735E-\n\n         552120N0984157E-553450N0983853E-553856N0984034E-\n\n         553929N0983951E-553848N0983342E-554753N0982136E-\n\n         555351N0980954E-555631N0980036E-555346N0975735E-\n\n         554801N0980614E-554848N0981306E-553610N0982833E-\n\n         553016N0983251E-552025N0983554E-545905N0984704E-\n\n         545136N0985740E\n\n   850M AMSL-1400M AMSL.\n\n2. Within CIRCLE RADIUS 1KM CENTRE 553851N0983926E\n\n   SFC-1400M AMSL.\n\n3. Within CIRCLE RADIUS 1KM CENTRE 554837N0980638E\n\n   SFC-1400M AMSL.\n\n4. Within CIRCLE RADIUS 1KM CENTRE 551310N0984734E\n\n   SFC-1400M AMSL.\n\n5. Within CIRCLE RADIUS 1KM CENTRE 550252N0984907E\n\n   SFC-1400M AMSL.\n\n6. Within CIRCLE RADIUS 2KM CENTRE 545814N0985046E\n\n   SFC-1400M AMSL."
      }
    },
    {
      "type": "Feature",
      "geometry": {
        "type": "Polygon",
        "coordinates": [
          [
            [
              106.21166666666667,
              52.21194444444445
            ],
            [
              106.23194444444445,
              52.33222222222223
            ],
            [
              106.61361111111111,
              52.39611111111111
            ],
            [
              106.86833333333333,
              52.34583333333334
            ],
            [
              106.63861111111112,
              52.143055555555556
            ],
            [
              106.87722222222222,
              52.06861111111112
            ],
            [
              106.89694444444446,
              51.98555555555556
            ],
            [
              106.62194444444444,
              52.025555555555556
            ],
            [
              106.48361111111112,
              52.141666666666666
            ],
            [
              106.235,
              51.95777777777778
            ],
            [
              106.17111111111112,
              51.87555555555556
            ],
            [
              106.05388888888889,
              51.89833333333333
            ],
            [
              106.21166666666667,
              52.21194444444445
            ]
          ]
        ],
        "meta": {
          "shape": "polygon"
        }
      },
      "properties": {
        "title": "J9767/26 for Irkutsk International Airport",
        "text": "From: 2026-09-30 02:00:00+00:00\nTo: 2026-10-05 23:59:00+00:00\n\nAIRSPACE CLSD AS FLW:\n\n1. AREA: 515354N1060314E-521243N1061242E-521956N1061355E-\n\n         522346N1063649E-522045N1065206E-520835N1063819E-\n\n         520407N1065238E-515908N1065349E-520132N1063719E-\n\n         520830N1062901E-515728N1061406E-515232N1061016E-\n\n         515354N1060314E\n\n2. Within CIRCLE RADIUS 0.5KM CENTRE 520450N1061459E"
      }
    },
    {
      "type": "Feature",
      "geometry": {
        "type": "Polygon",
        "coordinates": [
          [
            [
              103.90972222222223,
              51.608333333333334
            ],
            [
              103.90166666666667,
              51.59277777777778
            ],
            [
              104.04166666666667,
              51.53138888888889
            ],
            [
              104.07666666666667,
              51.513333333333335
            ],
            [
              104.13944444444445,
              51.49527777777778
            ],
            [
              104.16555555555556,
              51.50555555555555
            ],
            [
              104.16666666666667,
              51.531666666666666
            ],
            [
              103.92166666666667,
              51.6075
            ],
            [
              103.90972222222223,
              51.608333333333334
            ]
          ]
        ],
        "meta": {
          "shape": "polygon"
        }
      },
      "properties": {
        "title": "J9770/26 for Irkutsk International Airport",
        "text": "From: 2026-09-30 02:00:00+00:00\nTo: 2026-10-05 12:00:00+00:00\n\nAIRSPACE CLSD Within AREA:\n\n513630N1035435E-513534N1035406E-513153N1040230E-513048N1040436E-\n\n512943N1040822E-513020N1040956E-513154N1041000E-513627N1035518E-\n\n513630N1035435E."
      }
    },
    {
      "type": "Feature",
      "geometry": {
        "type": "Polygon",
        "coordinates": [
          [
            [
              110.44472222222223,
              60.02722222222222
            ],
            [
              110.81444444444445,
              59.780833333333334
            ],
            [
              110.84222222222222,
              59.78638888888889
            ],
            [
              110.86222222222221,
              59.78111111111111
            ],
            [
              110.8711111111111,
              59.77055555555555
            ],
            [
              110.85388888888889,
              59.760555555555555
            ],
            [
              110.80805555555555,
              59.757222222222225
            ],
            [
              110.78388888888888,
              59.760555555555555
            ],
            [
              110.35194444444444,
              59.952222222222225
            ],
            [
              110.02583333333334,
              59.95888888888889
            ],
            [
              109.70833333333334,
              59.67444444444444
            ],
            [
              109.27055555555556,
              59.63777777777778
            ],
            [
              108.815,
              59.76277777777778
            ],
            [
              108.8761111111111,
              59.800555555555555
            ],
            [
              108.97083333333333,
              59.811388888888885
            ],
            [
              109.40916666666668,
              60.05472222222222
            ],
            [
              109.43416666666667,
              60.10055555555556
            ],
            [
              109.53305555555555,
              60.10944444444445
            ],
            [
              109.53916666666666,
              60.09166666666667
            ],
            [
              109.57527777777777,
              60.095555555555556
            ],
            [
              109.56916666666666,
              60.11388888888889
            ],
            [
              109.43416666666667,
              60.10416666666667
            ],
            [
              109.63027777777778,
              60.50055555555556
            ],
            [
              110.37527777777777,
              60.30694444444444
            ],
            [
              110.11666666666666,
              60.04888888888889
            ],
            [
              110.44472222222223,
              60.02722222222222
            ]
          ]
        ],
        "meta": {
          "shape": "polygon"
        }
      },
      "properties": {
        "title": "J9771/26 for Irkutsk International Airport",
        "text": "From: 2026-10-03 00:00:00+00:00\nTo: 2026-10-08 23:59:00+00:00\n\nAIRSPACE CLSD AS FLW:\n\n1. AREA: 603002N1093749E-601825N1102231E-600256N1100700E-\n\n         600138N1102641E-594651N1104852E-594711N1105032E-\n\n         594652N1105144E-594614N1105216E-594538N1105114E-\n\n         594526N1104829E-594538N1104702E-595708N1102107E-\n\n         595732N1100133E-594028N1094230E-593816N1091614E-\n\n         594546N1084854E-594802N1085234E-594841N1085815E-\n\n         600317N1092433E-600602N1092603E-600634N1093159E-\n\n         600530N1093221E-600544N1093431E-600650N1093409E-\n\n         600615N1092603E-603002N1093749E\n\n   650M AMSL-1150M AMSL.\n\n2. Within CIRCLE RADIUS 1KM CENTRE 594616N1104731E\n\n   SFC-1150M AMSL.\n\n3. Within CIRCLE RADIUS 1KM CENTRE 594608N1104903E\n\n   SFC-1150M AMSL.\n\n4. Within CIRCLE RADIUS 1KM CENTRE 602259N1095442E\n\n   SFC-1150M AMSL.\n\n5. Within CIRCLE RADIUS 1KM CENTRE 600330N1093941E\n\n   SFC-1150M AMSL.\n\n6. Within CIRCLE RADIUS 1KM CENTRE 594702N1092517E\n\n   SFC-1150M AMSL."
      }
    },
    {
      "type": "Feature",
      "geometry": {
        "type": "Polygon",
        "coordinates": [
          [
            [
              109.40378908577554,
              51.87682988358804
            ],
            [
              109.4012704505953,
              51.839282411107334
            ],
            [
              109.39578758528891,
              51.801856247714944
            ],
            [
              109.38736096782283,
              51.764641130216006
            ],
            [
              109.37601797170429,
              51.72772607140106
            ],
            [
              109.36179273394357,
              51.69119915279586
            ],
            [
              109.3447260098224,
              51.655147321578134
            ],
            [
              109.32486501536418,
              51.61965619204383
            ],
            [
              109.3022632583866,
              51.58480985197907
            ],
            [
              109.27698035899519,
              51.55069067426865
            ],
            [
              109.24908186035238,
              51.51737913404733
            ],
            [
              109.21863903052582,
              51.48495363167636
            ],
            [
              109.1857286561881,
              51.4534903218046
            ],
            [
              109.15043282890323,
              51.423062948752175
            ],
            [
              109.11283872469863,
              51.39374268843364
            ],
            [
              109.07303837758158,
              51.365597997018014
            ],
            [
              109.03112844761881,
              51.338694466504826
            ],
            [
              108.98720998415713,
              51.313094687377706
            ],
            [
              108.94138818472206,
              51.28885811848134
            ],
            [
              108.89377215009088,
              51.266040964252
            ],
            [
              108.84447463599655,
              51.244696059418665
            ],
            [
              108.79361180188017,
              51.22487276127808
            ],
            [
              108.74130295707255,
              51.20661684963617
            ],
            [
              108.68767030474922,
              51.18997043449648
            ],
            [
              108.63283868397006,
              51.174971871567
            ],
            [
              108.57693531008279,
              51.16165568564739
            ],
            [
              108.52008951374029,
              51.150052501950164
            ],
            [
              108.4624324787551,
              51.140188985402055
            ],
            [
              108.40409697899032,
              51.1320877879647
            ],
            [
              108.34521711446493,
              51.12576750400742
            ],
            [
              108.28592804683268,
              51.121242633758804
            ],
            [
              108.226365734379,
              51.11852355485865
            ],
            [
              108.166666666667,
              51.11761650202659
            ],
            [
              108.106967598955,
              51.11852355485865
            ],
            [
              108.04740528650132,
              51.121242633758804
            ],
            [
              107.98811621886907,
              51.12576750400742
            ],
            [
              107.92923635434366,
              51.1320877879647
            ],
            [
              107.87090085457889,
              51.140188985402055
            ],
            [
              107.8132438195937,
              51.150052501950164
            ],
            [
              107.7563980232512,
              51.16165568564739
            ],
            [
              107.70049464936393,
              51.174971871567
            ],
            [
              107.64566302858478,
              51.18997043449648
            ],
            [
              107.59203037626143,
              51.20661684963617
            ],
            [
              107.53972153145381,
              51.22487276127808
            ],
            [
              107.48885869733745,
              51.244696059418665
            ],
            [
              107.4395611832431,
              51.266040964252
            ],
            [
              107.39194514861194,
              51.28885811848134
            ],
            [
              107.34612334917685,
              51.313094687377706
            ],
            [
              107.30220488571517,
              51.338694466504826
            ],
            [
              107.2602949557524,
              51.365597997018014
            ],
            [
              107.22049460863536,
              51.39374268843364
            ],
            [
              107.18290050443076,
              51.423062948752175
            ],
            [
              107.14760467714589,
              51.4534903218046
            ],
            [
              107.11469430280818,
              51.48495363167636
            ],
            [
              107.08425147298162,
              51.51737913404733
            ],
            [
              107.05635297433881,
              51.55069067426865
            ],
            [
              107.03107007494738,
              51.58480985197907
            ],
            [
              107.0084683179698,
              51.61965619204383
            ],
            [
              106.9886073235116,
              51.655147321578134
            ],
            [
              106.97154059939041,
              51.69119915279586
            ],
            [
              106.9573153616297,
              51.72772607140106
            ],
            [
              106.94597236551117,
              51.764641130216006
            ],
            [
              106.93754574804508,
              51.801856247714944
            ],
            [
              106.93206288273868,
              51.839282411107334
            ],
            [
              106.92954424755845,
              51.87682988358804
            ],
            [
              106.93000330699137,
              51.91440841534558
            ],
            [
              106.93344640911369,
              51.951927457892694
            ],
            [
              106.93987269857142,
              51.98929638125634
            ],
            [
              106.94927404636485,
              52.02642469353738
            ],
            [
              106.96163499730912,
              52.06322226232388
            ],
            [
              106.97693273601433,
              52.099599537415614
            ],
            [
              106.99513707219003,
              52.13546777429253
            ],
            [
              107.01621044603164,
              52.17073925773594
            ],
            [
              107.04010795438933,
              52.205327524988256
            ],
            [
              107.06677739835213,
              52.23914758781717
            ],
            [
              107.09615935280438,
              52.27211615283009
            ],
            [
              107.12818725842372,
              52.30415183936975
            ],
            [
              107.16278753649564,
              52.335175394306766
            ],
            [
              107.19987972681359,
              52.365109903035254
            ],
            [
              107.23937664882158,
              52.39388099596914
            ],
            [
              107.28118458603511,
              52.421417049833686
            ],
            [
              107.32520349364897,
              52.44764938304565
            ],
            [
              107.37132722910773,
              52.47251244447965
            ],
            [
              107.41944380527663,
              52.49594399492636
            ],
            [
              107.46943566570994,
              52.517885280559646
            ],
            [
              107.5211799813714,
              52.538281197747196
            ],
            [
              107.57454896801734,
              52.55708044855936
            ],
            [
              107.62941022331135,
              52.57423568635733
            ],
            [
              107.68562708260052,
              52.58970365087101
            ],
            [
              107.74305899214706,
              52.60344529221157
            ],
            [
              107.80156189848105,
              52.61542588330216
            ],
            [
              107.86098865241797,
              52.625615120252604
            ],
            [
              107.92118942617236,
              52.633987210250375
            ],
            [
              107.98201214189694,
              52.64052094658915
            ],
            [
              108.04330290988675,
              52.64519977050996
            ],
            [
              108.1049064746102,
              52.64801181958424
            ],
            [
              108.166666666667,
              52.64894996242665
            ],
            [
              108.22842685872378,
              52.64801181958424
            ],
            [
              108.29003042344725,
              52.64519977050996
            ],
            [
              108.35132119143705,
              52.640520946589156
            ],
            [
              108.41214390716164,
              52.633987210250375
            ],
            [
              108.47234468091601,
              52.625615120252604
            ],
            [
              108.53177143485294,
              52.61542588330216
            ],
            [
              108.59027434118693,
              52.60344529221158
            ],
            [
              108.64770625073346,
              52.58970365087101
            ],
            [
              108.70392311002264,
              52.57423568635733
            ],
            [
              108.75878436531666,
              52.55708044855936
            ],
            [
              108.81215335196259,
              52.53828119774721
            ],
            [
              108.86389766762404,
              52.51788528055965
            ],
            [
              108.91388952805737,
              52.49594399492636
            ],
            [
              108.96200610422625,
              52.47251244447965
            ],
            [
              109.008129839685,
              52.447649383045636
            ],
            [
              109.05214874729889,
              52.42141704983369
            ],
            [
              109.09395668451242,
              52.39388099596914
            ],
            [
              109.1334536065204,
              52.36510990303525
            ],
            [
              109.17054579683834,
              52.335175394306766
            ],
            [
              109.20514607491026,
              52.30415183936975
            ],
            [
              109.2371739805296,
              52.27211615283009
            ],
            [
              109.26655593498185,
              52.23914758781717
            ],
            [
              109.29322537894468,
              52.20532752498825
            ],
            [
              109.31712288730235,
              52.17073925773594
            ],
            [
              109.33819626114395,
              52.13546777429253
            ],
            [
              109.35640059731965,
              52.09959953741561
            ],
            [
              109.37169833602486,
              52.06322226232388
            ],
            [
              109.38405928696915,
              52.02642469353738
            ],
            [
              109.39346063476256,
              51.98929638125634
            ],
            [
              109.39988692422031,
              51.951927457892694
            ],
            [
              109.40333002634263,
              51.91440841534558
            ],
            [
              109.40378908577554,
              51.87682988358804
            ]
          ]
        ]
      },
      "properties": {
        "title": "J9773/26 for Irkutsk International Airport",
        "text": "From: 2026-09-30 01:05:00+00:00\nTo: 2026-10-01 01:30:00+00:00\n\nATS RTE CLSD Within SEGMENTS AS FLW:\n\nA45  TATUR-SODNI FL095-FL540\n\nA806 OSTUN-LULAN FL095-FL540\n\nA807 LULAN-TATUR FL095-FL540\n\nA809 KUMAT-TOLGO FL095-FL540\n\nB155 GOLEP-LULAN FL105-FL540\n\nW308 BADIN-LULAN FL095-FL205."
      }
    },
    {
      "type": "Feature",
      "geometry": {
        "type": "Polygon",
        "coordinates": [
          [
            [
              108.36984271371063,
              51.88169349209484
            ],
            [
              108.3691902474769,
              51.868465767372754
            ],
            [
              108.36749080774369,
              51.855273744807036
            ],
            [
              108.36474939826236,
              51.8421491595449
            ],
            [
              108.36097351292436,
              51.8291235571598
            ],
            [
              108.3561731092192,
              51.816228218400575
            ],
            [
              108.35036057605906,
              51.80349408482971
            ],
            [
              108.34355069612343,
              51.79095168551844
            ],
            [
              108.3357606028873,
              51.77863106496329
            ],
            [
              108.32700973250374,
              51.76656171238244
            ],
            [
              108.31731977071918,
              51.75477249254593
            ],
            [
              108.30671459500543,
              51.74329157828749
            ],
            [
              108.29522021209795,
              51.73214638484094
            ],
            [
              108.2828646911343,
              51.72136350613759
            ],
            [
              108.26967809258959,
              51.710968653195835
            ],
            [
              108.2556923932097,
              51.70098659472777
            ],
            [
              108.24094140714405,
              51.69144110008163
            ],
            [
              108.22546070348196,
              51.68235488463296
            ],
            [
              108.20928752039737,
              51.67374955773092
            ],
            [
              108.19246067610719,
              51.66564557330028
            ],
            [
              108.1750204768489,
              51.65806218319321
            ],
            [
              108.15700862208216,
              51.65101739337879
            ],
            [
              108.1384681071195,
              51.64452792305199
            ],
            [
              108.11944312338956,
              51.63860916673793
            ],
            [
              108.09997895653603,
              51.633275159460354
            ],
            [
              108.08012188255385,
              51.62853854503786
            ],
            [
              108.0599190621634,
              51.624410547564864
            ],
            [
              108.0394184336222,
              51.62090094612828
            ],
            [
              108.01866860417235,
              51.61801805280487
            ],
            [
              107.99771874032088,
              51.61576869397792
            ],
            [
              107.9766184571493,
              51.614158195006354
            ],
            [
              107.95541770684754,
              51.61319036827283
            ],
            [
              107.934166666667,
              51.61286750463191
            ],
            [
              107.91291562648645,
              51.61319036827283
            ],
            [
              107.8917148761847,
              51.614158195006354
            ],
            [
              107.87061459301312,
              51.61576869397792
            ],
            [
              107.84966472916165,
              51.61801805280487
            ],
            [
              107.82891489971179,
              51.62090094612828
            ],
            [
              107.80841427117059,
              51.62441054756485
            ],
            [
              107.78821145078014,
              51.62853854503786
            ],
            [
              107.76835437679796,
              51.633275159460354
            ],
            [
              107.74889020994443,
              51.63860916673793
            ],
            [
              107.7298652262145,
              51.64452792305199
            ],
            [
              107.71132471125183,
              51.65101739337879
            ],
            [
              107.6933128564851,
              51.65806218319321
            ],
            [
              107.6758726572268,
              51.66564557330028
            ],
            [
              107.65904581293663,
              51.67374955773092
            ],
            [
              107.64287262985204,
              51.68235488463296
            ],
            [
              107.62739192618994,
              51.69144110008163
            ],
            [
              107.6126409401243,
              51.70098659472777
            ],
            [
              107.5986552407444,
              51.710968653195835
            ],
            [
              107.5854686421997,
              51.72136350613759
            ],
            [
              107.57311312123605,
              51.73214638484094
            ],
            [
              107.56161873832858,
              51.74329157828749
            ],
            [
              107.55101356261481,
              51.754772492545925
            ],
            [
              107.54132360083025,
              51.766561712382455
            ],
            [
              107.53257273044669,
              51.77863106496329
            ],
            [
              107.52478263721056,
              51.79095168551845
            ],
            [
              107.51797275727493,
              51.80349408482971
            ],
            [
              107.5121602241148,
              51.816228218400575
            ],
            [
              107.50735982040963,
              51.82912355715979
            ],
            [
              107.50358393507163,
              51.8421491595449
            ],
            [
              107.5008425255903,
              51.855273744807036
            ],
            [
              107.4991430858571,
              51.868465767372754
            ],
            [
              107.49849061962337,
              51.88169349209484
            ],
            [
              107.49888761973608,
              51.89492507021818
            ],
            [
              107.50033405328388,
              51.90812861588418
            ],
            [
              107.50282735277358,
              51.921272282991985
            ],
            [
              107.50636241344485,
              51.93432434223229
            ],
            [
              107.51093159681501,
              51.947253258106265
            ],
            [
              107.5165247405316,
              51.96002776573918
            ],
            [
              107.52312917459298,
              51.97261694729667
            ],
            [
              107.53072974398023,
              51.984990307810115
            ],
            [
              107.53930883772473,
              51.99711785021576
            ],
            [
              107.54884642441677,
              52.00897014941282
            ],
            [
              107.55932009413989,
              52.02051842514528
            ],
            [
              107.57070510679556,
              52.03173461351277
            ],
            [
              107.5829744467601,
              52.04259143691771
            ],
            [
              107.59609888379481,
              52.053062472257885
            ],
            [
              107.61004704010689,
              52.06312221717578
            ],
            [
              107.6247854634369,
              52.07274615418033
            ],
            [
              107.64027870602433,
              52.08191081246004
            ],
            [
              107.65648940928145,
              52.09059382721158
            ],
            [
              107.67337839398122,
              52.09877399631357
            ],
            [
              107.69090475574396,
              52.106431334181096
            ],
            [
              107.70902596558429,
              52.11354712264371
            ],
            [
              107.72769797525919,
              52.12010395869691
            ],
            [
              107.74687532713646,
              52.12608579898562
            ],
            [
              107.76651126828394,
              52.13147800088648
            ],
            [
              107.78655786846011,
              52.13626736006576
            ],
            [
              107.80696614167002,
              52.14044214439912
            ],
            [
              107.82768617093316,
              52.14399212415011
            ],
            [
              107.84866723589619,
              52.14690859831553
            ],
            [
              107.86985794290908,
              52.149184417056546
            ],
            [
              107.89120635717268,
              52.150814000146724
            ],
            [
              107.91266013655515,
              52.15179335138019
            ],
            [
              107.934166666667,
              52.152120068895016
            ],
            [
              107.95567319677885,
              52.15179335138019
            ],
            [
              107.97712697616132,
              52.150814000146724
            ],
            [
              107.99847539042491,
              52.14918441705654
            ],
            [
              108.0196660974378,
              52.14690859831553
            ],
            [
              108.04064716240083,
              52.14399212415011
            ],
            [
              108.06136719166398,
              52.14044214439912
            ],
            [
              108.08177546487389,
              52.13626736006576
            ],
            [
              108.10182206505006,
              52.13147800088648
            ],
            [
              108.12145800619753,
              52.12608579898562
            ],
            [
              108.1406353580748,
              52.120103958696916
            ],
            [
              108.1593073677497,
              52.11354712264371
            ],
            [
              108.17742857759004,
              52.106431334181096
            ],
            [
              108.19495493935278,
              52.09877399631356
            ],
            [
              108.21184392405254,
              52.09059382721157
            ],
            [
              108.22805462730966,
              52.08191081246004
            ],
            [
              108.2435478698971,
              52.07274615418033
            ],
            [
              108.2582862932271,
              52.06312221717578
            ],
            [
              108.2722344495392,
              52.053062472257885
            ],
            [
              108.28535888657389,
              52.04259143691771
            ],
            [
              108.29762822653844,
              52.03173461351276
            ],
            [
              108.3090132391941,
              52.02051842514528
            ],
            [
              108.31948690891723,
              52.008970149412825
            ],
            [
              108.32902449560926,
              51.99711785021575
            ],
            [
              108.33760358935376,
              51.98499030781012
            ],
            [
              108.34520415874101,
              51.97261694729667
            ],
            [
              108.3518085928024,
              51.96002776573918
            ],
            [
              108.35740173651898,
              51.947253258106265
            ],
            [
              108.36197091988915,
              51.93432434223229
            ],
            [
              108.36550598056041,
              51.92127228299198
            ],
            [
              108.36799928005011,
              51.90812861588418
            ],
            [
              108.36944571359791,
              51.89492507021818
            ],
            [
              108.36984271371063,
              51.88169349209484
            ]
          ]
        ],
        "meta": {
          "shape": "circle"
        }
      },
      "properties": {
        "title": "J9775/26 for Irkutsk International Airport",
        "text": "From: 2026-09-30 01:05:00+00:00\nTo: 2026-10-01 01:30:00+00:00\n\nAIRSPACE CLSD Within CIRCLE RADIUS 30KM CENTRE 515257N1075603E."
      }
    },
    {
      "type": "Feature",
      "geometry": {
        "type": "Polygon",
        "coordinates": [
          [
            [
              118.3699165120983,
              56.65749893249843
            ],
            [
              118.3698966815525,
              56.65705828815764
            ],
            [
              118.36983761901944,
              56.65661871045793
            ],
            [
              118.36973946814447,
              56.656181258325105
            ],
            [
              118.36960246671373,
              56.65574698552815
            ],
            [
              118.36942694606847,
              56.65531693814142
            ],
            [
              118.3692133302944,
              56.654892152025866
            ],
            [
              118.36896213518808,
              56.654473650334985
            ],
            [
              118.36867396700306,
              56.65406244105196
            ],
            [
              118.36834952097857,
              56.65365951456343
            ],
            [
              118.36798957965507,
              56.65326584127594
            ],
            [
              118.36759501098007,
              56.652882369280945
            ],
            [
              118.36716676620917,
              56.65251002207359
            ],
            [
              118.36670587760793,
              56.65214969633109
            ],
            [
              118.36621345595913,
              56.651802259755804
            ],
            [
              118.36569068788258,
              56.65146854898826
            ],
            [
              118.36513883297307,
              56.65114936759519
            ],
            [
              118.36455922076408,
              56.650845484137115
            ],
            [
              118.36395324752415,
              56.6505576303206
            ],
            [
              118.36332237289385,
              56.65028649923899
            ],
            [
              118.36266811637131,
              56.65003274370632
            ],
            [
              118.36199205365475,
              56.64979697468809
            ],
            [
              118.36129581285105,
              56.64957975983289
            ],
            [
              118.3605810705592,
              56.64938162210807
            ],
            [
              118.35984954783788,
              56.649203038543014
            ],
            [
              118.35910300606726,
              56.649044439082786
            ],
            [
              118.35834324271454,
              56.648906205555114
            ],
            [
              118.3575720870135,
              56.64878867075285
            ],
            [
              118.35679139556818,
              56.648692117634525
            ],
            [
              118.35600304789179,
              56.648616778644445
            ],
            [
              118.35520894189045,
              56.64856283515431
            ],
            [
              118.35441098930355,
              56.64853041702737
            ],
            [
              118.353611111111,
              56.64851960230668
            ],
            [
              118.35281123291844,
              56.64853041702737
            ],
            [
              118.35201328033153,
              56.64856283515431
            ],
            [
              118.3512191743302,
              56.648616778644445
            ],
            [
              118.3504308266538,
              56.648692117634525
            ],
            [
              118.34965013520849,
              56.64878867075285
            ],
            [
              118.34887897950745,
              56.648906205555114
            ],
            [
              118.34811921615473,
              56.649044439082786
            ],
            [
              118.3473726743841,
              56.649203038543014
            ],
            [
              118.34664115166278,
              56.64938162210807
            ],
            [
              118.34592640937093,
              56.64957975983289
            ],
            [
              118.34523016856724,
              56.64979697468809
            ],
            [
              118.34455410585068,
              56.65003274370632
            ],
            [
              118.34389984932814,
              56.65028649923899
            ],
            [
              118.34326897469784,
              56.6505576303206
            ],
            [
              118.34266300145791,
              56.650845484137115
            ],
            [
              118.34208338924891,
              56.65114936759519
            ],
            [
              118.34153153433941,
              56.65146854898826
            ],
            [
              118.34100876626286,
              56.651802259755804
            ],
            [
              118.34051634461406,
              56.65214969633109
            ],
            [
              118.34005545601282,
              56.65251002207358
            ],
            [
              118.33962721124193,
              56.652882369280945
            ],
            [
              118.33923264256691,
              56.65326584127594
            ],
            [
              118.33887270124342,
              56.65365951456343
            ],
            [
              118.33854825521892,
              56.65406244105196
            ],
            [
              118.3382600870339,
              56.654473650334985
            ],
            [
              118.33800889192759,
              56.654892152025866
            ],
            [
              118.33779527615351,
              56.655316938141425
            ],
            [
              118.33761975550827,
              56.655746985528154
            ],
            [
              118.33748275407751,
              56.656181258325105
            ],
            [
              118.33738460320255,
              56.65661871045792
            ],
            [
              118.33732554066948,
              56.65705828815764
            ],
            [
              118.33730571012369,
              56.65749893249843
            ],
            [
              118.33732516071048,
              56.657939581948135
            ],
            [
              118.33738384694372,
              56.658379174925386
            ],
            [
              118.33748162880205,
              56.65881665235724
            ],
            [
              118.33761827205319,
              56.659250960231084
            ],
            [
              118.33779344880531,
              56.659681052134744
            ],
            [
              118.33800673828462,
              56.660105891778564
            ],
            [
              118.33825762783691,
              56.66052445549349
            ],
            [
              118.33854551415133,
              56.66093573469905
            ],
            [
              118.33886970470319,
              56.66133873833523
            ],
            [
              118.33922941941236,
              56.66173249525248
            ],
            [
              118.3396237925138,
              56.66211605655396
            ],
            [
              118.34005187463532,
              56.662488497884446
            ],
            [
              118.34051263507784,
              56.662848921660284
            ],
            [
              118.34100496429275,
              56.66319645923498
            ],
            [
              118.34152767655047,
              56.66353027299534
            ],
            [
              118.34207951279377,
              56.66384955838275
            ],
            [
              118.34265914366894,
              56.66415354583515
            ],
            [
              118.34326517272761,
              56.66444150264448
            ],
            [
              118.34389613979174,
              56.66471273472551
            ],
            [
              118.34455052447302,
              56.66496658829153
            ],
            [
              118.34522674983891,
              56.66520245143289
            ],
            [
              118.34592318621617,
              56.66541975559458
            ],
            [
              118.34663815512229,
              56.66561797694917
            ],
            [
              118.34736993331626,
              56.665796637661884
            ],
            [
              118.34811675695745,
              56.665955307044655
            ],
            [
              118.34887682586421,
              56.66609360259642
            ],
            [
              118.34964830786008,
              56.666211190926916
            ],
            [
              118.35042934319856,
              56.66630778856218
            ],
            [
              118.35121804905458,
              56.66638316262914
            ],
            [
              118.35201252407259,
              56.66643713141834
            ],
            [
              118.35281085295935,
              56.666469564822805
            ],
            [
              118.353611111111,
              56.66648038465243
            ],
            [
              118.35441136926264,
              56.666469564822805
            ],
            [
              118.3552096981494,
              56.66643713141834
            ],
            [
              118.3560041731674,
              56.66638316262914
            ],
            [
              118.35679287902343,
              56.66630778856218
            ],
            [
              118.35757391436191,
              56.66621119092693
            ],
            [
              118.35834539635779,
              56.66609360259642
            ],
            [
              118.3591054652645,
              56.66595530704466
            ],
            [
              118.35985228890573,
              56.665796637661884
            ],
            [
              118.3605840670997,
              56.665617976949164
            ],
            [
              118.36129903600583,
              56.66541975559458
            ],
            [
              118.36199547238307,
              56.66520245143288
            ],
            [
              118.36267169774898,
              56.66496658829153
            ],
            [
              118.36332608243025,
              56.6647127347255
            ],
            [
              118.36395704949439,
              56.66444150264448
            ],
            [
              118.36456307855305,
              56.66415354583515
            ],
            [
              118.36514270942821,
              56.66384955838275
            ],
            [
              118.36569454567152,
              56.66353027299534
            ],
            [
              118.36621725792924,
              56.663196459234975
            ],
            [
              118.36670958714414,
              56.662848921660284
            ],
            [
              118.36717034758667,
              56.66248849788444
            ],
            [
              118.36759842970818,
              56.66211605655396
            ],
            [
              118.36799280280962,
              56.66173249525248
            ],
            [
              118.3683525175188,
              56.66133873833523
            ],
            [
              118.36867670807065,
              56.66093573469905
            ],
            [
              118.36896459438508,
              56.66052445549349
            ],
            [
              118.36921548393737,
              56.66010589177856
            ],
            [
              118.36942877341667,
              56.659681052134744
            ],
            [
              118.3696039501688,
              56.659250960231084
            ],
            [
              118.36974059341993,
              56.65881665235724
            ],
            [
              118.36983837527826,
              56.658379174925386
            ],
            [
              118.36989706151151,
              56.657939581948135
            ],
            [
              118.3699165120983,
              56.65749893249843
            ]
          ]
        ],
        "meta": {
          "shape": "circle"
        }
      },
      "properties": {
        "title": "J9784/26 for Irkutsk International Airport",
        "text": "From: 2026-10-02 02:00:00+00:00\nTo: 2026-10-04 12:00:00+00:00\n\nAIRSPACE CLSD Within CIRCLE RADIUS 1KM CENTRE 563927N1182113E."
      }
    },
    {
      "type": "Feature",
      "geometry": {
        "type": "Polygon",
        "coordinates": [
          [
            [
              97.38972222222223,
              58.0225
            ],
            [
              97.39333333333335,
              58.02055555555555
            ],
            [
              97.39583333333334,
              58.0175
            ],
            [
              97.39416666666668,
              58.016666666666666
            ],
            [
              97.39611111111111,
              58.014722222222225
            ],
            [
              97.39222222222223,
              58.01361111111111
            ],
            [
              97.39,
              58.015277777777776
            ],
            [
              97.38166666666666,
              58.013333333333335
            ],
            [
              97.37833333333333,
              58.01583333333333
            ],
            [
              97.38555555555556,
              58.018055555555556
            ],
            [
              97.38972222222223,
              58.0225
            ]
          ]
        ],
        "meta": {
          "shape": "polygon"
        }
      },
      "properties": {
        "title": "J9534/26 for Krasnoyarsk International Airport",
        "text": "From: 2026-10-01 02:00:00+00:00\nTo: 2026-10-01 11:00:00+00:00\n\nAIRSPACE CLSD Within AREA:\n\n580121N0972323E-580114N0972336E-580103N0972345E-580100N0972339E-\n\n580053N0972346E-580049N0972332E-580055N0972324E-580048N0972254E-\n\n580057N0972242E-580105N0972308E-580121N0972323E."
      }
    },
    {
      "type": "Feature",
      "geometry": {
        "type": "Polygon",
        "coordinates": [
          [
            [
              88.30111111111111,
              69.21972222222223
            ],
            [
              88.31305555555555,
              69.21083333333334
            ],
            [
              88.3561111111111,
              69.20305555555557
            ],
            [
              88.35222222222221,
              69.19361111111111
            ],
            [
              88.30499999999999,
              69.1888888888889
            ],
            [
              88.27361111111111,
              69.20333333333333
            ],
            [
              88.28777777777778,
              69.22
            ],
            [
              88.30111111111111,
              69.21972222222223
            ]
          ]
        ],
        "meta": {
          "shape": "polygon"
        }
      },
      "properties": {
        "title": "J9573/26 for Krasnoyarsk International Airport",
        "text": "From: 2026-10-04 04:00:00+00:00\nTo: 2026-10-09 10:00:00+00:00\n\nAIRSPACE CLSD Within AREA:\n\n691311N0881804E-691239N0881847E-691211N0882122E-691137N0882108E-\n\n691120N0881818E-691212N0881625E-691312N0881716E-691311N0881804E."
      }
    },
    {
      "type": "Feature",
      "geometry": {
        "type": "Polygon",
        "coordinates": [
          [
            [
              87.95416666666667,
              69.3261111111111
            ],
            [
              87.95611111111111,
              69.32666666666667
            ],
            [
              87.96361111111112,
              69.32388888888889
            ],
            [
              87.96138888888889,
              69.32333333333332
            ],
            [
              87.95416666666667,
              69.3261111111111
            ]
          ]
        ],
        "meta": {
          "shape": "polygon"
        }
      },
      "properties": {
        "title": "J9597/26 for Krasnoyarsk International Airport",
        "text": "From: 2026-09-29 03:00:00+00:00\nTo: 2026-09-30 07:00:00+00:00\n\nAIRSPACE CLSD Within AREA:\n\n691934N0875715E-691936N0875722E-691926N0875749E-\n\n691924N0875741E-691934N0875715E."
      }
    },
    {
      "type": "Feature",
      "geometry": {
        "type": "Polygon",
        "coordinates": [
          [
            [
              97.38972222222223,
              58.0225
            ],
            [
              97.39333333333335,
              58.02055555555555
            ],
            [
              97.39583333333334,
              58.0175
            ],
            [
              97.39416666666668,
              58.016666666666666
            ],
            [
              97.39611111111111,
              58.014722222222225
            ],
            [
              97.39222222222223,
              58.01361111111111
            ],
            [
              97.39,
              58.015277777777776
            ],
            [
              97.38166666666666,
              58.013333333333335
            ],
            [
              97.37833333333333,
              58.01583333333333
            ],
            [
              97.38555555555556,
              58.018055555555556
            ],
            [
              97.38972222222223,
              58.0225
            ]
          ]
        ],
        "meta": {
          "shape": "polygon"
        }
      },
      "properties": {
        "title": "J9635/26 for Krasnoyarsk International Airport",
        "text": "From: 2026-09-30 01:00:00+00:00\nTo: 2026-09-30 06:45:00+00:00\n\nAIRSPACE CLSD Within AREA:\n\n580121N0972323E-580114N0972336E-580103N0972345E-580100N0972339E-\n\n580053N0972346E-580049N0972332E-580055N0972324E-580048N0972254E-\n\n580057N0972242E-580105N0972308E-580121N0972323E."
      }
    },
    {
      "type": "Feature",
      "geometry": {
        "type": "Polygon",
        "coordinates": [
          [
            [
              80.10912004467413,
              68.59691174348823
            ],
            [
              80.10851931695846,
              68.5969279255276
            ],
            [
              80.10792148542318,
              68.59695485229996
            ],
            [
              80.10732798945564,
              68.59699245897474
            ],
            [
              80.1067402580232,
              68.59704065500736
            ],
            [
              80.10615970623843,
              68.59709932435686
            ],
            [
              80.10558773195764,
              68.5971683257648
            ],
            [
              80.10502571242037,
              68.59724749309481
            ],
            [
              80.10447500093832,
              68.59733663573192
            ],
            [
              80.1039369236412,
              68.59743553904066
            ],
            [
              80.1034127762876,
              68.59754396488115
            ],
            [
              80.1029038211484,
              68.5976616521815
            ],
            [
              80.10241128397013,
              68.5977883175654
            ],
            [
              80.10193635102559,
              68.5979236560336
            ],
            [
              80.1014801662588,
              68.598067341697
            ],
            [
              80.1010438285313,
              68.59821902856052
            ],
            [
              80.10062838897602,
              68.59837835135495
            ],
            [
              80.10023484846542,
              68.59854492641546
            ],
            [
              80.09986415519997,
              68.5987183526044
            ],
            [
              80.09951720242258,
              68.59889821227608
            ],
            [
              80.09919482626468,
              68.59908407228157
            ],
            [
              80.09889780372916,
              68.59927548501064
            ],
            [
              80.09862685081487,
              68.59947198946875
            ],
            [
              80.09838262078745,
              68.59967311238636
            ],
            [
              80.09816570260058,
              68.59987836935784
            ],
            [
              80.09797661947162,
              68.60008726600728
            ],
            [
              80.09781582761484,
              68.6002992991785
            ],
            [
              80.09768371513566,
              68.60051395814631
            ],
            [
              80.09758060108865,
              68.60073072584603
            ],
            [
              80.09750673470118,
              68.60094908011858
            ],
            [
              80.09746229476528,
              68.60116849496784
            ],
            [
              80.0974473891987,
              68.60138844182745
            ],
            [
              80.0974620547768,
              68.60160839083399
            ],
            [
              80.09750625703542,
              68.60182781210335
            ],
            [
              80.0975798903458,
              68.60204617700737
            ],
            [
              80.09768277816056,
              68.60226295944751
            ],
            [
              80.09781467343106,
              68.60247763712276
            ],
            [
              80.09797525919461,
              68.60268969278827
            ],
            [
              80.09816414933054,
              68.6028986155022
            ],
            [
              80.09838088948318,
              68.60310390185738
            ],
            [
              80.09862495814981,
              68.6033050571949
            ],
            [
              80.09889576793071,
              68.60350159679692
            ],
            [
              80.09919266693868,
              68.60369304705542
            ],
            [
              80.0995149403645,
              68.60387894661446
            ],
            [
              80.0998618121947,
              68.60405884748289
            ],
            [
              80.10008032149807,
              68.60416111662087
            ],
            [
              80.01222222222222,
              68.66833333333334
            ],
            [
              79.88861111111112,
              68.86722222222221
            ],
            [
              80.76444444444445,
              68.93
            ],
            [
              80.85805555555555,
              68.80944444444444
            ],
            [
              81.93333333333334,
              68.89222222222223
            ],
            [
              81.05527777777777,
              68.55499999999999
            ],
            [
              80.44722222222222,
              68.4925
            ],
            [
              80.43194444444445,
              68.51027777777777
            ],
            [
              80.38361111111112,
              68.50472222222223
            ],
            [
              80.3963888888889,
              68.48694444444445
            ],
            [
              80.27805555555555,
              68.47416666666666
            ],
            [
              80.11000929636357,
              68.59690891867837
            ],
            [
              80.1097222222222,
              68.59690634514267
            ],
            [
              80.10912004467413,
              68.59691174348823
            ]
          ]
        ],
        "meta": {
          "shape": "polygon"
        }
      },
      "properties": {
        "title": "J9645/26 for Krasnoyarsk International Airport",
        "text": "From: 2026-09-28 04:00:00+00:00\nTo: 2026-09-29 19:00:00+00:00\n\nAIRSPACE CLSD AS FLW:\n\n1. AREA: 685202N0795319E-685548N0804552E-684834N0805129E-\n\n         685332N0815600E-683318N0810319E-682933N0802650E-\n\n         683037N0802555E-683017N0802301E-682913N0802347E-\n\n         682827N0801641E-684006N0800044E-685202N0795319E\n\n   250M AMSL-290M AMSL.\n\n2. Within CIRCLE RADIUS 0.5KM CENTRE 683605N0800635E\n\n   GND-290M AMSL.\n\n3. Within CIRCLE RADIUS 1KM CENTRE 683042N0802009E\n\n   GND-290M AMSL."
      }
    },
    {
      "type": "Feature",
      "geometry": {
        "type": "Polygon",
        "coordinates": [
          [
            [
              97.53916666666666,
              56.12833333333333
            ],
            [
              97.71361111111112,
              56.07611111111112
            ],
            [
              97.8261111111111,
              56.004444444444445
            ],
            [
              97.99555555555555,
              55.92972222222222
            ],
            [
              97.97472222222223,
              55.91083333333333
            ],
            [
              97.90416666666667,
              55.91111111111111
            ],
            [
              97.88833333333334,
              55.920833333333334
            ],
            [
              97.90166666666667,
              55.94
            ],
            [
              97.77638888888889,
              55.985
            ],
            [
              97.705,
              56.030277777777776
            ],
            [
              97.6388888888889,
              56.035
            ],
            [
              97.60749999999999,
              56.07166666666667
            ],
            [
              97.51361111111112,
              56.095555555555556
            ],
            [
              97.4325,
              56.10638888888889
            ],
            [
              97.4475,
              56.141666666666666
            ],
            [
              97.53916666666666,
              56.12833333333333
            ]
          ]
        ],
        "meta": {
          "shape": "polygon"
        }
      },
      "properties": {
        "title": "J9651/26 for Krasnoyarsk International Airport",
        "text": "From: 2026-09-29 00:00:00+00:00\nTo: 2026-10-02 14:00:00+00:00\n\nAIRSPACE CLSD AS FLW:\n\n1. AREA: 560623N0972557E-560830N0972651E-560742N0973221E-\n\n         560434N0974249E-560016N0974934E-555547N0975944E-\n\n         555439N0975829E-555440N0975415E-555515N0975318E-\n\n         555624N0975406E-555906N0974635E-560149N0974218E-\n\n         560206N0973820E-560418N0973627E-560544N0973049E-\n\n         560623N0972557E\n\n   650M AMSL-1300M AMSL.\n\n2. Within CIRCLE RADIUS 1KM CENTRE 560237N0973908E\n\n   GND-1300M AMSL.\n\n3. Within CIRCLE RADIUS 1KM CENTRE 555518N0975433E\n\n   GND-1300M AMSL."
      }
    },
    {
      "type": "Feature",
      "geometry": {
        "type": "Polygon",
        "coordinates": [
          [
            [
              89.34665536646082,
              55.49555453353944
            ],
            [
              89.34663613167264,
              55.49511380559137
            ],
            [
              89.34657882783921,
              55.49467414426704
            ],
            [
              89.3464835942723,
              55.49423660869613
            ],
            [
              89.34635066163523,
              55.49380225285253
            ],
            [
              89.34618035137515,
              55.49337212301616
            ],
            [
              89.34597307493723,
              55.492947255253455
            ],
            [
              89.34572933276222,
              55.49252867292302
            ],
            [
              89.34544971307047,
              55.492117384211866
            ],
            [
              89.3451348904348,
              55.49171437970886
            ],
            [
              89.34478562414655,
              55.49132063002048
            ],
            [
              89.34440275637795,
              55.49093708343516
            ],
            [
              89.34398721014598,
              55.490564663641685
            ],
            [
              89.34353998708261,
              55.49020426750668
            ],
            [
              89.34306216501629,
              55.48985676291729
            ],
            [
              89.34255489537148,
              55.48952298669361
            ],
            [
              89.34201940039166,
              55.48920374257598
            ],
            [
              89.34145697019311,
              55.4888997992922
            ],
            [
              89.34086895965619,
              55.48861188870906
            ],
            [
              89.34025678516221,
              55.48834070407263
            ],
            [
              89.33962192118275,
              55.488086898341635
            ],
            [
              89.33896589673071,
              55.487851082617695
            ],
            [
              89.33829029168086,
              55.487633824676514
            ],
            [
              89.33759673296908,
              55.48743564760309
            ],
            [
              89.33688689067914,
              55.48725702853454
            ],
            [
              89.3361624740268,
              55.487098397513435
            ],
            [
              89.33542522725031,
              55.48696013645436
            ],
            [
              89.33467692541743,
              55.48684257822614
            ],
            [
              89.33391937015911,
              55.486746005851984
            ],
            [
              89.33315438533967,
              55.4866706518295
            ],
            [
              89.33238381267405,
              55.486616697572046
            ],
            [
              89.3316095073025,
              55.48658427297277
            ],
            [
              89.3308333333333,
              55.48657345609262
            ],
            [
              89.3300571593641,
              55.48658427297277
            ],
            [
              89.32928285399255,
              55.486616697572046
            ],
            [
              89.32851228132694,
              55.4866706518295
            ],
            [
              89.3277472965075,
              55.486746005851984
            ],
            [
              89.32698974124918,
              55.48684257822614
            ],
            [
              89.3262414394163,
              55.48696013645436
            ],
            [
              89.3255041926398,
              55.487098397513435
            ],
            [
              89.32477977598747,
              55.48725702853454
            ],
            [
              89.32406993369753,
              55.48743564760309
            ],
            [
              89.32337637498574,
              55.487633824676514
            ],
            [
              89.32270076993589,
              55.487851082617695
            ],
            [
              89.32204474548386,
              55.48808689834163
            ],
            [
              89.3214098815044,
              55.48834070407263
            ],
            [
              89.32079770701041,
              55.48861188870906
            ],
            [
              89.3202096964735,
              55.4888997992922
            ],
            [
              89.31964726627494,
              55.48920374257598
            ],
            [
              89.31911177129513,
              55.48952298669361
            ],
            [
              89.31860450165031,
              55.48985676291729
            ],
            [
              89.318126679584,
              55.49020426750668
            ],
            [
              89.31767945652062,
              55.490564663641685
            ],
            [
              89.31726391028866,
              55.49093708343516
            ],
            [
              89.31688104252005,
              55.49132063002048
            ],
            [
              89.3165317762318,
              55.49171437970886
            ],
            [
              89.31621695359614,
              55.492117384211866
            ],
            [
              89.31593733390439,
              55.492528672923015
            ],
            [
              89.31569359172937,
              55.492947255253455
            ],
            [
              89.31548631529145,
              55.49337212301616
            ],
            [
              89.31531600503138,
              55.493802252852525
            ],
            [
              89.3151830723943,
              55.49423660869613
            ],
            [
              89.3150878388274,
              55.494674144267044
            ],
            [
              89.31503053499397,
              55.49511380559137
            ],
            [
              89.31501130020578,
              55.49555453353944
            ],
            [
              89.31503018207538,
              55.49599526637687
            ],
            [
              89.31508713638904,
              55.49643494232218
            ],
            [
              89.31518202720102,
              55.49687250210491
            ],
            [
              89.31531462714896,
              55.497306891517965
            ],
            [
              89.31548461798965,
              55.497737063958155
            ],
            [
              89.31569159135415,
              55.49816198294872
            ],
            [
              89.31593504972041,
              55.49858062463774
            ],
            [
              89.31621440760138,
              55.4989919802665
            ],
            [
              89.31652899294555,
              55.49939505860174
            ],
            [
              89.3168780487469,
              55.4997888883259
            ],
            [
              89.31726073486027,
              55.50017252037974
            ],
            [
              89.31767613001809,
              55.50054503025142
            ],
            [
              89.31812323404338,
              55.50090552020678
            ],
            [
              89.31860097025402,
              55.501253121455115
            ],
            [
              89.31910818805244,
              55.5015869962455
            ],
            [
              89.31964366569446,
              55.50190633988831
            ],
            [
              89.32020611323078,
              55.502210382697264
            ],
            [
              89.32079417561403,
              55.5024983918471
            ],
            [
              89.32140643596365,
              55.502769673142495
            ],
            [
              89.32204141898117,
              55.503023572693856
            ],
            [
              89.32269759450732,
              55.503259478495984
            ],
            [
              89.32337338121238,
              55.50347682190571
            ],
            [
              89.32406715041107,
              55.50367507901492
            ],
            [
              89.32477722999248,
              55.50385377191569
            ],
            [
              89.32550190845559,
              55.50401246985443
            ],
            [
              89.32623943904086,
              55.504150790272085
            ],
            [
              89.3269880439472,
              55.5042683997282
            ],
            [
              89.32774591862491,
              55.504365014706174
            ],
            [
              89.32851123613354,
              55.50444040229809
            ],
            [
              89.32928215155411,
              55.50449438076736
            ],
            [
              89.33005680644548,
              55.50452681998764
            ],
            [
              89.3308333333333,
              55.504537641757146
            ],
            [
              89.33160986022112,
              55.50452681998764
            ],
            [
              89.3323845151125,
              55.50449438076736
            ],
            [
              89.33315543053307,
              55.50444040229809
            ],
            [
              89.33392074804169,
              55.504365014706174
            ],
            [
              89.33467862271941,
              55.5042683997282
            ],
            [
              89.33542722762574,
              55.50415079027209
            ],
            [
              89.33616475821101,
              55.50401246985442
            ],
            [
              89.33688943667413,
              55.50385377191569
            ],
            [
              89.33759951625554,
              55.50367507901491
            ],
            [
              89.33829328545423,
              55.50347682190571
            ],
            [
              89.3389690721593,
              55.503259478495984
            ],
            [
              89.33962524768543,
              55.503023572693856
            ],
            [
              89.34026023070297,
              55.502769673142495
            ],
            [
              89.34087249105258,
              55.502498391847105
            ],
            [
              89.34146055343581,
              55.502210382697264
            ],
            [
              89.34202300097215,
              55.50190633988831
            ],
            [
              89.34255847861417,
              55.5015869962455
            ],
            [
              89.34306569641258,
              55.501253121455115
            ],
            [
              89.34354343262322,
              55.50090552020678
            ],
            [
              89.34399053664852,
              55.50054503025143
            ],
            [
              89.34440593180634,
              55.500172520379735
            ],
            [
              89.3447886179197,
              55.4997888883259
            ],
            [
              89.34513767372106,
              55.49939505860174
            ],
            [
              89.34545225906523,
              55.49899198026652
            ],
            [
              89.3457316169462,
              55.49858062463774
            ],
            [
              89.34597507531245,
              55.498161982948716
            ],
            [
              89.34618204867695,
              55.49773706395817
            ],
            [
              89.34635203951764,
              55.497306891517965
            ],
            [
              89.34648463946559,
              55.49687250210491
            ],
            [
              89.34657953027757,
              55.49643494232218
            ],
            [
              89.34663648459123,
              55.495995266376866
            ],
            [
              89.34665536646082,
              55.49555453353944
            ]
          ]
        ],
        "meta": {
          "shape": "circle"
        }
      },
      "properties": {
        "title": "J9665/26 for Krasnoyarsk International Airport",
        "text": "From: 2026-09-29 10:00:00+00:00\nTo: 2026-09-30 12:00:00+00:00\n\nAIRSPACE CLSD Within CIRCLE RADIUS 1KM CENTRE 552944N0891951E."
      }
    },
    {
      "type": "Feature",
      "geometry": {
        "type": "Polygon",
        "coordinates": [
          [
            [
              88.30111111111111,
              69.21972222222223
            ],
            [
              88.31305555555555,
              69.21083333333334
            ],
            [
              88.3561111111111,
              69.20305555555557
            ],
            [
              88.35222222222221,
              69.19361111111111
            ],
            [
              88.30499999999999,
              69.1888888888889
            ],
            [
              88.27361111111111,
              69.20333333333333
            ],
            [
              88.28777777777778,
              69.22
            ],
            [
              88.30111111111111,
              69.21972222222223
            ]
          ]
        ],
        "meta": {
          "shape": "polygon"
        }
      },
      "properties": {
        "title": "J9669/26 for Krasnoyarsk International Airport",
        "text": "From: 2026-09-29 04:00:00+00:00\nTo: 2026-10-03 10:00:00+00:00\n\nAIRSPACE CLSD Within AREA:\n\n691311N0881804E-691239N0881847E-691211N0882122E-691137N0882108E-\n\n691120N0881818E-691212N0881625E-691312N0881716E-691311N0881804E."
      }
    },
    {
      "type": "Feature",
      "geometry": {
        "type": "Polygon",
        "coordinates": [
          [
            [
              94.51141038836828,
              51.88360249896587
            ],
            [
              94.51135479401296,
              51.882235426895576
            ],
            [
              94.51119088283005,
              51.88087168921891
            ],
            [
              94.51091905944742,
              51.87951457085063
            ],
            [
              94.51053998827136,
              51.87816734046781
            ],
            [
              94.51005459179413,
              51.876833242642334
            ],
            [
              94.50946404828223,
              51.8755154900345
            ],
            [
              94.50876978885232,
              51.87421725566588
            ],
            [
              94.50797349394239,
              51.87294166529032
            ],
            [
              94.5070770891873,
              51.87169178988118
            ],
            [
              94.50608274071003,
              51.87047063825271
            ],
            [
              94.50499284983965,
              51.86928114983316
            ],
            [
              94.50381004727026,
              51.8681261876069
            ],
            [
              94.50253718667499,
              51.86700853124226
            ],
            [
              94.50117733779092,
              51.86593087042143
            ],
            [
              94.4997337789924,
              51.86489579838816
            ],
            [
              94.4982099893703,
              51.863905805728734
            ],
            [
              94.49660964033703,
              51.86296327440065
            ],
            [
              94.49493658677747,
              51.862070472023376
            ],
            [
              94.49319485776708,
              51.86122954644451
            ],
            [
              94.49138864687967,
              51.86044252059419
            ],
            [
              94.48952230210801,
              51.85971128763984
            ],
            [
              94.48760031542112,
              51.85903760645282
            ],
            [
              94.4856273119835,
              51.85842309739731
            ],
            [
              94.48360803906152,
              51.85786923845168
            ],
            [
              94.48154735464323,
              51.857377361671226
            ],
            [
              94.4794502157988,
              51.85694865000069
            ],
            [
              94.47732166680872,
              51.856584134443885
            ],
            [
              94.47516682708763,
              51.85628469159717
            ],
            [
              94.4729908789325,
              51.85605104155269
            ],
            [
              94.47079905512348,
              51.85588374617599
            ],
            [
              94.46859662640684,
              51.855783207762094
            ],
            [
              94.4663888888889,
              51.85574966807352
            ],
            [
              94.46418115137097,
              51.855783207762094
            ],
            [
              94.46197872265431,
              51.85588374617599
            ],
            [
              94.4597868988453,
              51.85605104155269
            ],
            [
              94.45761095069017,
              51.85628469159717
            ],
            [
              94.45545611096907,
              51.856584134443885
            ],
            [
              94.453327561979,
              51.85694865000069
            ],
            [
              94.45123042313458,
              51.857377361671226
            ],
            [
              94.44916973871628,
              51.85786923845168
            ],
            [
              94.44715046579428,
              51.85842309739731
            ],
            [
              94.44517746235668,
              51.85903760645282
            ],
            [
              94.44325547566979,
              51.85971128763984
            ],
            [
              94.44138913089812,
              51.86044252059419
            ],
            [
              94.43958292001071,
              51.86122954644451
            ],
            [
              94.43784119100033,
              51.862070472023376
            ],
            [
              94.43616813744076,
              51.86296327440065
            ],
            [
              94.4345677884075,
              51.863905805728734
            ],
            [
              94.43304399878541,
              51.86489579838816
            ],
            [
              94.43160043998688,
              51.86593087042143
            ],
            [
              94.43024059110282,
              51.86700853124226
            ],
            [
              94.42896773050752,
              51.8681261876069
            ],
            [
              94.42778492793815,
              51.86928114983316
            ],
            [
              94.42669503706776,
              51.87047063825271
            ],
            [
              94.4257006885905,
              51.87169178988118
            ],
            [
              94.42480428383541,
              51.87294166529032
            ],
            [
              94.42400798892547,
              51.87421725566588
            ],
            [
              94.42331372949558,
              51.8755154900345
            ],
            [
              94.42272318598367,
              51.876833242642334
            ],
            [
              94.42223778950644,
              51.87816734046781
            ],
            [
              94.42185871833038,
              51.87951457085063
            ],
            [
              94.42158689494775,
              51.88087168921891
            ],
            [
              94.42142298376484,
              51.882235426895576
            ],
            [
              94.42136738940953,
              51.88360249896587
            ],
            [
              94.4214202556625,
              51.884969612186495
            ],
            [
              94.42158146501615,
              51.88633347291791
            ],
            [
              94.42185063886267,
              51.88769079506022
            ],
            [
              94.42222713831218,
              51.889038307973955
            ],
            [
              94.42271006563955,
              51.89037276436625
            ],
            [
              94.42329826635749,
              51.89169094812367
            ],
            [
              94.42399033191172,
              51.89298968207242
            ],
            [
              94.42478460299253,
              51.89426583564743
            ],
            [
              94.4256791734555,
              51.89551633245142
            ],
            [
              94.42667189484301,
              51.8967381576858
            ],
            [
              94.42776038149572,
              51.89792836543514
            ],
            [
              94.42894201624291,
              51.8990840857875
            ],
            [
              94.43021395665829,
              51.90020253177342
            ],
            [
              94.43157314186661,
              51.90128100610622
            ],
            [
              94.43301629988513,
              51.90231690770757
            ],
            [
              94.43453995548272,
              51.90330773800203
            ],
            [
              94.43614043853776,
              51.904251106965205
            ],
            [
              94.43781389287473,
              51.90514473891073
            ],
            [
              94.43955628555847,
              51.90598647800183
            ],
            [
              94.44136341662366,
              51.90677429347378
            ],
            [
              94.44323092921579,
              51.90750628455465
            ],
            [
              94.44515432011907,
              51.90818068507193
            ],
            [
              94.44712895064566,
              51.90879586773388
            ],
            [
              94.44915005785947,
              51.909350348074916
            ],
            [
              94.45121276610719,
              51.909842788055364
            ],
            [
              94.45331209882806,
              51.910271999306545
            ],
            [
              94.45544299061336,
              51.910636946013426
            ],
            [
              94.45760029948606,
              51.91093674742741
            ],
            [
              94.45977881936984,
              51.91117068000311
            ],
            [
              94.46197329271739,
              51.91133817915413
            ],
            [
              94.4641784232659,
              51.91143884062292
            ],
            [
              94.4663888888889,
              51.91147242146188
            ],
            [
              94.46859935451188,
              51.91143884062292
            ],
            [
              94.4708044850604,
              51.91133817915413
            ],
            [
              94.47299895840796,
              51.91117068000311
            ],
            [
              94.47517747829174,
              51.91093674742739
            ],
            [
              94.47733478716442,
              51.91063694601343
            ],
            [
              94.47946567894974,
              51.910271999306545
            ],
            [
              94.48156501167061,
              51.909842788055364
            ],
            [
              94.48362771991833,
              51.909350348074916
            ],
            [
              94.48564882713212,
              51.90879586773388
            ],
            [
              94.48762345765871,
              51.90818068507193
            ],
            [
              94.489546848562,
              51.90750628455466
            ],
            [
              94.49141436115413,
              51.90677429347378
            ],
            [
              94.49322149221933,
              51.90598647800183
            ],
            [
              94.49496388490306,
              51.90514473891073
            ],
            [
              94.49663733924002,
              51.904251106965205
            ],
            [
              94.49823782229507,
              51.90330773800203
            ],
            [
              94.49976147789268,
              51.90231690770758
            ],
            [
              94.5012046359112,
              51.90128100610622
            ],
            [
              94.5025638211195,
              51.90020253177342
            ],
            [
              94.50383576153489,
              51.8990840857875
            ],
            [
              94.50501739628208,
              51.89792836543513
            ],
            [
              94.50610588293478,
              51.8967381576858
            ],
            [
              94.50709860432228,
              51.89551633245142
            ],
            [
              94.50799317478526,
              51.89426583564743
            ],
            [
              94.50878744586608,
              51.89298968207242
            ],
            [
              94.50947951142031,
              51.891690948123674
            ],
            [
              94.51006771213825,
              51.89037276436625
            ],
            [
              94.51055063946562,
              51.889038307973955
            ],
            [
              94.51092713891512,
              51.88769079506022
            ],
            [
              94.51119631276164,
              51.88633347291791
            ],
            [
              94.5113575221153,
              51.8849696121865
            ],
            [
              94.51141038836828,
              51.88360249896587
            ]
          ]
        ],
        "meta": {
          "shape": "circle"
        }
      },
      "properties": {
        "title": "J9674/26 for Krasnoyarsk International Airport",
        "text": "From: 2026-09-29 03:00:00+00:00\nTo: 2026-09-29 12:00:00+00:00\n\nAIRSPACE CLSD Within CIRCLE RADIUS 3.1KM CENTRE 515301N0942759E."
      }
    },
    {
      "type": "Feature",
      "geometry": {
        "type": "Polygon",
        "coordinates": [
          [
            [
              90.17563163446013,
              53.73138864942624
            ],
            [
              90.17562246915855,
              53.73116822017722
            ],
            [
              90.17559507478578,
              53.730948323102325
            ],
            [
              90.17554951762034,
              53.73072948794051
            ],
            [
              90.17548590769101,
              53.73051224186433
            ],
            [
              90.1754043985091,
              53.73029710821023
            ],
            [
              90.17530518669605,
              53.73008460521797
            ],
            [
              90.17518851150719,
              53.72987524478254
            ],
            [
              90.17505465425307,
              53.72966953122138
            ],
            [
              90.17490393761953,
              53.7294679600599
            ],
            [
              90.1747367248882,
              53.72927101683823
            ],
            [
              90.17455341905966,
              53.72907917594217
            ],
            [
              90.1743544618807,
              53.72889289946099
            ],
            [
              90.17414033277886,
              53.72871263607485
            ],
            [
              90.17391154770625,
              53.72853881997477
            ],
            [
              90.1736686578956,
              53.7283718698172
            ],
            [
              90.17341224853165,
              53.7282121877164
            ],
            [
              90.17314293734097,
              53.728060158276385
            ],
            [
              90.17286137310374,
              53.72791614766525
            ],
            [
              90.1725682340908,
              53.72778050273386
            ],
            [
              90.17226422643014,
              53.72765355018103
            ],
            [
              90.1719500824064,
              53.727535595767286
            ],
            [
              90.1716265586977,
              53.72742692357896
            ],
            [
              90.17129443455381,
              53.727327795344664
            ],
            [
              90.17095450992046,
              53.72723844980535
            ],
            [
              90.1706076035137,
              53.727159102139815
            ],
            [
              90.17025455084939,
              53.72708994344701
            ],
            [
              90.16989620223255,
              53.727031140286094
            ],
            [
              90.16953342071095,
              53.72698283427572
            ],
            [
              90.16916707999843,
              53.7269451417533
            ],
            [
              90.16879806237246,
              53.72691815349506
            ],
            [
              90.16842725655128,
              53.72690193449762
            ],
            [
              90.1680555555556,
              53.72689652382157
            ],
            [
              90.16768385455991,
              53.72690193449762
            ],
            [
              90.16731304873875,
              53.72691815349506
            ],
            [
              90.16694403111276,
              53.7269451417533
            ],
            [
              90.16657769040025,
              53.72698283427572
            ],
            [
              90.16621490887864,
              53.727031140286094
            ],
            [
              90.16585656026182,
              53.72708994344701
            ],
            [
              90.1655035075975,
              53.727159102139815
            ],
            [
              90.16515660119073,
              53.72723844980535
            ],
            [
              90.16481667655738,
              53.727327795344664
            ],
            [
              90.1644845524135,
              53.72742692357896
            ],
            [
              90.1641610287048,
              53.727535595767286
            ],
            [
              90.16384688468105,
              53.72765355018103
            ],
            [
              90.16354287702039,
              53.72778050273386
            ],
            [
              90.16324973800747,
              53.72791614766525
            ],
            [
              90.16296817377022,
              53.728060158276385
            ],
            [
              90.16269886257956,
              53.7282121877164
            ],
            [
              90.16244245321559,
              53.7283718698172
            ],
            [
              90.16219956340494,
              53.72853881997477
            ],
            [
              90.16197077833233,
              53.72871263607485
            ],
            [
              90.16175664923051,
              53.72889289946099
            ],
            [
              90.16155769205155,
              53.72907917594217
            ],
            [
              90.16137438622297,
              53.72927101683823
            ],
            [
              90.16120717349166,
              53.7294679600599
            ],
            [
              90.16105645685812,
              53.72966953122138
            ],
            [
              90.160922599604,
              53.72987524478254
            ],
            [
              90.16080592441514,
              53.73008460521797
            ],
            [
              90.16070671260209,
              53.73029710821023
            ],
            [
              90.1606252034202,
              53.73051224186433
            ],
            [
              90.16056159349087,
              53.73072948794051
            ],
            [
              90.16051603632543,
              53.73094832310233
            ],
            [
              90.16048864195264,
              53.73116822017722
            ],
            [
              90.16047947665106,
              53.73138864942624
            ],
            [
              90.16048856278651,
              53.73160907982019
            ],
            [
              90.16051587875558,
              53.73182898031879
            ],
            [
              90.16056135903477,
              53.732047821150196
            ],
            [
              90.1606248943358,
              53.732265075087184
            ],
            [
              90.16070633186605,
              53.73248021871764
            ],
            [
              90.16080547569416,
              53.7326927337057
            ],
            [
              90.16092208721949,
              53.73290210804086
            ],
            [
              90.16105588574463,
              53.73310783727182
            ],
            [
              90.16120654914934,
              53.733309425722275
            ],
            [
              90.16137371466456,
              53.73350638768558
            ],
            [
              90.1615569797445,
              53.733698248595424
            ],
            [
              90.16175590303477,
              53.733884546169826
            ],
            [
              90.16197000543416,
              53.734064831525444
            ],
            [
              90.16219877124776,
              53.734238670259735
            ],
            [
              90.16244164942833,
              53.734405643498214
            ],
            [
              90.16269805490312,
              53.734565348904404
            ],
            [
              90.16296736998297,
              53.734717401649775
            ],
            [
              90.16324894585028,
              53.73486143534185
            ],
            [
              90.16354210412224,
              53.73499710290743
            ],
            [
              90.16384613848531,
              53.73512407742976
            ],
            [
              90.16416031639775,
              53.73524205293674
            ],
            [
              90.16448388085509,
              53.73535074513884
            ],
            [
              90.16481605221504,
              53.73544989211476
            ],
            [
              90.16515603007724,
              53.73553925494304
            ],
            [
              90.16550299521299,
              53.73561861827837
            ],
            [
              90.1658561115408,
              53.73568779087093
            ],
            [
              90.1662145281426,
              53.735746606027654
            ],
            [
              90.16657738131583,
              53.735794922014364
            ],
            [
              90.16694379665667,
              53.73583262239759
            ],
            [
              90.16731289116889,
              53.7358596163254
            ],
            [
              90.16768377539378,
              53.735875838746594
            ],
            [
              90.1680555555556,
              53.735881250567544
            ],
            [
              90.16842733571741,
              53.735875838746594
            ],
            [
              90.1687982199423,
              53.7358596163254
            ],
            [
              90.16916731445453,
              53.735832622397595
            ],
            [
              90.16953372979536,
              53.735794922014364
            ],
            [
              90.1698965829686,
              53.73574660602766
            ],
            [
              90.17025499957039,
              53.73568779087093
            ],
            [
              90.1706081158982,
              53.73561861827837
            ],
            [
              90.17095508103395,
              53.735539254943035
            ],
            [
              90.17129505889616,
              53.73544989211476
            ],
            [
              90.1716272302561,
              53.735350745138845
            ],
            [
              90.17195079471344,
              53.73524205293674
            ],
            [
              90.17226497262588,
              53.73512407742976
            ],
            [
              90.17256900698897,
              53.73499710290743
            ],
            [
              90.17286216526091,
              53.73486143534185
            ],
            [
              90.17314374112823,
              53.73471740164978
            ],
            [
              90.17341305620809,
              53.734565348904404
            ],
            [
              90.17366946168286,
              53.73440564349823
            ],
            [
              90.17391233986342,
              53.734238670259735
            ],
            [
              90.17414110567704,
              53.73406483152545
            ],
            [
              90.17435520807642,
              53.73388454616983
            ],
            [
              90.17455413136669,
              53.733698248595424
            ],
            [
              90.17473739644663,
              53.733506387685566
            ],
            [
              90.17490456196185,
              53.733309425722275
            ],
            [
              90.17505522536656,
              53.733107837271824
            ],
            [
              90.1751890238917,
              53.73290210804086
            ],
            [
              90.17530563541705,
              53.7326927337057
            ],
            [
              90.17540477924514,
              53.73248021871764
            ],
            [
              90.1754862167754,
              53.732265075087184
            ],
            [
              90.17554975207642,
              53.732047821150196
            ],
            [
              90.17559523235563,
              53.73182898031879
            ],
            [
              90.17562254832468,
              53.73160907982019
            ],
            [
              90.17563163446013,
              53.73138864942624
            ]
          ]
        ],
        "meta": {
          "shape": "circle"
        }
      },
      "properties": {
        "title": "J9677/26 for Krasnoyarsk International Airport",
        "text": "From: 2026-09-29 04:00:00+00:00\nTo: 2026-10-02 10:00:00+00:00\n\nAIRSPACE CLSD Within CIRCLE RADIUS 0.5KM CENTRE 534353N0901005E."
      }
    },
    {
      "type": "Feature",
      "geometry": {
        "type": "Polygon",
        "coordinates": [
          [
            [
              88.38722222222223,
              69.19638888888889
            ],
            [
              88.39888888888889,
              69.23
            ],
            [
              88.28194444444445,
              69.23583333333333
            ],
            [
              88.27444444444444,
              69.22055555555556
            ],
            [
              88.30138888888888,
              69.21972222222223
            ],
            [
              88.31333333333333,
              69.21083333333334
            ],
            [
              88.35638888888889,
              69.20305555555557
            ],
            [
              88.3536111111111,
              69.19666666666667
            ],
            [
              88.38722222222223,
              69.19638888888889
            ]
          ]
        ],
        "meta": {
          "shape": "polygon"
        }
      },
      "properties": {
        "title": "J9679/26 for Krasnoyarsk International Airport",
        "text": "From: 2026-09-29 04:00:00+00:00\nTo: 2026-10-03 11:00:00+00:00\n\nAIRSPACE CLSD Within AREA:\n\n691147N0882314E-691348N0882356E-691409N0881655E-691314N0881628E-\n\n691311N0881805E-691239N0881848E-691211N0882123E-691148N0882113E-\n\n691147N0882314E."
      }
    },
    {
      "type": "Feature",
      "geometry": {
        "type": "Polygon",
        "coordinates": [
          [
            [
              93.31222222222222,
              59.39944444444444
            ],
            [
              93.35638888888889,
              59.403055555555554
            ],
            [
              93.36916666666666,
              59.38333333333333
            ],
            [
              93.31055555555555,
              59.39194444444444
            ],
            [
              93.31222222222222,
              59.39944444444444
            ]
          ]
        ],
        "meta": {
          "shape": "polygon"
        }
      },
      "properties": {
        "title": "J9698/26 for Krasnoyarsk International Airport",
        "text": "From: 2026-09-29 06:00:00+00:00\nTo: 2026-10-01 10:00:00+00:00\n\nAIRSPACE CLSD Within AREA:\n\n592358N0931844E-592411N0932123E-592300N0932209E-\n\n592331N0931838E-592358N0931844E."
      }
    },
    {
      "type": "Feature",
      "geometry": {
        "type": "Polygon",
        "coordinates": [
          [
            [
              93.6,
              56.03333333333333
            ],
            [
              93.76666666666667,
              55.8
            ],
            [
              93.48333333333333,
              55.733333333333334
            ],
            [
              93.13333333333334,
              55.78333333333333
            ],
            [
              93.4,
              56.0
            ],
            [
              93.6,
              56.03333333333333
            ]
          ]
        ],
        "meta": {
          "shape": "circle"
        }
      },
      "properties": {
        "title": "J9705/26 for Krasnoyarsk International Airport",
        "text": "From: 2026-09-29 03:00:00+00:00\nTo: 2026-10-01 13:00:00+00:00\n\nAIRSPACE CLSD AS FLW:\n\n1. Within CIRCLE RADIUS 0.5KM CENTRE 555040N0932434E\n\n   GND-900M AMSL.\n\n2. AREA: 560000N0932400E-560200N0933600E-554800N0934600E-\n\n         554400N0932900E-554700N0930800E-560000N0932400E\n\n   500M AMSL-900M AMSL."
      }
    },
    {
      "type": "Feature",
      "geometry": {
        "type": "Polygon",
        "coordinates": [
          [
            [
              93.33765741454914,
              52.23577525170194
            ],
            [
              93.33750708880817,
              52.232247626212136
            ],
            [
              93.33707508577106,
              52.22872877555681
            ],
            [
              93.33636251241388,
              52.225227173881166
            ],
            [
              93.335371150301,
              52.22175125181373
            ],
            [
              93.33410345066949,
              52.21830937620553
            ],
            [
              93.33256252791945,
              52.21490983004141
            ],
            [
              93.33075215153208,
              52.21156079257103
            ],
            [
              93.32867673643993,
              52.20827031970664
            ],
            [
              93.32634133187838,
              52.205046324733836
            ],
            [
              93.3237516087495,
              52.20189655938063
            ],
            [
              93.32091384553362,
              52.198828595289115
            ],
            [
              93.31783491278638,
              52.19584980593301
            ],
            [
              93.31452225626212,
              52.19296734902303
            ],
            [
              93.31098387870756,
              52.19018814944099
            ],
            [
              93.30722832037176,
              52.187518882741855
            ],
            [
              93.3032646382816,
              52.18496595926188
            ],
            [
              93.29910238433395,
              52.182535508869115
            ],
            [
              93.29475158225787,
              52.18023336639149
            ],
            [
              93.2902227035031,
              52.178065057755234
            ],
            [
              93.28552664211183,
              52.1760357868657
            ],
            [
              93.28067468863375,
              52.17415042325978
            ],
            [
              93.27567850314558,
              52.17241349055846
            ],
            [
              93.27055008743783,
              52.170829155745054
            ],
            [
              93.26530175643309,
              52.169401219293626
            ],
            [
              93.25994610890177,
              52.1681331061696
            ],
            [
              93.25449599754188,
              52.167027857722786
            ],
            [
              93.24896449849085,
              52.16608812449126
            ],
            [
              93.24336488033856,
              52.165316159931535
            ],
            [
              93.2377105727109,
              52.164713815089826
            ],
            [
              93.23201513449472,
              52.16428253422571
            ],
            [
              93.22629222177495,
              52.16402335139824
            ],
            [
              93.2205555555556,
              52.16393688802193
            ],
            [
              93.21481888933626,
              52.16402335139824
            ],
            [
              93.2090959766165,
              52.16428253422571
            ],
            [
              93.20340053840033,
              52.164713815089826
            ],
            [
              93.19774623077267,
              52.165316159931535
            ],
            [
              93.19214661262036,
              52.16608812449126
            ],
            [
              93.18661511356935,
              52.167027857722786
            ],
            [
              93.18116500220945,
              52.1681331061696
            ],
            [
              93.17580935467814,
              52.169401219293626
            ],
            [
              93.1705610236734,
              52.170829155745054
            ],
            [
              93.16543260796564,
              52.17241349055846
            ],
            [
              93.16043642247747,
              52.17415042325978
            ],
            [
              93.1555844689994,
              52.1760357868657
            ],
            [
              93.15088840760811,
              52.178065057755234
            ],
            [
              93.14635952885334,
              52.18023336639149
            ],
            [
              93.14200872677728,
              52.182535508869115
            ],
            [
              93.13784647282962,
              52.18496595926188
            ],
            [
              93.13388279073946,
              52.187518882741855
            ],
            [
              93.13012723240367,
              52.19018814944099
            ],
            [
              93.1265888548491,
              52.19296734902303
            ],
            [
              93.12327619832485,
              52.19584980593301
            ],
            [
              93.1201972655776,
              52.198828595289115
            ],
            [
              93.11735950236171,
              52.20189655938062
            ],
            [
              93.11476977923284,
              52.205046324733836
            ],
            [
              93.1124343746713,
              52.20827031970664
            ],
            [
              93.11035895957914,
              52.21156079257103
            ],
            [
              93.10854858319178,
              52.21490983004141
            ],
            [
              93.10700766044174,
              52.21830937620553
            ],
            [
              93.10573996081023,
              52.22175125181372
            ],
            [
              93.10474859869734,
              52.225227173881166
            ],
            [
              93.10403602534015,
              52.22872877555681
            ],
            [
              93.10360402230306,
              52.232247626212136
            ],
            [
              93.10345369656208,
              52.23577525170194
            ],
            [
              93.10358547720118,
              52.23930315474863
            ],
            [
              93.10399911373406,
              52.24282283540172
            ],
            [
              93.10469367606244,
              52.246325811522695
            ],
            [
              93.10566755607637,
              52.24980363924659
            ],
            [
              93.10691847089957,
              52.253247933370076
            ],
            [
              93.10844346777762,
              52.256650387616986
            ],
            [
              93.11023893060339,
              52.26000279473153
            ],
            [
              93.11230058806949,
              52.26329706635029
            ],
            [
              93.11462352343386,
              52.266525252603955
            ],
            [
              93.11720218587979,
              52.26967956140055
            ],
            [
              93.12003040344788,
              52.27275237734248
            ],
            [
              93.12310139751321,
              52.275736280230376
            ],
            [
              93.12640779877634,
              52.27862406310771
            ],
            [
              93.12994166473362,
              52.28140874980088
            ],
            [
              93.1336944985867,
              52.28408361191124
            ],
            [
              93.13765726954867,
              52.286642185215804
            ],
            [
              93.14182043449918,
              52.2890782854356
            ],
            [
              93.14617396093747,
              52.29138602333178
            ],
            [
              93.15070735117847,
              52.29355981909104
            ],
            [
              93.15540966773354,
              52.295594415963876
            ],
            [
              93.16026955981367,
              52.29748489312103
            ],
            [
              93.16527529089024,
              52.29922667769496
            ],
            [
              93.1704147672444,
              52.30081555597582
            ],
            [
              93.17567556743396,
              52.30224768373316
            ],
            [
              93.18104497260364,
              52.30351959563661
            ],
            [
              93.18650999756171,
              52.304628213751634
            ],
            [
              93.19205742254407,
              52.305570855088135
            ],
            [
              93.19767382558459,
              52.3063452381826
            ],
            [
              93.20334561540852,
              52.30694948869674
            ],
            [
              93.20905906476459,
              52.30738214401804
            ],
            [
              93.21480034410907,
              52.30764215685058
            ],
            [
              93.2205555555556,
              52.30772889778626
            ],
            [
              93.22631076700216,
              52.30764215685058
            ],
            [
              93.23205204634665,
              52.30738214401804
            ],
            [
              93.23776549570269,
              52.30694948869674
            ],
            [
              93.24343728552665,
              52.3063452381826
            ],
            [
              93.24905368856716,
              52.305570855088135
            ],
            [
              93.2546011135495,
              52.304628213751634
            ],
            [
              93.26006613850758,
              52.303519595636615
            ],
            [
              93.26543554367726,
              52.30224768373316
            ],
            [
              93.27069634386683,
              52.30081555597582
            ],
            [
              93.27583582022098,
              52.29922667769496
            ],
            [
              93.28084155129756,
              52.29748489312104
            ],
            [
              93.28570144337769,
              52.29559441596388
            ],
            [
              93.29040375993276,
              52.29355981909103
            ],
            [
              93.29493715017375,
              52.29138602333178
            ],
            [
              93.29929067661205,
              52.2890782854356
            ],
            [
              93.30345384156256,
              52.286642185215804
            ],
            [
              93.30741661252452,
              52.28408361191125
            ],
            [
              93.3111694463776,
              52.281408749800875
            ],
            [
              93.31470331233487,
              52.27862406310771
            ],
            [
              93.31800971359802,
              52.27573628023039
            ],
            [
              93.32108070766333,
              52.27275237734248
            ],
            [
              93.32390892523141,
              52.26967956140055
            ],
            [
              93.32648758767735,
              52.266525252603955
            ],
            [
              93.32881052304172,
              52.26329706635029
            ],
            [
              93.33087218050784,
              52.26000279473153
            ],
            [
              93.33266764333361,
              52.256650387616986
            ],
            [
              93.33419264021165,
              52.253247933370076
            ],
            [
              93.33544355503486,
              52.249803639246586
            ],
            [
              93.33641743504879,
              52.2463258115227
            ],
            [
              93.33711199737716,
              52.24282283540172
            ],
            [
              93.33752563391005,
              52.23930315474863
            ],
            [
              93.33765741454914,
              52.23577525170194
            ]
          ]
        ],
        "meta": {
          "shape": "circle"
        }
      },
      "properties": {
        "title": "J9706/26 for Krasnoyarsk International Airport",
        "text": "From: 2026-09-29 02:00:00+00:00\nTo: 2026-09-29 14:00:00+00:00\n\nAIRSPACE CLSD Within CIRCLE RADIUS 8.0KM CENTRE 521409N0931314E."
      }
    },
    {
      "type": "Feature",
      "geometry": {
        "type": "Polygon",
        "coordinates": [
          [
            [
              80.10912004467413,
              68.59691174348823
            ],
            [
              80.10851931695846,
              68.5969279255276
            ],
            [
              80.10792148542318,
              68.59695485229996
            ],
            [
              80.10732798945564,
              68.59699245897474
            ],
            [
              80.1067402580232,
              68.59704065500736
            ],
            [
              80.10615970623843,
              68.59709932435686
            ],
            [
              80.10558773195764,
              68.5971683257648
            ],
            [
              80.10502571242037,
              68.59724749309481
            ],
            [
              80.10447500093832,
              68.59733663573192
            ],
            [
              80.1039369236412,
              68.59743553904066
            ],
            [
              80.1034127762876,
              68.59754396488115
            ],
            [
              80.1029038211484,
              68.5976616521815
            ],
            [
              80.10241128397013,
              68.5977883175654
            ],
            [
              80.10193635102559,
              68.5979236560336
            ],
            [
              80.1014801662588,
              68.598067341697
            ],
            [
              80.1010438285313,
              68.59821902856052
            ],
            [
              80.10062838897602,
              68.59837835135495
            ],
            [
              80.10023484846542,
              68.59854492641546
            ],
            [
              80.09986415519997,
              68.5987183526044
            ],
            [
              80.09951720242258,
              68.59889821227608
            ],
            [
              80.09919482626468,
              68.59908407228157
            ],
            [
              80.09889780372916,
              68.59927548501064
            ],
            [
              80.09862685081487,
              68.59947198946875
            ],
            [
              80.09838262078745,
              68.59967311238636
            ],
            [
              80.09816570260058,
              68.59987836935784
            ],
            [
              80.09797661947162,
              68.60008726600728
            ],
            [
              80.09781582761484,
              68.6002992991785
            ],
            [
              80.09768371513566,
              68.60051395814631
            ],
            [
              80.09758060108865,
              68.60073072584603
            ],
            [
              80.09750673470118,
              68.60094908011858
            ],
            [
              80.09746229476528,
              68.60116849496784
            ],
            [
              80.0974473891987,
              68.60138844182745
            ],
            [
              80.0974620547768,
              68.60160839083399
            ],
            [
              80.09750625703542,
              68.60182781210335
            ],
            [
              80.0975798903458,
              68.60204617700737
            ],
            [
              80.09768277816056,
              68.60226295944751
            ],
            [
              80.09781467343106,
              68.60247763712276
            ],
            [
              80.09797525919461,
              68.60268969278827
            ],
            [
              80.09816414933054,
              68.6028986155022
            ],
            [
              80.09838088948318,
              68.60310390185738
            ],
            [
              80.09862495814981,
              68.6033050571949
            ],
            [
              80.09889576793071,
              68.60350159679692
            ],
            [
              80.09919266693868,
              68.60369304705542
            ],
            [
              80.0995149403645,
              68.60387894661446
            ],
            [
              80.0998618121947,
              68.60405884748289
            ],
            [
              80.10008032149807,
              68.60416111662087
            ],
            [
              80.01222222222222,
              68.66833333333334
            ],
            [
              79.88861111111112,
              68.86722222222221
            ],
            [
              80.76444444444445,
              68.93
            ],
            [
              80.85805555555555,
              68.80944444444444
            ],
            [
              81.93333333333334,
              68.89222222222223
            ],
            [
              81.05527777777777,
              68.55499999999999
            ],
            [
              80.44722222222222,
              68.4925
            ],
            [
              80.43194444444445,
              68.51027777777777
            ],
            [
              80.38361111111112,
              68.50472222222223
            ],
            [
              80.3963888888889,
              68.48694444444445
            ],
            [
              80.27805555555555,
              68.47416666666666
            ],
            [
              80.11000929636357,
              68.59690891867837
            ],
            [
              80.1097222222222,
              68.59690634514267
            ],
            [
              80.10912004467413,
              68.59691174348823
            ]
          ]
        ],
        "meta": {
          "shape": "polygon"
        }
      },
      "properties": {
        "title": "J9713/26 for Krasnoyarsk International Airport",
        "text": "From: 2026-09-30 04:00:00+00:00\nTo: 2026-10-05 19:00:00+00:00\n\nAIRSPACE CLSD AS FLW:\n\n1. AREA: 685202N0795319E-685548N0804552E-684834N0805129E-\n\n         685332N0815600E-683318N0810319E-682933N0802650E-\n\n         683037N0802555E-683017N0802301E-682913N0802347E-\n\n         682827N0801641E-684006N0800044E-685202N0795319E\n\n   250M AMSL-290M AMSL.\n\n2. Within CIRCLE RADIUS 0.5KM CENTRE 683605N0800635E\n\n   SFC-290M AMSL.\n\n3. Within CIRCLE RADIUS 1KM CENTRE 683042N0802009E\n\n   SFC-290M AMSL."
      }
    },
    {
      "type": "Feature",
      "geometry": {
        "type": "Polygon",
        "coordinates": [
          [
            [
              94.7525,
              58.409166666666664
            ],
            [
              94.77583333333334,
              58.400277777777774
            ],
            [
              94.78388888888888,
              58.288888888888884
            ],
            [
              94.68805555555556,
              58.288888888888884
            ],
            [
              94.6538888888889,
              58.322500000000005
            ],
            [
              94.69527777777778,
              58.33555555555556
            ],
            [
              94.6825,
              58.37277777777778
            ],
            [
              94.7525,
              58.409166666666664
            ]
          ]
        ],
        "meta": {
          "shape": "polygon"
        }
      },
      "properties": {
        "title": "J9715/26 for Krasnoyarsk International Airport",
        "text": "From: 2026-09-29 01:00:00+00:00\nTo: 2026-09-30 12:00:00+00:00\n\nAIRSPACE CLSD AS FLW:\n\n1. AREA: 582222N0944057E-582433N0944509E-582401N0944633E-\n\n         581720N0944702E-581720N0944117E-581921N0943914E-\n\n         582008N0944143E-582222N0944057E\n\n   GND-400M AMSL.\n\n2. Within CIRCLE RADIUS 0.5KM CENTRE 582011N0944316E\n\n   GND-100M AMSL."
      }
    },
    {
      "type": "Feature",
      "geometry": {
        "type": "Polygon",
        "coordinates": [
          [
            [
              89.38267489307057,
              55.239353079976816
            ],
            [
              89.38247933453732,
              55.235166194136816
            ],
            [
              89.38192458826752,
              55.230989830184136
            ],
            [
              89.38101210262111,
              55.22683404447039
            ],
            [
              89.37974418551237,
              55.22270884068385
            ],
            [
              89.37812399779712,
              55.21862414582811
            ],
            [
              89.37615554463822,
              55.21458978641449
            ],
            [
              89.37384366488006,
              55.21061546492416
            ],
            [
              89.3711940184666,
              55.206710736595696
            ],
            [
              89.36821307194259,
              55.20288498659209
            ],
            [
              89.36490808208033,
              55.19914740760063
            ],
            [
              89.36128707767955,
              55.195506977917475
            ],
            [
              89.35735883959065,
              55.19197244006752
            ],
            [
              89.35313287901543,
              55.18855228000854
            ],
            [
              89.34861941414268,
              55.18525470696745
            ],
            [
              89.34382934517893,
              55.18208763395415
            ],
            [
              89.33877422783817,
              55.17905865899744
            ],
            [
              89.33346624535585,
              55.17617504714525
            ],
            [
              89.32791817909688,
              55.173443713269585
            ],
            [
              89.32214337782763,
              55.17087120571474
            ],
            [
              89.31615572572605,
              55.1684636908252
            ],
            [
              89.30996960920494,
              55.166226938387716
            ],
            [
              89.30359988262553,
              55.16416630801959
            ],
            [
              89.29706183298039,
              55.162286736533595
            ],
            [
              89.29037114362632,
              55.1605927263069
            ],
            [
              89.28354385714925,
              55.159088334679865
            ],
            [
              89.27659633744408,
              55.15777716440772
            ],
            [
              89.2695452310942,
              55.156662355186235
            ],
            [
              89.26240742813599,
              55.155746576269614
            ],
            [
              89.25520002229449,
              55.15503202019666
            ],
            [
              89.24794027077739,
              55.15452039763922
            ],
            [
              89.24064555371486,
              55.15421293338353
            ],
            [
              89.2333333333333,
              55.15411036345378
            ],
            [
              89.22602111295177,
              55.15421293338353
            ],
            [
              89.21872639588922,
              55.15452039763922
            ],
            [
              89.21146664437212,
              55.15503202019666
            ],
            [
              89.20425923853062,
              55.155746576269614
            ],
            [
              89.19712143557243,
              55.156662355186235
            ],
            [
              89.19007032922255,
              55.15777716440771
            ],
            [
              89.18312280951736,
              55.159088334679865
            ],
            [
              89.17629552304031,
              55.1605927263069
            ],
            [
              89.16960483368624,
              55.162286736533595
            ],
            [
              89.16306678404108,
              55.16416630801959
            ],
            [
              89.15669705746167,
              55.166226938387716
            ],
            [
              89.15051094094058,
              55.1684636908252
            ],
            [
              89.144523288839,
              55.17087120571474
            ],
            [
              89.13874848756971,
              55.173443713269585
            ],
            [
              89.13320042131076,
              55.17617504714525
            ],
            [
              89.12789243882844,
              55.17905865899744
            ],
            [
              89.12283732148768,
              55.18208763395415
            ],
            [
              89.11804725252395,
              55.18525470696745
            ],
            [
              89.11353378765118,
              55.18855228000854
            ],
            [
              89.10930782707597,
              55.19197244006752
            ],
            [
              89.10537958898706,
              55.19550697791747
            ],
            [
              89.10175858458629,
              55.19914740760063
            ],
            [
              89.09845359472402,
              55.20288498659209
            ],
            [
              89.09547264820002,
              55.206710736595696
            ],
            [
              89.09282300178657,
              55.21061546492416
            ],
            [
              89.09051112202839,
              55.21458978641449
            ],
            [
              89.0885426688695,
              55.21862414582811
            ],
            [
              89.08692248115425,
              55.22270884068385
            ],
            [
              89.0856545640455,
              55.22683404447038
            ],
            [
              89.0847420783991,
              55.230989830184136
            ],
            [
              89.08418733212929,
              55.235166194136816
            ],
            [
              89.08399177359604,
              55.239353079976816
            ],
            [
              89.08415598703981,
              55.24354040286698
            ],
            [
              89.08467969008534,
              55.247718073761185
            ],
            [
              89.08556173333102,
              55.25187602372156
            ],
            [
              89.086800102035,
              55.256004228217385
            ],
            [
              89.0883919199048,
              55.260092731347186
            ],
            [
              89.09033345499137,
              55.26413166992464
            ],
            [
              89.09262012768372,
              55.26811129736955
            ],
            [
              89.09524652079412,
              55.27202200734501
            ],
            [
              89.09820639171942,
              55.27585435708245
            ],
            [
              89.10149268665732,
              55.27959909033647
            ],
            [
              89.10509755685196,
              55.28324715991235
            ],
            [
              89.10901237683656,
              55.28678974970971
            ],
            [
              89.11322776463628,
              55.29021829622683
            ],
            [
              89.1177336038879,
              55.29352450947124
            ],
            [
              89.12251906782825,
              55.29670039322362
            ],
            [
              89.12757264509727,
              55.29973826460318
            ],
            [
              89.13288216729624,
              55.302630772884676
            ],
            [
              89.13843483823716,
              55.305370917518545
            ],
            [
              89.14421726481294,
              55.30795206530778
            ],
            [
              89.15021548941424,
              55.31036796669729
            ],
            [
              89.15641502381328,
              55.312612771133146
            ],
            [
              89.16280088443065,
              55.31468104145212
            ],
            [
              89.16935762889659,
              55.316567767263734
            ],
            [
              89.17606939381439,
              55.31826837728984
            ],
            [
              89.18291993362945,
              55.319778750629496
            ],
            [
              89.18989266050404,
              55.32109522691929
            ],
            [
              89.19697068509443,
              55.322214615362725
            ],
            [
              89.20413685812446,
              55.323134202604386
            ],
            [
              89.21137381264651,
              55.323851759428436
            ],
            [
              89.21866400687898,
              55.324365546263586
            ],
            [
              89.22598976750722,
              55.324674317479925
            ],
            [
              89.2333333333333,
              55.32477732446629
            ],
            [
              89.24067689915941,
              55.324674317479925
            ],
            [
              89.24800265978763,
              55.324365546263586
            ],
            [
              89.25529285402011,
              55.323851759428436
            ],
            [
              89.26252980854215,
              55.32313420260438
            ],
            [
              89.26969598157218,
              55.32221461536274
            ],
            [
              89.27677400616258,
              55.32109522691929
            ],
            [
              89.28374673303715,
              55.319778750629496
            ],
            [
              89.29059727285222,
              55.31826837728984
            ],
            [
              89.29730903777003,
              55.316567767263734
            ],
            [
              89.30386578223597,
              55.31468104145212
            ],
            [
              89.31025164285333,
              55.312612771133146
            ],
            [
              89.31645117725238,
              55.31036796669729
            ],
            [
              89.32244940185369,
              55.30795206530778
            ],
            [
              89.32823182842945,
              55.305370917518545
            ],
            [
              89.33378449937035,
              55.302630772884676
            ],
            [
              89.33909402156934,
              55.29973826460318
            ],
            [
              89.34414759883836,
              55.29670039322362
            ],
            [
              89.34893306277873,
              55.29352450947124
            ],
            [
              89.35343890203033,
              55.29021829622683
            ],
            [
              89.35765428983004,
              55.28678974970971
            ],
            [
              89.36156910981465,
              55.28324715991235
            ],
            [
              89.36517398000929,
              55.27959909033647
            ],
            [
              89.3684602749472,
              55.27585435708245
            ],
            [
              89.37142014587249,
              55.27202200734501
            ],
            [
              89.3740465389829,
              55.26811129736955
            ],
            [
              89.37633321167525,
              55.264131669924645
            ],
            [
              89.37827474676182,
              55.26009273134718
            ],
            [
              89.3798665646316,
              55.25600422821738
            ],
            [
              89.38110493333559,
              55.25187602372156
            ],
            [
              89.38198697658127,
              55.247718073761185
            ],
            [
              89.38251067962682,
              55.24354040286698
            ],
            [
              89.38267489307057,
              55.239353079976816
            ]
          ]
        ],
        "meta": {
          "shape": "circle"
        }
      },
      "properties": {
        "title": "J9719/26 for Krasnoyarsk International Airport",
        "text": "From: 2026-10-01 03:00:00+00:00\nTo: 2026-10-02 10:00:00+00:00\n\nAIRSPACE CLSD Within CIRCLE RADIUS 9.5KM CENTRE 551422N0891400E."
      }
    },
    {
      "type": "Feature",
      "geometry": {
        "type": "Polygon",
        "coordinates": [
          [
            [
              94.36664433438098,
              51.633133488958364
            ],
            [
              94.36635190721525,
              51.62651875198835
            ],
            [
              94.3655385106269,
              51.619920901344074
            ],
            [
              94.36420632881246,
              51.613355821025
            ],
            [
              94.36235879111855,
              51.6068393093434
            ],
            [
              94.36000056167104,
              51.60038704103936
            ],
            [
              94.3571375260976,
              51.59401452975636
            ],
            [
              94.35377677539547,
              51.58773709096543
            ],
            [
              94.34992658700138,
              51.58156980542405
            ],
            [
              94.34559640312708,
              51.575527483254575
            ],
            [
              94.34079680642846,
              51.56962462872469
            ],
            [
              94.33553949308175,
              51.563875405809874
            ],
            [
              94.329837243345,
              51.55829360461655
            ],
            [
              94.32370388968722,
              51.55289260874096
            ],
            [
              94.31715428257209,
              51.547685363637285
            ],
            [
              94.31020425398638,
              51.54268434606496
            ],
            [
              94.30287057880751,
              51.537901534683044
            ],
            [
              94.29517093410738,
              51.53334838185596
            ],
            [
              94.28712385649261,
              51.52903578673252
            ],
            [
              94.27874869758492,
              51.52497406965648
            ],
            [
              94.27006557774638,
              51.52117294796407
            ],
            [
              94.2610953381581,
              51.51764151322049
            ],
            [
              94.25185949136203,
              51.51438820994426
            ],
            [
              94.24238017037763,
              51.511420815864504
            ],
            [
              94.23268007650694,
              51.50874642375328
            ],
            [
              94.22278242594291,
              51.50637142487139
            ],
            [
              94.21271089529736,
              51.50430149406225
            ],
            [
              94.20248956616572,
              51.502541576525594
            ],
            [
              94.19214286884701,
              51.50109587629819
            ],
            [
              94.18169552533827,
              51.49996784646613
            ],
            [
              94.1711724917233,
              51.49916018112856
            ],
            [
              94.16059890007608,
              51.49867480913015
            ],
            [
              94.15,
              51.4985128895748
            ],
            [
              94.13940109992394,
              51.49867480913015
            ],
            [
              94.12882750827673,
              51.49916018112856
            ],
            [
              94.11830447466174,
              51.49996784646613
            ],
            [
              94.10785713115301,
              51.50109587629819
            ],
            [
              94.0975104338343,
              51.502541576525594
            ],
            [
              94.08728910470266,
              51.50430149406225
            ],
            [
              94.0772175740571,
              51.50637142487139
            ],
            [
              94.06731992349309,
              51.50874642375328
            ],
            [
              94.05761982962238,
              51.511420815864504
            ],
            [
              94.048140508638,
              51.51438820994426
            ],
            [
              94.03890466184193,
              51.51764151322049
            ],
            [
              94.02993442225365,
              51.52117294796407
            ],
            [
              94.02125130241511,
              51.52497406965648
            ],
            [
              94.01287614350741,
              51.52903578673252
            ],
            [
              94.00482906589265,
              51.53334838185596
            ],
            [
              93.9971294211925,
              51.537901534683044
            ],
            [
              93.98979574601364,
              51.54268434606496
            ],
            [
              93.98284571742794,
              51.547685363637285
            ],
            [
              93.9762961103128,
              51.55289260874096
            ],
            [
              93.97016275665503,
              51.55829360461656
            ],
            [
              93.96446050691827,
              51.563875405809874
            ],
            [
              93.95920319357155,
              51.56962462872469
            ],
            [
              93.95440359687295,
              51.575527483254575
            ],
            [
              93.95007341299865,
              51.58156980542405
            ],
            [
              93.94622322460455,
              51.587737090965426
            ],
            [
              93.94286247390241,
              51.59401452975636
            ],
            [
              93.93999943832898,
              51.60038704103935
            ],
            [
              93.93764120888147,
              51.60683930934339
            ],
            [
              93.93579367118755,
              51.613355821025
            ],
            [
              93.9344614893731,
              51.619920901344074
            ],
            [
              93.93364809278478,
              51.62651875198835
            ],
            [
              93.93335566561903,
              51.633133488958364
            ],
            [
              93.93358513950245,
              51.63974918072349
            ],
            [
              93.93433618906215,
              51.64634988655831
            ],
            [
              93.93560723051759,
              51.652919694967565
            ],
            [
              93.93739542331872,
              51.65944276210688
            ],
            [
              93.93969667484727,
              51.66590335010623
            ],
            [
              93.94250564819076,
              51.67228586520214
            ],
            [
              93.94581577299097,
              51.678574895585236
            ],
            [
              93.94961925936015,
              51.68475524886868
            ],
            [
              93.95390711485055,
              51.69081198908483
            ],
            [
              93.95866916445381,
              51.69673047311659
            ],
            [
              93.96389407359882,
              51.702496386471864
            ],
            [
              93.96956937410759,
              51.708095778309925
            ],
            [
              93.97568149306016,
              51.713515095630285
            ],
            [
              93.98221578451088,
              51.71874121653593
            ],
            [
              93.98915656398965,
              51.72376148248513
            ],
            [
              93.99648714571302,
              51.728563729447686
            ],
            [
              94.00418988242168,
              51.73313631788428
            ],
            [
              94.012246207752,
              51.737468161470176
            ],
            [
              94.02063668104182,
              51.741548754487155
            ],
            [
              94.02934103446164,
              51.74536819781139
            ],
            [
              94.0383382223555,
              51.7489172234276
            ],
            [
              94.04760647266787,
              51.752187217404305
            ],
            [
              94.05712334032557,
              51.75517024126805
            ],
            [
              94.06686576243764,
              51.75785905171935
            ],
            [
              94.07681011516908,
              51.76024711863671
            ],
            [
              94.08693227213864,
              51.762328641320124
            ],
            [
              94.0972076641856,
              51.764098562929746
            ],
            [
              94.10761134034568,
              51.76555258308033
            ],
            [
              94.11811802987113,
              51.76668716855714
            ],
            [
              94.12870220512741,
              51.76749956212387
            ],
            [
              94.13933814519464,
              51.76798778939839
            ],
            [
              94.15,
              51.76815066377776
            ],
            [
              94.16066185480538,
              51.76798778939839
            ],
            [
              94.1712977948726,
              51.76749956212387
            ],
            [
              94.18188197012888,
              51.76668716855714
            ],
            [
              94.19238865965434,
              51.765552583080336
            ],
            [
              94.20279233581442,
              51.764098562929746
            ],
            [
              94.21306772786139,
              51.76232864132013
            ],
            [
              94.22318988483093,
              51.76024711863671
            ],
            [
              94.23313423756238,
              51.75785905171935
            ],
            [
              94.24287665967445,
              51.75517024126805
            ],
            [
              94.25239352733215,
              51.752187217404305
            ],
            [
              94.2616617776445,
              51.74891722342759
            ],
            [
              94.27065896553839,
              51.74536819781139
            ],
            [
              94.2793633189582,
              51.74154875448715
            ],
            [
              94.28775379224801,
              51.737468161470176
            ],
            [
              94.29581011757834,
              51.73313631788428
            ],
            [
              94.30351285428699,
              51.728563729447686
            ],
            [
              94.31084343601037,
              51.72376148248513
            ],
            [
              94.31778421548914,
              51.71874121653593
            ],
            [
              94.32431850693986,
              51.71351509563029
            ],
            [
              94.33043062589242,
              51.708095778309925
            ],
            [
              94.33610592640119,
              51.702496386471864
            ],
            [
              94.3413308355462,
              51.69673047311659
            ],
            [
              94.34609288514945,
              51.69081198908483
            ],
            [
              94.35038074063985,
              51.68475524886868
            ],
            [
              94.35418422700906,
              51.678574895585236
            ],
            [
              94.35749435180925,
              51.672285865202134
            ],
            [
              94.36030332515274,
              51.66590335010621
            ],
            [
              94.36260457668129,
              51.65944276210688
            ],
            [
              94.36439276948244,
              51.652919694967565
            ],
            [
              94.36566381093787,
              51.64634988655831
            ],
            [
              94.36641486049756,
              51.63974918072349
            ],
            [
              94.36664433438098,
              51.633133488958364
            ]
          ]
        ],
        "meta": {
          "shape": "circle"
        }
      },
      "properties": {
        "title": "J9722/26 for Krasnoyarsk International Airport",
        "text": "From: 2026-09-29 01:00:00+00:00\nTo: 2026-09-29 11:00:00+00:00\n\nAIRSPACE CLSD Within CIRCLE RADIUS 15KM CENTRE 513800N0940900E."
      }
    },
    {
      "type": "Feature",
      "geometry": {
        "type": "Polygon",
        "coordinates": [
          [
            [
              91.40611111111112,
              52.845555555555556
            ],
            [
              91.41666666666667,
              52.83444444444444
            ],
            [
              91.40027777777779,
              52.82
            ],
            [
              91.37222222222222,
              52.8125
            ],
            [
              91.35249999999999,
              52.82694444444445
            ],
            [
              91.37638888888888,
              52.838055555555556
            ],
            [
              91.40611111111112,
              52.845555555555556
            ]
          ]
        ],
        "meta": {
          "shape": "polygon"
        }
      },
      "properties": {
        "title": "J9726/26 for Krasnoyarsk International Airport",
        "text": "From: 2026-09-29 01:30:00+00:00\nTo: 2026-10-03 13:00:00+00:00\n\nAIRSPACE CLSD Within AREA:\n\n525044N0912422E-525004N0912500E-524912N0912401E-524845N0912220E-\n\n524937N0912109E-525017N0912235E-525044N0912422E."
      }
    },
    {
      "type": "Feature",
      "geometry": {
        "type": "Polygon",
        "coordinates": [
          [
            [
              91.40843282906626,
              53.715555469398666
            ],
            [
              91.40842734145507,
              53.71542321135953
            ],
            [
              91.40841092041707,
              53.71529127235203
            ],
            [
              91.40838360561378,
              53.71515997022434
            ],
            [
              91.4083454629488,
              53.715029621287435
            ],
            [
              91.40829658440806,
              53.71490053955308
            ],
            [
              91.40823708783728,
              53.71477303597752
            ],
            [
              91.40816711665718,
              53.71464741771247
            ],
            [
              91.40808683951711,
              53.71452398736527
            ],
            [
              91.40799644988803,
              53.71440304227004
            ],
            [
              91.4078961655955,
              53.71428487377169
            ],
            [
              91.40778622829453,
              53.71416976652411
            ],
            [
              91.40766690288656,
              53.71405799780475
            ],
            [
              91.40753847688097,
              53.713949836846844
            ],
            [
              91.40740125970189,
              53.713845544191074
            ],
            [
              91.40725558194252,
              53.713745371058174
            ],
            [
              91.40710179456843,
              53.71364955874403
            ],
            [
              91.40694026807192,
              53.7135583380386
            ],
            [
              91.4067713915794,
              53.71347192867031
            ],
            [
              91.40659557191401,
              53.7133905387769
            ],
            [
              91.4064132326157,
              53.71331436440433
            ],
            [
              91.40622481292115,
              53.71324358903486
            ],
            [
              91.4060307667059,
              53.71317838314509
            ],
            [
              91.40583156139134,
              53.71311890379575
            ],
            [
              91.40562767681922,
              53.71306529425348
            ],
            [
              91.4054196040962,
              53.71301768364588
            ],
            [
              91.40520784441146,
              53.712976186650735
            ],
            [
              91.40499290782995,
              53.712940903219874
            ],
            [
              91.40477531206446,
              53.71291191833861
            ],
            [
              91.4045555812292,
              53.712889301821086
            ],
            [
              91.40433424457812,
              53.71287310814229
            ],
            [
              91.40411183523074,
              53.712863376306814
            ],
            [
              91.4038888888889,
              53.71286012975507
            ],
            [
              91.40366594254705,
              53.712863376306814
            ],
            [
              91.40344353319968,
              53.71287310814229
            ],
            [
              91.4032221965486,
              53.712889301821086
            ],
            [
              91.40300246571333,
              53.71291191833861
            ],
            [
              91.40278486994784,
              53.712940903219874
            ],
            [
              91.40256993336634,
              53.712976186650735
            ],
            [
              91.40235817368159,
              53.71301768364588
            ],
            [
              91.40215010095856,
              53.71306529425348
            ],
            [
              91.40194621638645,
              53.71311890379575
            ],
            [
              91.40174701107189,
              53.71317838314509
            ],
            [
              91.40155296485663,
              53.71324358903486
            ],
            [
              91.40136454516208,
              53.71331436440433
            ],
            [
              91.40118220586379,
              53.7133905387769
            ],
            [
              91.40100638619839,
              53.71347192867031
            ],
            [
              91.40083750970588,
              53.7135583380386
            ],
            [
              91.40067598320935,
              53.71364955874403
            ],
            [
              91.40052219583526,
              53.713745371058174
            ],
            [
              91.4003765180759,
              53.713845544191074
            ],
            [
              91.40023930089683,
              53.713949836846844
            ],
            [
              91.40011087489124,
              53.71405799780475
            ],
            [
              91.39999154948326,
              53.71416976652411
            ],
            [
              91.3998816121823,
              53.71428487377168
            ],
            [
              91.39978132788977,
              53.71440304227004
            ],
            [
              91.39969093826068,
              53.71452398736526
            ],
            [
              91.39961066112062,
              53.71464741771247
            ],
            [
              91.39954068994052,
              53.71477303597752
            ],
            [
              91.39948119336974,
              53.71490053955308
            ],
            [
              91.399432314829,
              53.71502962128744
            ],
            [
              91.39939417216402,
              53.71515997022434
            ],
            [
              91.39936685736073,
              53.715291272352026
            ],
            [
              91.39935043632273,
              53.71542321135953
            ],
            [
              91.39934494871154,
              53.715555469398666
            ],
            [
              91.3993504078501,
              53.71568772784973
            ],
            [
              91.39936680068968,
              53.71581966808907
            ],
            [
              91.39939408784032,
              53.7159509722566
            ],
            [
              91.39943220366473,
              53.71608132402176
            ],
            [
              91.39948105643546,
              53.716210409345514
            ],
            [
              91.39954052855501,
              53.71633791723705
            ],
            [
              91.39961047683809,
              53.71646354050309
            ],
            [
              91.39969073285589,
              53.716586976488166
            ],
            [
              91.39978110334089,
              53.71670792780379
            ],
            [
              91.39988137065181,
              53.71682610304522
            ],
            [
              91.39999129329728,
              53.71694121749357
            ],
            [
              91.40011060651693,
              53.71705299380208
            ],
            [
              91.40023902291884,
              53.717161162664404
            ],
            [
              91.40037623317129,
              53.717265463463754
            ],
            [
              91.40052190674781,
              53.71736564490095
            ],
            [
              91.40067569272311,
              53.71746146560017
            ],
            [
              91.4008372206184,
              53.71755269469064
            ],
            [
              91.40100610129377,
              53.717639112363244
            ],
            [
              91.40118192788579,
              53.71772051040025
            ],
            [
              91.40136427678779,
              53.71779669267722
            ],
            [
              91.40155270867064,
              53.717867475635856
            ],
            [
              91.4017467695414,
              53.7179326887264
            ],
            [
              91.40194599183755,
              53.71799217481879
            ],
            [
              91.40214989555378,
              53.71804579058148
            ],
            [
              91.40235798939906,
              53.71809340682693
            ],
            [
              91.40256977198084,
              53.71813490882308
            ],
            [
              91.40278473301358,
              53.718170196569915
            ],
            [
              91.40300235454906,
              53.71819918504058
            ],
            [
              91.40322211222488,
              53.718221804386346
            ],
            [
              91.40344347652864,
              53.71823800010501
            ],
            [
              91.40366591407442,
              53.718247733172305
            ],
            [
              91.4038888888889,
              53.718250980135984
            ],
            [
              91.40411186370338,
              53.718247733172305
            ],
            [
              91.40433430124916,
              53.71823800010501
            ],
            [
              91.4045556655529,
              53.718221804386346
            ],
            [
              91.40477542322873,
              53.71819918504058
            ],
            [
              91.40499304476423,
              53.718170196569915
            ],
            [
              91.40520800579696,
              53.71813490882308
            ],
            [
              91.40541978837872,
              53.71809340682693
            ],
            [
              91.40562788222401,
              53.71804579058147
            ],
            [
              91.40583178594024,
              53.71799217481878
            ],
            [
              91.40603100823638,
              53.71793268872639
            ],
            [
              91.40622506910715,
              53.717867475635856
            ],
            [
              91.40641350099001,
              53.71779669267722
            ],
            [
              91.406595849892,
              53.71772051040024
            ],
            [
              91.40677167648403,
              53.717639112363244
            ],
            [
              91.40694055715939,
              53.717552694690646
            ],
            [
              91.40710208505466,
              53.71746146560017
            ],
            [
              91.40725587102999,
              53.71736564490095
            ],
            [
              91.40740154460651,
              53.717265463463754
            ],
            [
              91.40753875485895,
              53.717161162664404
            ],
            [
              91.40766717126084,
              53.71705299380207
            ],
            [
              91.40778648448052,
              53.71694121749358
            ],
            [
              91.40789640712599,
              53.716826103045214
            ],
            [
              91.40799667443693,
              53.716707927803796
            ],
            [
              91.40808704492191,
              53.716586976488166
            ],
            [
              91.4081673009397,
              53.71646354050309
            ],
            [
              91.40823724922278,
              53.71633791723704
            ],
            [
              91.40829672134232,
              53.716210409345514
            ],
            [
              91.40834557411307,
              53.716081324021765
            ],
            [
              91.40838368993748,
              53.7159509722566
            ],
            [
              91.40841097708811,
              53.71581966808907
            ],
            [
              91.4084273699277,
              53.71568772784973
            ],
            [
              91.40843282906626,
              53.715555469398666
            ]
          ]
        ],
        "meta": {
          "shape": "circle"
        }
      },
      "properties": {
        "title": "J9729/26 for Krasnoyarsk International Airport",
        "text": "From: 2026-09-29 08:00:00+00:00\nTo: 2026-09-29 10:00:00+00:00\n\nAIRSPACE CLSD Within CIRCLE RADIUS 0.3KM CENTRE 534256N0912414E."
      }
    },
    {
      "type": "Feature",
      "geometry": {
        "type": "Polygon",
        "coordinates": [
          [
            [
              92.93201367389617,
              55.94999584207717
            ],
            [
              92.9319743857105,
              55.949114456961276
            ],
            [
              92.93185807372274,
              55.948235215000565
            ],
            [
              92.9316650233318,
              55.94736023414957
            ],
            [
              92.93139570470451,
              55.94649162195665
            ],
            [
              92.93105077159406,
              55.945631470490085
            ],
            [
              92.93063105971738,
              55.944781851302935
            ],
            [
              92.93013758469638,
              55.94394481044855
            ],
            [
              92.92957153956776,
              55.943122363558636
            ],
            [
              92.9289342918685,
              55.94231649099597
            ],
            [
              92.92822738030401,
              55.9415291330929
            ],
            [
              92.92745251100739,
              55.94076218548744
            ],
            [
              92.9266115533993,
              55.94001749456779
            ],
            [
              92.9257065356584,
              55.93929685303641
            ],
            [
              92.924739639814,
              55.93860199560386
            ],
            [
              92.92371319647229,
              55.93793459482309
            ],
            [
              92.92262967918965,
              55.93729625707374
            ],
            [
              92.92149169850634,
              55.93668851870617
            ],
            [
              92.92030199565514,
              55.93611284235429
            ],
            [
              92.91906343595998,
              55.935570613426044
            ],
            [
              92.91777900194074,
              55.93506313677976
            ],
            [
              92.91645178614033,
              55.934591633594216
            ],
            [
              92.9150849836917,
              55.93415723843999
            ],
            [
              92.91368188464197,
              55.93376099655894
            ],
            [
              92.91224586605257,
              55.93340386135813
            ],
            [
              92.9107803838936,
              55.93308669212428
            ],
            [
              92.90928896475204,
              55.9328102519641
            ],
            [
              92.9077751973733,
              55.93257520597532
            ],
            [
              92.90624272405614,
              55.93238211965282
            ],
            [
              92.9046952319214,
              55.932231457533504
            ],
            [
              92.90313644407483,
              55.932123582083165
            ],
            [
              92.90157011068548,
              55.93205875282806
            ],
            [
              92.9,
              55.93203712573307
            ],
            [
              92.89842988931453,
              55.93205875282806
            ],
            [
              92.89686355592518,
              55.932123582083165
            ],
            [
              92.89530476807863,
              55.932231457533504
            ],
            [
              92.89375727594387,
              55.93238211965282
            ],
            [
              92.89222480262673,
              55.93257520597532
            ],
            [
              92.89071103524799,
              55.9328102519641
            ],
            [
              92.88921961610643,
              55.93308669212428
            ],
            [
              92.88775413394745,
              55.93340386135813
            ],
            [
              92.88631811535805,
              55.93376099655894
            ],
            [
              92.88491501630833,
              55.93415723843999
            ],
            [
              92.88354821385968,
              55.934591633594216
            ],
            [
              92.8822209980593,
              55.93506313677976
            ],
            [
              92.88093656404004,
              55.935570613426044
            ],
            [
              92.87969800434487,
              55.93611284235429
            ],
            [
              92.87850830149367,
              55.93668851870617
            ],
            [
              92.87737032081037,
              55.93729625707374
            ],
            [
              92.87628680352772,
              55.93793459482309
            ],
            [
              92.875260360186,
              55.93860199560386
            ],
            [
              92.8742934643416,
              55.93929685303641
            ],
            [
              92.87338844660073,
              55.9400174945678
            ],
            [
              92.87254748899264,
              55.94076218548744
            ],
            [
              92.87177261969602,
              55.9415291330929
            ],
            [
              92.87106570813151,
              55.94231649099597
            ],
            [
              92.87042846043227,
              55.943122363558636
            ],
            [
              92.86986241530364,
              55.94394481044856
            ],
            [
              92.86936894028263,
              55.944781851302935
            ],
            [
              92.86894922840597,
              55.945631470490085
            ],
            [
              92.86860429529551,
              55.946491621956646
            ],
            [
              92.86833497666822,
              55.94736023414957
            ],
            [
              92.86814192627727,
              55.94823521500056
            ],
            [
              92.86802561428952,
              55.949114456961276
            ],
            [
              92.86798632610386,
              55.94999584207717
            ],
            [
              92.86802416161366,
              55.95087724708769
            ],
            [
              92.86813903491559,
              55.95175654854068
            ],
            [
              92.86833067446608,
              55.952631627908616
            ],
            [
              92.86859862368546,
              55.953500376694436
            ],
            [
              92.86894224200866,
              55.954360701514354
            ],
            [
              92.86936070638085,
              55.95521052914583
            ],
            [
              92.86985301319429,
              55.956047811528116
            ],
            [
              92.87041798066278,
              55.95687053070341
            ],
            [
              92.87105425162773,
              55.95767670368673
            ],
            [
              92.87176029679027,
              55.95846438725248
            ],
            [
              92.87253441836117,
              55.959231682626346
            ],
            [
              92.87337475412087,
              55.959976740070914
            ],
            [
              92.87427928187934,
              55.96069776335394
            ],
            [
              92.87524582432619,
              55.96139301408835
            ],
            [
              92.8762720542586,
              55.96206081593348
            ],
            [
              92.87735550017548,
              55.96269955864723
            ],
            [
              92.8784935522238,
              55.963307701979225
            ],
            [
              92.87968346848359,
              55.963883779395516
            ],
            [
              92.88092238157562,
              55.964426401625666
            ],
            [
              92.88220730557666,
              55.96493426002368
            ],
            [
              92.883535143225,
              55.96540612973428
            ],
            [
              92.88490269339898,
              55.96584087265703
            ],
            [
              92.88630665885043,
              55.96623744020087
            ],
            [
              92.88774365417406,
              55.96659487582248
            ],
            [
              92.88921021399327,
              55.966912317341865
            ],
            [
              92.89070280134261,
              55.967188999030064
            ],
            [
              92.89221781622618,
              55.967424253463285
            ],
            [
              92.89375160433106,
              55.96761751313925
            ],
            [
              92.89530046587433,
              55.96776831185156
            ],
            [
              92.896860664562,
              55.967876285818924
            ],
            [
              92.8984284366379,
              55.96794117456632
            ],
            [
              92.9,
              55.967962821555936
            ],
            [
              92.90157156336213,
              55.96794117456633
            ],
            [
              92.90313933543801,
              55.967876285818924
            ],
            [
              92.90469953412568,
              55.96776831185156
            ],
            [
              92.90624839566897,
              55.96761751313925
            ],
            [
              92.90778218377385,
              55.96742425346329
            ],
            [
              92.90929719865741,
              55.967188999030064
            ],
            [
              92.91078978600675,
              55.96691231734186
            ],
            [
              92.91225634582595,
              55.96659487582248
            ],
            [
              92.91369334114958,
              55.96623744020087
            ],
            [
              92.91509730660104,
              55.96584087265703
            ],
            [
              92.91646485677502,
              55.96540612973428
            ],
            [
              92.91779269442335,
              55.96493426002368
            ],
            [
              92.9190776184244,
              55.964426401625666
            ],
            [
              92.92031653151645,
              55.963883779395516
            ],
            [
              92.92150644777622,
              55.96330770197923
            ],
            [
              92.92264449982454,
              55.96269955864723
            ],
            [
              92.9237279457414,
              55.96206081593348
            ],
            [
              92.92475417567383,
              55.96139301408835
            ],
            [
              92.92572071812067,
              55.96069776335394
            ],
            [
              92.92662524587917,
              55.95997674007092
            ],
            [
              92.92746558163884,
              55.95923168262634
            ],
            [
              92.92823970320975,
              55.95846438725247
            ],
            [
              92.92894574837229,
              55.957676703686715
            ],
            [
              92.92958201933723,
              55.956870530703405
            ],
            [
              92.93014698680572,
              55.956047811528116
            ],
            [
              92.93063929361918,
              55.95521052914583
            ],
            [
              92.93105775799135,
              55.95436070151436
            ],
            [
              92.93140137631457,
              55.95350037669444
            ],
            [
              92.93166932553393,
              55.952631627908616
            ],
            [
              92.93186096508443,
              55.95175654854068
            ],
            [
              92.93197583838636,
              55.95087724708769
            ],
            [
              92.93201367389617,
              55.94999584207717
            ]
          ]
        ],
        "meta": {
          "shape": "circle"
        }
      },
      "properties": {
        "title": "J9761/26 for Krasnoyarsk International Airport",
        "text": "From: 2026-09-29 04:00:00+00:00\nTo: 2026-09-29 07:00:00+00:00\n\nAIRSPACE CLSD Within CIRCLE RADIUS 2KM CENTRE 555700N0925400E."
      }
    },
    {
      "type": "Feature",
      "geometry": {
        "type": "Polygon",
        "coordinates": [
          [
            [
              97.53916666666666,
              56.12833333333333
            ],
            [
              97.71361111111112,
              56.07611111111112
            ],
            [
              97.8261111111111,
              56.004444444444445
            ],
            [
              97.99555555555555,
              55.92972222222222
            ],
            [
              97.97472222222223,
              55.91083333333333
            ],
            [
              97.90416666666667,
              55.91111111111111
            ],
            [
              97.88833333333334,
              55.920833333333334
            ],
            [
              97.90166666666667,
              55.94
            ],
            [
              97.77638888888889,
              55.985
            ],
            [
              97.705,
              56.030277777777776
            ],
            [
              97.6388888888889,
              56.035
            ],
            [
              97.60749999999999,
              56.07166666666667
            ],
            [
              97.51361111111112,
              56.095555555555556
            ],
            [
              97.4325,
              56.10638888888889
            ],
            [
              97.4475,
              56.141666666666666
            ],
            [
              97.53916666666666,
              56.12833333333333
            ]
          ]
        ],
        "meta": {
          "shape": "polygon"
        }
      },
      "properties": {
        "title": "J9763/26 for Krasnoyarsk International Airport",
        "text": "From: 2026-10-03 00:00:00+00:00\nTo: 2026-10-08 14:00:00+00:00\n\nAIRSPACE CLSD AS FLW:\n\n1. AREA: 560623N0972557E-560830N0972651E-560742N0973221E-\n\n         560434N0974249E-560016N0974934E-555547N0975944E-\n\n         555439N0975829E-555440N0975415E-555515N0975318E-\n\n         555624N0975406E-555906N0974635E-560149N0974218E-\n\n         560206N0973820E-560418N0973627E-560544N0973049E-\n\n         560623N0972557E\n\n   650M AMSL-1300M AMSL.\n\n2. Within CIRCLE RADIUS 1KM CENTRE 555518N0975433E\n\n   GND-1300M AMSL.\n\n3. Within CIRCLE RADIUS 1KM CENTRE 560237N0973908E\n\n   GND-1300M AMSL."
      }
    },
    {
      "type": "Feature",
      "geometry": {
        "type": "Polygon",
        "coordinates": [
          [
            [
              93.5034565628911,
              58.13444426371914
            ],
            [
              93.50344835067274,
              58.13426804699641
            ],
            [
              93.50342380102592,
              58.13409225565741
            ],
            [
              93.50338297333244,
              58.13391731318948
            ],
            [
              93.50332596618462,
              58.133743641028886
            ],
            [
              93.50325291714564,
              58.133571657545616
            ],
            [
              93.5031640024159,
              58.1334017770357
            ],
            [
              93.5030594364064,
              58.13323440872344
            ],
            [
              93.50293947122027,
              58.133069955775774
            ],
            [
              93.50280439604349,
              58.13290881433153
            ],
            [
              93.50265453644654,
              58.13275137254736
            ],
            [
              93.50249025359852,
              58.13259800966315
            ],
            [
              93.50231194339558,
              58.132449095088944
            ],
            [
              93.50212003550611,
              58.13230498751538
            ],
            [
              93.5019149923345,
              58.13216603405032
            ],
            [
              93.50169730790651,
              58.13203256938303
            ],
            [
              93.50146750667845,
              58.131904914978634
            ],
            [
              93.50122614227345,
              58.13178337830417
            ],
            [
              93.50097379614756,
              58.13166825208853
            ],
            [
              93.50071107618913,
              58.1315598136179
            ],
            [
              93.5004386152547,
              58.13145832406829
            ],
            [
              93.50015706964491,
              58.13136402787695
            ],
            [
              93.49986711752426,
              58.13127715215414
            ],
            [
              93.49956945728833,
              58.13119790613649
            ],
            [
              93.49926480588248,
              58.13112648068345
            ],
            [
              93.49895389707599,
              58.131063047818
            ],
            [
              93.49863747969604,
              58.13100776031278
            ],
            [
              93.49831631582538,
              58.13096075132227
            ],
            [
              93.49799117896825,
              58.13092213406252
            ],
            [
              93.49766285218897,
              58.130892001538676
            ],
            [
              93.49733212622756,
              58.13087042632118
            ],
            [
              93.49699979759704,
              58.13085746037117
            ],
            [
              93.4966666666667,
              58.13085313491541
            ],
            [
              93.49633353573635,
              58.13085746037117
            ],
            [
              93.49600120710583,
              58.13087042632118
            ],
            [
              93.49567048114443,
              58.130892001538676
            ],
            [
              93.49534215436515,
              58.13092213406252
            ],
            [
              93.49501701750802,
              58.13096075132227
            ],
            [
              93.49469585363735,
              58.13100776031278
            ],
            [
              93.4943794362574,
              58.131063047818
            ],
            [
              93.49406852745092,
              58.13112648068345
            ],
            [
              93.49376387604507,
              58.13119790613649
            ],
            [
              93.49346621580914,
              58.13127715215414
            ],
            [
              93.4931762636885,
              58.13136402787695
            ],
            [
              93.49289471807869,
              58.131458324068284
            ],
            [
              93.49262225714426,
              58.1315598136179
            ],
            [
              93.49235953718583,
              58.13166825208853
            ],
            [
              93.49210719105994,
              58.13178337830417
            ],
            [
              93.49186582665494,
              58.131904914978634
            ],
            [
              93.49163602542689,
              58.13203256938303
            ],
            [
              93.49141834099889,
              58.13216603405032
            ],
            [
              93.49121329782729,
              58.13230498751538
            ],
            [
              93.49102138993781,
              58.132449095088944
            ],
            [
              93.49084307973489,
              58.13259800966315
            ],
            [
              93.49067879688685,
              58.13275137254736
            ],
            [
              93.49052893728991,
              58.13290881433153
            ],
            [
              93.49039386211312,
              58.13306995577579
            ],
            [
              93.490273896927,
              58.13323440872344
            ],
            [
              93.4901693309175,
              58.1334017770357
            ],
            [
              93.49008041618775,
              58.133571657545616
            ],
            [
              93.49000736714878,
              58.13374364102888
            ],
            [
              93.48995036000096,
              58.13391731318948
            ],
            [
              93.48990953230748,
              58.13409225565739
            ],
            [
              93.48988498266066,
              58.13426804699641
            ],
            [
              93.4898767704423,
              58.13444426371914
            ],
            [
              93.48988491567816,
              58.13462048130723
            ],
            [
              93.48990939898758,
              58.134796275233924
            ],
            [
              93.48995016162759,
              58.13497122198694
            ],
            [
              93.49000710563239,
              58.13514490008879
            ],
            [
              93.49008009404689,
              58.13531689111224
            ],
            [
              93.49016895125455,
              58.13548678068866
            ],
            [
              93.49027346339831,
              58.135654159506444
            ],
            [
              93.49039337889384,
              58.13581862429744
            ],
            [
              93.49052840903369,
              58.1359797788088
            ],
            [
              93.49067822868109,
              58.13613723475802
            ],
            [
              93.49084247705171,
              58.13629061276877
            ],
            [
              93.4910207585814,
              58.13643954328538
            ],
            [
              93.49121264387794,
              58.136583667463604
            ],
            [
              93.4914176707545,
              58.13672263803577
            ],
            [
              93.49163534534226,
              58.13685612014775
            ],
            [
              93.49186514327968,
              58.136983792166504
            ],
            [
              93.49210651097532,
              58.13710534645533
            ],
            [
              93.49235886694144,
              58.13722049011566
            ],
            [
              93.4926216031949,
              58.13732894569338
            ],
            [
              93.49289408672229,
              58.13743045184769
            ],
            [
              93.49317566100531,
              58.137524763981396
            ],
            [
              93.49346564760337,
              58.13761165483078
            ],
            [
              93.49376334778884,
              58.137690915013465
            ],
            [
              93.49406804423164,
              58.13776235353363
            ],
            [
              93.49437900272873,
              58.13782579824242
            ],
            [
              93.49469547397439,
              58.13788109625317
            ],
            [
              93.49501669536714,
              58.137928114310185
            ],
            [
              93.49534189284876,
              58.13796673911011
            ],
            [
              93.49567028277107,
              58.13799687757521
            ],
            [
              93.49600107378593,
              58.138018457077806
            ],
            [
              93.49633346875387,
              58.13803142561547
            ],
            [
              93.4966666666667,
              58.138035751936584
            ],
            [
              93.49699986457952,
              58.13803142561547
            ],
            [
              93.49733225954746,
              58.138018457077806
            ],
            [
              93.49766305056232,
              58.13799687757521
            ],
            [
              93.49799144048464,
              58.13796673911013
            ],
            [
              93.49831663796625,
              58.137928114310185
            ],
            [
              93.49863785935901,
              58.13788109625315
            ],
            [
              93.49895433060466,
              58.13782579824242
            ],
            [
              93.49926528910176,
              58.13776235353363
            ],
            [
              93.49956998554455,
              58.137690915013465
            ],
            [
              93.49986768573002,
              58.13761165483077
            ],
            [
              93.50015767232809,
              58.13752476398141
            ],
            [
              93.50043924661112,
              58.13743045184769
            ],
            [
              93.50071173013849,
              58.13732894569338
            ],
            [
              93.50097446639195,
              58.13722049011567
            ],
            [
              93.50122682235808,
              58.13710534645534
            ],
            [
              93.50146819005371,
              58.136983792166504
            ],
            [
              93.50169798799114,
              58.13685612014775
            ],
            [
              93.5019156625789,
              58.13672263803576
            ],
            [
              93.50212068945545,
              58.1365836674636
            ],
            [
              93.502312574752,
              58.13643954328538
            ],
            [
              93.50249085628168,
              58.136290612768754
            ],
            [
              93.5026551046523,
              58.13613723475802
            ],
            [
              93.5028049242997,
              58.1359797788088
            ],
            [
              93.50293995443955,
              58.13581862429744
            ],
            [
              93.50305986993509,
              58.135654159506444
            ],
            [
              93.50316438207885,
              58.13548678068866
            ],
            [
              93.50325323928651,
              58.135316891112254
            ],
            [
              93.50332622770101,
              58.13514490008879
            ],
            [
              93.5033831717058,
              58.13497122198695
            ],
            [
              93.50342393434582,
              58.134796275233924
            ],
            [
              93.50344841765524,
              58.13462048130723
            ],
            [
              93.5034565628911,
              58.13444426371914
            ]
          ]
        ],
        "meta": {
          "shape": "circle"
        }
      },
      "properties": {
        "title": "J9782/26 for Krasnoyarsk International Airport",
        "text": "From: 2026-09-30 03:00:00+00:00\nTo: 2026-10-03 10:00:00+00:00\n\nAIRSPACE CLSD Within CIRCLE RADIUS 0.4KM CENTRE 580804N0932948E."
      }
    },
    {
      "type": "Feature",
      "geometry": {
        "type": "Polygon",
        "coordinates": [
          [
            [
              85.02665710013542,
              53.681107286706286
            ],
            [
              85.02662000935555,
              53.680225569204744
            ],
            [
              85.02651009375778,
              53.679345994055446
            ],
            [
              85.02632762265291,
              53.678470680033236
            ],
            [
              85.02607304005613,
              53.67760173551805
            ],
            [
              85.02574696357466,
              53.67674125341888
            ],
            [
              85.02535018287863,
              53.67589130613611
            ],
            [
              85.02488365775893,
              53.67505394057451
            ],
            [
              85.02434851577748,
              53.674231173218764
            ],
            [
              85.02374604951554,
              53.673424985283305
            ],
            [
              85.02307771342737,
              53.67263731794804
            ],
            [
              85.02234512030682,
              53.67187006769166
            ],
            [
              85.02155003737604,
              53.67112508173305
            ],
            [
              85.02069438200552,
              53.6704041535925
            ],
            [
              85.0197802170763,
              53.66970901878253
            ],
            [
              85.01880974599564,
              53.6690413506391
            ],
            [
              85.01778530737832,
              53.66840275630304
            ],
            [
              85.01670936940623,
              53.667794772860994
            ],
            [
              85.01558452388036,
              53.667218863655435
            ],
            [
              85.01441347997913,
              53.666676414772276
            ],
            [
              85.01319905773818,
              53.666168731714436
            ],
            [
              85.01194418126755,
              53.66569703626927
            ],
            [
              85.01065187172199,
              53.66526246357742
            ],
            [
              85.00932524004149,
              53.664866059409846
            ],
            [
              85.00796747947953,
              53.66450877765945
            ],
            [
              85.0065818579362,
              53.66419147805365
            ],
            [
              85.0051717101152,
              53.66391492409252
            ],
            [
              85.00374042952274,
              53.6636797812184
            ],
            [
              85.00229146032741,
              53.663486615220286
            ],
            [
              85.00082828910064,
              53.663335890877526
            ],
            [
              84.99935443645681,
              53.663227970845654
            ],
            [
              84.99787344861312,
              53.66316311478703
            ],
            [
              84.9963888888889,
              53.6631414787484
            ],
            [
              84.99490432916468,
              53.66316311478703
            ],
            [
              84.99342334132099,
              53.663227970845654
            ],
            [
              84.99194948867716,
              53.663335890877526
            ],
            [
              84.99048631745039,
              53.663486615220286
            ],
            [
              84.98903734825507,
              53.6636797812184
            ],
            [
              84.9876060676626,
              53.66391492409252
            ],
            [
              84.9861959198416,
              53.66419147805365
            ],
            [
              84.98481029829827,
              53.66450877765945
            ],
            [
              84.98345253773631,
              53.664866059409846
            ],
            [
              84.98212590605581,
              53.66526246357742
            ],
            [
              84.98083359651025,
              53.66569703626927
            ],
            [
              84.97957872003963,
              53.66616873171443
            ],
            [
              84.97836429779868,
              53.666676414772276
            ],
            [
              84.97719325389744,
              53.667218863655435
            ],
            [
              84.97606840837157,
              53.667794772860994
            ],
            [
              84.97499247039949,
              53.66840275630304
            ],
            [
              84.97396803178216,
              53.6690413506391
            ],
            [
              84.9729975607015,
              53.66970901878253
            ],
            [
              84.97208339577229,
              53.6704041535925
            ],
            [
              84.97122774040176,
              53.67112508173305
            ],
            [
              84.97043265747098,
              53.67187006769166
            ],
            [
              84.96970006435042,
              53.67263731794804
            ],
            [
              84.96903172826227,
              53.673424985283305
            ],
            [
              84.96842926200031,
              53.674231173218764
            ],
            [
              84.96789412001887,
              53.67505394057451
            ],
            [
              84.96742759489918,
              53.67589130613611
            ],
            [
              84.96703081420314,
              53.67674125341888
            ],
            [
              84.96670473772167,
              53.67760173551806
            ],
            [
              84.96645015512489,
              53.678470680033236
            ],
            [
              84.96626768402002,
              53.67934599405545
            ],
            [
              84.96615776842225,
              53.680225569204744
            ],
            [
              84.96612067764238,
              53.681107286706286
            ],
            [
              84.96615650559468,
              53.68198902249279
            ],
            [
              84.9662651705266,
              53.68286865232078
            ],
            [
              84.9664464151719,
              53.68374405688889
            ],
            [
              84.96669980732688,
              53.68461312694519
            ],
            [
              84.96702474084893,
              53.6854737683716
            ],
            [
              84.96742043707522,
              53.68632390723338
            ],
            [
              84.96788594665888,
              53.68716149478073
            ],
            [
              84.9684201518182,
              53.68798451239111
            ],
            [
              84.969021768994,
              53.68879097644006
            ],
            [
              84.96968935190918,
              53.68957894308844
            ],
            [
              84.97042129502334,
              53.69034651297513
            ],
            [
              84.97121583737432,
              53.69109183580296
            ],
            [
              84.97207106679764,
              53.691813114807424
            ],
            [
              84.97298492451442,
              53.69250861109701
            ],
            [
              84.973955210076,
              53.69317664785447
            ],
            [
              84.97497958665427,
              53.693815614389074
            ],
            [
              84.97605558666483,
              53.69442397002967
            ],
            [
              84.97718061770922,
              53.6950002478493
            ],
            [
              84.97835196882241,
              53.69554305821211
            ],
            [
              84.97956681701008,
              53.69605109213395
            ],
            [
              84.98082223406014,
              53.69652312444843
            ],
            [
              84.98211519361182,
              53.69695801677065
            ],
            [
              84.98344257846513,
              53.697354720251504
            ],
            [
              84.9848011881132,
              53.697712278115446
            ],
            [
              84.98618774647872,
              53.69802982797603
            ],
            [
              84.9875989098359,
              53.698306603922994
            ],
            [
              84.9890312748984,
              53.69854193837622
            ],
            [
              84.99048138705352,
              53.698735263701685
            ],
            [
              84.99194574872251,
              53.6988861135856
            ],
            [
              84.99342082782641,
              53.698994124163434
            ],
            [
              84.99490306633653,
              53.69905903490083
            ],
            [
              84.9963888888889,
              53.69908068922439
            ],
            [
              84.99787471144127,
              53.69905903490083
            ],
            [
              84.99935694995139,
              53.69899412416345
            ],
            [
              85.00083202905529,
              53.69888611358561
            ],
            [
              85.00229639072428,
              53.698735263701685
            ],
            [
              85.00374650287942,
              53.69854193837623
            ],
            [
              85.00517886794191,
              53.698306603922994
            ],
            [
              85.00659003129908,
              53.69802982797603
            ],
            [
              85.00797658966461,
              53.697712278115446
            ],
            [
              85.00933519931267,
              53.697354720251504
            ],
            [
              85.01066258416598,
              53.69695801677065
            ],
            [
              85.01195554371766,
              53.69652312444842
            ],
            [
              85.01321096076772,
              53.69605109213394
            ],
            [
              85.01442580895541,
              53.69554305821211
            ],
            [
              85.0155971600686,
              53.69500024784929
            ],
            [
              85.01672219111298,
              53.69442397002967
            ],
            [
              85.01779819112352,
              53.693815614389074
            ],
            [
              85.0188225677018,
              53.69317664785447
            ],
            [
              85.01979285326338,
              53.69250861109701
            ],
            [
              85.02070671098016,
              53.691813114807424
            ],
            [
              85.0215619404035,
              53.69109183580296
            ],
            [
              85.02235648275446,
              53.69034651297514
            ],
            [
              85.02308842586861,
              53.68957894308845
            ],
            [
              85.0237560087838,
              53.68879097644006
            ],
            [
              85.02435762595961,
              53.68798451239112
            ],
            [
              85.02489183111892,
              53.68716149478073
            ],
            [
              85.02535734070258,
              53.68632390723338
            ],
            [
              85.02575303692888,
              53.6854737683716
            ],
            [
              85.02607797045091,
              53.68461312694518
            ],
            [
              85.0263313626059,
              53.683744056888905
            ],
            [
              85.0265126072512,
              53.68286865232078
            ],
            [
              85.02662127218312,
              53.68198902249279
            ],
            [
              85.02665710013542,
              53.681107286706286
            ]
          ]
        ],
        "meta": {
          "shape": "circle"
        }
      },
      "properties": {
        "title": "J9463/26 for Novosibirsk Tolmachevo Airport",
        "text": "From: 2026-09-30 05:00:00+00:00\nTo: 2026-09-30 10:00:00+00:00\n\nAIRSPACE CLSD Within CIRCLE RADIUS 2KM CENTRE 534052N0845947E."
      }
    },
    {
      "type": "Feature",
      "geometry": {
        "type": "Polygon",
        "coordinates": [
          [
            [
              71.20916666666668,
              55.99527777777778
            ],
            [
              71.03666666666666,
              56.085
            ],
            [
              70.90555555555557,
              56.08916666666667
            ],
            [
              70.79416666666667,
              56.11277777777778
            ],
            [
              70.72638888888889,
              56.174166666666665
            ],
            [
              70.57805555555555,
              56.19833333333333
            ],
            [
              70.51805555555555,
              56.283055555555556
            ],
            [
              70.41416666666667,
              56.315555555555555
            ],
            [
              70.2063888888889,
              56.388888888888886
            ],
            [
              70.05888888888889,
              56.421388888888885
            ],
            [
              69.99222222222222,
              56.50527777777778
            ],
            [
              70.01861111111111,
              56.533055555555556
            ],
            [
              70.11749999999999,
              56.44555555555555
            ],
            [
              70.245,
              56.41777777777777
            ],
            [
              70.54416666666667,
              56.31055555555555
            ],
            [
              70.76055555555556,
              56.19166666666666
            ],
            [
              70.82555555555555,
              56.141666666666666
            ],
            [
              71.06055555555555,
              56.10916666666667
            ],
            [
              71.23388888888888,
              56.015
            ],
            [
              71.35749999999999,
              55.99305555555556
            ],
            [
              71.34027777777777,
              55.96638888888889
            ],
            [
              71.20916666666668,
              55.99527777777778
            ]
          ]
        ],
        "meta": {
          "shape": "polygon"
        }
      },
      "properties": {
        "title": "J9494/26 for Novosibirsk Tolmachevo Airport",
        "text": "From: 2026-09-30 03:00:00+00:00\nTo: 2026-10-05 14:00:00+00:00\n\nAIRSPACE CLSD AS FLW:\n\n1. AREA: 555935N0712127E-555759N0712025E-555943N0711233E-\n\n         560506N0710212E-560521N0705420E-560646N0704739E-\n\n         561027N0704335E-561154N0703441E-561659N0703105E-\n\n         561856N0702451E-562320N0701223E-562517N0700332E-\n\n         563019N0695932E-563159N0700107E-562644N0700703E-\n\n         562504N0701442E-561838N0703239E-561130N0704538E-\n\n         560830N0704932E-560633N0710338E-560054N0711402E-\n\n         555935N0712127E\n\n   350M AMSL-750M AMSL.\n\n2. Within CIRCLE RADIUS 1KM CENTRE 563016N0700045E\n\n   GND-750M AMSL.\n\n3. Within CIRCLE RADIUS 1KM CENTRE 560006N0711438E\n\n   GND-750M AMSL.\n\n4. Within CIRCLE RADIUS 1.5KM CENTRE 561240N0703607E\n\n   GND-750M AMSL."
      }
    },
    {
      "type": "Feature",
      "geometry": {
        "type": "Polygon",
        "coordinates": [
          [
            [
              73.44253919250248,
              54.88444219634499
            ],
            [
              73.4425106570634,
              54.88378103947937
            ],
            [
              73.44242588668546,
              54.8831214861119
            ],
            [
              73.44228508832094,
              54.8824651250477
            ],
            [
              73.44208860384511,
              54.88181353732525
            ],
            [
              73.44183690920687,
              54.881168292409335
            ],
            [
              73.4415306132571,
              54.880530944412676
            ],
            [
              73.44117045625794,
              54.879903028355194
            ],
            [
              73.44075730807654,
              54.87928605646999
            ],
            [
              73.4402921660682,
              54.878681514564704
            ],
            [
              73.43977615265399,
              54.878090858447244
            ],
            [
              73.43921051259892,
              54.87751551042432
            ],
            [
              73.4385966099974,
              54.87695685588096
            ],
            [
              73.43793592497337,
              54.87641623994971
            ],
            [
              73.43723005010325,
              54.875894964276846
            ],
            [
              73.43648068657039,
              54.87539428389382
            ],
            [
              73.43568964006035,
              54.87491540420117
            ],
            [
              73.43485881640694,
              54.87445947807209
            ],
            [
              73.43399021699976,
              54.87402760308272
            ],
            [
              73.43308593396384,
              54.8736208188756
            ],
            [
              73.43214814512368,
              54.87324010466247
            ],
            [
              73.43117910876298,
              54.87288637687285
            ],
            [
              73.43018115819334,
              54.87256048695325
            ],
            [
              73.42915669614442,
              54.87226321932297
            ],
            [
              73.42810818898931,
              54.87199528949082
            ],
            [
              73.42703816081858,
              54.871757342337546
            ],
            [
              73.42594918737747,
              54.871549950567854
            ],
            [
              73.42484388988028,
              54.871373613335784
            ],
            [
              73.42372492871708,
              54.8712287550469
            ],
            [
              73.4225949970673,
              54.87111572433952
            ],
            [
              73.42145681443574,
              54.871034793248306
            ],
            [
              73.4203131201259,
              54.87098615655124
            ],
            [
              73.4191666666667,
              54.87096993130247
            ],
            [
              73.4180202132075,
              54.87098615655124
            ],
            [
              73.41687651889767,
              54.871034793248306
            ],
            [
              73.4157383362661,
              54.87111572433952
            ],
            [
              73.41460840461633,
              54.8712287550469
            ],
            [
              73.41348944345313,
              54.871373613335784
            ],
            [
              73.41238414595594,
              54.871549950567854
            ],
            [
              73.41129517251483,
              54.871757342337546
            ],
            [
              73.4102251443441,
              54.87199528949082
            ],
            [
              73.40917663718898,
              54.87226321932297
            ],
            [
              73.40815217514006,
              54.87256048695325
            ],
            [
              73.40715422457042,
              54.87288637687285
            ],
            [
              73.40618518820972,
              54.87324010466247
            ],
            [
              73.40524739936957,
              54.8736208188756
            ],
            [
              73.40434311633365,
              54.87402760308272
            ],
            [
              73.40347451692645,
              54.87445947807209
            ],
            [
              73.40264369327305,
              54.87491540420117
            ],
            [
              73.40185264676302,
              54.87539428389382
            ],
            [
              73.40110328323014,
              54.875894964276846
            ],
            [
              73.40039740836004,
              54.87641623994971
            ],
            [
              73.39973672333599,
              54.876956855880955
            ],
            [
              73.39912282073448,
              54.87751551042432
            ],
            [
              73.3985571806794,
              54.878090858447244
            ],
            [
              73.39804116726519,
              54.8786815145647
            ],
            [
              73.39757602525685,
              54.87928605646999
            ],
            [
              73.39716287707546,
              54.879903028355194
            ],
            [
              73.3968027200763,
              54.880530944412676
            ],
            [
              73.39649642412654,
              54.88116829240933
            ],
            [
              73.39624472948829,
              54.88181353732525
            ],
            [
              73.39604824501247,
              54.8824651250477
            ],
            [
              73.39590744664794,
              54.8831214861119
            ],
            [
              73.39582267627001,
              54.88378103947937
            ],
            [
              73.39579414083093,
              54.88444219634499
            ],
            [
              73.39582191183501,
              54.8851033639634
            ],
            [
              73.39590592513989,
              54.88576294948569
            ],
            [
              73.39604598108427,
              54.88641936379705
            ],
            [
              73.39624174494284,
              54.88707102534622
            ],
            [
              73.3964927477066,
              54.887716363957445
            ],
            [
              73.3967983871878,
              54.888353824615635
            ],
            [
              73.39715792944648,
              54.888981871215876
            ],
            [
              73.39757051053576,
              54.8895989902679
            ],
            [
              73.39803513856174,
              54.890203694546734
            ],
            [
              73.39855069605328,
              54.890794526680736
            ],
            [
              73.39911594263616,
              54.89137006266809
            ],
            [
              73.39972951800533,
              54.89192891531351
            ],
            [
              73.40038994518827,
              54.89246973757669
            ],
            [
              73.4010956340917,
              54.892991225824204
            ],
            [
              73.40184488532327,
              54.89349212297741
            ],
            [
              73.40263589427893,
              54.89397122154819
            ],
            [
              73.4034667554865,
              54.89442736655538
            ],
            [
              73.4043354671948,
              54.89485945831493
            ],
            [
              73.40523993619719,
              54.89526645509676
            ],
            [
              73.40617798287829,
              54.89564737564181
            ],
            [
              73.40714734647119,
              54.89600130153355
            ],
            [
              73.40814569051294,
              54.89632737941759
            ],
            [
              73.40917060848446,
              54.89662482306447
            ],
            [
              73.4102196296219,
              54.8968929152702
            ],
            [
              73.41129022488478,
              54.89713100959032
            ],
            [
              73.41237981306645,
              54.897338531902825
            ],
            [
              73.41348576703228,
              54.89751498179644
            ],
            [
              73.4146054200701,
              54.89765993378066
            ],
            [
              73.4157360723373,
              54.89777303831478
            ],
            [
              73.41687499738919,
              54.89785402265322
            ],
            [
              73.41801944877228,
              54.89790269150508
            ],
            [
              73.4191666666667,
              54.89791892750665
            ],
            [
              73.42031388456111,
              54.89790269150508
            ],
            [
              73.42145833594422,
              54.89785402265322
            ],
            [
              73.4225972609961,
              54.89777303831479
            ],
            [
              73.42372791326329,
              54.89765993378066
            ],
            [
              73.42484756630111,
              54.89751498179644
            ],
            [
              73.42595352026696,
              54.897338531902825
            ],
            [
              73.42704310844861,
              54.89713100959032
            ],
            [
              73.42811370371149,
              54.8968929152702
            ],
            [
              73.42916272484894,
              54.896624823064464
            ],
            [
              73.43018764282046,
              54.89632737941759
            ],
            [
              73.43118598686219,
              54.89600130153355
            ],
            [
              73.43215535045512,
              54.89564737564181
            ],
            [
              73.4330933971362,
              54.895266455096746
            ],
            [
              73.4339978661386,
              54.89485945831493
            ],
            [
              73.43486657784689,
              54.89442736655538
            ],
            [
              73.43569743905448,
              54.89397122154819
            ],
            [
              73.43648844801014,
              54.89349212297743
            ],
            [
              73.43723769924169,
              54.8929912258242
            ],
            [
              73.43794338814513,
              54.89246973757669
            ],
            [
              73.43860381532807,
              54.89192891531351
            ],
            [
              73.43921739069725,
              54.89137006266809
            ],
            [
              73.43978263728012,
              54.890794526680736
            ],
            [
              73.44029819477167,
              54.89020369454673
            ],
            [
              73.44076282279764,
              54.88959899026789
            ],
            [
              73.44117540388693,
              54.888981871215876
            ],
            [
              73.4415349461456,
              54.88835382461564
            ],
            [
              73.4418405856268,
              54.887716363957445
            ],
            [
              73.44209158839057,
              54.88707102534622
            ],
            [
              73.44228735224914,
              54.88641936379705
            ],
            [
              73.44242740819352,
              54.88576294948569
            ],
            [
              73.44251142149838,
              54.8851033639634
            ],
            [
              73.44253919250248,
              54.88444219634499
            ]
          ]
        ],
        "meta": {
          "shape": "circle"
        }
      },
      "properties": {
        "title": "J9510/26 for Novosibirsk Tolmachevo Airport",
        "text": "From: 2026-09-28 04:00:00+00:00\nTo: 2026-10-02 12:00:00+00:00\n\nAIRSPACE CLSD Within CIRCLE RADIUS 1.5KM CENTRE 545304N0732509E."
      }
    },
    {
      "type": "Feature",
      "geometry": {
        "type": "Polygon",
        "coordinates": [
          [
            [
              73.02388888888889,
              55.138333333333335
            ],
            [
              73.06444444444445,
              55.141666666666666
            ],
            [
              73.07527777777777,
              55.143055555555556
            ],
            [
              73.12916666666666,
              55.15222222222222
            ],
            [
              73.16388888888889,
              55.147777777777776
            ],
            [
              73.19777777777779,
              55.1425
            ],
            [
              73.24457232818901,
              55.13447016590576
            ],
            [
              73.02388888888889,
              55.138333333333335
            ]
          ]
        ],
        "meta": {
          "shape": "polygon"
        }
      },
      "properties": {
        "title": "J9513/26 for Novosibirsk Tolmachevo Airport",
        "text": "From: 2026-09-28 05:00:00+00:00\nTo: 2026-10-02 12:00:00+00:00\n\nAIRSPACE CLSD Within 0.125KM EITHER SIDE OF LINE JOINING POINTS:\n\n550818N0730126E-550830N0730352E-550835N0730431E-550908N0730745E-\n\n550852N0730950E-550833N0731152E-550804N0731441E-550802N0731640E."
      }
    },
    {
      "type": "Feature",
      "geometry": {
        "type": "Polygon",
        "coordinates": [
          [
            [
              85.0761111111111,
              56.47805555555556
            ],
            [
              85.07,
              56.47555555555556
            ],
            [
              85.07138888888889,
              56.471944444444446
            ],
            [
              85.085,
              56.47277777777778
            ],
            [
              85.10111111111111,
              56.47916666666667
            ],
            [
              85.09583333333333,
              56.48222222222223
            ],
            [
              85.0936111111111,
              56.48916666666667
            ],
            [
              85.08472222222221,
              56.49166666666667
            ],
            [
              85.08138888888888,
              56.49111111111111
            ],
            [
              85.08305555555555,
              56.484722222222224
            ],
            [
              85.07722222222222,
              56.48277777777778
            ],
            [
              85.07027777777778,
              56.48083333333334
            ],
            [
              85.0761111111111,
              56.47805555555556
            ]
          ]
        ],
        "meta": {
          "shape": "polygon"
        }
      },
      "properties": {
        "title": "J9517/26 for Novosibirsk Tolmachevo Airport",
        "text": "From: 2026-09-28 04:00:00+00:00\nTo: 2026-10-02 11:00:00+00:00\n\nAIRSPACE CLSD Within AREA:\n\n562841N0850434E-562832N0850412E-562819N0850417E-562822N0850506E-\n\n562845N0850604E-562856N0850545E-562921N0850537E-562930N0850505E-\n\n562928N0850453E-562905N0850459E-562858N0850438E-562851N0850413E-\n\n562841N0850434E."
      }
    },
    {
      "type": "Feature",
      "geometry": {
        "type": "Polygon",
        "coordinates": [
          [
            [
              83.93722222222223,
              55.13472222222222
            ],
            [
              84.0261111111111,
              55.191111111111105
            ],
            [
              84.05944444444444,
              55.17444444444444
            ],
            [
              83.94194444444445,
              55.13194444444444
            ],
            [
              83.93722222222223,
              55.13472222222222
            ]
          ]
        ],
        "meta": {
          "shape": "polygon"
        }
      },
      "properties": {
        "title": "J9545/26 for Novosibirsk Tolmachevo Airport",
        "text": "From: 2026-09-28 02:00:00+00:00\nTo: 2026-10-02 10:00:00+00:00\n\nAIRSPACE CLSD Within AREA:\n\n550805N0835614E-551128N0840134E-551028N0840334E-\n\n550755N0835631E-550805N0835614E."
      }
    },
    {
      "type": "Feature",
      "geometry": {
        "type": "Polygon",
        "coordinates": [
          [
            [
              74.04527777777777,
              54.71555555555556
            ],
            [
              74.12388888888889,
              54.68666666666666
            ],
            [
              74.33416666666666,
              54.59666666666667
            ],
            [
              74.41805555555555,
              54.51305555555555
            ],
            [
              74.43388888888889,
              54.47027777777778
            ],
            [
              74.48,
              54.44027777777777
            ],
            [
              74.65805555555556,
              54.385555555555555
            ],
            [
              74.69416666666667,
              54.282777777777774
            ],
            [
              74.91777777777779,
              54.1475
            ],
            [
              75.10666666666665,
              53.96666666666667
            ],
            [
              75.11055555555555,
              53.91777777777777
            ],
            [
              75.07055555555556,
              53.838055555555556
            ],
            [
              75.07833333333333,
              53.80916666666666
            ],
            [
              75.04666666666667,
              53.79416666666666
            ],
            [
              75.03666666666666,
              53.79527777777778
            ],
            [
              75.02388888888889,
              53.84027777777778
            ],
            [
              75.06416666666667,
              53.92055555555555
            ],
            [
              75.06166666666667,
              53.95777777777778
            ],
            [
              74.90666666666667,
              54.10305555555556
            ],
            [
              74.87416666666665,
              54.1075
            ],
            [
              74.84805555555555,
              54.12166666666667
            ],
            [
              74.85055555555554,
              54.149166666666666
            ],
            [
              74.65055555555556,
              54.26916666666666
            ],
            [
              74.60888888888888,
              54.368611111111115
            ],
            [
              74.45416666666667,
              54.416666666666664
            ],
            [
              74.38805555555557,
              54.46138888888889
            ],
            [
              74.36805555555554,
              54.510555555555555
            ],
            [
              74.27916666666667,
              54.533055555555556
            ],
            [
              74.26305555555555,
              54.59305555555556
            ],
            [
              73.93083333333334,
              54.72138888888889
            ],
            [
              73.95805555555556,
              54.74305555555556
            ],
            [
              74.04527777777777,
              54.71555555555556
            ]
          ]
        ],
        "meta": {
          "shape": "polygon"
        }
      },
      "properties": {
        "title": "J9592/26 for Novosibirsk Tolmachevo Airport",
        "text": "From: 2026-09-29 03:00:00+00:00\nTo: 2026-10-01 14:00:00+00:00\n\nAIRSPACE CLSD AS FLW:\n\n1. AREA: 544317N0735551E-543535N0741547E-543159N0741645E-\n\n         543038N0742205E-542741N0742317E-542500N0742715E-\n\n         542207N0743632E-541609N0743902E-540857N0745102E-\n\n         540718N0745053E-540627N0745227E-540611N0745424E-\n\n         535728N0750342E-535514N0750351E-535025N0750126E-\n\n         534743N0750212E-534739N0750248E-534833N0750442E-\n\n         535017N0750414E-535504N0750638E-535800N0750624E-\n\n         540851N0745504E-541658N0744139E-542308N0743929E-\n\n         542625N0742848E-542813N0742602E-543047N0742505E-\n\n         543548N0742003E-544112N0740726E-544256N0740243E-\n\n         544435N0735729E-544317N0735551E\n\n   350M AMSL-700M AMSL.\n\n2. Within CIRCLE RADIUS 1KM CENTRE 540729N0745250E\n\n   GND-700M AMSL.\n\n3. Within CIRCLE RADIUS 1.5KM CENTRE 543235N0741807E\n\n   GND-700M AMSL.\n\n4. Within CIRCLE RADIUS 1.5KM CENTRE 542324N0743531E\n\n   GND-700M AMSL."
      }
    },
    {
      "type": "Feature",
      "geometry": {
        "type": "Polygon",
        "coordinates": [
          [
            [
              82.91896398610282,
              55.06888884864964
            ],
            [
              82.91896020822145,
              55.06880069646534
            ],
            [
              82.91894889747427,
              55.06871275683913
            ],
            [
              82.91893008115899,
              55.06862524162323
            ],
            [
              82.918903804654,
              55.068538361646006
            ],
            [
              82.91887013130847,
              55.06845232620416
            ],
            [
              82.91882914228935,
              55.06836734255855
            ],
            [
              82.91878093638545,
              55.06828361543495
            ],
            [
              82.91872562976886,
              55.06820134653088
            ],
            [
              82.91866335571488,
              55.06812073402981
            ],
            [
              82.91859426428057,
              55.06804197212385
            ],
            [
              82.91851852194281,
              55.06796525054594
            ],
            [
              82.91843631119708,
              55.06789075411294
            ],
            [
              82.9183478301175,
              55.067818662280466
            ],
            [
              82.91825329187947,
              55.06774914871074
            ],
            [
              82.91815292424597,
              55.06768238085428
            ],
            [
              82.9180469690187,
              55.0676185195467
            ],
            [
              82.91793568145552,
              55.067557718621345
            ],
            [
              82.91781932965546,
              55.06750012453882
            ],
            [
              82.91769819391291,
              55.06744587603429
            ],
            [
              82.91757256604242,
              55.06739510378343
            ],
            [
              82.91744274867577,
              55.06734793008771
            ],
            [
              82.91730905453313,
              55.06730446857988
            ],
            [
              82.91717180566985,
              55.06726482395039
            ],
            [
              82.91703133270086,
              55.067229091695225
            ],
            [
              82.9168879740045,
              55.067197357886045
            ],
            [
              82.91674207490756,
              55.06716969896287
            ],
            [
              82.91659398685388,
              55.06714618154999
            ],
            [
              82.91644406655791,
              55.06712686229567
            ],
            [
              82.91629267514588,
              55.06711178773562
            ],
            [
              82.91614017728615,
              55.06710099418101
            ],
            [
              82.91598694031124,
              55.06709450763101
            ],
            [
              82.9158333333333,
              55.06709234371023
            ],
            [
              82.91567972635534,
              55.06709450763101
            ],
            [
              82.91552648938044,
              55.06710099418101
            ],
            [
              82.91537399152071,
              55.06711178773562
            ],
            [
              82.91522260010866,
              55.06712686229567
            ],
            [
              82.9150726798127,
              55.06714618154999
            ],
            [
              82.91492459175903,
              55.06716969896285
            ],
            [
              82.9147786926621,
              55.067197357886045
            ],
            [
              82.91463533396572,
              55.067229091695225
            ],
            [
              82.91449486099674,
              55.06726482395039
            ],
            [
              82.91435761213346,
              55.06730446857988
            ],
            [
              82.91422391799082,
              55.06734793008771
            ],
            [
              82.91409410062417,
              55.06739510378343
            ],
            [
              82.91396847275368,
              55.06744587603429
            ],
            [
              82.91384733701113,
              55.06750012453882
            ],
            [
              82.91373098521107,
              55.067557718621345
            ],
            [
              82.91361969764787,
              55.0676185195467
            ],
            [
              82.91351374242062,
              55.06768238085428
            ],
            [
              82.91341337478711,
              55.06774914871074
            ],
            [
              82.9133188365491,
              55.067818662280466
            ],
            [
              82.91323035546951,
              55.06789075411294
            ],
            [
              82.91314814472378,
              55.067965250545946
            ],
            [
              82.913072402386,
              55.06804197212385
            ],
            [
              82.9130033109517,
              55.06812073402981
            ],
            [
              82.91294103689773,
              55.06820134653086
            ],
            [
              82.91288573028115,
              55.06828361543495
            ],
            [
              82.91283752437722,
              55.06836734255855
            ],
            [
              82.91279653535813,
              55.06845232620416
            ],
            [
              82.9127628620126,
              55.06853836164601
            ],
            [
              82.9127365855076,
              55.06862524162323
            ],
            [
              82.91271776919233,
              55.06871275683913
            ],
            [
              82.91270645844513,
              55.06880069646534
            ],
            [
              82.91270268056375,
              55.06888884864964
            ],
            [
              82.91270644469905,
              55.068977001026425
            ],
            [
              82.91271774183255,
              55.0690649412282
            ],
            [
              82.91273654479762,
              55.069152457397244
            ],
            [
              82.91276280834447,
              55.069239338696
            ],
            [
              82.91279646924869,
              55.06932537581502
            ],
            [
              82.91283744646317,
              55.06941036147731
            ],
            [
              82.91288564131281,
              55.06949409093768
            ],
            [
              82.91294093773196,
              55.069576362476084
            ],
            [
              82.91300320254348,
              55.06965697788369
            ],
            [
              82.91307228577939,
              55.0697357429404
            ],
            [
              82.91314802104172,
              55.06981246788294
            ],
            [
              82.91323022590318,
              55.06988696786203
            ],
            [
              82.91331870234626,
              55.06995906338792
            ],
            [
              82.9134132372402,
              55.070028580762816
            ],
            [
              82.91351360285432,
              55.07009535249953
            ],
            [
              82.91361955740628,
              55.0701592177251
            ],
            [
              82.91373084564476,
              55.07022002256845
            ],
            [
              82.91384719946424,
              55.070277620531236
            ],
            [
              82.91396833855084,
              55.07033187284092
            ],
            [
              82.91409397105782,
              55.070382648785184
            ],
            [
              82.91422379430878,
              55.070429826026995
            ],
            [
              82.91435749552684,
              55.07047329089946
            ],
            [
              82.91449475258851,
              55.07051293867971
            ],
            [
              82.91463523479995,
              55.07054867384142
            ],
            [
              82.91477860369376,
              55.07058041028493
            ],
            [
              82.91492451384497,
              55.07060807154488
            ],
            [
              82.91507261370327,
              55.070631590974436
            ],
            [
              82.91522254644053,
              55.07065091190593
            ],
            [
              82.91537395081072,
              55.07066598778749
            ],
            [
              82.91552646202065,
              55.07067678229525
            ],
            [
              82.91567971260926,
              55.07068326942084
            ],
            [
              82.9158333333333,
              55.0706854335341
            ],
            [
              82.91598695405733,
              55.07068326942084
            ],
            [
              82.91614020464593,
              55.07067678229525
            ],
            [
              82.91629271585586,
              55.0706659877875
            ],
            [
              82.91644412022606,
              55.07065091190593
            ],
            [
              82.9165940529633,
              55.07063159097444
            ],
            [
              82.91674215282163,
              55.070608071544875
            ],
            [
              82.91688806297283,
              55.07058041028493
            ],
            [
              82.91703143186665,
              55.07054867384142
            ],
            [
              82.91717191407807,
              55.07051293867971
            ],
            [
              82.91730917113975,
              55.07047329089945
            ],
            [
              82.91744287235781,
              55.070429826026995
            ],
            [
              82.91757269560875,
              55.070382648785184
            ],
            [
              82.91769832811575,
              55.07033187284092
            ],
            [
              82.91781946720235,
              55.070277620531236
            ],
            [
              82.91793582102181,
              55.07022002256845
            ],
            [
              82.91804710926029,
              55.0701592177251
            ],
            [
              82.91815306381227,
              55.07009535249953
            ],
            [
              82.91825342942637,
              55.07002858076281
            ],
            [
              82.91834796432033,
              55.06995906338791
            ],
            [
              82.91843644076343,
              55.06988696786204
            ],
            [
              82.91851864562487,
              55.06981246788295
            ],
            [
              82.9185943808872,
              55.0697357429404
            ],
            [
              82.91866346412311,
              55.069656977883696
            ],
            [
              82.91872572893465,
              55.069576362476084
            ],
            [
              82.91878102535378,
              55.06949409093768
            ],
            [
              82.91882922020342,
              55.06941036147731
            ],
            [
              82.9188701974179,
              55.06932537581502
            ],
            [
              82.91890385832212,
              55.069239338696
            ],
            [
              82.91893012186897,
              55.069152457397244
            ],
            [
              82.91894892483404,
              55.0690649412282
            ],
            [
              82.91896022196754,
              55.06897700102643
            ],
            [
              82.91896398610282,
              55.06888884864964
            ]
          ]
        ],
        "meta": {
          "shape": "circle"
        }
      },
      "properties": {
        "title": "J9602/26 for Novosibirsk Tolmachevo Airport",
        "text": "From: 2026-09-29 07:00:00+00:00\nTo: 2026-09-29 08:00:00+00:00\n\nAIRSPACE CLSD Within CIRCLE RADIUS 0.2KM CENTRE 550408N0825457E."
      }
    },
    {
      "type": "Feature",
      "geometry": {
        "type": "Polygon",
        "coordinates": [
          [
            [
              83.59328258266751,
              53.314165308086494
            ],
            [
              83.59326067273443,
              53.31363624263238
            ],
            [
              83.59319544204632,
              53.31310845821429
            ],
            [
              83.59308704933966,
              53.31258322624066
            ],
            [
              83.59293575730105,
              53.31206181192499
            ],
            [
              83.59274193191939,
              53.31154547123876
            ],
            [
              83.59250604158962,
              53.311035447887306
            ],
            [
              83.59222865597026,
              53.310532970315705
            ],
            [
              83.59191044459789,
              53.31003924875156
            ],
            [
              83.59155217526171,
              53.30955547229226
            ],
            [
              83.59115471214247,
              53.3090828060435
            ],
            [
              83.5907190137201,
              53.30862238831571
            ],
            [
              83.5902461304556,
              53.30817532788561
            ],
            [
              83.5897372022523,
              53.30774270132893
            ],
            [
              83.58919345570328,
              53.307325550430996
            ],
            [
              83.58861620113109,
              53.30692487968142
            ],
            [
              83.58800682942748,
              53.306541653858496
            ],
            [
              83.58736680870015,
              53.30617679570965
            ],
            [
              83.58669768073545,
              53.30583118373299
            ],
            [
              83.58600105728469,
              53.30550565006552
            ],
            [
              83.58527861618361,
              53.305200978483015
            ],
            [
              83.58453209731415,
              53.30491790251631
            ],
            [
              83.58376329841819,
              53.30465710368843
            ],
            [
              83.58297407077305,
              53.30441920987694
            ],
            [
              83.58216631473977,
              53.30420479380529
            ],
            [
              83.58134197519408,
              53.304014371666746
            ],
            [
              83.58050303685151,
              53.30384840188418
            ],
            [
              83.57965151949735,
              53.303707284008894
            ],
            [
              83.57878947313338,
              53.3035913577607
            ],
            [
              83.57791897305243,
              53.30350090221196
            ],
            [
              83.57704211485274,
              53.30343613511709
            ],
            [
              83.57616100940417,
              53.303397212389704
            ],
            [
              83.5752777777778,
              53.30338422772799
            ],
            [
              83.57439454615141,
              53.303397212389704
            ],
            [
              83.57351344070285,
              53.30343613511709
            ],
            [
              83.57263658250316,
              53.30350090221196
            ],
            [
              83.5717660824222,
              53.3035913577607
            ],
            [
              83.57090403605825,
              53.303707284008894
            ],
            [
              83.57005251870409,
              53.303848401884174
            ],
            [
              83.5692135803615,
              53.304014371666746
            ],
            [
              83.56838924081583,
              53.30420479380529
            ],
            [
              83.56758148478255,
              53.30441920987694
            ],
            [
              83.56679225713741,
              53.30465710368842
            ],
            [
              83.56602345824143,
              53.30491790251631
            ],
            [
              83.56527693937198,
              53.305200978483015
            ],
            [
              83.56455449827091,
              53.30550565006552
            ],
            [
              83.56385787482014,
              53.30583118373299
            ],
            [
              83.56318874685543,
              53.30617679570965
            ],
            [
              83.5625487261281,
              53.306541653858496
            ],
            [
              83.5619393544245,
              53.30692487968142
            ],
            [
              83.56136209985232,
              53.307325550430996
            ],
            [
              83.5608183533033,
              53.30774270132893
            ],
            [
              83.56030942509999,
              53.30817532788561
            ],
            [
              83.55983654183548,
              53.30862238831571
            ],
            [
              83.55940084341313,
              53.3090828060435
            ],
            [
              83.55900338029387,
              53.30955547229226
            ],
            [
              83.55864511095771,
              53.31003924875156
            ],
            [
              83.55832689958534,
              53.310532970315705
            ],
            [
              83.55804951396598,
              53.311035447887306
            ],
            [
              83.55781362363619,
              53.31154547123875
            ],
            [
              83.55761979825455,
              53.31206181192499
            ],
            [
              83.55746850621593,
              53.31258322624066
            ],
            [
              83.55736011350928,
              53.31310845821428
            ],
            [
              83.55729488282117,
              53.31363624263238
            ],
            [
              83.55727297288809,
              53.314165308086494
            ],
            [
              83.55729443809867,
              53.31469438003533
            ],
            [
              83.55735922834721,
              53.315222183875065
            ],
            [
              83.55746718913888,
              53.315747448010164
            ],
            [
              83.55761806194667,
              53.31626890691746
            ],
            [
              83.5578114848191,
              53.31678530419602
            ],
            [
              83.55804699323764,
              53.31729539559543
            ],
            [
              83.55832402122174,
              53.31779795201535
            ],
            [
              83.55864190267906,
              53.318291762468796
            ],
            [
              83.55899987299763,
              53.31877563700231
            ],
            [
              83.55939707087647,
              53.31924840956574
            ],
            [
              83.55983254039,
              53.31970894082473
            ],
            [
              83.56030523328181,
              53.32015612090923
            ],
            [
              83.56081401148187,
              53.32058887209115
            ],
            [
              83.56135764984178,
              53.321006151384935
            ],
            [
              83.56193483908088,
              53.32140695306453
            ],
            [
              83.56254418893666,
              53.32179031109063
            ],
            [
              83.56318423151176,
              53.32215530144265
            ],
            [
              83.56385342480948,
              53.32250104434932
            ],
            [
              83.5645501564493,
              53.32282670641267
            ],
            [
              83.56527274755354,
              53.32313150262041
            ],
            [
              83.56601945679564,
              53.323414698241535
            ],
            [
              83.56678848460041,
              53.32367561060063
            ],
            [
              83.56757797748594,
              53.32391361072678
            ],
            [
              83.56838603253681,
              53.32412812487266
            ],
            [
              83.56921070199753,
              53.32431863590053
            ],
            [
              83.5700499979754,
              53.32448468453143
            ],
            [
              83.57090189724084,
              53.324625870454696
            ],
            [
              83.57176434611408,
              53.32474185329519
            ],
            [
              83.5726352654259,
              53.32483235343559
            ],
            [
              83.57351255554065,
              53.324897152691946
            ],
            [
              83.57439410142885,
              53.32493609484096
            ],
            [
              83.5752777777778,
              53.3249490859974
            ],
            [
              83.57616145412673,
              53.32493609484096
            ],
            [
              83.57704300001495,
              53.324897152691946
            ],
            [
              83.57792029012968,
              53.32483235343559
            ],
            [
              83.57879120944152,
              53.324741853295194
            ],
            [
              83.57965365831475,
              53.324625870454696
            ],
            [
              83.5805055575802,
              53.32448468453142
            ],
            [
              83.58134485355805,
              53.32431863590053
            ],
            [
              83.58216952301879,
              53.32412812487266
            ],
            [
              83.58297757806965,
              53.32391361072678
            ],
            [
              83.58376707095519,
              53.32367561060063
            ],
            [
              83.58453609875995,
              53.323414698241535
            ],
            [
              83.58528280800205,
              53.323131502620406
            ],
            [
              83.5860053991063,
              53.32282670641267
            ],
            [
              83.58670213074613,
              53.32250104434932
            ],
            [
              83.58737132404383,
              53.322155301442656
            ],
            [
              83.58801136661894,
              53.32179031109063
            ],
            [
              83.58862071647472,
              53.32140695306453
            ],
            [
              83.5891979057138,
              53.32100615138494
            ],
            [
              83.58974154407372,
              53.32058887209115
            ],
            [
              83.59025032227379,
              53.32015612090923
            ],
            [
              83.59072301516558,
              53.31970894082473
            ],
            [
              83.59115848467913,
              53.31924840956574
            ],
            [
              83.59155568255795,
              53.31877563700232
            ],
            [
              83.59191365287654,
              53.31829176246879
            ],
            [
              83.59223153433386,
              53.31779795201535
            ],
            [
              83.59250856231796,
              53.31729539559543
            ],
            [
              83.59274407073649,
              53.31678530419602
            ],
            [
              83.59293749360891,
              53.31626890691746
            ],
            [
              83.59308836641671,
              53.315747448010164
            ],
            [
              83.59319632720839,
              53.315222183875065
            ],
            [
              83.59326111745693,
              53.31469438003532
            ],
            [
              83.59328258266751,
              53.314165308086494
            ]
          ]
        ],
        "meta": {
          "shape": "circle"
        }
      },
      "properties": {
        "title": "J9605/26 for Novosibirsk Tolmachevo Airport",
        "text": "From: 2026-09-29 02:15:00+00:00\nTo: 2026-09-29 09:15:00+00:00\n\nAIRSPACE CLSD Within CIRCLE RADIUS 1.2KM CENTRE 531851N0833431E."
      }
    },
    {
      "type": "Feature",
      "geometry": {
        "type": "Polygon",
        "coordinates": [
          [
            [
              83.1150685218876,
              54.86472173299194
            ],
            [
              83.11505530698938,
              54.86441319075854
            ],
            [
              83.11501586100513,
              54.86410539416189
            ],
            [
              83.11495027955824,
              54.86379908468563
            ],
            [
              83.11485872122311,
              54.86349500021422
            ],
            [
              83.11474140713764,
              54.86319387325574
            ],
            [
              83.11459862046492,
              54.862896429177695
            ],
            [
              83.11443070570593,
              54.8626033844604
            ],
            [
              83.11423806786462,
              54.86231544497159
            ],
            [
              83.11402117146756,
              54.86203330426709
            ],
            [
              83.11378053944054,
              54.86175764192093
            ],
            [
              83.11351675184501,
              54.86148912188956
            ],
            [
              83.11323044447715,
              54.86122839091353
            ],
            [
              83.11292230733319,
              54.86097607696098
            ],
            [
              83.11259308294474,
              54.86073278771617
            ],
            [
              83.11224356458798,
              54.860499109117214
            ],
            [
              83.1118745943712,
              54.86027560394602
            ],
            [
              83.11148706120528,
              54.860062810474204
            ],
            [
              83.11108189866187,
              54.85986124116792
            ],
            [
              83.11066008272469,
              54.859671381455
            ],
            [
              83.11022262943908,
              54.85949368855715
            ],
            [
              83.10977059246576,
              54.85932859039008
            ],
            [
              83.10930506054436,
              54.8591764845341
            ],
            [
              83.10882715487304,
              54.85903773727792
            ],
            [
              83.10833802641038,
              54.85891268273761
            ],
            [
              83.10783885310614,
              54.85880162205295
            ],
            [
              83.10733083706725,
              54.858704822663306
            ],
            [
              83.1068152016662,
              54.858622517664344
            ],
            [
              83.10629318859846,
              54.85855490524754
            ],
            [
              83.10576605489607,
              54.85850214822354
            ],
            [
              83.10523506990455,
              54.85846437363067
            ],
            [
              83.10470151223049,
              54.85844167242941
            ],
            [
              83.1041666666667,
              54.85843409928368
            ],
            [
              83.10363182110291,
              54.85844167242941
            ],
            [
              83.10309826342883,
              54.85846437363067
            ],
            [
              83.10256727843733,
              54.85850214822354
            ],
            [
              83.10204014473494,
              54.85855490524754
            ],
            [
              83.10151813166719,
              54.858622517664344
            ],
            [
              83.10100249626615,
              54.858704822663306
            ],
            [
              83.10049448022724,
              54.85880162205295
            ],
            [
              83.099995306923,
              54.85891268273761
            ],
            [
              83.09950617846036,
              54.85903773727792
            ],
            [
              83.09902827278903,
              54.8591764845341
            ],
            [
              83.09856274086764,
              54.85932859039008
            ],
            [
              83.09811070389432,
              54.85949368855716
            ],
            [
              83.09767325060871,
              54.859671381455
            ],
            [
              83.09725143467153,
              54.85986124116792
            ],
            [
              83.09684627212812,
              54.860062810474204
            ],
            [
              83.09645873896218,
              54.86027560394602
            ],
            [
              83.09608976874541,
              54.860499109117214
            ],
            [
              83.09574025038866,
              54.86073278771617
            ],
            [
              83.0954110260002,
              54.86097607696098
            ],
            [
              83.09510288885623,
              54.86122839091353
            ],
            [
              83.09481658148837,
              54.86148912188956
            ],
            [
              83.09455279389286,
              54.86175764192093
            ],
            [
              83.09431216186583,
              54.86203330426709
            ],
            [
              83.09409526546877,
              54.86231544497159
            ],
            [
              83.09390262762746,
              54.8626033844604
            ],
            [
              83.09373471286847,
              54.862896429177695
            ],
            [
              83.09359192619576,
              54.863193873255746
            ],
            [
              83.09347461211027,
              54.86349500021423
            ],
            [
              83.09338305377516,
              54.86379908468563
            ],
            [
              83.09331747232825,
              54.86410539416189
            ],
            [
              83.09327802634402,
              54.86441319075854
            ],
            [
              83.09326481144579,
              54.86472173299194
            ],
            [
              83.09327786006979,
              54.865030277565346
            ],
            [
              83.0933171413811,
              54.86533808115945
            ],
            [
              83.0933825613423,
              54.86564440222326
            ],
            [
              83.09347396293408,
              54.865948502760695
            ],
            [
              83.09359112652818,
              54.86624965010899
            ],
            [
              83.09373377041074,
              54.866547118704204
            ],
            [
              83.09390155145594,
              54.86684019182998
            ],
            [
              83.09409406594759,
              54.86712816334494
            ],
            [
              83.09431085054705,
              54.86741033938487
            ],
            [
              83.09455138340516,
              54.8676860400354
            ],
            [
              83.09481508541556,
              54.86795460097123
            ],
            [
              83.0951013216063,
              54.868215375057844
            ],
            [
              83.09540940266659,
              54.86846773391197
            ],
            [
              83.09573858660497,
              54.868711069416854
            ],
            [
              83.09608808053481,
              54.86894479518892
            ],
            [
              83.09645704258304,
              54.86916834799192
            ],
            [
              83.09684458391749,
              54.86938118909558
            ],
            [
              83.0972497708878,
              54.86958280557498
            ],
            [
              83.09767162727508,
              54.86977271154799
            ],
            [
              83.09810913664433,
              54.869950449347385
            ],
            [
              83.09856124479477,
              54.87011559062506
            ],
            [
              83.0990268623013,
              54.87026773738549
            ],
            [
              83.0995048671415,
              54.87040652294604
            ],
            [
              83.09999410740178,
              54.87053161282178
            ],
            [
              83.10049340405568,
              54.870642705532596
            ],
            [
              83.10100155380837,
              54.87073953333072
            ],
            [
              83.10151733199959,
              54.870821862846874
            ],
            [
              83.10203949555873,
              54.87088949565346
            ],
            [
              83.10256678600445,
              54.87094226874349
            ],
            [
              83.10309793248166,
              54.87098005492392
            ],
            [
              83.10363165482867,
              54.87100276312266
            ],
            [
              83.1041666666667,
              54.87101033860839
            ],
            [
              83.10470167850472,
              54.87100276312266
            ],
            [
              83.10523540085173,
              54.87098005492392
            ],
            [
              83.10576654732894,
              54.87094226874349
            ],
            [
              83.10629383777466,
              54.87088949565347
            ],
            [
              83.10681600133381,
              54.87082186284687
            ],
            [
              83.10733177952503,
              54.87073953333072
            ],
            [
              83.1078399292777,
              54.870642705532596
            ],
            [
              83.10833922593162,
              54.870531612821786
            ],
            [
              83.10882846619188,
              54.87040652294604
            ],
            [
              83.1093064710321,
              54.87026773738548
            ],
            [
              83.10977208853862,
              54.87011559062506
            ],
            [
              83.11022419668906,
              54.869950449347385
            ],
            [
              83.11066170605834,
              54.86977271154799
            ],
            [
              83.11108356244557,
              54.86958280557498
            ],
            [
              83.11148874941591,
              54.869381189095584
            ],
            [
              83.11187629075035,
              54.86916834799192
            ],
            [
              83.1122452527986,
              54.86894479518892
            ],
            [
              83.11259474672842,
              54.868711069416854
            ],
            [
              83.1129239306668,
              54.86846773391197
            ],
            [
              83.1132320117271,
              54.868215375057844
            ],
            [
              83.11351824791784,
              54.867954600971224
            ],
            [
              83.11378194992824,
              54.86768604003541
            ],
            [
              83.11402248278635,
              54.86741033938486
            ],
            [
              83.1142392673858,
              54.86712816334494
            ],
            [
              83.11443178187744,
              54.86684019182998
            ],
            [
              83.11459956292266,
              54.866547118704204
            ],
            [
              83.11474220680522,
              54.866249650109
            ],
            [
              83.1148593703993,
              54.8659485027607
            ],
            [
              83.1149507719911,
              54.86564440222326
            ],
            [
              83.11501619195228,
              54.86533808115945
            ],
            [
              83.11505547326361,
              54.865030277565346
            ],
            [
              83.1150685218876,
              54.86472173299194
            ]
          ]
        ],
        "meta": {
          "shape": "circle"
        }
      },
      "properties": {
        "title": "J9616/26 for Novosibirsk Tolmachevo Airport",
        "text": "From: 2026-09-29 06:00:00+00:00\nTo: 2026-09-29 13:00:00+00:00\n\nAIRSPACE CLSD Within CIRCLE RADIUS 0.7KM CENTRE 545153N0830615E."
      }
    },
    {
      "type": "Feature",
      "geometry": {
        "type": "Polygon",
        "coordinates": [
          [
            [
              83.52472222222222,
              52.92388888888889
            ],
            [
              83.5363888888889,
              52.911944444444444
            ],
            [
              83.55361111111111,
              52.915277777777774
            ],
            [
              83.57666666666667,
              52.909444444444446
            ],
            [
              83.59138888888889,
              52.92472222222222
            ],
            [
              83.59833333333333,
              52.92833333333333
            ],
            [
              83.61083333333333,
              52.93527777777778
            ],
            [
              83.61666666666666,
              52.94944444444444
            ],
            [
              83.56722222222221,
              52.953611111111115
            ],
            [
              83.55,
              52.95472222222222
            ],
            [
              83.54416666666667,
              52.94083333333333
            ],
            [
              83.52472222222222,
              52.92388888888889
            ]
          ]
        ],
        "meta": {
          "shape": "polygon"
        }
      },
      "properties": {
        "title": "J9620/26 for Novosibirsk Tolmachevo Airport",
        "text": "From: 2026-09-30 02:30:00+00:00\nTo: 2026-09-30 09:00:00+00:00\n\nAIRSPACE CLSD Within AREA:\n\n525526N0833129E-525443N0833211E-525455N0833313E-525434N0833436E-\n\n525529N0833529E-525542N0833554E-525607N0833639E-525658N0833700E-\n\n525713N0833402E-525717N0833300E-525627N0833239E-525526N0833129E."
      }
    },
    {
      "type": "Feature",
      "geometry": {
        "type": "Polygon",
        "coordinates": [
          [
            [
              71.20916666666668,
              55.99527777777778
            ],
            [
              71.03666666666666,
              56.085
            ],
            [
              70.90555555555557,
              56.08916666666667
            ],
            [
              70.79416666666667,
              56.11277777777778
            ],
            [
              70.72638888888889,
              56.174166666666665
            ],
            [
              70.57805555555555,
              56.19833333333333
            ],
            [
              70.51805555555555,
              56.283055555555556
            ],
            [
              70.41416666666667,
              56.315555555555555
            ],
            [
              70.2063888888889,
              56.388888888888886
            ],
            [
              70.05888888888889,
              56.421388888888885
            ],
            [
              69.99222222222222,
              56.50527777777778
            ],
            [
              70.01861111111111,
              56.533055555555556
            ],
            [
              70.11749999999999,
              56.44555555555555
            ],
            [
              70.245,
              56.41777777777777
            ],
            [
              70.54416666666667,
              56.31055555555555
            ],
            [
              70.76055555555556,
              56.19166666666666
            ],
            [
              70.82555555555555,
              56.141666666666666
            ],
            [
              71.06055555555555,
              56.10916666666667
            ],
            [
              71.23388888888888,
              56.015
            ],
            [
              71.35749999999999,
              55.99305555555556
            ],
            [
              71.34027777777777,
              55.96638888888889
            ],
            [
              71.20916666666668,
              55.99527777777778
            ]
          ]
        ],
        "meta": {
          "shape": "polygon"
        }
      },
      "properties": {
        "title": "J9641/26 for Novosibirsk Tolmachevo Airport",
        "text": "From: 2026-09-29 03:00:00+00:00\nTo: 2026-09-29 14:00:00+00:00\n\nAIRSPACE CLSD AS FLW:\n\n1. AREA: 555935N0712127E-555759N0712025E-555943N0711233E-\n\n         560506N0710212E-560521N0705420E-560646N0704739E-\n\n         561027N0704335E-561154N0703441E-561659N0703105E-\n\n         561856N0702451E-562320N0701223E-562517N0700332E-\n\n         563019N0695932E-563159N0700107E-562644N0700703E-\n\n         562504N0701442E-561838N0703239E-561130N0704538E-\n\n         560830N0704932E-560633N0710338E-560054N0711402E-\n\n         555935N0712127E\n\n   350M AMSL-750M AMSL.\n\n2. Within CIRCLE RADIUS 1KM CENTRE 563016N0700045E\n\n   GND-750M AMSL.\n\n3. Within CIRCLE RADIUS 1KM CENTRE 560006N0711438E\n\n   GND-750M AMSL.\n\n4. Within CIRCLE RADIUS 1.5KM CENTRE 561240N0703607E\n\n   GND-750M AMSL."
      }
    },
    {
      "type": "Feature",
      "geometry": {
        "type": "Polygon",
        "coordinates": [
          [
            [
              83.23194444444445,
              55.030277777777776
            ],
            [
              83.22944444444444,
              55.040277777777774
            ],
            [
              83.20583333333333,
              55.044444444444444
            ],
            [
              83.18138888888889,
              55.04416666666666
            ],
            [
              83.17166666666667,
              55.026944444444446
            ],
            [
              83.17055555555557,
              55.01083333333333
            ],
            [
              83.2175,
              55.00972222222222
            ],
            [
              83.23194444444445,
              55.030277777777776
            ]
          ]
        ],
        "meta": {
          "shape": "polygon"
        }
      },
      "properties": {
        "title": "J9642/26 for Novosibirsk Tolmachevo Airport",
        "text": "From: 2026-09-29 09:45:00+00:00\nTo: 2026-09-29 11:30:00+00:00\n\nAIRSPACE CLSD Within AREA:\n\n550149N0831355E-550225N0831346E-550240N0831221E-550239N0831053E-\n\n550137N0831018E-550039N0831014E-550035N0831303E-550149N0831355E."
      }
    },
    {
      "type": "Feature",
      "geometry": {
        "type": "Polygon",
        "coordinates": [
          [
            [
              71.91520415744378,
              54.97118719310072
            ],
            [
              71.91635069294347,
              54.97123586140576
            ],
            [
              71.9175,
              54.971252097224934
            ],
            [
              71.91864930705654,
              54.97123586140576
            ],
            [
              71.91979584255623,
              54.97118719310072
            ],
            [
              71.92028028797218,
              54.97115280915521
            ],
            [
              71.93916666666667,
              54.97138888888889
            ],
            [
              71.96555555555555,
              54.961666666666666
            ],
            [
              72.07138888888889,
              54.95666666666667
            ],
            [
              72.25722222222223,
              54.966944444444444
            ],
            [
              72.37833333333333,
              54.98916666666667
            ],
            [
              72.59083333333332,
              55.028055555555554
            ],
            [
              72.56722222222221,
              54.99277777777778
            ],
            [
              72.39083333333333,
              54.963055555555556
            ],
            [
              72.26444444444445,
              54.940555555555555
            ],
            [
              72.07444444444444,
              54.92916666666667
            ],
            [
              71.96416666666667,
              54.93444444444444
            ],
            [
              71.88805555555557,
              54.93333333333333
            ],
            [
              71.80444444444444,
              54.92166666666667
            ],
            [
              71.43805555555556,
              54.909166666666664
            ],
            [
              71.36805555555554,
              54.92472222222222
            ],
            [
              71.30555555555556,
              54.918055555555554
            ],
            [
              71.2238888888889,
              54.91694444444444
            ],
            [
              71.10833333333333,
              54.910555555555554
            ],
            [
              70.97583333333334,
              54.90833333333333
            ],
            [
              70.99333333333334,
              54.92638888888889
            ],
            [
              70.99666666666667,
              54.93555555555555
            ],
            [
              71.10138888888888,
              54.9375
            ],
            [
              71.21916666666667,
              54.94416666666666
            ],
            [
              71.30305555555556,
              54.945277777777775
            ],
            [
              71.37277777777777,
              54.95277777777778
            ],
            [
              71.44555555555556,
              54.93666666666666
            ],
            [
              71.47416666666666,
              54.96
            ],
            [
              71.52055555555556,
              54.96138888888889
            ],
            [
              71.55138888888888,
              54.939722222222215
            ],
            [
              71.75055555555555,
              54.94638888888888
            ],
            [
              71.77694444444444,
              54.96333333333334
            ],
            [
              71.82166666666666,
              54.96638888888889
            ],
            [
              71.84666666666666,
              54.95527777777778
            ],
            [
              71.87416666666665,
              54.95805555555556
            ],
            [
              71.89472222222223,
              54.97083333333334
            ],
            [
              71.91370695922535,
              54.971070642545875
            ],
            [
              71.91406315835411,
              54.971106209672584
            ],
            [
              71.91520415744378,
              54.97118719310072
            ]
          ]
        ],
        "meta": {
          "shape": "polygon"
        }
      },
      "properties": {
        "title": "J9659/26 for Novosibirsk Tolmachevo Airport",
        "text": "From: 2026-09-29 03:00:00+00:00\nTo: 2026-10-01 14:00:00+00:00\n\nAIRSPACE CLSD AS FLW:\n\n1. AREA: 545430N0705833E-545438N0710630E-545501N0711326E-\n\n         545505N0711820E-545529N0712205E-545433N0712617E-\n\n         545518N0714816E-545600N0715317E-545604N0715751E-\n\n         545545N0720428E-545626N0721552E-545747N0722327E-\n\n         545934N0723402E-550141N0723527E-545921N0722242E-\n\n         545801N0721526E-545724N0720417E-545742N0715756E-\n\n         545817N0715621E-545815N0715341E-545729N0715227E-\n\n         545719N0715048E-545759N0714918E-545748N0714637E-\n\n         545647N0714502E-545623N0713305E-545741N0713114E-\n\n         545736N0712827E-545612N0712644E-545710N0712222E-\n\n         545643N0711811E-545639N0711309E-545615N0710605E-\n\n         545608N0705948E-545535N0705936E-545430N0705833E\n\n   350M AMSL-720M AMSL.\n\n2. Within CIRCLE RADIUS 1KM CENTRE 545650N0712955E\n\n   GND-720M AMSL.\n\n3. Within CIRCLE RADIUS 1KM CENTRE 545706N0714807E\n\n   GND-720M AMSL.\n\n4. Within CIRCLE RADIUS 1.5KM CENTRE 545728N0715503E\n\n   GND-720M AMSL."
      }
    },
    {
      "type": "Feature",
      "geometry": {
        "type": "Polygon",
        "coordinates": [
          [
            [
              85.17555555555556,
              52.58361111111111
            ],
            [
              85.1525,
              52.59638888888889
            ],
            [
              85.19805555555556,
              52.60611111111111
            ],
            [
              85.27416666666666,
              52.60583333333334
            ],
            [
              85.28777777777778,
              52.59583333333334
            ],
            [
              85.905,
              52.634166666666665
            ],
            [
              85.9563888888889,
              52.63722222222222
            ],
            [
              85.99138888888889,
              52.63916666666667
            ],
            [
              86.0111111111111,
              52.625
            ],
            [
              86.01888888888888,
              52.61083333333333
            ],
            [
              85.97777777777777,
              52.605555555555554
            ],
            [
              85.86472222222221,
              52.603611111111114
            ],
            [
              85.74222222222222,
              52.54666666666667
            ],
            [
              85.70694444444445,
              52.581388888888895
            ],
            [
              85.63777777777779,
              52.58444444444444
            ],
            [
              85.61694444444444,
              52.59027777777778
            ],
            [
              85.50027777777778,
              52.559999999999995
            ],
            [
              85.42222222222223,
              52.57138888888889
            ],
            [
              85.33138888888888,
              52.55361111111111
            ],
            [
              85.245,
              52.57944444444445
            ],
            [
              85.17555555555556,
              52.58361111111111
            ]
          ]
        ],
        "meta": {
          "shape": "polygon"
        }
      },
      "properties": {
        "title": "J9661/26 for Novosibirsk Tolmachevo Airport",
        "text": "From: 2026-09-29 03:00:00+00:00\nTo: 2026-09-30 09:00:00+00:00\n\nAIRSPACE CLSD Within AREA:\n\n523501N0851032E-523547N0850909E-523622N0851153E-523621N0851627E-\n\n523545N0851716E-523803N0855418E-523814N0855723E-523821N0855929E-\n\n523730N0860040E-523639N0860108E-523620N0855840E-523613N0855153E-\n\n523248N0854432E-523453N0854225E-523504N0853816E-523525N0853701E-\n\n523336N0853001E-523417N0852520E-523313N0851953E-523446N0851442E-\n\n523501N0851032E."
      }
    },
    {
      "type": "Feature",
      "geometry": {
        "type": "Polygon",
        "coordinates": [
          [
            [
              83.07804272821011,
              55.18305546463414
            ],
            [
              83.07803703996336,
              55.18292323892434
            ],
            [
              83.07802002018798,
              55.1827913321912
            ],
            [
              83.07799170999746,
              55.1826600622049
            ],
            [
              83.07795217770277,
              55.18252974519855
            ],
            [
              83.07790151864666,
              55.182400695106466
            ],
            [
              83.07783985497304,
              55.1822732228079
            ],
            [
              83.07776733533163,
              55.18214763537836
            ],
            [
              83.07768413451906,
              55.18202423534988
            ],
            [
              83.07759045305679,
              55.181903319982446
            ],
            [
              83.07748651670724,
              55.181785180548054
            ],
            [
              83.07737257592927,
              55.18167010162924
            ],
            [
              83.07724890527403,
              55.181558360433726
            ],
            [
              83.07711580272313,
              55.18145022612696
            ],
            [
              83.07697358897013,
              55.18134595918377
            ],
            [
              83.0768226066478,
              55.181245810761354
            ],
            [
              83.07666321950225,
              55.181150022094364
            ],
            [
              83.07649581151662,
              55.1810588239141
            ],
            [
              83.07632078598584,
              55.18097243589305
            ],
            [
              83.07613856454522,
              55.18089106611582
            ],
            [
              83.07594958615482,
              55.180814910578334
            ],
            [
              83.07575430604214,
              55.180744152715796
            ],
            [
              83.075553194606,
              55.18067896296118
            ],
            [
              83.07534673628352,
              55.18061949833487
            ],
            [
              83.07513542838382,
              55.18056590206663
            ],
            [
              83.07491977989052,
              55.180518303250885
            ],
            [
              83.07470031023634,
              55.180476816535865
            ],
            [
              83.07447754805243,
              55.180441541847635
            ],
            [
              83.07425202989583,
              55.180412564149535
            ],
            [
              83.07402429895777,
              55.18038995323773
            ],
            [
              83.07379490375602,
              55.18037376357307
            ],
            [
              83.07356439681452,
              55.180364034150145
            ],
            [
              83.0733333333333,
              55.18036078840326
            ],
            [
              83.07310226985207,
              55.180364034150145
            ],
            [
              83.07287176291057,
              55.18037376357307
            ],
            [
              83.07264236770882,
              55.18038995323773
            ],
            [
              83.07241463677076,
              55.180412564149535
            ],
            [
              83.07218911861418,
              55.180441541847635
            ],
            [
              83.07196635643025,
              55.18047681653586
            ],
            [
              83.07174688677607,
              55.180518303250885
            ],
            [
              83.07153123828277,
              55.18056590206663
            ],
            [
              83.07131993038308,
              55.18061949833487
            ],
            [
              83.07111347206059,
              55.18067896296118
            ],
            [
              83.07091236062445,
              55.180744152715796
            ],
            [
              83.07071708051178,
              55.180814910578334
            ],
            [
              83.07052810212137,
              55.18089106611582
            ],
            [
              83.07034588068076,
              55.18097243589305
            ],
            [
              83.07017085514997,
              55.1810588239141
            ],
            [
              83.07000344716434,
              55.181150022094364
            ],
            [
              83.0698440600188,
              55.181245810761354
            ],
            [
              83.06969307769647,
              55.18134595918377
            ],
            [
              83.06955086394348,
              55.18145022612696
            ],
            [
              83.06941776139256,
              55.181558360433726
            ],
            [
              83.06929409073733,
              55.18167010162924
            ],
            [
              83.06918014995937,
              55.18178518054806
            ],
            [
              83.06907621360982,
              55.181903319982446
            ],
            [
              83.06898253214753,
              55.18202423534988
            ],
            [
              83.06889933133496,
              55.18214763537836
            ],
            [
              83.06882681169355,
              55.1822732228079
            ],
            [
              83.06876514801993,
              55.18240069510646
            ],
            [
              83.06871448896382,
              55.18252974519855
            ],
            [
              83.06867495666913,
              55.1826600622049
            ],
            [
              83.06864664647861,
              55.1827913321912
            ],
            [
              83.06862962670323,
              55.18292323892434
            ],
            [
              83.06862393845648,
              55.18305546463414
            ],
            [
              83.06862959555436,
              55.183187690778865
            ],
            [
              83.06864658448085,
              55.183319598812595
            ],
            [
              83.06867486441953,
              55.183450870952626
            ],
            [
              83.06871436735082,
              55.183581190945084
            ],
            [
              83.06876499821472,
              55.18371024482695
            ],
            [
              83.06882663513885,
              55.1838377216824
            ],
            [
              83.06889912973105,
              55.18396331439211
            ],
            [
              83.068982307436,
              55.184086720373166
            ],
            [
              83.06907596795473,
              55.18420764230824
            ],
            [
              83.06917988572654,
              55.1843257888621
            ],
            [
              83.06929381047148,
              55.18444087538366
            ],
            [
              83.06941746779279,
              55.18455262459193
            ],
            [
              83.06955055983731,
              55.184660767244374
            ],
            [
              83.06969276601262,
              55.18476504278571
            ],
            [
              83.06984374375895,
              55.184865199976
            ],
            [
              83.07000312937424,
              55.18496099749612
            ],
            [
              83.07017053889011,
              55.1850522045295
            ],
            [
              83.0703455689969,
              55.18513860131842
            ],
            [
              83.07052779801519,
              55.1852199796938
            ],
            [
              83.070716786912,
              55.185296143576956
            ],
            [
              83.07091208035858,
              55.18536690945226
            ],
            [
              83.07111320782778,
              55.185432106809614
            ],
            [
              83.07131968472801,
              55.18549157855541
            ],
            [
              83.07153101357125,
              55.18554518139127
            ],
            [
              83.07174668517216,
              55.18559278615959
            ],
            [
              83.07196617987553,
              55.18563427815476
            ],
            [
              83.07218896880894,
              55.1856695573999
            ],
            [
              83.07241451515776,
              55.18569853888778
            ],
            [
              83.07264227545923,
              55.185721152785696
            ],
            [
              83.0728717009128,
              55.18573734460407
            ],
            [
              83.0731022387032,
              55.1857470753276
            ],
            [
              83.0733333333333,
              55.18575032150941
            ],
            [
              83.07356442796339,
              55.1857470753276
            ],
            [
              83.0737949657538,
              55.185737344604064
            ],
            [
              83.07402439120737,
              55.1857211527857
            ],
            [
              83.07425215150883,
              55.185698538887756
            ],
            [
              83.07447769785765,
              55.185669557399905
            ],
            [
              83.07470048679106,
              55.185634278154765
            ],
            [
              83.07491998149443,
              55.18559278615959
            ],
            [
              83.07513565309534,
              55.18554518139128
            ],
            [
              83.07534698193858,
              55.18549157855541
            ],
            [
              83.07555345883881,
              55.18543210680961
            ],
            [
              83.07575458630801,
              55.18536690945226
            ],
            [
              83.07594987975459,
              55.185296143576956
            ],
            [
              83.0761388686514,
              55.1852199796938
            ],
            [
              83.0763210976697,
              55.18513860131842
            ],
            [
              83.07649612777648,
              55.1850522045295
            ],
            [
              83.07666353729236,
              55.18496099749612
            ],
            [
              83.07682292290767,
              55.184865199976
            ],
            [
              83.07697390065398,
              55.18476504278572
            ],
            [
              83.0771161068293,
              55.184660767244374
            ],
            [
              83.07724919887382,
              55.18455262459193
            ],
            [
              83.07737285619511,
              55.18444087538366
            ],
            [
              83.07748678094006,
              55.184325788862104
            ],
            [
              83.07759069871186,
              55.18420764230824
            ],
            [
              83.0776843592306,
              55.18408672037315
            ],
            [
              83.07776753693554,
              55.18396331439211
            ],
            [
              83.07784003152776,
              55.1838377216824
            ],
            [
              83.07790166845187,
              55.18371024482695
            ],
            [
              83.07795229931577,
              55.183581190945084
            ],
            [
              83.07799180224707,
              55.183450870952626
            ],
            [
              83.07802008218576,
              55.183319598812595
            ],
            [
              83.07803707111223,
              55.183187690778865
            ],
            [
              83.07804272821011,
              55.18305546463414
            ]
          ]
        ],
        "meta": {
          "shape": "circle"
        }
      },
      "properties": {
        "title": "J9666/26 for Novosibirsk Tolmachevo Airport",
        "text": "From: 2026-09-30 03:00:00+00:00\nTo: 2026-09-30 05:00:00+00:00\n\nAIRSPACE CLSD Within CIRCLE RADIUS 0.3KM CENTRE 551059N0830424E."
      }
    },
    {
      "type": "Feature",
      "geometry": {
        "type": "Polygon",
        "coordinates": [
          [
            [
              84.74974818391291,
              55.818578737989625
            ],
            [
              84.75040965882772,
              55.81881463212144
            ],
            [
              84.75109090346092,
              55.81903196479401
            ],
            [
              84.75179027596549,
              55.81923021212139
            ],
            [
              84.75250609071638,
              55.81940889621578
            ],
            [
              84.75323662237892,
              55.819567586341606
            ],
            [
              84.75398011007366,
              55.81970589995577
            ],
            [
              84.75473476162783,
              55.81982350363161
            ],
            [
              84.75524989042992,
              55.81988864362647
            ],
            [
              84.76861111111111,
              55.82333333333334
            ],
            [
              84.77972222222222,
              55.80444444444444
            ],
            [
              84.71055555555556,
              55.79416666666666
            ],
            [
              84.775,
              55.73972222222222
            ],
            [
              84.81861111111111,
              55.7575
            ],
            [
              84.86999999999999,
              55.69694444444444
            ],
            [
              84.94583333333334,
              55.59305555555556
            ],
            [
              85.09277777777777,
              55.50555555555555
            ],
            [
              85.23666666666666,
              55.45805555555556
            ],
            [
              85.2213888888889,
              55.42194444444444
            ],
            [
              84.89305555555556,
              55.505833333333335
            ],
            [
              84.87166666666666,
              55.58444444444444
            ],
            [
              84.70583333333333,
              55.63638888888889
            ],
            [
              84.75444444444445,
              55.724444444444444
            ],
            [
              84.67277777777778,
              55.775555555555556
            ],
            [
              84.56944444444444,
              55.68416666666666
            ],
            [
              84.4263888888889,
              55.62222222222222
            ],
            [
              84.39583333333334,
              55.653888888888886
            ],
            [
              84.52777777777777,
              55.703611111111115
            ],
            [
              84.5611111111111,
              55.74277777777778
            ],
            [
              84.61527777777778,
              55.78
            ],
            [
              84.63138888888888,
              55.7825
            ],
            [
              84.59638888888888,
              55.910555555555554
            ],
            [
              84.38333333333334,
              56.04388888888889
            ],
            [
              84.32055555555556,
              56.16083333333333
            ],
            [
              84.21277777777777,
              56.26416666666667
            ],
            [
              84.24361111111111,
              56.27388888888889
            ],
            [
              84.35166666666666,
              56.16833333333333
            ],
            [
              84.41472222222222,
              56.051944444444445
            ],
            [
              84.47833333333334,
              56.046388888888885
            ],
            [
              84.62888888888888,
              55.967222222222226
            ],
            [
              84.62527777777777,
              55.92111111111111
            ],
            [
              84.6975,
              55.805
            ],
            [
              84.74899995514764,
              55.818277332186504
            ],
            [
              84.74910807282386,
              55.818324851017486
            ],
            [
              84.74974818391291,
              55.818578737989625
            ]
          ]
        ],
        "meta": {
          "shape": "polygon"
        }
      },
      "properties": {
        "title": "J9667/26 for Novosibirsk Tolmachevo Airport",
        "text": "From: 2026-10-01 01:00:00+00:00\nTo: 2026-10-06 13:00:00+00:00\n\nAIRSPACE CLSD AS FLW:\n\n1. AREA: 561551N0841246E-560939N0841914E-560238N0842300E-\n\n         555438N0843547E-554657N0843753E-554648N0843655E-\n\n         554434N0843340E-554213N0843140E-553914N0842345E-\n\n         553720N0842535E-554103N0843410E-554632N0844022E-\n\n         554328N0844516E-553811N0844221E-553504N0845218E-\n\n         553021N0845335E-552519N0851317E-552729N0851412E-\n\n         553020N0850534E-553535N0845645E-554149N0845212E-\n\n         554527N0844907E-554423N0844630E-554739N0844238E-\n\n         554816N0844647E-554924N0844607E-554818N0844151E-\n\n         555516N0843731E-555802N0843744E-560247N0842842E-\n\n         560307N0842453E-561006N0842106E-561626N0841437E-\n\n         561551N0841246E\n\n   500M AMSL-750M AMSL.\n\n2. Within CIRCLE RADIUS 1KM CENTRE 554840N0844531E\n\n   GND-750M AMSL.\n\n3. Within CIRCLE RADIUS 1KM CENTRE 554713N0844025E\n\n   GND-750M AMSL.\n\n4. Within CIRCLE RADIUS 1KM CENTRE 554736N0844103E\n\n   GND-750M AMSL."
      }
    },
    {
      "type": "Feature",
      "geometry": {
        "type": "Polygon",
        "coordinates": [
          [
            [
              73.20972222222223,
              55.165
            ],
            [
              73.21111111111111,
              55.163888888888884
            ],
            [
              73.21916666666667,
              55.163888888888884
            ],
            [
              73.23083333333334,
              55.166666666666664
            ],
            [
              73.23583333333333,
              55.16972222222222
            ],
            [
              73.23416666666667,
              55.17194444444444
            ],
            [
              73.23333333333333,
              55.17305555555555
            ],
            [
              73.23555555555555,
              55.17583333333333
            ],
            [
              73.2363888888889,
              55.17916666666667
            ],
            [
              73.23666666666666,
              55.18444444444444
            ],
            [
              73.23416666666667,
              55.18833333333333
            ],
            [
              73.22972222222222,
              55.18944444444444
            ],
            [
              73.21222222222222,
              55.20277777777778
            ],
            [
              73.20611111111111,
              55.203611111111115
            ],
            [
              73.205,
              55.20333333333333
            ],
            [
              73.20583333333333,
              55.18666666666666
            ],
            [
              73.19972222222222,
              55.17472222222222
            ],
            [
              73.19611111111111,
              55.17055555555555
            ],
            [
              73.20972222222223,
              55.165
            ]
          ]
        ],
        "meta": {
          "shape": "polygon"
        }
      },
      "properties": {
        "title": "J9671/26 for Novosibirsk Tolmachevo Airport",
        "text": "From: 2026-09-29 04:00:00+00:00\nTo: 2026-10-02 12:00:00+00:00\n\nAIRSPACE CLSD Within AREA:\n\n550954N0731235E-550950N0731240E-550950N0731309E-551000N0731351E-\n\n551011N0731409E-551019N0731403E-551023N0731400E-551033N0731408E-\n\n551045N0731411E-551104N0731412E-551118N0731403E-551122N0731347E-\n\n551210N0731244E-551213N0731222E-551212N0731218E-551112N0731221E-\n\n551029N0731159E-551014N0731146E-550954N0731235E."
      }
    },
    {
      "type": "Feature",
      "geometry": {
        "type": "Polygon",
        "coordinates": [
          [
            [
              83.09637196416088,
              55.15249596361312
            ],
            [
              83.09633348439606,
              55.15161446273917
            ],
            [
              83.0962195245571,
              55.15073510471485
            ],
            [
              83.09603036412287,
              55.14986000778072
            ],
            [
              83.0957664636405,
              55.148991279775345
            ],
            [
              83.09542846356928,
              55.14813101306061
            ],
            [
              83.09501718269244,
              55.14728127948577
            ],
            [
              83.09453361610134,
              55.14644412540193
            ],
            [
              83.09397893275694,
              55.145621566739415
            ],
            [
              83.09335447263521,
              55.14481558415921
            ],
            [
              83.09266174346348,
              55.144028118290784
            ],
            [
              83.09190241705605,
              55.1432610650669
            ],
            [
              83.09107832525807,
              55.14251627116726
            ],
            [
              83.09019145550798,
              55.14179552958138
            ],
            [
              83.08924394602903,
              55.141100575301515
            ],
            [
              83.08823808066217,
              55.14043308115577
            ],
            [
              83.08717628335246,
              55.139794653791355
            ],
            [
              83.08606111230266,
              55.139186829817596
            ],
            [
              83.08489525380804,
              55.1386110721177
            ],
            [
              83.08368151578729,
              55.13806876633819
            ],
            [
              83.08242282102516,
              55.137561217564354
            ],
            [
              83.08112220014299,
              55.1370896471893
            ],
            [
              83.07978278431385,
              55.136655189984424
            ],
            [
              83.0784077977399,
              55.13625889137803
            ],
            [
              83.07700054990978,
              55.135901704948374
            ],
            [
              83.07556442765427,
              55.13558449013756
            ],
            [
              83.0741028870195,
              55.13530801019098
            ],
            [
              83.07261944497655,
              55.135072930327915
            ],
            [
              83.07111767098733,
              55.13487981614694
            ],
            [
              83.06960117844659,
              55.134729132270486
            ],
            [
              83.06807361602031,
              55.13462124123129
            ],
            [
              83.06653865890094,
              55.13455640260358
            ],
            [
              83.065,
              55.13453477238121
            ],
            [
              83.06346134109907,
              55.13455640260358
            ],
            [
              83.06192638397968,
              55.13462124123129
            ],
            [
              83.0603988215534,
              55.134729132270486
            ],
            [
              83.05888232901266,
              55.13487981614694
            ],
            [
              83.05738055502344,
              55.135072930327915
            ],
            [
              83.05589711298049,
              55.13530801019098
            ],
            [
              83.05443557234572,
              55.13558449013756
            ],
            [
              83.05299945009021,
              55.135901704948374
            ],
            [
              83.0515922022601,
              55.13625889137803
            ],
            [
              83.05021721568615,
              55.136655189984424
            ],
            [
              83.04887779985701,
              55.1370896471893
            ],
            [
              83.04757717897483,
              55.137561217564354
            ],
            [
              83.0463184842127,
              55.13806876633819
            ],
            [
              83.04510474619197,
              55.1386110721177
            ],
            [
              83.04393888769734,
              55.139186829817596
            ],
            [
              83.04282371664753,
              55.139794653791355
            ],
            [
              83.04176191933783,
              55.14043308115577
            ],
            [
              83.04075605397097,
              55.141100575301515
            ],
            [
              83.03980854449202,
              55.14179552958138
            ],
            [
              83.03892167474191,
              55.14251627116726
            ],
            [
              83.03809758294395,
              55.1432610650669
            ],
            [
              83.03733825653651,
              55.144028118290784
            ],
            [
              83.03664552736478,
              55.14481558415921
            ],
            [
              83.03602106724306,
              55.145621566739415
            ],
            [
              83.03546638389865,
              55.14644412540194
            ],
            [
              83.03498281730755,
              55.14728127948577
            ],
            [
              83.03457153643072,
              55.14813101306062
            ],
            [
              83.0342335363595,
              55.14899127977534
            ],
            [
              83.03396963587714,
              55.14986000778072
            ],
            [
              83.0337804754429,
              55.150735104714855
            ],
            [
              83.03366651560394,
              55.15161446273917
            ],
            [
              83.03362803583912,
              55.15249596361312
            ],
            [
              83.03366513383828,
              55.153377483795055
            ],
            [
              83.03377772521874,
              55.15425689955743
            ],
            [
              83.03396554368061,
              55.1551320921036
            ],
            [
              83.03422814160068,
              55.15600095267424
            ],
            [
              83.03456489106404,
              55.15686138763074
            ],
            [
              83.03497498533147,
              55.15771132350364
            ],
            [
              83.03545744073935,
              55.15854871199357
            ],
            [
              83.03601109902799,
              55.15937153491276
            ],
            [
              83.03663463009327,
              55.16017780905525
            ],
            [
              83.03732653515519,
              55.16096559098372
            ],
            [
              83.03808515033606,
              55.161732981721556
            ],
            [
              83.03890865064022,
              55.16247813133862
            ],
            [
              83.03979505432574,
              55.163199243419626
            ],
            [
              83.04074222765773,
              55.16389457940427
            ],
            [
              83.04174789003255,
              55.16456246278841
            ],
            [
              83.0428096194601,
              55.165201283176266
            ],
            [
              83.04392485839138,
              55.16580950017348
            ],
            [
              83.04509091987735,
              55.16638564711183
            ],
            [
              83.04630499404446,
              55.166928334596165
            ],
            [
              83.04756415487066,
              55.16743625386522
            ],
            [
              83.04886536724617,
              55.1679081799578
            ],
            [
              83.05020549430155,
              55.16834297467673
            ],
            [
              83.0515813049851,
              55.1687395893433
            ],
            [
              83.05298948187162,
              55.169097067335365
            ],
            [
              83.05442662918296,
              55.16941454640298
            ],
            [
              83.05588928100114,
              55.16969126075576
            ],
            [
              83.0573739096538,
              55.169926542917
            ],
            [
              83.05887693425134,
              55.170119825339846
            ],
            [
              83.06039472935491,
              55.170270641781656
            ],
            [
              83.06192363375416,
              55.17037862843296
            ],
            [
              83.06345995933272,
              55.17044352479872
            ],
            [
              83.065,
              55.17046517432913
            ],
            [
              83.06654004066728,
              55.17044352479872
            ],
            [
              83.06807636624583,
              55.17037862843296
            ],
            [
              83.06960527064508,
              55.170270641781656
            ],
            [
              83.07112306574865,
              55.17011982533984
            ],
            [
              83.07262609034619,
              55.169926542917004
            ],
            [
              83.07411071899885,
              55.169691260755755
            ],
            [
              83.07557337081704,
              55.16941454640298
            ],
            [
              83.07701051812838,
              55.16909706733537
            ],
            [
              83.07841869501489,
              55.1687395893433
            ],
            [
              83.07979450569844,
              55.16834297467673
            ],
            [
              83.08113463275383,
              55.16790817995779
            ],
            [
              83.08243584512935,
              55.16743625386522
            ],
            [
              83.08369500595553,
              55.16692833459616
            ],
            [
              83.08490908012264,
              55.166385647111824
            ],
            [
              83.08607514160862,
              55.16580950017348
            ],
            [
              83.0871903805399,
              55.165201283176266
            ],
            [
              83.08825210996744,
              55.1645624627884
            ],
            [
              83.08925777234228,
              55.16389457940427
            ],
            [
              83.09020494567426,
              55.16319924341962
            ],
            [
              83.09109134935977,
              55.16247813133862
            ],
            [
              83.09191484966395,
              55.16173298172155
            ],
            [
              83.09267346484482,
              55.160965590983714
            ],
            [
              83.09336536990672,
              55.16017780905524
            ],
            [
              83.09398890097201,
              55.15937153491276
            ],
            [
              83.09454255926065,
              55.15854871199357
            ],
            [
              83.09502501466852,
              55.15771132350364
            ],
            [
              83.09543510893596,
              55.15686138763074
            ],
            [
              83.09577185839932,
              55.15600095267424
            ],
            [
              83.09603445631939,
              55.15513209210359
            ],
            [
              83.09622227478125,
              55.15425689955743
            ],
            [
              83.09633486616173,
              55.153377483795055
            ],
            [
              83.09637196416088,
              55.15249596361312
            ]
          ]
        ],
        "meta": {
          "shape": "circle"
        }
      },
      "properties": {
        "title": "J9675/26 for Novosibirsk Tolmachevo Airport",
        "text": "From: 2026-10-01 06:00:00+00:00\nTo: 2026-10-01 16:00:00+00:00\n\nAIRSPACE CLSD Within CIRCLE RADIUS 2KM CENTRE 550909N0830354E."
      }
    },
    {
      "type": "Feature",
      "geometry": {
        "type": "Polygon",
        "coordinates": [
          [
            [
              83.14983330081411,
              55.21638256710229
            ],
            [
              83.14978490529035,
              55.21528070575452
            ],
            [
              83.14964201074214,
              55.21418152901597
            ],
            [
              83.14940496916338,
              55.213087684570304
            ],
            [
              83.14907435920448,
              55.2120018070412
            ],
            [
              83.14865098470527,
              55.210926511650484
            ],
            [
              83.14813587268767,
              55.209864387925236
            ],
            [
              83.14753027081335,
              55.20881799346846
            ],
            [
              83.1468356443135,
              55.207789847808776
            ],
            [
              83.14605367239855,
              55.20678242634339
            ],
            [
              83.14518624415729,
              55.205798154389065
            ],
            [
              83.1442354539553,
              55.20483940135529
            ],
            [
              83.14320359634485,
              55.20390847505328
            ],
            [
              83.14209316049859,
              55.20300761615475
            ],
            [
              83.14090682418097,
              55.202138992813204
            ],
            [
              83.13964744727208,
              55.20130469546094
            ],
            [
              83.1383180648599,
              55.20050673179364
            ],
            [
              83.13692187991761,
              55.19974702195494
            ],
            [
              83.13546225558397,
              55.199027393931964
            ],
            [
              83.13394270706502,
              55.19834957917284
            ],
            [
              83.13236689317691,
              55.19771520843674
            ],
            [
              83.13073860754989,
              55.19712580788592
            ],
            [
              83.12906176951473,
              55.19658279542908
            ],
            [
              83.12734041469288,
              55.19608747732504
            ],
            [
              83.12557868531319,
              55.19564104505393
            ],
            [
              83.1237808202778,
              55.1952445724641
            ],
            [
              83.12195114500079,
              55.19489901320093
            ],
            [
              83.12009406104374,
              55.19460519842371
            ],
            [
              83.1182140355724,
              55.19436383481601
            ],
            [
              83.11631559065943,
              55.19417550289424
            ],
            [
              83.11440329245833,
              55.19404065561827
            ],
            [
              83.11248174027399,
              55.1939596173073
            ],
            [
              83.1105555555555,
              55.19393258286386
            ],
            [
              83.10862937083698,
              55.1939596173073
            ],
            [
              83.10670781865264,
              55.19404065561827
            ],
            [
              83.10479552045156,
              55.19417550289424
            ],
            [
              83.10289707553858,
              55.19436383481601
            ],
            [
              83.10101705006723,
              55.19460519842371
            ],
            [
              83.0991599661102,
              55.19489901320093
            ],
            [
              83.09733029083317,
              55.1952445724641
            ],
            [
              83.09553242579778,
              55.19564104505393
            ],
            [
              83.0937706964181,
              55.19608747732504
            ],
            [
              83.09204934159625,
              55.19658279542908
            ],
            [
              83.0903725035611,
              55.19712580788592
            ],
            [
              83.08874421793408,
              55.19771520843674
            ],
            [
              83.08716840404595,
              55.19834957917284
            ],
            [
              83.08564885552701,
              55.199027393931964
            ],
            [
              83.08418923119338,
              55.19974702195494
            ],
            [
              83.08279304625108,
              55.20050673179364
            ],
            [
              83.08146366383889,
              55.20130469546094
            ],
            [
              83.08020428693,
              55.202138992813204
            ],
            [
              83.0790179506124,
              55.20300761615475
            ],
            [
              83.07790751476614,
              55.20390847505328
            ],
            [
              83.07687565715568,
              55.20483940135529
            ],
            [
              83.07592486695368,
              55.205798154389065
            ],
            [
              83.07505743871242,
              55.20678242634339
            ],
            [
              83.07427546679749,
              55.207789847808776
            ],
            [
              83.07358084029762,
              55.20881799346846
            ],
            [
              83.0729752384233,
              55.209864387925236
            ],
            [
              83.0724601264057,
              55.210926511650484
            ],
            [
              83.07203675190651,
              55.21200180704119
            ],
            [
              83.0717061419476,
              55.213087684570304
            ],
            [
              83.07146910036883,
              55.21418152901596
            ],
            [
              83.07132620582064,
              55.21528070575452
            ],
            [
              83.07127781029688,
              55.21638256710229
            ],
            [
              83.07132403821227,
              55.21748445869087
            ],
            [
              83.07146478602733,
              55.21858372586062
            ],
            [
              83.07169972242238,
              55.219677720056964
            ],
            [
              83.07202828902105,
              55.22076380521408
            ],
            [
              83.07244970166214,
              55.221839364110515
            ],
            [
              83.07296295221747,
              55.22290180468155
            ],
            [
              83.07356681095231,
              55.223948566272746
            ],
            [
              83.07425982942283,
              55.2249771258198
            ],
            [
              83.07504034390477,
              55.22598500393955
            ],
            [
              83.07590647934525,
              55.22696977091737
            ],
            [
              83.07685615382906,
              55.22792905257649
            ],
            [
              83.07788708354893,
              55.2288605360147
            ],
            [
              83.0789967882683,
              55.22976197519478
            ],
            [
              83.08018259726391,
              55.2306311963748
            ],
            [
              83.08144165573408,
              55.231466103364966
            ],
            [
              83.0827709316576,
              55.23226468259843
            ],
            [
              83.08416722308685,
              55.233025008003324
            ],
            [
              83.08562716585757,
              55.23374524566428
            ],
            [
              83.08714724169702,
              55.234423658262024
            ],
            [
              83.08872378671072,
              55.23505860927988
            ],
            [
              83.09035300022722,
              55.23564856696718
            ],
            [
              83.09203095397976,
              55.23619210804961
            ],
            [
              83.0937536016019,
              55.23668792117746
            ],
            [
              83.09551678841441,
              55.23713481010325
            ],
            [
              83.09731626147932,
              55.23753169658075
            ],
            [
              83.09914767989632,
              55.23787762297862
            ],
            [
              83.10100662531642,
              55.2381717546019
            ],
            [
              83.10288861264696,
              55.238413381715596
            ],
            [
              83.1047891009215,
              55.238601921265555
            ],
            [
              83.1067035043078,
              55.23873691829237
            ],
            [
              83.10862720322692,
              55.23881804703462
            ],
            [
              83.1105555555555,
              55.2388451117189
            ],
            [
              83.11248390788406,
              55.23881804703462
            ],
            [
              83.11440760680317,
              55.23873691829237
            ],
            [
              83.11632201018949,
              55.238601921265555
            ],
            [
              83.11822249846401,
              55.238413381715596
            ],
            [
              83.12010448579456,
              55.238171754601915
            ],
            [
              83.12196343121467,
              55.23787762297862
            ],
            [
              83.12379484963166,
              55.23753169658075
            ],
            [
              83.12559432269656,
              55.23713481010325
            ],
            [
              83.12735750950907,
              55.23668792117747
            ],
            [
              83.12908015713121,
              55.23619210804961
            ],
            [
              83.13075811088376,
              55.23564856696717
            ],
            [
              83.13238732440026,
              55.23505860927988
            ],
            [
              83.13396386941395,
              55.23442365826202
            ],
            [
              83.1354839452534,
              55.23374524566428
            ],
            [
              83.13694388802413,
              55.233025008003324
            ],
            [
              83.13834017945338,
              55.23226468259843
            ],
            [
              83.1396694553769,
              55.23146610336497
            ],
            [
              83.14092851384709,
              55.2306311963748
            ],
            [
              83.14211432284269,
              55.22976197519478
            ],
            [
              83.14322402756204,
              55.2288605360147
            ],
            [
              83.14425495728193,
              55.22792905257649
            ],
            [
              83.14520463176575,
              55.22696977091737
            ],
            [
              83.14607076720621,
              55.22598500393954
            ],
            [
              83.14685128168814,
              55.2249771258198
            ],
            [
              83.14754430015867,
              55.223948566272746
            ],
            [
              83.1481481588935,
              55.222901804681555
            ],
            [
              83.14866140944885,
              55.221839364110515
            ],
            [
              83.14908282208992,
              55.22076380521407
            ],
            [
              83.14941138868859,
              55.21967772005696
            ],
            [
              83.14964632508365,
              55.21858372586062
            ],
            [
              83.14978707289872,
              55.217484458690876
            ],
            [
              83.14983330081411,
              55.21638256710229
            ]
          ]
        ],
        "meta": {
          "shape": "circle"
        }
      },
      "properties": {
        "title": "J9680/26 for Novosibirsk Tolmachevo Airport",
        "text": "From: 2026-10-01 03:00:00+00:00\nTo: 2026-10-02 13:00:00+00:00\n\nAIRSPACE CLSD Within CIRCLE RADIUS 2.5KM CENTRE 551259N0830638E."
      }
    },
    {
      "type": "Feature",
      "geometry": {
        "type": "Polygon",
        "coordinates": [
          [
            [
              76.54305555555555,
              56.507777777777775
            ],
            [
              76.20833333333334,
              56.96666666666667
            ],
            [
              76.39361111111111,
              57.013333333333335
            ],
            [
              76.70222222222222,
              56.57138888888889
            ],
            [
              78.4725,
              56.38777777777778
            ],
            [
              78.48055555555555,
              56.296388888888885
            ],
            [
              76.54305555555555,
              56.507777777777775
            ]
          ]
        ],
        "meta": {
          "shape": "polygon"
        }
      },
      "properties": {
        "title": "J9683/26 for Novosibirsk Tolmachevo Airport",
        "text": "From: 2026-09-29 03:00:00+00:00\nTo: 2026-10-02 10:00:00+00:00\n\nAIRSPACE CLSD Within AREA:\n\n563028N0763235E-565800N0761230E-570048N0762337E-563417N0764208E-\n\n562316N0782821E-561747N0782850E-563028N0763235E."
      }
    },
    {
      "type": "Feature",
      "geometry": {
        "type": "Polygon",
        "coordinates": [
          [
            [
              83.18944444444445,
              55.00416666666667
            ],
            [
              83.22638888888889,
              55.00333333333333
            ],
            [
              83.23277777777778,
              55.00388888888889
            ],
            [
              83.23611111111111,
              55.00694444444444
            ],
            [
              83.23805555555556,
              55.0125
            ],
            [
              83.21888888888888,
              55.016666666666666
            ],
            [
              83.19555555555556,
              55.02222222222222
            ],
            [
              83.18944444444445,
              55.00416666666667
            ]
          ]
        ],
        "meta": {
          "shape": "polygon"
        }
      },
      "properties": {
        "title": "J9686/26 for Novosibirsk Tolmachevo Airport",
        "text": "From: 2026-09-30 11:30:00+00:00\nTo: 2026-09-30 13:15:00+00:00\n\nAIRSPACE CLSD Within AREA:\n\n550015N0831122E-550012N0831335E-550014N0831358E-550025N0831410E-\n\n550045N0831417E-550100N0831308E-550120N0831144E-550015N0831122E."
      }
    },
    {
      "type": "Feature",
      "geometry": {
        "type": "Polygon",
        "coordinates": [
          [
            [
              86.23555555555555,
              55.3825
            ],
            [
              86.23555555555555,
              55.39555555555555
            ],
            [
              86.21888888888888,
              55.405833333333334
            ],
            [
              86.18444444444445,
              55.400555555555556
            ],
            [
              86.15444444444445,
              55.38305555555556
            ],
            [
              86.1563888888889,
              55.37222222222222
            ],
            [
              86.23555555555555,
              55.3825
            ]
          ]
        ],
        "meta": {
          "shape": "polygon"
        }
      },
      "properties": {
        "title": "J9687/26 for Novosibirsk Tolmachevo Airport",
        "text": "From: 2026-09-30 04:00:00+00:00\nTo: 2026-09-30 11:00:00+00:00\n\nAIRSPACE CLSD Within AREA:\n\n552257N0861408E-552344N0861408E-552421N0861308E-552402N0861104E-\n\n552259N0860916E-552220N0860923E-552257N0861408E."
      }
    },
    {
      "type": "Feature",
      "geometry": {
        "type": "Polygon",
        "coordinates": [
          [
            [
              83.79972222222221,
              55.44277777777778
            ],
            [
              84.29333333333334,
              55.64527777777778
            ],
            [
              84.28777777777778,
              55.66083333333333
            ],
            [
              84.36833333333333,
              55.6825
            ],
            [
              84.41361111111112,
              55.63527777777778
            ],
            [
              84.23972222222223,
              55.575833333333335
            ],
            [
              83.93944444444445,
              55.44638888888888
            ],
            [
              83.94222222222223,
              55.41972222222222
            ],
            [
              83.81555555555555,
              55.355000000000004
            ],
            [
              83.7425,
              55.32777777777778
            ],
            [
              83.66611111111112,
              55.27972222222222
            ],
            [
              83.53222222222222,
              55.23388888888889
            ],
            [
              83.45805555555556,
              55.217222222222226
            ],
            [
              83.43388888888889,
              55.246944444444445
            ],
            [
              83.76305555555555,
              55.388333333333335
            ],
            [
              83.79972222222221,
              55.44277777777778
            ]
          ]
        ],
        "meta": {
          "shape": "polygon"
        }
      },
      "properties": {
        "title": "J9692/26 for Novosibirsk Tolmachevo Airport",
        "text": "From: 2026-10-01 01:00:00+00:00\nTo: 2026-10-06 13:00:00+00:00\n\nAIRSPACE CLSD AS FLW:\n\n1. AREA: 551449N0832602E-551302N0832729E-551402N0833156E-\n\n         551647N0833958E-551940N0834433E-552118N0834856E-\n\n         552511N0835632E-552647N0835622E-553433N0841423E-\n\n         553807N0842449E-554057N0842206E-553939N0841716E-\n\n         553843N0841736E-552634N0834759E-552318N0834547E-\n\n         551449N0832602E\n\n   500M AMSL-750M AMSL.\n\n2. Within CIRCLE RADIUS 1KM CENTRE 551453N0832858E\n\n   GND-750M AMSL.\n\n3. Within CIRCLE RADIUS 2KM CENTRE 552555N0835401E\n\n   GND-750M AMSL."
      }
    },
    {
      "type": "Feature",
      "geometry": {
        "type": "Polygon",
        "coordinates": [
          [
            [
              83.97459451866884,
              53.26888704273844
            ],
            [
              83.97456894140097,
              53.26826979562638
            ],
            [
              83.97449287707703,
              53.267654044309765
            ],
            [
              83.97436651110097,
              53.267041272091774
            ],
            [
              83.97419015001574,
              53.26643295503609
            ],
            [
              83.97396422074449,
              53.26583055841259
            ],
            [
              83.97368926954226,
              53.265235533169516
            ],
            [
              83.97336596066103,
              53.264649312440596
            ],
            [
              83.9729950747315,
              53.26407330809577
            ],
            [
              83.97257750686569,
              53.26350890734362
            ],
            [
              83.97211426448489,
              53.262957469393676
            ],
            [
              83.97160646487865,
              53.262420322186536
            ],
            [
              83.97105533250077,
              53.26189875919983
            ],
            [
              83.97046219600853,
              53.261394036337435
            ],
            [
              83.96982848505304,
              53.2609073689096
            ],
            [
              83.96915572682805,
              53.26043992871098
            ],
            [
              83.96844554238554,
              53.259992841203804
            ],
            [
              83.96769964272774,
              53.25956718281268
            ],
            [
              83.96691982468383,
              53.25916397833765
            ],
            [
              83.96610796658257,
              53.258784198491576
            ],
            [
              83.96526602373015,
              53.258428757567835
            ],
            [
              83.96439602370495,
              53.25809851124368
            ],
            [
              83.96350006147988,
              53.25779425452482
            ],
            [
              83.96258029438454,
              53.25751671983575
            ],
            [
              83.9616389369187,
              53.257266575260644
            ],
            [
              83.96067825542997,
              53.25704442293895
            ],
            [
              83.95970056266806,
              53.256850797619336
            ],
            [
              83.95870821222873,
              53.25668616537561
            ],
            [
              83.95770359290053,
              53.2565509224878
            ],
            [
              83.95668912292813,
              53.25644539449042
            ],
            [
              83.95566724420544,
              53.256369835391105
            ],
            [
              83.95464041641269,
              53.25632442706072
            ],
            [
              83.9536111111111,
              53.2563092787967
            ],
            [
              83.9525818058095,
              53.25632442706072
            ],
            [
              83.95155497801676,
              53.256369835391105
            ],
            [
              83.95053309929408,
              53.25644539449042
            ],
            [
              83.94951862932167,
              53.2565509224878
            ],
            [
              83.94851400999346,
              53.25668616537561
            ],
            [
              83.94752165955413,
              53.256850797619336
            ],
            [
              83.94654396679223,
              53.25704442293895
            ],
            [
              83.9455832853035,
              53.257266575260644
            ],
            [
              83.94464192783767,
              53.25751671983575
            ],
            [
              83.94372216074231,
              53.25779425452482
            ],
            [
              83.94282619851724,
              53.25809851124368
            ],
            [
              83.94195619849204,
              53.258428757567835
            ],
            [
              83.94111425563962,
              53.258784198491576
            ],
            [
              83.94030239753836,
              53.25916397833765
            ],
            [
              83.93952257949445,
              53.25956718281268
            ],
            [
              83.93877667983666,
              53.259992841203804
            ],
            [
              83.93806649539414,
              53.26043992871098
            ],
            [
              83.93739373716915,
              53.2609073689096
            ],
            [
              83.93676002621366,
              53.261394036337435
            ],
            [
              83.93616688972143,
              53.26189875919984
            ],
            [
              83.93561575734356,
              53.262420322186536
            ],
            [
              83.93510795773732,
              53.262957469393676
            ],
            [
              83.9346447153565,
              53.26350890734362
            ],
            [
              83.9342271474907,
              53.26407330809577
            ],
            [
              83.93385626156117,
              53.264649312440596
            ],
            [
              83.93353295267993,
              53.265235533169516
            ],
            [
              83.9332580014777,
              53.26583055841259
            ],
            [
              83.93303207220646,
              53.26643295503609
            ],
            [
              83.93285571112122,
              53.26704127209177
            ],
            [
              83.93272934514516,
              53.26765404430978
            ],
            [
              83.93265328082123,
              53.26826979562638
            ],
            [
              83.93262770355335,
              53.26888704273844
            ],
            [
              83.93265267713899,
              53.26950429867594
            ],
            [
              83.93272814359447,
              53.27012007638382
            ],
            [
              83.93285392327368,
              53.27073289230484
            ],
            [
              83.93302971528,
              53.27134126995435
            ],
            [
              83.93325509817082,
              53.27194374347892
            ],
            [
              83.93352953095305,
              53.27253886118976
            ],
            [
              83.93385235436736,
              53.273125189062604
            ],
            [
              83.93422279245836,
              53.27370131419565
            ],
            [
              83.93463995442698,
              53.27426584821706
            ],
            [
              83.93510283676098,
              53.27481743063385
            ],
            [
              83.93561032563815,
              53.27535473211414
            ],
            [
              83.93616119959728,
              53.27587645769455
            ],
            [
              83.93675413246977,
              53.27638134990537
            ],
            [
              83.93738769656544,
              53.27686819180538
            ],
            [
              83.93806036610496,
              53.277335809919684
            ],
            [
              83.93877052089039,
              53.277783077072655
            ],
            [
              83.93951645020515,
              53.278208915109545
            ],
            [
              83.9402963569344,
              53.27861229750029
            ],
            [
              83.94110836189535,
              53.27899225181856
            ],
            [
              83.94195050836741,
              53.27934786209073
            ],
            [
              83.94282076681131,
              53.279678271008606
            ],
            [
              83.94371703976536,
              53.27998268200063
            ],
            [
              83.9446371669075,
              53.280260361156586
            ],
            [
              83.9455789302705,
              53.28051063900097
            ],
            [
              83.94654005959775,
              53.28073291211091
            ],
            [
              83.9475182378266,
              53.280926644574485
            ],
            [
              83.94851110668601,
              53.28109136928596
            ],
            [
              83.94951627239475,
              53.2812266890749
            ],
            [
              83.95053131144616,
              53.281332277666124
            ],
            [
              83.95155377646581,
              53.28140788046845
            ],
            [
              83.95258120212715,
              53.28145331519015
            ],
            [
              83.9536111111111,
              53.2814684722796
            ],
            [
              83.95464102009505,
              53.281453315190156
            ],
            [
              83.95566844575639,
              53.28140788046846
            ],
            [
              83.95669091077605,
              53.281332277666124
            ],
            [
              83.95770594982746,
              53.2812266890749
            ],
            [
              83.95871111553618,
              53.28109136928597
            ],
            [
              83.95970398439559,
              53.280926644574485
            ],
            [
              83.96068216262444,
              53.28073291211091
            ],
            [
              83.96164329195169,
              53.280510639000966
            ],
            [
              83.9625850553147,
              53.280260361156586
            ],
            [
              83.96350518245686,
              53.27998268200063
            ],
            [
              83.9644014554109,
              53.279678271008606
            ],
            [
              83.96527171385478,
              53.27934786209073
            ],
            [
              83.96611386032686,
              53.27899225181855
            ],
            [
              83.96692586528779,
              53.27861229750029
            ],
            [
              83.96770577201704,
              53.27820891510955
            ],
            [
              83.96845170133182,
              53.27778307707265
            ],
            [
              83.96916185611722,
              53.27733580991969
            ],
            [
              83.96983452565676,
              53.276868191805384
            ],
            [
              83.97046808975243,
              53.27638134990537
            ],
            [
              83.97106102262492,
              53.275876457694565
            ],
            [
              83.97161189658402,
              53.27535473211414
            ],
            [
              83.97211938546121,
              53.27481743063385
            ],
            [
              83.9725822677952,
              53.27426584821706
            ],
            [
              83.97299942976383,
              53.27370131419565
            ],
            [
              83.97336986785483,
              53.273125189062604
            ],
            [
              83.97369269126915,
              53.272538861189766
            ],
            [
              83.97396712405138,
              53.27194374347892
            ],
            [
              83.9741925069422,
              53.27134126995434
            ],
            [
              83.9743682989485,
              53.27073289230484
            ],
            [
              83.97449407862771,
              53.27012007638382
            ],
            [
              83.9745695450832,
              53.26950429867594
            ],
            [
              83.97459451866884,
              53.26888704273844
            ]
          ]
        ],
        "meta": {
          "shape": "circle"
        }
      },
      "properties": {
        "title": "J9694/26 for Novosibirsk Tolmachevo Airport",
        "text": "From: 2026-09-30 05:00:00+00:00\nTo: 2026-10-01 07:00:00+00:00\n\nAIRSPACE CLSD Within CIRCLE RADIUS 1.4KM CENTRE 531608N0835713E."
      }
    },
    {
      "type": "Feature",
      "geometry": {
        "type": "Polygon",
        "coordinates": [
          [
            [
              84.97384374680782,
              56.44722221163155
            ],
            [
              84.97384179173615,
              56.44717814546529
            ],
            [
              84.9738359349932,
              56.44713418550879
            ],
            [
              84.97382619070179,
              56.447090437664876
            ],
            [
              84.97381258234991,
              56.44704700732504
            ],
            [
              84.97379514273405,
              56.4470039991155
            ],
            [
              84.97377391388,
              56.44696151664522
            ],
            [
              84.97374894694153,
              56.44691966225628
            ],
            [
              84.97372030207713,
              56.44687853677734
            ],
            [
              84.97368804830477,
              56.446838239280765
            ],
            [
              84.97365226333572,
              56.446798866844006
            ],
            [
              84.97361303338721,
              56.44676051431572
            ],
            [
              84.97357045297454,
              56.44672327408729
            ],
            [
              84.9735246246835,
              56.44668723587033
            ],
            [
              84.97347565892301,
              56.44665248648054
            ],
            [
              84.97342367365911,
              56.44661910962865
            ],
            [
              84.97336879413089,
              56.446587185718684
            ],
            [
              84.97331115254863,
              56.44655679165446
            ],
            [
              84.97325088777524,
              56.44652800065419
            ],
            [
              84.97318814499187,
              56.44650088207423
            ],
            [
              84.97312307534806,
              56.44647550124203
            ],
            [
              84.97305583559775,
              56.44645191929865
            ],
            [
              84.97298658772156,
              56.44643019305177
            ],
            [
              84.97291549853678,
              56.446410374838564
            ],
            [
              84.97284273929534,
              56.446392512399875
            ],
            [
              84.97276848527157,
              56.44637664876513
            ],
            [
              84.97269291533988,
              56.44636282214868
            ],
            [
              84.97261621154392,
              56.44635106585785
            ],
            [
              84.9725385586583,
              56.44634140821265
            ],
            [
              84.97246014374332,
              56.44633387247761
            ],
            [
              84.97238115569465,
              56.446328476805704
            ],
            [
              84.97230178478826,
              56.44632523419469
            ],
            [
              84.9722222222222,
              56.44632415245575
            ],
            [
              84.97214265965616,
              56.44632523419469
            ],
            [
              84.97206328874975,
              56.446328476805704
            ],
            [
              84.97198430070108,
              56.44633387247761
            ],
            [
              84.9719058857861,
              56.44634140821265
            ],
            [
              84.97182823290048,
              56.44635106585785
            ],
            [
              84.97175152910452,
              56.44636282214868
            ],
            [
              84.97167595917283,
              56.44637664876513
            ],
            [
              84.97160170514907,
              56.446392512399875
            ],
            [
              84.97152894590764,
              56.446410374838564
            ],
            [
              84.97145785672284,
              56.44643019305177
            ],
            [
              84.97138860884667,
              56.44645191929865
            ],
            [
              84.97132136909634,
              56.44647550124202
            ],
            [
              84.97125629945255,
              56.44650088207423
            ],
            [
              84.97119355666916,
              56.44652800065419
            ],
            [
              84.97113329189577,
              56.44655679165446
            ],
            [
              84.97107565031351,
              56.446587185718684
            ],
            [
              84.9710207707853,
              56.44661910962865
            ],
            [
              84.9709687855214,
              56.44665248648054
            ],
            [
              84.9709198197609,
              56.44668723587033
            ],
            [
              84.97087399146986,
              56.44672327408729
            ],
            [
              84.9708314110572,
              56.44676051431572
            ],
            [
              84.97079218110868,
              56.446798866844006
            ],
            [
              84.97075639613965,
              56.446838239280765
            ],
            [
              84.97072414236729,
              56.44687853677734
            ],
            [
              84.97069549750287,
              56.44691966225628
            ],
            [
              84.9706705305644,
              56.44696151664522
            ],
            [
              84.97064930171035,
              56.44700399911549
            ],
            [
              84.97063186209449,
              56.44704700732504
            ],
            [
              84.97061825374261,
              56.447090437664876
            ],
            [
              84.97060850945121,
              56.44713418550879
            ],
            [
              84.97060265270827,
              56.44717814546529
            ],
            [
              84.9706006976366,
              56.44722221163155
            ],
            [
              84.97060264895966,
              56.44726627784849
            ],
            [
              84.97060850199011,
              56.44731023795655
            ],
            [
              84.9706182426409,
              56.44735398605145
            ],
            [
              84.97063184745906,
              56.447397416739264
            ],
            [
              84.97064928368215,
              56.44744042539042
            ],
            [
              84.97067050931705,
              56.447482908391706
            ],
            [
              84.97069547324098,
              56.44752476339595
            ],
            [
              84.97072411532453,
              56.447565889568544
            ],
            [
              84.97075636657647,
              56.44760618783044
            ],
            [
              84.97079214930976,
              56.44764556109683
            ],
            [
              84.97083137732879,
              56.44768391451106
            ],
            [
              84.97087395613678,
              56.44772115567322
            ],
            [
              84.97091978316345,
              56.4477571948627
            ],
            [
              84.97096874801204,
              56.44779194525442
            ],
            [
              84.97102073272522,
              56.44782532312805
            ],
            [
              84.97107561206926,
              56.447857248069646
            ],
            [
              84.97113325383569,
              56.44788764316554
            ],
            [
              84.9711935191598,
              56.447916435187516
            ],
            [
              84.97125626285509,
              56.4479435547694
            ],
            [
              84.97132133376327,
              56.44796893657415
            ],
            [
              84.97138857511825,
              56.44799251945124
            ],
            [
              84.9714578249239,
              56.44801424658408
            ],
            [
              84.97152891634444,
              56.448034065626906
            ],
            [
              84.9716016781063,
              56.44805192883092
            ],
            [
              84.97167593491095,
              56.448067793159325
            ],
            [
              84.97175150785718,
              56.44808162039107
            ],
            [
              84.97182821487226,
              56.44809337721293
            ],
            [
              84.97190587115067,
              56.448103035299745
            ],
            [
              84.97198428959936,
              56.44811057138275
            ],
            [
              84.97206328128867,
              56.44811596730562
            ],
            [
              84.97214265590756,
              56.448119210068185
            ],
            [
              84.9722222222222,
              56.44812029185782
            ],
            [
              84.97230178853684,
              56.44811921006819
            ],
            [
              84.97238116315573,
              56.448115967305625
            ],
            [
              84.97246015484504,
              56.44811057138275
            ],
            [
              84.97253857329373,
              56.44810303529974
            ],
            [
              84.97261622957214,
              56.44809337721293
            ],
            [
              84.97269293658722,
              56.44808162039107
            ],
            [
              84.97276850953345,
              56.448067793159325
            ],
            [
              84.9728427663381,
              56.44805192883092
            ],
            [
              84.97291552809996,
              56.44803406562691
            ],
            [
              84.9729866195205,
              56.44801424658408
            ],
            [
              84.97305586932615,
              56.44799251945124
            ],
            [
              84.97312311068113,
              56.44796893657415
            ],
            [
              84.97318818158931,
              56.44794355476941
            ],
            [
              84.97325092528462,
              56.447916435187516
            ],
            [
              84.97331119060871,
              56.44788764316553
            ],
            [
              84.97336883237514,
              56.44785724806965
            ],
            [
              84.97342371171919,
              56.44782532312805
            ],
            [
              84.97347569643237,
              56.44779194525442
            ],
            [
              84.97352466128095,
              56.4477571948627
            ],
            [
              84.97357048830763,
              56.44772115567322
            ],
            [
              84.9736130671156,
              56.44768391451106
            ],
            [
              84.97365229513464,
              56.44764556109683
            ],
            [
              84.97368807786795,
              56.44760618783043
            ],
            [
              84.97372032911987,
              56.44756588956854
            ],
            [
              84.97374897120342,
              56.44752476339595
            ],
            [
              84.97377393512734,
              56.447482908391706
            ],
            [
              84.97379516076225,
              56.44744042539042
            ],
            [
              84.97381259698534,
              56.447397416739264
            ],
            [
              84.9738262018035,
              56.44735398605145
            ],
            [
              84.97383594245429,
              56.44731023795655
            ],
            [
              84.97384179548474,
              56.44726627784849
            ],
            [
              84.97384374680782,
              56.44722221163155
            ]
          ]
        ],
        "meta": {
          "shape": "circle"
        }
      },
      "properties": {
        "title": "J9696/26 for Novosibirsk Tolmachevo Airport",
        "text": "From: 2026-10-01 02:00:00+00:00\nTo: 2026-10-01 10:00:00+00:00\n\nAIRSPACE CLSD Within CIRCLE RADIUS 0.1KM CENTRE 562650N0845820E."
      }
    },
    {
      "type": "Feature",
      "geometry": {
        "type": "Polygon",
        "coordinates": [
          [
            [
              87.1725,
              54.17055555555555
            ],
            [
              87.15527777777778,
              54.14138888888889
            ],
            [
              86.91583333333334,
              54.0825
            ],
            [
              86.88972222222223,
              54.19555555555555
            ],
            [
              86.88333333333334,
              54.22638888888889
            ],
            [
              86.88055555555555,
              54.23583333333333
            ],
            [
              86.9263888888889,
              54.25888888888889
            ],
            [
              86.99222222222222,
              54.300555555555555
            ],
            [
              87.1725,
              54.17055555555555
            ]
          ]
        ],
        "meta": {
          "shape": "polygon"
        }
      },
      "properties": {
        "title": "J9700/26 for Novosibirsk Tolmachevo Airport",
        "text": "From: 2026-09-29 03:00:00+00:00\nTo: 2026-09-30 11:00:00+00:00\n\nAIRSPACE CLSD AS FLW:\n\n1. AREA: 541532N0865535E-541802N0865932E-541014N0871021E-\n\n         540829N0870919E-540457N0865457E-541144N0865323E-\n\n         541335N0865300E-541409N0865250E-541532N0865535E,\n\n   550M AMSL-1250M AMSL.\n\n2. Within CIRCLE RADIUS 0.5KM CENTRE 541046N0865530E,\n\n   300M AMSL-1250M AMSL.\n\n3. Within CIRCLE RADIUS 0.5KM CENTRE 540915N0870400E,\n\n   300M AMSL-1250M AMSL."
      }
    },
    {
      "type": "Feature",
      "geometry": {
        "type": "Polygon",
        "coordinates": [
          [
            [
              87.84138888888889,
              53.62222222222222
            ],
            [
              87.88472222222222,
              53.64472222222222
            ],
            [
              87.90027777777779,
              53.66361111111111
            ],
            [
              87.8888888888889,
              53.703611111111115
            ],
            [
              87.91861111111112,
              53.71555555555556
            ],
            [
              87.96222222222222,
              53.68666666666666
            ],
            [
              87.97583333333334,
              53.67222222222222
            ],
            [
              87.96638888888889,
              53.66027777777778
            ],
            [
              87.93777777777778,
              53.63583333333333
            ],
            [
              87.9113888888889,
              53.6225
            ],
            [
              87.91583333333334,
              53.591944444444444
            ],
            [
              87.85888888888888,
              53.57805555555556
            ],
            [
              87.84138888888889,
              53.62222222222222
            ]
          ]
        ],
        "meta": {
          "shape": "polygon"
        }
      },
      "properties": {
        "title": "J9707/26 for Novosibirsk Tolmachevo Airport",
        "text": "From: 2026-09-30 03:00:00+00:00\nTo: 2026-10-02 12:00:00+00:00\n\nAIRSPACE CLSD AS FLW:\n\n1. AREA: 533441N0875132E-533531N0875457E-533721N0875441E-\n\n         533809N0875616E-533937N0875759E-534020N0875833E-\n\n         534112N0875744E-534256N0875507E-534213N0875320E-\n\n         533949N0875401E-533841N0875305E-533720N0875029E-\n\n         533441N0875132E\n\n   280M AMSL-1520M AMSL.\n\n2. Within CIRCLE RADIUS 0.02KM CENTRE 533835N0875504E\n\n   GND-460M AMSL."
      }
    },
    {
      "type": "Feature",
      "geometry": {
        "type": "Polygon",
        "coordinates": [
          [
            [
              81.29638888888888,
              55.14888888888889
            ],
            [
              81.51361111111112,
              55.183611111111105
            ],
            [
              81.51722222222222,
              55.15861111111111
            ],
            [
              81.51333333333334,
              55.14555555555555
            ],
            [
              81.34777777777778,
              55.10444444444445
            ],
            [
              81.32944444444443,
              55.13055555555555
            ],
            [
              81.2975,
              55.12777777777778
            ],
            [
              81.00527777777778,
              55.13
            ],
            [
              81.01805555555555,
              55.083333333333336
            ],
            [
              80.99111111111111,
              55.08444444444444
            ],
            [
              80.97,
              55.13111111111111
            ],
            [
              80.43527777777778,
              55.16583333333333
            ],
            [
              80.31805555555555,
              55.21638888888889
            ],
            [
              80.24861111111112,
              55.19777777777777
            ],
            [
              80.22694444444444,
              55.169999999999995
            ],
            [
              80.19388888888889,
              55.17638888888889
            ],
            [
              80.21888888888888,
              55.211111111111116
            ],
            [
              80.28194444444445,
              55.23277777777778
            ],
            [
              80.27222222222223,
              55.237500000000004
            ],
            [
              80.12944444444443,
              55.23166666666667
            ],
            [
              79.87722222222222,
              55.27361111111111
            ],
            [
              79.8386111111111,
              55.28111111111111
            ],
            [
              79.71361111111112,
              55.33638888888889
            ],
            [
              79.69222222222223,
              55.3325
            ],
            [
              79.70361111111112,
              55.31305555555555
            ],
            [
              79.67222222222223,
              55.30611111111111
            ],
            [
              79.65416666666667,
              55.32805555555556
            ],
            [
              79.59222222222222,
              55.319722222222225
            ],
            [
              79.10472222222222,
              55.338055555555556
            ],
            [
              79.09944444444444,
              55.29388888888889
            ],
            [
              79.05944444444444,
              55.294444444444444
            ],
            [
              79.06416666666667,
              55.33972222222222
            ],
            [
              78.6675,
              55.36222222222222
            ],
            [
              78.54944444444445,
              55.40611111111111
            ],
            [
              78.4238888888889,
              55.37416666666667
            ],
            [
              78.33027777777778,
              55.37638888888889
            ],
            [
              78.33,
              55.39611111111111
            ],
            [
              78.41444444444446,
              55.39555555555555
            ],
            [
              78.54472222222222,
              55.42972222222222
            ],
            [
              78.55944444444444,
              55.42972222222222
            ],
            [
              78.65111111111112,
              55.39694444444444
            ],
            [
              79.58805555555556,
              55.34444444444445
            ],
            [
              79.72277777777778,
              55.36055555555556
            ],
            [
              79.8411111111111,
              55.31194444444444
            ],
            [
              79.89194444444445,
              55.324444444444445
            ],
            [
              79.90805555555556,
              55.31666666666667
            ],
            [
              79.905,
              55.29333333333333
            ],
            [
              80.13444444444445,
              55.25416666666667
            ],
            [
              80.285,
              55.25944444444445
            ],
            [
              80.45416666666667,
              55.19083333333333
            ],
            [
              80.61861111111111,
              55.18083333333333
            ],
            [
              80.64444444444445,
              55.209722222222226
            ],
            [
              80.67666666666668,
              55.205000000000005
            ],
            [
              80.6563888888889,
              55.17722222222222
            ],
            [
              80.98833333333333,
              55.15138888888889
            ],
            [
              81.29638888888888,
              55.14888888888889
            ]
          ]
        ],
        "meta": {
          "shape": "polygon"
        }
      },
      "properties": {
        "title": "J9709/26A02 for Novosibirsk Tolmachevo Airport",
        "text": "From: 2026-10-01 02:00:00+00:00\nTo: 2026-10-06 13:00:00+00:00\n\nAIRSPACE CLSD AS FLW:\n\n1. AREA:  550856N0811747E-551101N0813049E-550931N0813102E-\n\n          550844N0813048E-550616N0812052E-550750N0811946E-\n\n          550740N0811751E-550748N0810019E-550500N0810105E-\n\n          550504N0805928E-550752N0805812E-550957N0802607E-\n\n          551259N0801905E-551152N0801455E-551012N0801337E-\n\n          551035N0801138E-551240N0801308E-551358N0801655E-\n\n          551415N0801620E-551354N0800746E-551625N0795238E-\n\n          551652N0795019E-552011N0794249E-551957N0794132E-\n\n          551847N0794213E-551822N0794020E-551941N0793915E-\n\n          551911N0793532E-552017N0790617E-551738N0790558E-\n\n          551740N0790334E-552023N0790351E-552144N0784003E-\n\n          552422N0783258E-552227N0782526E-552235N0781949E-\n\n          552346N0781948E-552344N0782452E-552547N0783241E-\n\n          552547N0783334E-552349N0783904E-552040N0793517E-\n\n          552138N0794322E-551843N0795028E-551928N0795331E-\n\n          551900N0795429E-551736N0795418E-551515N0800804E-\n\n          551534N0801706E-551127N0802715E-551051N0803707E-\n\n          551235N0803840E-551218N0804036E-551038N0803923E-\n\n          550905N0805918E-550856N0811747E"
      }
    },
    {
      "type": "Feature",
      "geometry": {
        "type": "Polygon",
        "coordinates": [
          [
            [
              81.53607516592041,
              55.272814246527396
            ],
            [
              81.53234202091275,
              55.227958676436124
            ],
            [
              81.52477574732752,
              55.183261066777256
            ],
            [
              81.51340725848213,
              55.13882836432449
            ],
            [
              81.49827625485474,
              55.09476653110046
            ],
            [
              81.47943101476957,
              55.05118030160687
            ],
            [
              81.45692817038537,
              55.00817294604503
            ],
            [
              81.43083247041622,
              54.96584603990906
            ],
            [
              81.40121653095947,
              54.92429924029612
            ],
            [
              81.36816057574201,
              54.88363006924267
            ],
            [
              81.3317521670285,
              54.843933704361824
            ],
            [
              81.29208592836187,
              54.80530277702505
            ],
            [
              81.24926326023025,
              54.76782717830205
            ],
            [
              81.20339204967564,
              54.73159387284495
            ],
            [
              81.15458637477968,
              54.696686720877835
            ],
            [
              81.10296620488096,
              54.66318630842919
            ],
            [
              81.04865709729869,
              54.63116978592434
            ],
            [
              80.99178989125778,
              54.60071071523535
            ],
            [
              80.93250039963364,
              54.57187892526938
            ],
            [
              80.87092909905927,
              54.54474037616124
            ],
            [
              80.80722081886566,
              54.519357032122876
            ],
            [
              80.74152442925724,
              54.49578674299067
            ],
            [
              80.67399252905874,
              54.47408313450213
            ],
            [
              80.60478113330839,
              54.454295507324815
            ],
            [
              80.53404936091538,
              54.436468744853656
            ],
            [
              80.46195912254602,
              54.42064322978701
            ],
            [
              80.38867480885541,
              54.40685476948739
            ],
            [
              80.31436297913683,
              54.39513453012979
            ],
            [
              80.23919205042262,
              54.38550897963721
            ],
            [
              80.1633319870357,
              54.37799983940224
            ],
            [
              80.086953990562,
              54.37262404479189
            ],
            [
              80.0102301901885,
              54.36939371443308
            ],
            [
              79.93333333333331,
              54.36831612827604
            ],
            [
              79.85643647647811,
              54.36939371443308
            ],
            [
              79.77971267610461,
              54.37262404479189
            ],
            [
              79.7033346796309,
              54.37799983940224
            ],
            [
              79.62747461624399,
              54.38550897963721
            ],
            [
              79.55230368752977,
              54.39513453012979
            ],
            [
              79.47799185781119,
              54.40685476948739
            ],
            [
              79.40470754412058,
              54.42064322978701
            ],
            [
              79.33261730575123,
              54.436468744853656
            ],
            [
              79.26188553335821,
              54.454295507324815
            ],
            [
              79.19267413760787,
              54.47408313450213
            ],
            [
              79.12514223740936,
              54.49578674299067
            ],
            [
              79.05944584780094,
              54.519357032122876
            ],
            [
              78.99573756760734,
              54.54474037616124
            ],
            [
              78.93416626703296,
              54.57187892526938
            ],
            [
              78.87487677540882,
              54.60071071523535
            ],
            [
              78.81800956936792,
              54.63116978592434
            ],
            [
              78.76370046178565,
              54.66318630842919
            ],
            [
              78.71208029188692,
              54.696686720877835
            ],
            [
              78.66327461699096,
              54.731593872844954
            ],
            [
              78.61740340643635,
              54.76782717830205
            ],
            [
              78.57458073830473,
              54.805302777025034
            ],
            [
              78.5349144996381,
              54.843933704361824
            ],
            [
              78.4985060909246,
              54.88363006924268
            ],
            [
              78.46545013570713,
              54.92429924029612
            ],
            [
              78.43583419625038,
              54.96584603990906
            ],
            [
              78.40973849628124,
              55.00817294604503
            ],
            [
              78.38723565189703,
              55.05118030160686
            ],
            [
              78.36839041181186,
              55.09476653110046
            ],
            [
              78.35325940818447,
              55.13882836432449
            ],
            [
              78.34189091933908,
              55.183261066777256
            ],
            [
              78.33432464575385,
              55.227958676436124
            ],
            [
              78.3305915007462,
              55.272814246527396
            ],
            [
              78.33071341733181,
              55.31772009386538
            ],
            [
              78.33470317277168,
              55.36256805229901
            ],
            [
              78.3425642323472,
              55.40724973076236
            ],
            [
              78.35429061391794,
              55.451656775383206
            ],
            [
              78.36986677481663,
              55.495681135060565
            ],
            [
              78.38926752262147,
              55.53921532987903
            ],
            [
              78.41245795131528,
              55.58215272168468
            ],
            [
              78.43939340429348,
              55.624387786105714
            ],
            [
              78.47001946561753,
              55.66581638525939
            ],
            [
              78.50427198082676,
              55.706336040348525
            ],
            [
              78.542077108519,
              55.74584620331328
            ],
            [
              78.58335140378799,
              55.7842485266707
            ],
            [
              78.6280019344661,
              55.82144713064372
            ],
            [
              78.67592643096033,
              55.85734886665453
            ],
            [
              78.7270134702933,
              55.89186357623631
            ],
            [
              78.78114269476647,
              55.92490434439936
            ],
            [
              78.83818506545343,
              55.95638774647747
            ],
            [
              78.89800315050793,
              55.98623408747472
            ],
            [
              78.96045144803568,
              56.01436763293479
            ],
            [
              79.02537674303507,
              56.04071683036267
            ],
            [
              79.09261849765961,
              56.065214520244794
            ],
            [
              79.16200927380011,
              56.08779813573596
            ],
            [
              79.23337518672759,
              56.10840989011189
            ],
            [
              79.30653638828383,
              56.12699695112428
            ],
            [
              79.38130757785804,
              56.14351160144014
            ],
            [
              79.45749853914778,
              56.157911384400066
            ],
            [
              79.53491470047591,
              56.170159234389345
            ],
            [
              79.61335771622234,
              56.18022359118166
            ],
            [
              79.6926260667374,
              56.188078497687506
            ],
            [
              79.77251567393154,
              56.19370368061711
            ],
            [
              79.85282052958908,
              56.19708461364907
            ],
            [
              79.93333333333331,
              56.19821256278386
            ],
            [
              80.01384613707752,
              56.19708461364907
            ],
            [
              80.09415099273507,
              56.19370368061711
            ],
            [
              80.1740405999292,
              56.18807849768751
            ],
            [
              80.25330895044426,
              56.18022359118165
            ],
            [
              80.3317519661907,
              56.17015923438935
            ],
            [
              80.40916812751883,
              56.15791138440007
            ],
            [
              80.48535908880856,
              56.14351160144013
            ],
            [
              80.56013027838276,
              56.12699695112428
            ],
            [
              80.63329147993903,
              56.10840989011189
            ],
            [
              80.7046573928665,
              56.08779813573595
            ],
            [
              80.77404816900699,
              56.065214520244794
            ],
            [
              80.84128992363154,
              56.04071683036266
            ],
            [
              80.90621521863092,
              56.01436763293479
            ],
            [
              80.96866351615867,
              55.98623408747472
            ],
            [
              81.02848160121317,
              55.956387746477475
            ],
            [
              81.08552397190013,
              55.92490434439937
            ],
            [
              81.13965319637329,
              55.89186357623631
            ],
            [
              81.19074023570627,
              55.85734886665453
            ],
            [
              81.2386647322005,
              55.82144713064372
            ],
            [
              81.28331526287862,
              55.7842485266707
            ],
            [
              81.32458955814761,
              55.74584620331327
            ],
            [
              81.36239468583985,
              55.706336040348525
            ],
            [
              81.39664720104908,
              55.66581638525938
            ],
            [
              81.42727326237312,
              55.624387786105714
            ],
            [
              81.45420871535133,
              55.58215272168468
            ],
            [
              81.47739914404514,
              55.53921532987903
            ],
            [
              81.49679989184997,
              55.495681135060565
            ],
            [
              81.51237605274866,
              55.451656775383206
            ],
            [
              81.5241024343194,
              55.40724973076236
            ],
            [
              81.53196349389492,
              55.36256805229901
            ],
            [
              81.5359532493348,
              55.31772009386538
            ],
            [
              81.53607516592041,
              55.272814246527396
            ]
          ]
        ]
      },
      "properties": {
        "title": "J9709/26B02 for Novosibirsk Tolmachevo Airport",
        "text": "From: 2026-10-01 02:00:00+00:00\nTo: 2026-10-06 13:00:00+00:00\n\n450M AMSL-750M AMSL.\n\n2. CIRCLE RADIUS 1KM CENTRE 550702N0812120E\n\n   GND-750M AMSL.\n\n3. CIRCLE RADIUS 1KM CENTRE 551154N0803910E\n\n   GND-750M AMSL.\n\n4. CIRCLE RADIUS 1KM CENTRE 551842N0795324E\n\n   GND-750M AMSL.\n\n5. CIRCLE RADIUS 1KM CENTRE 551820N0795132E\n\n   GND-750M AMSL.\n\n6. CIRCLE RADIUS 1KM CENTRE 551811N0790448E\n\n   GND-750M AMSL."
      }
    },
    {
      "type": "Feature",
      "geometry": {
        "type": "Polygon",
        "coordinates": [
          [
            [
              72.93611111111112,
              55.09722222222222
            ],
            [
              72.94388888888889,
              55.09027777777778
            ],
            [
              72.94694444444445,
              55.085
            ],
            [
              72.94555555555556,
              55.07638888888889
            ],
            [
              72.96166666666667,
              55.06361111111111
            ],
            [
              72.99194444444444,
              55.073888888888895
            ],
            [
              72.96194444444444,
              55.1
            ],
            [
              72.93611111111112,
              55.09722222222222
            ]
          ]
        ],
        "meta": {
          "shape": "polygon"
        }
      },
      "properties": {
        "title": "J9710/26 for Novosibirsk Tolmachevo Airport",
        "text": "From: 2026-09-30 04:00:00+00:00\nTo: 2026-10-05 11:00:00+00:00\n\nAIRSPACE CLSD Within AREA:\n\n550550N0725610E-550525N0725638E-550506N0725649E-550435N0725644E-\n\n550349N0725742E-550426N0725931E-550600N0725743E-550550N0725610E."
      }
    },
    {
      "type": "Feature",
      "geometry": {
        "type": "Polygon",
        "coordinates": [
          [
            [
              83.59105799400156,
              53.337499962229764
            ],
            [
              83.59105437124768,
              53.33741178454689
            ],
            [
              83.5910435241288,
              53.33732381947169
            ],
            [
              83.59102547882088,
              53.33723627891779
            ],
            [
              83.59100027883999,
              53.337149373774814
            ],
            [
              83.5909679849372,
              53.33706331340038
            ],
            [
              83.59092867495178,
              53.33697830511579
            ],
            [
              83.59088244362327,
              53.33689455370663
            ],
            [
              83.59082940236294,
              53.33681226092943
            ],
            [
              83.59076967898493,
              53.33673162502582
            ],
            [
              83.59070341739812,
              53.33665284024486
            ],
            [
              83.59063077725912,
              53.33657609637536
            ],
            [
              83.59055193358736,
              53.336501578288605
            ],
            [
              83.59046707634329,
              53.33642946549318
            ],
            [
              83.59037640997049,
              53.336359931702624
            ],
            [
              83.59028015290303,
              53.336293144417034
            ],
            [
              83.59017853703921,
              53.336229264519694
            ],
            [
              83.59007180718272,
              53.3361684458896
            ],
            [
              83.58996022045295,
              53.336110835030894
            ],
            [
              83.58984404566553,
              53.33605657072002
            ],
            [
              83.58972356268481,
              53.33600578367158
            ],
            [
              83.58959906174982,
              53.33595859622353
            ],
            [
              83.58947084277504,
              53.33591512204252
            ],
            [
              83.58933921462828,
              53.3358754658503
            ],
            [
              83.5892044943866,
              53.33583972317142
            ],
            [
              83.58906700657283,
              53.33580798010327
            ],
            [
              83.58892708237404,
              53.3357803131088
            ],
            [
              83.58878505884395,
              53.335756788832256
            ],
            [
              83.58864127809133,
              53.33573746393889
            ],
            [
              83.58849608645619,
              53.335722384978375
            ],
            [
              83.5883498336758,
              53.33571158827277
            ],
            [
              83.58820287204253,
              53.335705099829035
            ],
            [
              83.5880555555556,
              53.33570293527648
            ],
            [
              83.58790823906867,
              53.335705099829035
            ],
            [
              83.5877612774354,
              53.33571158827277
            ],
            [
              83.58761502465501,
              53.335722384978375
            ],
            [
              83.58746983301988,
              53.33573746393889
            ],
            [
              83.58732605226726,
              53.335756788832256
            ],
            [
              83.58718402873717,
              53.33578031310879
            ],
            [
              83.58704410453836,
              53.33580798010327
            ],
            [
              83.5869066167246,
              53.33583972317142
            ],
            [
              83.58677189648292,
              53.3358754658503
            ],
            [
              83.58664026833615,
              53.33591512204252
            ],
            [
              83.58651204936139,
              53.33595859622353
            ],
            [
              83.5863875484264,
              53.33600578367159
            ],
            [
              83.58626706544568,
              53.33605657072002
            ],
            [
              83.58615089065826,
              53.336110835030894
            ],
            [
              83.58603930392847,
              53.3361684458896
            ],
            [
              83.58593257407199,
              53.336229264519694
            ],
            [
              83.58583095820816,
              53.336293144417034
            ],
            [
              83.58573470114072,
              53.336359931702624
            ],
            [
              83.58564403476791,
              53.33642946549318
            ],
            [
              83.58555917752383,
              53.336501578288605
            ],
            [
              83.58548033385208,
              53.33657609637536
            ],
            [
              83.58540769371308,
              53.33665284024486
            ],
            [
              83.58534143212627,
              53.33673162502582
            ],
            [
              83.58528170874825,
              53.336812260929435
            ],
            [
              83.58522866748791,
              53.33689455370663
            ],
            [
              83.58518243615943,
              53.33697830511579
            ],
            [
              83.585143126174,
              53.33706331340038
            ],
            [
              83.58511083227121,
              53.337149373774814
            ],
            [
              83.58508563229033,
              53.33723627891779
            ],
            [
              83.5850675869824,
              53.33732381947169
            ],
            [
              83.58505673986353,
              53.33741178454689
            ],
            [
              83.58505311710964,
              53.337499962229764
            ],
            [
              83.58505672749288,
              53.33758814009319
            ],
            [
              83.58506756236025,
              53.33767610570834
            ],
            [
              83.5850855956538,
              53.33776364715638
            ],
            [
              83.58511078397314,
              53.33785055353908
            ],
            [
              83.5851430666795,
              53.33793661548686
            ],
            [
              83.58518236604148,
              53.33802162566328
            ],
            [
              83.5852285874218,
              53.33810537926455
            ],
            [
              83.58528161950505,
              53.33818767451299
            ],
            [
              83.58534133456544,
              53.338268313143224
            ],
            [
              83.58540758877416,
              53.338347100879865
            ],
            [
              83.58548022254573,
              53.3384238479057
            ],
            [
              83.58555906092197,
              53.33849836931904
            ],
            [
              83.58564391399348,
              53.338570485579226
            ],
            [
              83.58573457735683,
              53.33864002293938
            ],
            [
              83.58583083260694,
              53.338706813865016
            ],
            [
              83.58593244786304,
              53.338770697437795
            ],
            [
              83.58603917832725,
              53.33883151974333
            ],
            [
              83.58615076687437,
              53.338889134242095
            ],
            [
              83.58626694467124,
              53.33894340212257
            ],
            [
              83.5863874318245,
              53.33899419263575
            ],
            [
              83.58651193805503,
              53.33904138341039
            ],
            [
              83.58664016339725,
              53.33908486074771
            ],
            [
              83.58677179892207,
              53.339124519895655
            ],
            [
              83.58690652748139,
              53.33916026530115
            ],
            [
              83.58704402447225,
              53.33919201084054
            ],
            [
              83.58718395861924,
              53.33921968002712
            ],
            [
              83.58732599277276,
              53.33924320619549
            ],
            [
              83.58746978472179,
              53.33926253266221
            ],
            [
              83.58761498801849,
              53.33927761286243
            ],
            [
              83.58776125281325,
              53.33928841046219
            ],
            [
              83.58790822669803,
              53.33929489944586
            ],
            [
              83.5880555555556,
              53.339297064178986
            ],
            [
              83.58820288441316,
              53.33929489944586
            ],
            [
              83.58834985829795,
              53.33928841046219
            ],
            [
              83.58849612309272,
              53.33927761286243
            ],
            [
              83.5886413263894,
              53.3392625326622
            ],
            [
              83.58878511833844,
              53.33924320619549
            ],
            [
              83.58892715249198,
              53.33921968002712
            ],
            [
              83.58906708663895,
              53.33919201084054
            ],
            [
              83.58920458362981,
              53.33916026530115
            ],
            [
              83.58933931218913,
              53.33912451989565
            ],
            [
              83.58947094771396,
              53.33908486074771
            ],
            [
              83.58959917305617,
              53.33904138341039
            ],
            [
              83.58972367928669,
              53.33899419263575
            ],
            [
              83.58984416643996,
              53.33894340212257
            ],
            [
              83.58996034423684,
              53.3388891342421
            ],
            [
              83.59007193278396,
              53.33883151974333
            ],
            [
              83.59017866324817,
              53.338770697437795
            ],
            [
              83.59028027850425,
              53.338706813865016
            ],
            [
              83.59037653375437,
              53.33864002293938
            ],
            [
              83.59046719711772,
              53.33857048557922
            ],
            [
              83.59055205018925,
              53.33849836931904
            ],
            [
              83.59063088856549,
              53.338423847905716
            ],
            [
              83.59070352233704,
              53.33834710087987
            ],
            [
              83.59076977654577,
              53.338268313143224
            ],
            [
              83.59082949160614,
              53.33818767451298
            ],
            [
              83.5908825236894,
              53.33810537926455
            ],
            [
              83.59092874506973,
              53.33802162566327
            ],
            [
              83.59096804443169,
              53.33793661548685
            ],
            [
              83.59100032713806,
              53.33785055353908
            ],
            [
              83.5910255154574,
              53.33776364715638
            ],
            [
              83.59104354875095,
              53.33767610570834
            ],
            [
              83.59105438361831,
              53.33758814009319
            ],
            [
              83.59105799400156,
              53.337499962229764
            ]
          ]
        ],
        "meta": {
          "shape": "circle"
        }
      },
      "properties": {
        "title": "J9716/26 for Novosibirsk Tolmachevo Airport",
        "text": "From: 2026-09-30 07:00:00+00:00\nTo: 2026-09-30 10:00:00+00:00\n\nAIRSPACE CLSD Within CIRCLE RADIUS 0.2KM CENTRE 532015N0833517E."
      }
    },
    {
      "type": "Feature",
      "geometry": {
        "type": "Polygon",
        "coordinates": [
          [
            [
              82.88051844781556,
              54.97583324310562
            ],
            [
              82.88051278901466,
              54.975701012865756
            ],
            [
              82.88049585710635,
              54.97556910161013
            ],
            [
              82.88046769299102,
              54.975437827119855
            ],
            [
              82.88042836462631,
              54.97530750563896
            ],
            [
              82.88037796686238,
              54.97517845111259
            ],
            [
              82.88031662121232,
              54.97505097443083
            ],
            [
              82.8802444755585,
              54.974925382679835
            ],
            [
              82.88016170379541,
              54.97480197840221
            ],
            [
              82.88006850540981,
              54.97468105886836
            ],
            [
              82.87996510499941,
              54.97456291536047
            ],
            [
              82.87985175173108,
              54.97444783247111
            ],
            [
              82.87972871873986,
              54.97433608741779
            ],
            [
              82.87959630247053,
              54.97422794937543
            ],
            [
              82.87945482196292,
              54.97412367882814
            ],
            [
              82.87930461808294,
              54.97402352694201
            ],
            [
              82.87914605270122,
              54.97392773496028
            ],
            [
              82.87897950782103,
              54.973836533622496
            ],
            [
              82.87880538465816,
              54.97375014260898
            ],
            [
              82.87862410267421,
              54.97366877001183
            ],
            [
              82.87843609856634,
              54.97359261183394
            ],
            [
              82.87824182521547,
              54.97352185151717
            ],
            [
              82.87804175059556,
              54.97345665950059
            ],
            [
              82.87783635664678,
              54.973397192810225
            ],
            [
              82.8776261381149,
              54.97334359468108
            ],
            [
              82.87741160136012,
              54.9732959942122
            ],
            [
              82.87719326313794,
              54.97325450605595
            ],
            [
              82.87697164935496,
              54.973219230142035
            ],
            [
              82.87674729380288,
              54.973190251436876
            ],
            [
              82.87652073687339,
              54.97316763973916
            ],
            [
              82.87629252425734,
              54.97315144951173
            ],
            [
              82.87606320563107,
              54.973141719750565
            ],
            [
              82.8758333333333,
              54.97313847389084
            ],
            [
              82.87560346103555,
              54.973141719750565
            ],
            [
              82.87537414240929,
              54.97315144951173
            ],
            [
              82.87514592979322,
              54.97316763973916
            ],
            [
              82.87491937286373,
              54.973190251436876
            ],
            [
              82.87469501731165,
              54.973219230142035
            ],
            [
              82.87447340352868,
              54.97325450605595
            ],
            [
              82.8742550653065,
              54.9732959942122
            ],
            [
              82.87404052855172,
              54.97334359468108
            ],
            [
              82.87383031001984,
              54.973397192810225
            ],
            [
              82.87362491607105,
              54.97345665950059
            ],
            [
              82.87342484145114,
              54.97352185151717
            ],
            [
              82.87323056810028,
              54.97359261183394
            ],
            [
              82.87304256399241,
              54.97366877001183
            ],
            [
              82.87286128200846,
              54.97375014260898
            ],
            [
              82.8726871588456,
              54.973836533622496
            ],
            [
              82.8725206139654,
              54.97392773496028
            ],
            [
              82.87236204858367,
              54.97402352694201
            ],
            [
              82.8722118447037,
              54.97412367882814
            ],
            [
              82.87207036419608,
              54.97422794937543
            ],
            [
              82.87193794792677,
              54.97433608741779
            ],
            [
              82.87181491493554,
              54.97444783247111
            ],
            [
              82.87170156166721,
              54.97456291536047
            ],
            [
              82.87159816125681,
              54.97468105886836
            ],
            [
              82.87150496287121,
              54.974801978402205
            ],
            [
              82.87142219110811,
              54.974925382679835
            ],
            [
              82.8713500454543,
              54.97505097443083
            ],
            [
              82.87128869980424,
              54.97517845111259
            ],
            [
              82.8712383020403,
              54.975307505638966
            ],
            [
              82.8711989736756,
              54.975437827119855
            ],
            [
              82.87117080956027,
              54.97556910161013
            ],
            [
              82.87115387765195,
              54.975701012865756
            ],
            [
              82.87114821885106,
              54.97583324310562
            ],
            [
              82.87115384690118,
              54.975965473777066
            ],
            [
              82.87117074835487,
              54.976097386323254
            ],
            [
              82.87119888260501,
              54.976228662950675
            ],
            [
              82.8712381819816,
              54.976358987394704
            ],
            [
              82.87128855191364,
              54.97648804568168
            ],
            [
              82.87134987115608,
              54.97661552688525
            ],
            [
              82.87142199208085,
              54.976741123875755
            ],
            [
              82.87150474103166,
              54.9768645340601
            ],
            [
              82.8715979187414,
              54.97698546011104
            ],
            [
              82.87170130081148,
              54.97710361068358
            ],
            [
              82.8718146382517,
              54.97721870111714
            ],
            [
              82.87193765807942,
              54.977330454121535
            ],
            [
              82.87207006397662,
              54.97743860044532
            ],
            [
              82.87221153700341,
              54.977542879524556
            ],
            [
              82.87236173636585,
              54.97764304011106
            ],
            [
              82.87252030023691,
              54.977738840877755
            ],
            [
              82.87268684662777,
              54.97783005100049
            ],
            [
              82.87286097430817,
              54.97791645071436
            ],
            [
              82.87304226377294,
              54.97799783184348
            ],
            [
              82.87323027825292,
              54.97807399830277
            ],
            [
              82.8734245647673,
              54.978144766570644
            ],
            [
              82.87362465521532,
              54.97820996613143
            ],
            [
              82.87383006750441,
              54.97826943988643
            ],
            [
              82.87404030671216,
              54.97832304453265
            ],
            [
              82.87425486627923,
              54.978370650908275
            ],
            [
              82.87447322923046,
              54.97841214430402
            ],
            [
              82.87469486942105,
              54.97844742473976
            ],
            [
              82.87491925280503,
              54.978476407205505
            ],
            [
              82.87514583872264,
              54.978499021866355
            ],
            [
              82.87537408120389,
              54.97851521423093
            ],
            [
              82.87560343028478,
              54.97852494528268
            ],
            [
              82.8758333333333,
              54.97852819157397
            ],
            [
              82.87606323638184,
              54.97852494528268
            ],
            [
              82.87629258546274,
              54.97851521423093
            ],
            [
              82.87652082794396,
              54.978499021866355
            ],
            [
              82.87674741386158,
              54.978476407205505
            ],
            [
              82.87697179724556,
              54.97844742473976
            ],
            [
              82.87719343743616,
              54.97841214430402
            ],
            [
              82.87741180038739,
              54.978370650908275
            ],
            [
              82.87762635995445,
              54.97832304453265
            ],
            [
              82.8778365991622,
              54.978269439886425
            ],
            [
              82.87804201145129,
              54.97820996613142
            ],
            [
              82.87824210189932,
              54.978144766570644
            ],
            [
              82.87843638841369,
              54.97807399830277
            ],
            [
              82.87862440289368,
              54.97799783184348
            ],
            [
              82.87880569235845,
              54.97791645071436
            ],
            [
              82.87897982003885,
              54.97783005100049
            ],
            [
              82.87914636642971,
              54.977738840877755
            ],
            [
              82.87930493030076,
              54.97764304011106
            ],
            [
              82.87945512966321,
              54.97754287952456
            ],
            [
              82.87959660269,
              54.97743860044532
            ],
            [
              82.8797290085872,
              54.977330454121535
            ],
            [
              82.8798520284149,
              54.97721870111714
            ],
            [
              82.87996536585511,
              54.97710361068358
            ],
            [
              82.88006874792522,
              54.97698546011104
            ],
            [
              82.88016192563495,
              54.9768645340601
            ],
            [
              82.88024467458575,
              54.976741123875755
            ],
            [
              82.88031679551054,
              54.97661552688525
            ],
            [
              82.88037811475297,
              54.97648804568167
            ],
            [
              82.88042848468501,
              54.97635898739471
            ],
            [
              82.8804677840616,
              54.976228662950675
            ],
            [
              82.88049591831175,
              54.976097386323254
            ],
            [
              82.88051281976544,
              54.975965473777066
            ],
            [
              82.88051844781556,
              54.97583324310562
            ]
          ]
        ],
        "meta": {
          "shape": "circle"
        }
      },
      "properties": {
        "title": "J9717/26 for Novosibirsk Tolmachevo Airport",
        "text": "From: 2026-09-30 04:00:00+00:00\nTo: 2026-09-30 05:00:00+00:00\n\nAIRSPACE CLSD Within CIRCLE RADIUS 0.3KM CENTRE 545833N0825233E."
      }
    },
    {
      "type": "Feature",
      "geometry": {
        "type": "Polygon",
        "coordinates": [
          [
            [
              82.97916666666667,
              55.02777777777778
            ],
            [
              82.98083333333334,
              55.028888888888886
            ],
            [
              82.98333333333333,
              55.02777777777778
            ],
            [
              82.98055555555555,
              55.02638888888889
            ],
            [
              82.97944444444444,
              55.02722222222222
            ],
            [
              82.97916666666667,
              55.02777777777778
            ]
          ]
        ],
        "meta": {
          "shape": "polygon"
        }
      },
      "properties": {
        "title": "J9718/26 for Novosibirsk Tolmachevo Airport",
        "text": "From: 2026-09-30 09:00:00+00:00\nTo: 2026-10-02 14:00:00+00:00\n\nAIRSPACE CLSD Within AREA:\n\n550140N0825845E-550144N0825851E-550140N0825900E-\n\n550135N0825850E-550138N0825846E-550140N0825845E."
      }
    },
    {
      "type": "Feature",
      "geometry": {
        "type": "Polygon",
        "coordinates": [
          [
            [
              83.15773815249347,
              54.923259684797756
            ],
            [
              83.15172766793305,
              54.92097008347679
            ],
            [
              83.15208712099903,
              54.91989158535219
            ],
            [
              83.15210856463965,
              54.91980430049254
            ],
            [
              83.15211505186281,
              54.91971622526649
            ],
            [
              83.15210652029072,
              54.91962820788901
            ],
            [
              83.15208305218452,
              54.919541096012416
            ],
            [
              83.15204487364835,
              54.9194557285632
            ],
            [
              83.15199235244825,
              54.919372927663034
            ],
            [
              83.15192599446704,
              54.91929349071174
            ],
            [
              83.15184643882952,
              54.919218182708654
            ],
            [
              83.15175445174506,
              54.919147728886124
            ],
            [
              83.15165091912678,
              54.91908280772602
            ],
            [
              83.15153683805868,
              54.91902404442664
            ],
            [
              83.15141330719288,
              54.91897200488281
            ],
            [
              83.15128151616946,
              54.91892719023704
            ],
            [
              83.15114273416063,
              54.91889003205432
            ],
            [
              83.15099829764979,
              54.91886088816681
            ],
            [
              83.15084959756288,
              54.91884003922858
            ],
            [
              83.15069806587593,
              54.91882768601339
            ],
            [
              83.15054516182774,
              54.9188239474817
            ],
            [
              83.15039235787016,
              54.918828859635205
            ],
            [
              83.15024112549139,
              54.91884237517033
            ],
            [
              83.15009292104847,
              54.91886436393357
            ],
            [
              83.14994917174535,
              54.91889461417465
            ],
            [
              83.14981126189143,
              54.91893283458533
            ],
            [
              83.1496805195728,
              54.918978657104056
            ],
            [
              83.1495582038644,
              54.919031640459856
            ],
            [
              83.14944549270614,
              54.91909127442098
            ],
            [
              83.14934347155977,
              54.91915698470775
            ],
            [
              83.14925312295564,
              54.91922813852206
            ],
            [
              83.14917531702989,
              54.919304050640505
            ],
            [
              83.14911080314344,
              54.91938399001245
            ],
            [
              83.14906020266355,
              54.919467186799515
            ],
            [
              83.14902400297709,
              54.919552839788665
            ],
            [
              83.14827229618118,
              54.9218076697146
            ],
            [
              83.15392848097146,
              54.923962507554165
            ],
            [
              83.14659911042557,
              54.934955770571136
            ],
            [
              83.14655130587266,
              54.93503951744943
            ],
            [
              83.14651798781041,
              54.935125558979465
            ],
            [
              83.14649947719884,
              54.93521306654613
            ],
            [
              83.1464959524005,
              54.9353011974105
            ],
            [
              83.14650744745921,
              54.935389102825475
            ],
            [
              83.14653385176827,
              54.93547593620963
            ],
            [
              83.14657491113209,
              54.9355608613005
            ],
            [
              83.14663023021059,
              54.935643060208484
            ],
            [
              83.14669927632332,
              54.935721741294294
            ],
            [
              83.1467813845767,
              54.935796146793464
            ],
            [
              83.14687576426505,
              54.93586556011494
            ],
            [
              83.14698150648395,
              54.93592931274325
            ],
            [
              83.14709759288257,
              54.9359867906777
            ],
            [
              83.1472229054707,
              54.93603744034661
            ],
            [
              83.14735623738629,
              54.93608077393958
            ],
            [
              83.14749630451938,
              54.93611637410638
            ],
            [
              83.14764175788076,
              54.936143897977225
            ],
            [
              83.14779119659606,
              54.93616308046551
            ],
            [
              83.14794318139987,
              54.93617373682151
            ],
            [
              83.14809624850018,
              54.9361757644119
            ],
            [
              83.14824892367908,
              54.93616914370863
            ],
            [
              83.14839973649408,
              54.93615393847686
            ],
            [
              83.14854723444303,
              54.93613029516086
            ],
            [
              83.14868999695602,
              54.93609844147317
            ],
            [
              83.14882664907948,
              54.93605868420109
            ],
            [
              83.14895587472053,
              54.93601140625156
            ],
            [
              83.1490764293239,
              54.93595706296243
            ],
            [
              83.14918715185931,
              54.93589617771654
            ],
            [
              83.14928697600374,
              54.93582933690014
            ],
            [
              83.14937494041077,
              54.935757184254584
            ],
            [
              83.14945019796846,
              54.93568041467568
            ],
            [
              83.14951202395612,
              54.93559976752046
            ],
            [
              83.15773815249347,
              54.923259684797756
            ]
          ]
        ],
        "meta": {
          "shape": "line_corridor"
        }
      },
      "properties": {
        "title": "J9721/26 for Novosibirsk Tolmachevo Airport",
        "text": "From: 2026-09-29 04:00:00+00:00\nTo: 2026-10-01 16:00:00+00:00\n\nAIRSPACE CLSD Within 0.1KM EITHER SIDE OF LINE JOINING POINTS:\n\n545607N0830853E-545525N0830921E-545517N0830900E-545511N0830902E"
      }
    },
    {
      "type": "Feature",
      "geometry": {
        "type": "Polygon",
        "coordinates": [
          [
            [
              86.74277777777777,
              53.753055555555555
            ],
            [
              86.83166666666666,
              53.776944444444446
            ],
            [
              86.85916666666667,
              53.77972222222222
            ],
            [
              86.86333333333333,
              53.77972222222222
            ],
            [
              86.88,
              53.78194444444444
            ],
            [
              86.89833333333334,
              53.77972222222222
            ],
            [
              86.90666666666667,
              53.783055555555556
            ],
            [
              86.91083333333334,
              53.775277777777774
            ],
            [
              86.89972222222222,
              53.76583333333333
            ],
            [
              86.8875,
              53.75555555555555
            ],
            [
              86.86749999999999,
              53.73833333333334
            ],
            [
              86.8761111111111,
              53.73111111111111
            ],
            [
              86.8888888888889,
              53.73583333333333
            ],
            [
              86.89777777777779,
              53.745555555555555
            ],
            [
              86.91805555555555,
              53.75333333333333
            ],
            [
              86.92666666666668,
              53.73444444444444
            ],
            [
              86.92333333333333,
              53.72694444444445
            ],
            [
              86.92944444444444,
              53.714444444444446
            ],
            [
              86.92500000000001,
              53.69333333333333
            ],
            [
              86.90361111111112,
              53.69555555555555
            ],
            [
              86.90916666666668,
              53.70944444444445
            ],
            [
              86.88166666666666,
              53.715833333333336
            ],
            [
              86.86277777777777,
              53.6825
            ],
            [
              86.82722222222222,
              53.6825
            ],
            [
              86.81305555555555,
              53.709722222222226
            ],
            [
              86.76833333333333,
              53.70388888888889
            ],
            [
              86.69083333333333,
              53.69
            ],
            [
              86.68333333333334,
              53.708333333333336
            ],
            [
              86.68722222222223,
              53.71222222222222
            ],
            [
              86.69555555555556,
              53.715
            ],
            [
              86.71444444444445,
              53.71555555555556
            ],
            [
              86.71611111111112,
              53.711666666666666
            ],
            [
              86.72027777777778,
              53.709722222222226
            ],
            [
              86.74472222222222,
              53.71638888888889
            ],
            [
              86.74277777777777,
              53.753055555555555
            ]
          ]
        ],
        "meta": {
          "shape": "polygon"
        }
      },
      "properties": {
        "title": "J9724/26 for Novosibirsk Tolmachevo Airport",
        "text": "From: 2026-09-29 05:00:00+00:00\nTo: 2026-09-30 10:00:00+00:00\n\nAIRSPACE CLSD Within AREA:\n\n534511N0864434E-534637N0864954E-534647N0865133E-534647N0865148E-\n\n534655N0865248E-534647N0865354E-534659N0865424E-534631N0865439E-\n\n534557N0865359E-534520N0865315E-534418N0865203E-534352N0865234E-\n\n534409N0865320E-534444N0865352E-534512N0865505E-534404N0865536E-\n\n534337N0865524E-534252N0865546E-534136N0865530E-534144N0865413E-\n\n534234N0865433E-534257N0865254E-534057N0865146E-534057N0864938E-\n\n534235N0864847E-534214N0864606E-534124N0864127E-534230N0864100E-\n\n534244N0864114E-534254N0864144E-534256N0864252E-534242N0864258E-\n\n534235N0864313E-534259N0864441E-534511N0864434E"
      }
    },
    {
      "type": "Feature",
      "geometry": {
        "type": "Polygon",
        "coordinates": [
          [
            [
              82.90451720198728,
              55.03888884869422
            ],
            [
              82.9045134269369,
              55.0388006960726
            ],
            [
              82.90450212465029,
              55.038712756009936
            ],
            [
              82.90448332240469,
              55.03862524035946
            ],
            [
              82.90445706554446,
              55.0385383599506
            ],
            [
              82.90442341737139,
              55.03845232408111
            ],
            [
              82.9043824589917,
              55.03836734001288
            ],
            [
              82.90433428912027,
              55.03828361247272
            ],
            [
              82.90427902384235,
              55.03820134315913
            ],
            [
              82.9042167963336,
              55.03812073025664
            ],
            [
              82.90414775653883,
              55.038041967958286
            ],
            [
              82.9040720708105,
              55.037965245997974
            ],
            [
              82.90398992150766,
              55.03789074919351
            ],
            [
              82.90390150655638,
              55.037818657001424
            ],
            [
              82.90380703897269,
              55.037749143084795
            ],
            [
              82.90370674634934,
              55.03768237489501
            ],
            [
              82.90360087030734,
              55.03761851326852
            ],
            [
              82.90348966591375,
              55.0375577120394
            ],
            [
              82.90337340106726,
              55.037500117669055
            ],
            [
              82.90325235585279,
              55.03744586889334
            ],
            [
              82.90312682186682,
              55.0373950963886
            ],
            [
              82.90299710151498,
              55.03734792245694
            ],
            [
              82.90286350728378,
              55.037304460731676
            ],
            [
              82.9027263609879,
              55.03726481590378
            ],
            [
              82.90258599299527,
              55.03722908346977
            ],
            [
              82.90244274143133,
              55.03719734950172
            ],
            [
              82.90229695136492,
              55.03716969044004
            ],
            [
              82.90214897397723,
              55.0371461729094
            ],
            [
              82.90199916571622,
              55.03712685355832
            ],
            [
              82.90184788743828,
              55.03711177892278
            ],
            [
              82.90169550353932,
              55.0371009853141
            ],
            [
              82.9015423810774,
              55.037094498731605
            ],
            [
              82.9013888888889,
              55.037092334799986
            ],
            [
              82.9012353967004,
              55.037094498731605
            ],
            [
              82.90108227423849,
              55.0371009853141
            ],
            [
              82.90092989033954,
              55.03711177892278
            ],
            [
              82.90077861206159,
              55.03712685355832
            ],
            [
              82.90062880380057,
              55.0371461729094
            ],
            [
              82.9004808264129,
              55.03716969044004
            ],
            [
              82.90033503634649,
              55.03719734950172
            ],
            [
              82.90019178478255,
              55.03722908346977
            ],
            [
              82.9000514167899,
              55.03726481590378
            ],
            [
              82.89991427049402,
              55.037304460731676
            ],
            [
              82.89978067626282,
              55.03734792245694
            ],
            [
              82.89965095591099,
              55.0373950963886
            ],
            [
              82.89952542192502,
              55.03744586889334
            ],
            [
              82.89940437671055,
              55.037500117669055
            ],
            [
              82.89928811186405,
              55.0375577120394
            ],
            [
              82.89917690747046,
              55.03761851326852
            ],
            [
              82.89907103142848,
              55.03768237489501
            ],
            [
              82.89897073880512,
              55.037749143084795
            ],
            [
              82.89887627122144,
              55.037818657001424
            ],
            [
              82.89878785627015,
              55.03789074919351
            ],
            [
              82.8987057069673,
              55.037965245997974
            ],
            [
              82.89863002123899,
              55.038041967958286
            ],
            [
              82.89856098144422,
              55.03812073025664
            ],
            [
              82.89849875393546,
              55.03820134315914
            ],
            [
              82.89844348865755,
              55.03828361247271
            ],
            [
              82.8983953187861,
              55.03836734001288
            ],
            [
              82.89835436040643,
              55.03845232408111
            ],
            [
              82.89832071223334,
              55.0385383599506
            ],
            [
              82.89829445537312,
              55.03862524035946
            ],
            [
              82.89827565312753,
              55.03871275600993
            ],
            [
              82.8982643508409,
              55.0388006960726
            ],
            [
              82.89826057579053,
              55.03888884869422
            ],
            [
              82.89826433712038,
              55.0389770015081
            ],
            [
              82.89827562581861,
              55.03906494214571
            ],
            [
              82.89829441473884,
              55.039152458748255
            ],
            [
              82.89832065866501,
              55.03923934047716
            ],
            [
              82.89835429441992,
              55.03932537802196
            ],
            [
              82.89839524101693,
              55.039410364104604
            ],
            [
              82.89844339985464,
              55.03949409397894
            ],
            [
              82.89849865495407,
              55.0395763659239
            ],
            [
              82.89856087323757,
              55.03965698172969
            ],
            [
              82.89862990484917,
              55.03973574717528
            ],
            [
              82.89870558351522,
              55.03981247249646
            ],
            [
              82.89878772694472,
              55.03988697284306
            ],
            [
              82.89887613726813,
              55.039959068724414
            ],
            [
              82.898970601514,
              55.04002858644195
            ],
            [
              82.89907089212169,
              55.04009535850764
            ],
            [
              82.89917676748965,
              55.04015922404777
            ],
            [
              82.89928797255727,
              55.04022002919047
            ],
            [
              82.89940423941941,
              55.040277627436765
            ],
            [
              82.89952528797173,
              55.040331880013376
            ],
            [
              82.89965082658557,
              55.040382656207385
            ],
            [
              82.89978055281075,
              55.040429833681195
            ],
            [
              82.89991415410422,
              55.04047329876733
            ],
            [
              82.90005130858324,
              55.04051294674246
            ],
            [
              82.90019168580115,
              55.04054868207975
            ],
            [
              82.90033494754358,
              55.0405804186792
            ],
            [
              82.9004807486437,
              55.04060808007502
            ],
            [
              82.90062873781407,
              55.0406315996201
            ],
            [
              82.90077855849324,
              55.04065092064647
            ],
            [
              82.90092984970524,
              55.04066599660205
            ],
            [
              82.90108224692959,
              55.04067679116281
            ],
            [
              82.90123538297988,
              55.04068327832024
            ],
            [
              82.9013888888889,
              55.040685442444136
            ],
            [
              82.90154239479793,
              55.04068327832024
            ],
            [
              82.90169553084822,
              55.04067679116281
            ],
            [
              82.90184792807256,
              55.04066599660206
            ],
            [
              82.90199921928456,
              55.04065092064648
            ],
            [
              82.90214903996375,
              55.040631599620085
            ],
            [
              82.90229702913409,
              55.04060808007502
            ],
            [
              82.90244283023424,
              55.0405804186792
            ],
            [
              82.90258609197667,
              55.040548682079766
            ],
            [
              82.90272646919456,
              55.04051294674245
            ],
            [
              82.90286362367358,
              55.04047329876733
            ],
            [
              82.90299722496705,
              55.0404298336812
            ],
            [
              82.90312695119225,
              55.04038265620739
            ],
            [
              82.9032524898061,
              55.04033188001337
            ],
            [
              82.9033735383584,
              55.040277627436765
            ],
            [
              82.90348980522052,
              55.04022002919047
            ],
            [
              82.90360101028817,
              55.04015922404777
            ],
            [
              82.90370688565613,
              55.04009535850764
            ],
            [
              82.90380717626383,
              55.04002858644195
            ],
            [
              82.90390164050967,
              55.039959068724414
            ],
            [
              82.90399005083309,
              55.03988697284304
            ],
            [
              82.90407219426258,
              55.03981247249646
            ],
            [
              82.90414787292863,
              55.03973574717527
            ],
            [
              82.90421690454023,
              55.03965698172969
            ],
            [
              82.90427912282375,
              55.03957636592389
            ],
            [
              82.90433437792318,
              55.03949409397894
            ],
            [
              82.90438253676089,
              55.039410364104604
            ],
            [
              82.90442348335789,
              55.03932537802195
            ],
            [
              82.9044571191128,
              55.03923934047716
            ],
            [
              82.90448336303896,
              55.039152458748255
            ],
            [
              82.90450215195919,
              55.03906494214571
            ],
            [
              82.90451344065744,
              55.03897700150811
            ],
            [
              82.90451720198728,
              55.03888884869422
            ]
          ]
        ],
        "meta": {
          "shape": "circle"
        }
      },
      "properties": {
        "title": "J9728/26 for Novosibirsk Tolmachevo Airport",
        "text": "From: 2026-09-29 07:00:00+00:00\nTo: 2026-09-29 08:00:00+00:00\n\nAIRSPACE CLSD Within CIRCLE RADIUS 0.2KM CENTRE 550220N0825405E."
      }
    },
    {
      "type": "Feature",
      "geometry": {
        "type": "Polygon",
        "coordinates": [
          [
            [
              83.47407638596319,
              54.18380258518439
            ],
            [
              83.42703687059965,
              54.08790677607588
            ],
            [
              83.42412817755789,
              54.08290082338679
            ],
            [
              83.42039975791148,
              54.07808649107462
            ],
            [
              83.41588773839376,
              54.0735100699271
            ],
            [
              83.41063573860899,
              54.06921554841149
            ],
            [
              83.40469444461942,
              54.06524419230677
            ],
            [
              83.3981211167801,
              54.061634150854175
            ],
            [
              83.39097903671043,
              54.05842009308231
            ],
            [
              83.38333689878517,
              54.055632877666845
            ],
            [
              83.37526815196614,
              54.05329925936149
            ],
            [
              83.36685029818032,
              54.05144163468951
            ],
            [
              83.35816415378126,
              54.05007782921732
            ],
            [
              83.34929308090486,
              54.04922092834595
            ],
            [
              83.34032219575425,
              54.04887915315648
            ],
            [
              83.33133756101465,
              54.04905578243455
            ],
            [
              83.32242536971435,
              54.049749121578834
            ],
            [
              83.31367112790952,
              54.05095251867527
            ],
            [
              83.30515884357779,
              54.05265442759084
            ],
            [
              83.29697022906267,
              54.05483851751653
            ],
            [
              83.28918392431166,
              54.057483827966934
            ],
            [
              83.28187474800107,
              54.06056496783038
            ],
            [
              83.27511298343563,
              54.06405235665935
            ],
            [
              83.26896370585226,
              54.067912506000795
            ],
            [
              83.26348615744499,
              54.07210833819212
            ],
            [
              83.25873317605978,
              54.07659953969424
            ],
            [
              83.25475068308731,
              54.081342945702396
            ],
            [
              83.25157723560517,
              54.08629295246945
            ],
            [
              83.24924364729293,
              54.091401953500664
            ],
            [
              83.24777268206395,
              54.096620795534285
            ],
            [
              83.24717882372917,
              54.1018992500132
            ],
            [
              83.2474681243339,
              54.107186495580954
            ],
            [
              83.24863813309422,
              54.112431607004005
            ],
            [
              83.25067790710628,
              54.11758404583243
            ],
            [
              83.32410363730988,
              54.268372653221206
            ],
            [
              83.73715832327686,
              54.34739429352255
            ],
            [
              83.74589917764273,
              54.3487751601842
            ],
            [
              83.75483005707252,
              54.34964821415901
            ],
            [
              83.7638646298818,
              54.35000501535729
            ],
            [
              83.77291555029221,
              54.349842114386405
            ],
            [
              83.78189531266698,
              54.34916108628064
            ],
            [
              83.79071710738002,
              54.34796851509273
            ],
            [
              83.79929566956562,
              54.346275929505076
            ],
            [
              83.80754811208068,
              54.34409969011875
            ],
            [
              83.81539473419932,
              54.34146082957129
            ],
            [
              83.8227597978471,
              54.338384847113176
            ],
            [
              83.82957226356449,
              54.334901459733004
            ],
            [
              83.83576647885958,
              54.331044312355885
            ],
            [
              83.84128281216086,
              54.32685065004637
            ],
            [
              83.846068226203,
              54.32236095551877
            ],
            [
              83.85007678536277,
              54.31761855559282
            ],
            [
              83.85327009219614,
              54.31266920052609
            ],
            [
              83.85561764920281,
              54.30756062040574
            ],
            [
              83.85709714264806,
              54.302342062986995
            ],
            [
              83.85769464609307,
              54.29706381752461
            ],
            [
              83.85740474211411,
              54.29177672925444
            ],
            [
              83.85623056151782,
              54.2865317092465
            ],
            [
              83.8541837401732,
              54.281379244366825
            ],
            [
              83.85128429437653,
              54.276368912056164
            ],
            [
              83.84756041642989,
              54.27154890455928
            ],
            [
              83.84304819284702,
              54.2669655671208
            ],
            [
              83.8377912482906,
              54.262662954505444
            ],
            [
              83.83184031899283,
              54.2586824100039
            ],
            [
              83.82525276001007,
              54.255062170852554
            ],
            [
              83.81809199121024,
              54.25183700373021
            ],
            [
              83.81042688738745,
              54.249037873698725
            ],
            [
              83.80233111834005,
              54.246691649632595
            ],
            [
              83.79388244513561,
              54.2448208488351
            ],
            [
              83.47407638596319,
              54.18380258518439
            ]
          ]
        ],
        "meta": {
          "shape": "line_corridor"
        }
      },
      "properties": {
        "title": "J9733/26 for Novosibirsk Tolmachevo Airport",
        "text": "From: 2026-09-30 04:00:00+00:00\nTo: 2026-10-07 11:00:00+00:00\n\nAIRSPACE CLSD Within 6KM EITHER SIDE OF LINE JOINING POINTS:\n\n541746N0834556E-541334N0832357E-540610N0832020E."
      }
    },
    {
      "type": "Feature",
      "geometry": {
        "type": "Polygon",
        "coordinates": [
          [
            [
              73.21111111111111,
              55.04083333333333
            ],
            [
              73.32083333333333,
              55.06083333333333
            ],
            [
              73.34722222222221,
              55.06388888888888
            ],
            [
              73.36722222222221,
              55.03611111111111
            ],
            [
              73.41944444444445,
              55.05972222222222
            ],
            [
              73.41166666666668,
              55.06888888888889
            ],
            [
              73.42361111111111,
              55.071111111111115
            ],
            [
              73.48583333333333,
              55.030833333333334
            ],
            [
              73.36444444444444,
              54.98277777777778
            ],
            [
              73.34305555555555,
              54.99638888888889
            ],
            [
              73.33305555555555,
              55.0075
            ],
            [
              73.28138888888888,
              55.02166666666667
            ],
            [
              73.25444444444445,
              55.02194444444444
            ],
            [
              73.25222222222222,
              55.02444444444444
            ],
            [
              73.24666666666667,
              55.024166666666666
            ],
            [
              73.24583333333334,
              55.021388888888886
            ],
            [
              73.24138888888889,
              55.02055555555555
            ],
            [
              73.21055555555556,
              55.026666666666664
            ],
            [
              73.21111111111111,
              55.04083333333333
            ]
          ]
        ],
        "meta": {
          "shape": "polygon"
        }
      },
      "properties": {
        "title": "J9735/26 for Novosibirsk Tolmachevo Airport",
        "text": "From: 2026-09-29 03:00:00+00:00\nTo: 2026-10-02 13:00:00+00:00\n\nAIRSPACE CLSD AS FLW:\n\n1. AREA: 550136N0731238E-550227N0731240E-550339N0731915E-\n\n         550350N0732050E-550210N0732202E-550335N0732510E-\n\n         550408N0732442E-550416N0732525E-550151N0732909E-\n\n         545858N0732152E-545947N0732035E-550027N0731959E-\n\n         550118N0731653E-550119N0731516E-550128N0731508E-\n\n         550127N0731448E-550117N0731445E-550114N0731429E-\n\n         550136N0731238E\n\n   300M AMSL-420M AMSL.\n\n2. Within CIRCLE RADIUS 0.2KM CENTRE 550209N0732103E\n\n   GND-300M AMSL."
      }
    },
    {
      "type": "Feature",
      "geometry": {
        "type": "Polygon",
        "coordinates": [
          [
            [
              78.36138888888888,
              58.150555555555556
            ],
            [
              78.72833333333334,
              58.156388888888884
            ],
            [
              78.73194444444445,
              58.09277777777778
            ],
            [
              78.36555555555555,
              58.059999999999995
            ],
            [
              78.36138888888888,
              58.150555555555556
            ]
          ]
        ],
        "meta": {
          "shape": "polygon"
        }
      },
      "properties": {
        "title": "J9737/26 for Novosibirsk Tolmachevo Airport",
        "text": "From: 2026-09-30 01:00:00+00:00\nTo: 2026-10-01 12:00:00+00:00\n\nAIRSPACE CLSD Within AREA:\n\n580902N0782141E-580923N0784342E-580534N0784355E-580336N0782156E-\n\n580902N0782141E."
      }
    },
    {
      "type": "Feature",
      "geometry": {
        "type": "Polygon",
        "coordinates": [
          [
            [
              73.07388888888889,
              55.03805555555555
            ],
            [
              72.99388888888889,
              55.02916666666667
            ],
            [
              72.83999999999999,
              55.02916666666667
            ],
            [
              72.65666666666667,
              55.015277777777776
            ],
            [
              72.56694444444445,
              54.99277777777778
            ],
            [
              72.59055555555555,
              55.028055555555554
            ],
            [
              72.6463888888889,
              55.041666666666664
            ],
            [
              72.83749999999999,
              55.056666666666665
            ],
            [
              72.97916666666667,
              55.05305555555555
            ],
            [
              73.04888888888888,
              55.06305555555555
            ],
            [
              73.07194444444444,
              55.10305555555556
            ],
            [
              73.09777777777778,
              55.10638888888889
            ],
            [
              73.14194444444445,
              55.07638888888889
            ],
            [
              73.16916666666667,
              55.088055555555556
            ],
            [
              73.19666666666667,
              55.10861111111111
            ],
            [
              73.21416666666667,
              55.112500000000004
            ],
            [
              73.22722222222222,
              55.105555555555554
            ],
            [
              73.22222222222223,
              55.10333333333333
            ],
            [
              73.21833333333333,
              55.102222222222224
            ],
            [
              73.22333333333333,
              55.096111111111114
            ],
            [
              73.22722222222222,
              55.09527777777778
            ],
            [
              73.2461111111111,
              55.1
            ],
            [
              73.24305555555556,
              55.10388888888889
            ],
            [
              73.29944444444445,
              55.11027777777778
            ],
            [
              73.30805555555555,
              55.10138888888889
            ],
            [
              73.28472222222221,
              55.095555555555556
            ],
            [
              73.25555555555556,
              55.08916666666667
            ],
            [
              73.18416666666667,
              55.07138888888889
            ],
            [
              73.16805555555555,
              55.06055555555555
            ],
            [
              73.07388888888889,
              55.03805555555555
            ]
          ]
        ],
        "meta": {
          "shape": "polygon"
        }
      },
      "properties": {
        "title": "J9739/26 for Novosibirsk Tolmachevo Airport",
        "text": "From: 2026-09-30 03:00:00+00:00\nTo: 2026-10-01 14:00:00+00:00\n\nAIRSPACE CLSD AS FLW:\n\n1. AREA: 550417N0731103E-550521N0731520E-550544N0731705E-\n\n         550605N0731829E-550637N0731758E-550614N0731435E-\n\n         550600N0731446E-550543N0731338E-550546N0731324E-\n\n         550608N0731306E-550612N0731320E-550620N0731338E-\n\n         550645N0731251E-550631N0731148E-550517N0731009E-\n\n         550435N0730831E-550623N0730552E-550611N0730419E-\n\n         550347N0730256E-550311N0725845E-550324N0725015E-\n\n         550230N0723847E-550141N0723526E-545934N0723401E-\n\n         550055N0723924E-550145N0725024E-550145N0725938E-\n\n         550217N0730426E-550338N0731005E-550417N0731103E\n\n   350M AMSL-450M AMSL.\n\n2. Within CIRCLE RADIUS 1KM CENTRE 550539N0730525E\n\n   GND-450M AMSL.\n\n3. Within CIRCLE RADIUS 1KM CENTRE 550133N0724013E\n\n   GND-450M AMSL."
      }
    },
    {
      "type": "Feature",
      "geometry": {
        "type": "Polygon",
        "coordinates": [
          [
            [
              73.71305555555556,
              55.058055555555555
            ],
            [
              73.66555555555556,
              55.06666666666667
            ],
            [
              73.46694444444445,
              55.07416666666667
            ],
            [
              73.42111111111112,
              55.07944444444445
            ],
            [
              73.4175,
              55.07027777777778
            ],
            [
              73.39305555555556,
              55.06944444444445
            ],
            [
              73.38472222222222,
              55.08361111111111
            ],
            [
              73.28472222222221,
              55.095555555555556
            ],
            [
              73.30805555555555,
              55.10138888888889
            ],
            [
              73.29944444444445,
              55.11027777777778
            ],
            [
              73.33305555555555,
              55.10055555555556
            ],
            [
              73.47222222222223,
              55.088055555555556
            ],
            [
              73.6675,
              55.08083333333334
            ],
            [
              73.75027777777778,
              55.0825
            ],
            [
              73.71305555555556,
              55.058055555555555
            ]
          ]
        ],
        "meta": {
          "shape": "polygon"
        }
      },
      "properties": {
        "title": "J9741/26 for Novosibirsk Tolmachevo Airport",
        "text": "From: 2026-09-30 03:00:00+00:00\nTo: 2026-10-01 14:00:00+00:00\n\nAIRSPACE CLSD AS FLW:\n\n1. AREA: 550457N0734501E-550451N0734003E-550517N0732820E-\n\n         550602N0731959E-550637N0731758E-550605N0731829E-\n\n         550544N0731705E-550501N0732305E-550410N0732335E-\n\n         550413N0732503E-550446N0732516E-550427N0732801E-\n\n         550400N0733956E-550329N0734247E-550457N0734501E\n\n   300M AMSL-400M AMSL.\n\n2. Within CIRCLE RADIUS 1KM CENTRE 550446N0732417E\n\n   GND-400M AMSL."
      }
    },
    {
      "type": "Feature",
      "geometry": {
        "type": "Polygon",
        "coordinates": [
          [
            [
              73.25555555555556,
              54.88166666666667
            ],
            [
              73.26916666666666,
              54.933611111111105
            ],
            [
              73.28194444444445,
              54.94888888888889
            ],
            [
              73.3111111111111,
              54.948055555555555
            ],
            [
              73.3175,
              54.95416666666667
            ],
            [
              73.33083333333333,
              54.956944444444446
            ],
            [
              73.34555555555555,
              54.95305555555556
            ],
            [
              73.3711111111111,
              54.95472222222222
            ],
            [
              73.33527777777778,
              54.924166666666665
            ],
            [
              73.32416666666666,
              54.90083333333333
            ],
            [
              73.31583333333333,
              54.88027777777778
            ],
            [
              73.25555555555556,
              54.88166666666667
            ]
          ]
        ],
        "meta": {
          "shape": "polygon"
        }
      },
      "properties": {
        "title": "J9743/26 for Novosibirsk Tolmachevo Airport",
        "text": "From: 2026-09-30 03:00:00+00:00\nTo: 2026-10-02 13:00:00+00:00\n\nAIRSPACE CLSD AS FLW:\n\n1. AREA: 545249N0731857E-545403N0731927E-545527N0732007E-\n\n         545717N0732216E-545711N0732044E-545725N0731951E-\n\n         545715N0731903E-545653N0731840E-545656N0731655E-\n\n         545601N0731609E-545254N0731520E-545249N0731857E\n\n   250M AMSL-330M AMSL.\n\n2. Within CIRCLE RADIUS 0.2KM CENTRE 545306N0731700E\n\n   GND-300M AMSL."
      }
    },
    {
      "type": "Feature",
      "geometry": {
        "type": "Polygon",
        "coordinates": [
          [
            [
              73.24305555555556,
              55.10416666666667
            ],
            [
              73.25138888888888,
              55.12388888888889
            ],
            [
              73.24305555555556,
              55.14805555555556
            ],
            [
              73.22722222222222,
              55.163888888888884
            ],
            [
              73.26722222222222,
              55.200833333333335
            ],
            [
              73.25305555555556,
              55.230555555555554
            ],
            [
              73.18305555555555,
              55.27305555555555
            ],
            [
              73.17444444444445,
              55.338055555555556
            ],
            [
              73.14805555555556,
              55.36027777777778
            ],
            [
              73.10666666666665,
              55.373333333333335
            ],
            [
              73.13555555555556,
              55.382777777777775
            ],
            [
              73.16166666666668,
              55.370555555555555
            ],
            [
              73.19805555555556,
              55.34055555555556
            ],
            [
              73.20527777777778,
              55.28
            ],
            [
              73.27666666666667,
              55.238055555555555
            ],
            [
              73.29722222222222,
              55.20277777777778
            ],
            [
              73.29861111111111,
              55.18555555555555
            ],
            [
              73.26694444444445,
              55.150555555555556
            ],
            [
              73.27166666666666,
              55.13055555555555
            ],
            [
              73.29916666666666,
              55.11027777777778
            ],
            [
              73.24305555555556,
              55.10416666666667
            ]
          ]
        ],
        "meta": {
          "shape": "polygon"
        }
      },
      "properties": {
        "title": "J9745/26 for Novosibirsk Tolmachevo Airport",
        "text": "From: 2026-09-30 03:00:00+00:00\nTo: 2026-10-01 14:00:00+00:00\n\nAIRSPACE CLSD AS FLW:\n\n1. AREA: 550637N0731757E-550750N0731618E-550902N0731601E-\n\n         551108N0731755E-551210N0731750E-551417N0731636E-\n\n         551648N0731219E-552026N0731153E-552214N0730942E-\n\n         552258N0730808E-552224N0730624E-552137N0730853E-\n\n         552017N0731028E-551623N0731059E-551350N0731511E-\n\n         551203N0731602E-550950N0731338E-550853N0731435E-\n\n         550726N0731505E-550615N0731435E-550637N0731757E\n\n   300M AMSL-450M AMSL.\n\n2. Within CIRCLE RADIUS 1KM CENTRE 551117N0731656E\n\n   GND-450M AMSL."
      }
    },
    {
      "type": "Feature",
      "geometry": {
        "type": "Polygon",
        "coordinates": [
          [
            [
              73.24027777777778,
              55.01777777777777
            ],
            [
              73.24888888888889,
              55.0175
            ],
            [
              73.26138888888889,
              54.99861111111111
            ],
            [
              73.26444444444445,
              54.99805555555556
            ],
            [
              73.2675,
              54.99888888888889
            ],
            [
              73.26833333333333,
              55.000277777777775
            ],
            [
              73.25777777777778,
              55.01722222222222
            ],
            [
              73.28222222222222,
              55.016666666666666
            ],
            [
              73.33416666666666,
              54.995555555555555
            ],
            [
              73.35749999999999,
              54.978611111111114
            ],
            [
              73.32194444444444,
              54.977222222222224
            ],
            [
              73.30305555555556,
              54.973055555555554
            ],
            [
              73.25138888888888,
              54.976111111111116
            ],
            [
              73.22333333333333,
              54.97083333333334
            ],
            [
              73.21000000000001,
              54.9825
            ],
            [
              73.20972222222223,
              55.0225
            ],
            [
              73.24027777777778,
              55.01777777777777
            ]
          ]
        ],
        "meta": {
          "shape": "polygon"
        }
      },
      "properties": {
        "title": "J9747/26 for Novosibirsk Tolmachevo Airport",
        "text": "From: 2026-09-30 03:00:00+00:00\nTo: 2026-10-02 13:00:00+00:00\n\nAIRSPACE CLSD AS FLW:\n\n1. AREA: 550121N0731235E-550104N0731425E-550103N0731456E-\n\n         545955N0731541E-545953N0731552E-545956N0731603E-\n\n         550001N0731606E-550102N0731528E-550100N0731656E-\n\n         545944N0732003E-545843N0732127E-545838N0731919E-\n\n         545823N0731811E-545834N0731505E-545815N0731324E-\n\n         545857N0731236E-550121N0731235E\n\n   260M AMSL-330M AMSL.\n\n2. Within CIRCLE RADIUS 0.2KM CENTRE 545911N0731301E\n\n   GND-300M AMSL."
      }
    },
    {
      "type": "Feature",
      "geometry": {
        "type": "Polygon",
        "coordinates": [
          [
            [
              73.83166666666666,
              55.07416666666667
            ],
            [
              73.91388888888889,
              55.066111111111105
            ],
            [
              73.91000000000001,
              55.05
            ],
            [
              73.85249999999999,
              55.04805555555556
            ],
            [
              73.84638888888888,
              55.016666666666666
            ],
            [
              73.86805555555554,
              54.961666666666666
            ],
            [
              73.91166666666668,
              54.87166666666667
            ],
            [
              73.95305555555557,
              54.776666666666664
            ],
            [
              73.95805555555556,
              54.74305555555556
            ],
            [
              73.93055555555556,
              54.72138888888889
            ],
            [
              73.91305555555556,
              54.72916666666667
            ],
            [
              73.90666666666667,
              54.77166666666667
            ],
            [
              73.85027777777778,
              54.910555555555554
            ],
            [
              73.81777777777778,
              54.96388888888889
            ],
            [
              73.79166666666667,
              55.04805555555556
            ],
            [
              73.71305555555556,
              55.058055555555555
            ],
            [
              73.75027777777778,
              55.0825
            ],
            [
              73.83166666666666,
              55.07416666666667
            ]
          ]
        ],
        "meta": {
          "shape": "polygon"
        }
      },
      "properties": {
        "title": "J9749/26 for Novosibirsk Tolmachevo Airport",
        "text": "From: 2026-09-30 03:00:00+00:00\nTo: 2026-10-01 14:00:00+00:00\n\nAIRSPACE CLSD AS FLW:\n\n1. AREA: 550457N0734501E-550329N0734247E-550253N0734730E-\n\n         545750N0734904E-545438N0735101E-544618N0735424E-\n\n         544345N0735447E-544317N0735550E-544435N0735729E-\n\n         544636N0735711E-545218N0735442E-545742N0735205E-\n\n         550100N0735047E-550253N0735109E-550300N0735436E-\n\n         550358N0735450E-550427N0734954E-550457N0734501E\n\n   350M AMSL-450M AMSL.\n\n2. Within CIRCLE RADIUS 1KM CENTRE 550331N0735343E\n\n   GND-450M AMSL.\n\n3. Within CIRCLE RADIUS 1KM CENTRE 550353N0734738E\n\n   GND-450M AMSL."
      }
    },
    {
      "type": "Feature",
      "geometry": {
        "type": "Polygon",
        "coordinates": [
          [
            [
              73.48611111111111,
              55.02972222222222
            ],
            [
              73.49305555555556,
              55.00694444444444
            ],
            [
              73.47416666666666,
              55.00361111111111
            ],
            [
              73.47361111111111,
              54.99722222222222
            ],
            [
              73.4961111111111,
              54.99916666666667
            ],
            [
              73.5,
              54.98527777777778
            ],
            [
              73.48527777777778,
              54.9775
            ],
            [
              73.46611111111112,
              54.972500000000004
            ],
            [
              73.46000000000001,
              54.97694444444445
            ],
            [
              73.43083333333334,
              54.97916666666667
            ],
            [
              73.4325,
              54.974444444444444
            ],
            [
              73.43555555555555,
              54.967777777777776
            ],
            [
              73.41361111111112,
              54.96527777777778
            ],
            [
              73.38527777777779,
              54.96277777777778
            ],
            [
              73.38722222222223,
              54.95527777777778
            ],
            [
              73.39555555555556,
              54.95777777777778
            ],
            [
              73.39472222222223,
              54.963055555555556
            ],
            [
              73.41333333333334,
              54.96472222222223
            ],
            [
              73.41388888888889,
              54.95666666666667
            ],
            [
              73.43277777777779,
              54.9575
            ],
            [
              73.43666666666667,
              54.9675
            ],
            [
              73.43527777777778,
              54.971944444444446
            ],
            [
              73.43583333333333,
              54.97833333333333
            ],
            [
              73.45944444444444,
              54.97666666666667
            ],
            [
              73.45222222222222,
              54.97277777777778
            ],
            [
              73.46194444444444,
              54.971111111111114
            ],
            [
              73.485,
              54.97694444444445
            ],
            [
              73.485,
              54.97416666666667
            ],
            [
              73.48583333333333,
              54.972500000000004
            ],
            [
              73.48722222222223,
              54.97
            ],
            [
              73.365,
              54.937777777777775
            ],
            [
              73.37833333333333,
              54.95138888888889
            ],
            [
              73.37805555555555,
              54.96805555555556
            ],
            [
              73.3711111111111,
              54.97972222222222
            ],
            [
              73.36555555555555,
              54.98222222222223
            ],
            [
              73.48611111111111,
              55.02972222222222
            ]
          ]
        ],
        "meta": {
          "shape": "polygon"
        }
      },
      "properties": {
        "title": "J9751/26 for Novosibirsk Tolmachevo Airport",
        "text": "From: 2026-09-30 03:00:00+00:00\nTo: 2026-10-02 13:00:00+00:00\n\nAIRSPACE CLSD AS FLW:\n\n1. AREA: 545856N0732156E-550147N0732910E-550025N0732935E-\n\n         550013N0732827E-545950N0732825E-545957N0732946E-\n\n         545907N0733000E-545839N0732907E-545821N0732758E-\n\n         545837N0732736E-545845N0732551E-545828N0732557E-\n\n         545804N0732608E-545755N0732449E-545746N0732307E-\n\n         545719N0732314E-545728N0732344E-545747N0732341E-\n\n         545753N0732448E-545724N0732450E-545727N0732558E-\n\n         545803N0732612E-545819N0732607E-545842N0732609E-\n\n         545836N0732734E-545822N0732708E-545816N0732743E-\n\n         545837N0732906E-545827N0732906E-545821N0732909E-\n\n         545812N0732914E-545616N0732154E-545705N0732242E-\n\n         545805N0732241E-545847N0732216E-545856N0732156E\n\n   250M AMSL-300M AMSL.\n\n2. Within CIRCLE RADIUS 0.2KM CENTRE 550011N0732559E\n\n   GND-300M AMSL."
      }
    },
    {
      "type": "Feature",
      "geometry": {
        "type": "Polygon",
        "coordinates": [
          [
            [
              84.92555555555556,
              56.41694444444444
            ],
            [
              84.92972222222222,
              56.439166666666665
            ],
            [
              84.95222222222222,
              56.43333333333333
            ],
            [
              84.94111111111111,
              56.41888888888889
            ],
            [
              84.92555555555556,
              56.41694444444444
            ]
          ]
        ],
        "meta": {
          "shape": "polygon"
        }
      },
      "properties": {
        "title": "J9752/26 for Novosibirsk Tolmachevo Airport",
        "text": "From: 2026-10-01 03:00:00+00:00\nTo: 2026-10-02 11:00:00+00:00\n\nAIRSPACE CLSD Within AREA:\n\n562501N0845532E-562621N0845547E-562600N0845708E-\n\n562508N0845628E-562501N0845532E"
      }
    },
    {
      "type": "Feature",
      "geometry": {
        "type": "Polygon",
        "coordinates": [
          [
            [
              82.94366321949354,
              55.085555303905224
            ],
            [
              82.94365374505216,
              55.085334924414084
            ],
            [
              82.94362543086518,
              55.08511507703583
            ],
            [
              82.94357834545147,
              55.084896291389
            ],
            [
              82.9435126025455,
              55.08467909452585
            ],
            [
              82.94342836082032,
              55.08446400966281
            ],
            [
              82.94332582350266,
              55.08425155492022
            ],
            [
              82.94320523788048,
              55.08404224207463
            ],
            [
              82.94306689470473,
              55.083836575326245
            ],
            [
              82.94291112748652,
              55.083635050084766
            ],
            [
              82.94273831169141,
              55.08343815177652
            ],
            [
              82.94254886383291,
              55.083246354675616
            ],
            [
              82.9423432404672,
              55.083060120762106
            ],
            [
              82.94212193709183,
              55.08287989860971
            ],
            [
              82.94188548695064,
              55.08270612230601
            ],
            [
              82.94163445974819,
              55.082539210407404
            ],
            [
              82.94136946027653,
              55.082379564931685
            ],
            [
              82.94109112695779,
              55.0822275703903
            ],
            [
              82.94080013030596,
              55.08208359286299
            ],
            [
              82.94049717131179,
              55.08194797911662
            ],
            [
              82.94018297975448,
              55.08182105577067
            ],
            [
              82.9398583124442,
              55.08170312851123
            ],
            [
              82.93952395140002,
              55.08159448135534
            ],
            [
              82.93918070196716,
              55.08149537596754
            ],
            [
              82.93882939087835,
              55.081406051030314
            ],
            [
              82.93847086426405,
              55.081326721669605
            ],
            [
              82.93810598561592,
              55.08125757893735
            ],
            [
              82.93773563370898,
              55.081198789351674
            ],
            [
              82.93736070048675,
              55.081150494496356
            ],
            [
              82.93698208891526,
              55.08111281068003
            ],
            [
              82.93660071081032,
              55.08108582865651
            ],
            [
              82.93621748464366,
              55.081069613406335
            ],
            [
              82.9358333333333,
              55.08106420398047
            ],
            [
              82.93544918202294,
              55.081069613406335
            ],
            [
              82.93506595585629,
              55.08108582865651
            ],
            [
              82.93468457775136,
              55.08111281068003
            ],
            [
              82.93430596617986,
              55.081150494496356
            ],
            [
              82.93393103295763,
              55.081198789351674
            ],
            [
              82.93356068105068,
              55.08125757893735
            ],
            [
              82.93319580240257,
              55.081326721669605
            ],
            [
              82.93283727578826,
              55.081406051030314
            ],
            [
              82.93248596469945,
              55.08149537596754
            ],
            [
              82.9321427152666,
              55.08159448135534
            ],
            [
              82.93180835422241,
              55.08170312851123
            ],
            [
              82.93148368691213,
              55.08182105577066
            ],
            [
              82.93116949535482,
              55.08194797911662
            ],
            [
              82.93086653636065,
              55.08208359286299
            ],
            [
              82.93057553970883,
              55.0822275703903
            ],
            [
              82.93029720639007,
              55.082379564931685
            ],
            [
              82.93003220691843,
              55.082539210407404
            ],
            [
              82.92978117971597,
              55.08270612230601
            ],
            [
              82.92954472957479,
              55.08287989860971
            ],
            [
              82.92932342619942,
              55.083060120762106
            ],
            [
              82.9291178028337,
              55.083246354675616
            ],
            [
              82.9289283549752,
              55.08343815177651
            ],
            [
              82.92875553918009,
              55.083635050084766
            ],
            [
              82.92859977196188,
              55.083836575326245
            ],
            [
              82.92846142878612,
              55.08404224207464
            ],
            [
              82.92834084316395,
              55.08425155492022
            ],
            [
              82.92823830584628,
              55.08446400966281
            ],
            [
              82.92815406412113,
              55.08467909452587
            ],
            [
              82.92808832121514,
              55.084896291389
            ],
            [
              82.92804123580143,
              55.08511507703583
            ],
            [
              82.92801292161445,
              55.085334924414084
            ],
            [
              82.92800344717305,
              55.085555303905224
            ],
            [
              82.92801283561252,
              55.08577568460009
            ],
            [
              82.92804106462583,
              55.085995535577965
            ],
            [
              82.92808806651438,
              55.086214327185644
            ],
            [
              82.9281537283481,
              55.08643153231345
            ],
            [
              82.92823789223468,
              55.086646627665374
            ],
            [
              82.92834035569707,
              55.08685909502006
            ],
            [
              82.92846087215855,
              55.08706842247947
            ],
            [
              82.92859915153421,
              55.0872741057027
            ],
            [
              82.92875486092741,
              55.087475649121366
            ],
            [
              82.92892762542945,
              55.087672567134085
            ],
            [
              82.92911702902082,
              55.08786438527698
            ],
            [
              82.9293226155716,
              55.088050641367374
            ],
            [
              82.92954388993886,
              55.08823088661793
            ],
            [
              82.92978031915808,
              55.08840468671866
            ],
            [
              82.9300313337262,
              55.088571622883975
            ],
            [
              82.93029632897286,
              55.088731292862384
            ],
            [
              82.93057466651662,
              55.088883311906436
            ],
            [
              82.93086567580278,
              55.08902731370044
            ],
            [
              82.93116865571889,
              55.08916295124386
            ],
            [
              82.93148287628433,
              55.08928989768798
            ],
            [
              82.93180758040951,
              55.08940784712429
            ],
            [
              82.93214198572083,
              55.08951651532218
            ],
            [
              82.93248528644678,
              55.089615640414436
            ],
            [
              82.93283665536059,
              55.08970498352886
            ],
            [
              82.93319524577498,
              55.0897843293644
            ],
            [
              82.93356019358379,
              55.0898534867105
            ],
            [
              82.93393061934603,
              55.08991228890824
            ],
            [
              82.93430563040684,
              55.08996059425246
            ],
            [
              82.93468432305058,
              55.08999828633344
            ],
            [
              82.93506578468069,
              55.090025274317796
            ],
            [
              82.93544909602102,
              55.09004149316759
            ],
            [
              82.9358333333333,
              55.090046903797216
            ],
            [
              82.9362175706456,
              55.09004149316759
            ],
            [
              82.93660088198592,
              55.090025274317796
            ],
            [
              82.93698234361604,
              55.08999828633344
            ],
            [
              82.93736103625977,
              55.08996059425245
            ],
            [
              82.93773604732058,
              55.08991228890824
            ],
            [
              82.93810647308283,
              55.089853486710496
            ],
            [
              82.93847142089163,
              55.0897843293644
            ],
            [
              82.93883001130602,
              55.08970498352887
            ],
            [
              82.93918138021984,
              55.08961564041443
            ],
            [
              82.93952468094577,
              55.08951651532219
            ],
            [
              82.9398590862571,
              55.08940784712429
            ],
            [
              82.94018379038228,
              55.08928989768798
            ],
            [
              82.94049801094772,
              55.08916295124386
            ],
            [
              82.94080099086383,
              55.089027313700456
            ],
            [
              82.94109200015,
              55.088883311906436
            ],
            [
              82.94137033769375,
              55.088731292862384
            ],
            [
              82.94163533294041,
              55.08857162288397
            ],
            [
              82.94188634750853,
              55.08840468671866
            ],
            [
              82.94212277672774,
              55.08823088661793
            ],
            [
              82.94234405109499,
              55.08805064136737
            ],
            [
              82.94254963764578,
              55.08786438527697
            ],
            [
              82.94273904123716,
              55.087672567134085
            ],
            [
              82.9429118057392,
              55.087475649121366
            ],
            [
              82.94306751513238,
              55.0872741057027
            ],
            [
              82.94320579450806,
              55.08706842247947
            ],
            [
              82.94332631096955,
              55.08685909502006
            ],
            [
              82.94342877443194,
              55.086646627665374
            ],
            [
              82.94351293831852,
              55.08643153231345
            ],
            [
              82.94357860015224,
              55.08621432718564
            ],
            [
              82.94362560204078,
              55.085995535577965
            ],
            [
              82.94365383105409,
              55.08577568460009
            ],
            [
              82.94366321949354,
              55.085555303905224
            ]
          ]
        ],
        "meta": {
          "shape": "circle"
        }
      },
      "properties": {
        "title": "J9756/26 for Novosibirsk Tolmachevo Airport",
        "text": "From: 2026-09-30 07:00:00+00:00\nTo: 2026-09-30 07:30:00+00:00\n\nAIRSPACE CLSD Within CIRCLE RADIUS 0.5KM CENTRE 550508N0825609E."
      }
    },
    {
      "type": "Feature",
      "geometry": {
        "type": "Polygon",
        "coordinates": [
          [
            [
              83.01528850903247,
              55.0174809235374
            ],
            [
              83.01506298590404,
              55.017659182697216
            ],
            [
              83.01486895512673,
              55.01784928465494
            ],
            [
              83.01470828562393,
              55.01804939877839
            ],
            [
              83.01458252513095,
              55.018257597993006
            ],
            [
              83.01449288527407,
              55.01847187733557
            ],
            [
              83.01444022988332,
              55.018690173258854
            ],
            [
              83.01442506665224,
              55.01891038350164
            ],
            [
              83.01444754222572,
              55.01913038733283
            ],
            [
              83.0145074407641,
              55.01934806597469
            ],
            [
              83.0146041859983,
              55.019561323008624
            ],
            [
              83.01473684675703,
              55.01976810456692
            ],
            [
              83.01490414591379,
              55.01996641911597
            ],
            [
              83.01510447266831,
              55.020154356640035
            ],
            [
              83.0153358980448,
              55.02033010704135
            ],
            [
              83.01559619345802,
              55.020491977578104
            ],
            [
              83.01588285216963,
              55.020638409173124
            ],
            [
              83.0161931134274,
              55.02076799143531
            ],
            [
              83.01652398905559,
              55.02087947624924
            ],
            [
              83.01687229223992,
              55.02097178980163
            ],
            [
              83.01723466823009,
              55.02104404292862
            ],
            [
              83.01760762666311,
              55.021095539684076
            ],
            [
              83.01798757519596,
              55.021125784046106
            ],
            [
              83.01837085412316,
              55.02113448469713
            ],
            [
              83.01875377164428,
              55.02112155783122
            ],
            [
              83.01913263944179,
              55.02108712796178
            ],
            [
              83.0195038082251,
              55.02103152672157
            ],
            [
              83.0198637028977,
              55.020955289666844
            ],
            [
              83.02020885700802,
              55.02085915111636
            ],
            [
              83.02053594615133,
              55.02074403707508
            ],
            [
              83.02084182000019,
              55.02061105631089
            ],
            [
              83.0211235326546,
              55.02046148967064
            ],
            [
              83.02137837101915,
              55.02029677773826
            ],
            [
              83.03887803689598,
              55.007796342803815
            ],
            [
              83.03910339905296,
              55.00761803923567
            ],
            [
              83.03929726580978,
              55.00742789833344
            ],
            [
              83.0394577704248,
              55.00722775141142
            ],
            [
              83.0395833675512,
              55.007019526127614
            ],
            [
              83.03967284810395,
              55.00680522791422
            ],
            [
              83.03972535088553,
              55.00658692065998
            ],
            [
              83.03974037085855,
              55.00636670683081
            ],
            [
              83.03971776398676,
              55.00614670722004
            ],
            [
              83.03965774859853,
              55.00592904052345
            ],
            [
              83.03956090326086,
              55.00571580293593
            ],
            [
              83.03942816118479,
              55.00550904796604
            ],
            [
              83.03926080121748,
              55.00531076666289
            ],
            [
              83.03906043550822,
              55.00512286844567
            ],
            [
              83.03882899396795,
              55.004947162720185
            ],
            [
              83.03856870567232,
              55.00478534145933
            ],
            [
              83.03828207738808,
              55.00463896291497
            ],
            [
              83.03797186942978,
              55.00450943661784
            ],
            [
              83.03764106907916,
              55.00439800980972
            ],
            [
              83.0372928618233,
              55.00430575543823
            ],
            [
              83.03693060068824,
              55.004233561829714
            ],
            [
              83.03655777396285,
              55.00418212413918
            ],
            [
              83.03617797162337,
              55.0041519376599
            ],
            [
              83.035794850781,
              55.00414329305646
            ],
            [
              83.03541210048469,
              55.00415627356731
            ],
            [
              83.03503340621725,
              55.00419075420374
            ],
            [
              83.03466241442555,
              55.00424640295275
            ],
            [
              83.03430269742589,
              55.00432268397239
            ],
            [
              83.03395771902112,
              55.00441886274899
            ],
            [
              83.03363080116046,
              55.00453401316649
            ],
            [
              83.03332509196194,
              55.00466702642011
            ],
            [
              83.03304353540501,
              55.0048166216888
            ],
            [
              83.03278884298489,
              55.0049813584637
            ],
            [
              83.01528850903247,
              55.0174809235374
            ]
          ]
        ],
        "meta": {
          "shape": "line_corridor"
        }
      },
      "properties": {
        "title": "J9758/26 for Novosibirsk Tolmachevo Airport",
        "text": "From: 2026-09-30 05:45:00+00:00\nTo: 2026-09-30 06:30:00+00:00\n\nAIRSPACE CLSD Within 0.25KM EITHER SIDE OF LINE JOINING POINTS:\n\n550023N0830209E-550108N0830106E"
      }
    },
    {
      "type": "Feature",
      "geometry": {
        "type": "Polygon",
        "coordinates": [
          [
            [
              83.07423503828637,
              54.98249995988894
            ],
            [
              83.07423126854297,
              54.98241180644489
            ],
            [
              83.07421998211643,
              54.98232386556136
            ],
            [
              83.07420120624565,
              54.982236349093604
            ],
            [
              83.07417498621128,
              54.982149467873
            ],
            [
              83.0741413852262,
              54.98206343119926
            ],
            [
              83.07410048428282,
              54.981978446336235
            ],
            [
              83.0740523819575,
              54.98189471801263
            ],
            [
              83.0739971941726,
              54.98181244792893
            ],
            [
              83.073935053917,
              54.98173183427148
            ],
            [
              83.0738661109252,
              54.98165307123516
            ],
            [
              83.07379053131632,
              54.981576348555706
            ],
            [
              83.07370849719365,
              54.981501851052656
            ],
            [
              83.07362020620575,
              54.981429758184234
            ],
            [
              83.07352587106995,
              54.98136024361523
            ],
            [
              83.07342571905987,
              54.98129347479859
            ],
            [
              83.07331999145772,
              54.98122961257231
            ],
            [
              83.07320894297298,
              54.98116881077196
            ],
            [
              83.07309284112876,
              54.98111121586033
            ],
            [
              83.07297196561728,
              54.98105696657461
            ],
            [
              83.07284660762625,
              54.981006193592414
            ],
            [
              83.0727170691374,
              54.980959019217
            ],
            [
              83.07258366219914,
              54.98091555708281
            ],
            [
              83.07244670817508,
              54.980875911881824
            ],
            [
              83.07230653696999,
              54.98084017911147
            ],
            [
              83.07216348623541,
              54.980808444844634
            ],
            [
              83.07201790055647,
              54.98078078552252
            ],
            [
              83.07187013062213,
              54.9807572677704
            ],
            [
              83.07172053238068,
              54.98073794823736
            ],
            [
              83.07156946618277,
              54.980722873459804
            ],
            [
              83.07141729591349,
              54.980712079749466
            ],
            [
              83.07126438811648,
              54.98070559310587
            ],
            [
              83.0711111111111,
              54.98070342915384
            ],
            [
              83.0709578341057,
              54.98070559310587
            ],
            [
              83.07080492630868,
              54.980712079749466
            ],
            [
              83.07065275603942,
              54.980722873459804
            ],
            [
              83.07050168984149,
              54.98073794823736
            ],
            [
              83.07035209160006,
              54.9807572677704
            ],
            [
              83.0702043216657,
              54.98078078552252
            ],
            [
              83.07005873598676,
              54.980808444844634
            ],
            [
              83.0699156852522,
              54.98084017911147
            ],
            [
              83.0697755140471,
              54.980875911881824
            ],
            [
              83.06963856002304,
              54.98091555708281
            ],
            [
              83.06950515308478,
              54.980959019217
            ],
            [
              83.06937561459593,
              54.981006193592414
            ],
            [
              83.0692502566049,
              54.98105696657461
            ],
            [
              83.06912938109343,
              54.98111121586033
            ],
            [
              83.06901327924919,
              54.98116881077196
            ],
            [
              83.06890223076445,
              54.98122961257231
            ],
            [
              83.0687965031623,
              54.9812934747986
            ],
            [
              83.06869635115224,
              54.98136024361523
            ],
            [
              83.06860201601644,
              54.981429758184234
            ],
            [
              83.06851372502852,
              54.981501851052656
            ],
            [
              83.06843169090587,
              54.981576348555706
            ],
            [
              83.06835611129698,
              54.98165307123516
            ],
            [
              83.06828716830518,
              54.98173183427147
            ],
            [
              83.06822502804958,
              54.98181244792894
            ],
            [
              83.06816984026469,
              54.98189471801263
            ],
            [
              83.06812173793935,
              54.981978446336235
            ],
            [
              83.06808083699597,
              54.98206343119926
            ],
            [
              83.06804723601091,
              54.982149467873
            ],
            [
              83.06802101597654,
              54.982236349093604
            ],
            [
              83.06800224010574,
              54.98232386556137
            ],
            [
              83.06799095367921,
              54.98241180644489
            ],
            [
              83.0679871839358,
              54.98249995988894
            ],
            [
              83.06799094000655,
              54.982588113524855
            ],
            [
              83.06800221289211,
              54.98267605498209
            ],
            [
              83.068020975484,
              54.982763572399946
            ],
            [
              83.06804718262944,
              54.982850454937825
            ],
            [
              83.06808077123968,
              54.98293649328336
            ],
            [
              83.06812166044149,
              54.983021480156566
            ],
            [
              83.0681697517716,
              54.98310521080941
            ],
            [
              83.06822492941349,
              54.983187483518996
            ],
            [
              83.06828706047604,
              54.98326810007364
            ],
            [
              83.06835599531324,
              54.983346866250585
            ],
            [
              83.06843156788449,
              54.983423592283856
            ],
            [
              83.06851359615428,
              54.983498093321614
            ],
            [
              83.06860188253047,
              54.98357018987155
            ],
            [
              83.06869621434006,
              54.98363970823349
            ],
            [
              83.06879636434152,
              54.98370648091791
            ],
            [
              83.068902091272,
              54.983770347049585
            ],
            [
              83.06901314042841,
              54.983831152755336
            ],
            [
              83.06912924428126,
              54.98388875153476
            ],
            [
              83.06925012311892,
              54.983943004613394
            ],
            [
              83.06937548572168,
              54.983993781277135
            ],
            [
              83.06950503006341,
              54.984040959187254
            ],
            [
              83.06963844403928,
              54.98408442467525
            ],
            [
              83.06977540621796,
              54.984124073016865
            ],
            [
              83.06991558661612,
              54.98415980868443
            ],
            [
              83.07005864749367,
              54.9841915455771
            ],
            [
              83.07020424416784,
              54.984219207228485
            ],
            [
              83.07035202584375,
              54.984242726990786
            ],
            [
              83.07050163646002,
              54.98426204819562
            ],
            [
              83.0706527155469,
              54.984277124290436
            ],
            [
              83.07080489909505,
              54.98428791895087
            ],
            [
              83.07095782043305,
              54.9842944061682
            ],
            [
              83.0711111111111,
              54.984296570312075
            ],
            [
              83.07126440178912,
              54.9842944061682
            ],
            [
              83.07141732312714,
              54.98428791895087
            ],
            [
              83.07156950667527,
              54.984277124290436
            ],
            [
              83.07172058576215,
              54.98426204819561
            ],
            [
              83.07187019637843,
              54.98424272699079
            ],
            [
              83.07201797805435,
              54.984219207228485
            ],
            [
              83.0721635747285,
              54.9841915455771
            ],
            [
              83.07230663560607,
              54.98415980868443
            ],
            [
              83.07244681600422,
              54.984124073016865
            ],
            [
              83.0725837781829,
              54.98408442467525
            ],
            [
              83.07271719215878,
              54.98404095918724
            ],
            [
              83.07284673650051,
              54.983993781277135
            ],
            [
              83.07297209910325,
              54.9839430046134
            ],
            [
              83.07309297794092,
              54.98388875153476
            ],
            [
              83.07320908179376,
              54.98383115275533
            ],
            [
              83.0733201309502,
              54.98377034704959
            ],
            [
              83.07342585788064,
              54.98370648091791
            ],
            [
              83.07352600788211,
              54.9836397082335
            ],
            [
              83.07362033969171,
              54.98357018987155
            ],
            [
              83.07370862606791,
              54.983498093321614
            ],
            [
              83.07379065433769,
              54.983423592283856
            ],
            [
              83.07386622690896,
              54.98334686625059
            ],
            [
              83.07393516174615,
              54.983268100073644
            ],
            [
              83.07399729280868,
              54.983187483518975
            ],
            [
              83.07405247045058,
              54.98310521080941
            ],
            [
              83.07410056178068,
              54.98302148015657
            ],
            [
              83.0741414509825,
              54.982936493283354
            ],
            [
              83.07417503959273,
              54.98285045493783
            ],
            [
              83.07420124673817,
              54.98276357239994
            ],
            [
              83.07422000933008,
              54.98267605498209
            ],
            [
              83.07423128221562,
              54.982588113524855
            ],
            [
              83.07423503828637,
              54.98249995988894
            ]
          ]
        ],
        "meta": {
          "shape": "circle"
        }
      },
      "properties": {
        "title": "J9760/26 for Novosibirsk Tolmachevo Airport",
        "text": "From: 2026-09-30 07:30:00+00:00\nTo: 2026-09-30 08:00:00+00:00\n\nAIRSPACE CLSD Within CIRCLE RADIUS 0.2KM CENTRE 545857N0830416E."
      }
    },
    {
      "type": "Feature",
      "geometry": {
        "type": "Polygon",
        "coordinates": [
          [
            [
              82.95651361314019,
              55.07722292672227
            ],
            [
              82.95621635799041,
              55.077083350725715
            ],
            [
              82.95589669105944,
              55.07696116248034
            ],
            [
              82.95555769067617,
              55.076857538563
            ],
            [
              82.95520262125441,
              55.07677347678229
            ],
            [
              82.95483490186803,
              55.076709786574774
            ],
            [
              82.95445807334025,
              55.07666708121434
            ],
            [
              82.9540757641634,
              55.076645771909945
            ],
            [
              82.95369165557665,
              55.07664606384787
            ],
            [
              82.95330944613679,
              55.07666795421706
            ],
            [
              82.95293281612302,
              55.07671123223616
            ],
            [
              82.9525653921172,
              55.076775481182075
            ],
            [
              82.95221071209964,
              55.076860082400714
            ],
            [
              82.95187219139638,
              55.0769642212611
            ],
            [
              82.95155308980435,
              55.07708689499597
            ],
            [
              82.95125648021094,
              55.077226922353304
            ],
            [
              82.9509852190095,
              55.077382954966126
            ],
            [
              82.95074191859523,
              55.07755349033146
            ],
            [
              82.95052892220639,
              55.077736886273385
            ],
            [
              82.95034828135292,
              55.07793137675149
            ],
            [
              82.95020173605008,
              55.07813508886255
            ],
            [
              82.95009069804796,
              55.078346060871965
            ],
            [
              82.9500162372187,
              55.07856226110156
            ],
            [
              82.94997907123316,
              55.07878160749203
            ],
            [
              82.94997955862746,
              55.07900198765171
            ],
            [
              82.95001769532664,
              55.079221279198734
            ],
            [
              82.95009311466019,
              55.07943737020079
            ],
            [
              82.95020509086996,
              55.07964817951551
            ],
            [
              82.95035254607765,
              55.07985167683558
            ],
            [
              82.9505340606456,
              55.08004590224554
            ],
            [
              82.95074788683186,
              55.080228985101606
            ],
            [
              82.95099196560885,
              55.080399162052665
            ],
            [
              82.95126394648375,
              55.08055479402857
            ],
            [
              82.95876400352788,
              55.08444384347371
            ],
            [
              82.95906132213385,
              55.084583413082306
            ],
            [
              82.95938105949976,
              55.08470559286731
            ],
            [
              82.95972013614148,
              55.084809206007776
            ],
            [
              82.96007528622016,
              55.084893254506156
            ],
            [
              82.96044308900733,
              55.08495692880502
            ],
            [
              82.96082000184529,
              55.084999615588536
            ],
            [
              82.96120239428467,
              55.085020903692566
            ],
            [
              82.9615865830696,
              55.0850205880671
            ],
            [
              82.96196886763289,
              55.08499867175232
            ],
            [
              82.96234556575828,
              55.08495536584922
            ],
            [
              82.96271304906556,
              55.0848910874853
            ],
            [
              82.96306777797574,
              55.08480645579479
            ],
            [
              82.963406335819,
              55.08470228595223
            ],
            [
              82.96372546175574,
              55.084579581317136
            ],
            [
              82.96402208219351,
              55.084439523765376
            ],
            [
              82.96429334039635,
              55.084283462300895
            ],
            [
              82.96453662400134,
              55.08411290005728
            ],
            [
              82.96474959017698,
              55.08392947981509
            ],
            [
              82.96493018818124,
              55.083734968174326
            ],
            [
              82.96507667910211,
              55.083531238534775
            ],
            [
              82.96518765259107,
              55.083320253048605
            ],
            [
              82.96526204042858,
              55.08310404371894
            ],
            [
              82.96529912679179,
              55.08288469282682
            ],
            [
              82.96529855512627,
              55.08266431287516
            ],
            [
              82.96526033155655,
              55.08244502624282
            ],
            [
              82.96518482480334,
              55.08222894474501
            ],
            [
              82.96507276260915,
              55.08201814929671
            ],
            [
              82.96492522470783,
              55.08181466987483
            ],
            [
              82.96474363240642,
              55.0816204659724
            ],
            [
              82.96452973488044,
              55.08143740773219
            ],
            [
              82.96428559231512,
              55.08126725794195
            ],
            [
              82.9640135560558,
              55.08111165506412
            ],
            [
              82.95651361314019,
              55.07722292672227
            ]
          ]
        ],
        "meta": {
          "shape": "line_corridor"
        }
      },
      "properties": {
        "title": "J9762/26 for Novosibirsk Tolmachevo Airport",
        "text": "From: 2026-09-30 06:30:00+00:00\nTo: 2026-09-30 07:00:00+00:00\n\nAIRSPACE CLSD Within 0.25KM EITHER SIDE OF LINE JOINING POINTS:\n\n550458N0825741E-550444N0825714E"
      }
    },
    {
      "type": "Feature",
      "geometry": {
        "type": "Polygon",
        "coordinates": [
          [
            [
              86.33277777777778,
              54.96555555555556
            ],
            [
              86.33944444444444,
              54.96638888888889
            ],
            [
              86.32833333333333,
              54.98305555555556
            ],
            [
              86.2961111111111,
              55.01166666666666
            ],
            [
              86.27444444444444,
              55.051111111111105
            ],
            [
              86.25722222222223,
              55.07611111111112
            ],
            [
              86.2375,
              55.11083333333333
            ],
            [
              86.22527777777778,
              55.12166666666667
            ],
            [
              86.22166666666666,
              55.12888888888889
            ],
            [
              86.22333333333333,
              55.13472222222222
            ],
            [
              86.23305555555555,
              55.147777777777776
            ],
            [
              86.23222222222222,
              55.158055555555556
            ],
            [
              86.22638888888889,
              55.16638888888889
            ],
            [
              86.22166666666666,
              55.16305555555555
            ],
            [
              86.22583333333334,
              55.157222222222224
            ],
            [
              86.22722222222222,
              55.14805555555556
            ],
            [
              86.21805555555555,
              55.13611111111111
            ],
            [
              86.21583333333334,
              55.12888888888889
            ],
            [
              86.21861111111112,
              55.12111111111111
            ],
            [
              86.23027777777779,
              55.10888888888889
            ],
            [
              86.23388888888888,
              55.1
            ],
            [
              86.26638888888888,
              55.05027777777777
            ],
            [
              86.28999999999999,
              55.00833333333333
            ],
            [
              86.32166666666666,
              54.980555555555554
            ],
            [
              86.33277777777778,
              54.96555555555556
            ]
          ]
        ],
        "meta": {
          "shape": "polygon"
        }
      },
      "properties": {
        "title": "J9766/26 for Novosibirsk Tolmachevo Airport",
        "text": "From: 2026-09-30 04:00:00+00:00\nTo: 2026-09-30 11:00:00+00:00\n\nAIRSPACE CLSD Within AREA:\n\n545756N0861958E-545759N0862022E-545859N0861942E-550042N0861746E-\n\n550304N0861628E-550434N0861526E-550639N0861415E-550718N0861331E-\n\n550744N0861318E-550805N0861324E-550852N0861359E-550929N0861356E-\n\n550959N0861335E-550947N0861318E-550926N0861333E-550853N0861338E-\n\n550810N0861305E-550744N0861257E-550716N0861307E-550632N0861349E-\n\n550600N0861402E-550301N0861559E-550030N0861724E-545850N0861918E-\n\n545756N0861958E."
      }
    },
    {
      "type": "Feature",
      "geometry": {
        "type": "Polygon",
        "coordinates": [
          [
            [
              73.32821411988911,
              55.0499137997903
            ],
            [
              73.32802489053948,
              55.04583255272642
            ],
            [
              73.3274871972572,
              55.041761548430095
            ],
            [
              73.32660244049585,
              55.03771058971261
            ],
            [
              73.32537285468571,
              55.03368942817964
            ],
            [
              73.323801501862,
              55.02970774081275
            ],
            [
              73.32189226333044,
              55.025775106757905
            ],
            [
              73.3196498293994,
              55.02190098437589
            ],
            [
              73.31707968721199,
              55.018094688608656
            ],
            [
              73.31418810671572,
              55.01436536871468
            ],
            [
              73.31098212481106,
              55.01072198642525
            ],
            [
              73.3074695277244,
              55.00717329457237
            ],
            [
              73.30365883165392,
              55.003727816237586
            ],
            [
              73.2995592617407,
              55.00039382446992
            ],
            [
              73.29518072942054,
              54.99717932261902
            ],
            [
              73.29053380821493,
              54.994092025328726
            ],
            [
              73.28562970802237,
              54.99113934023394
            ],
            [
              73.2804802479745,
              54.98832835040236
            ],
            [
              73.275097827923,
              54.985665797560465
            ],
            [
              73.2694953986269,
              54.98315806614164
            ],
            [
              73.26368643071089,
              54.980811168191835
            ],
            [
              73.25768488246807,
              54.978630729166596
            ],
            [
              73.25150516658215,
              54.976621974650975
            ],
            [
              73.24516211584583,
              54.97478971803158
            ],
            [
              73.23867094795376,
              54.97313834914825
            ],
            [
              73.23204722944962,
              54.9716718239501
            ],
            [
              73.22530683890868,
              54.97039365517889
            ],
            [
              73.21846592943783,
              54.96930690409987
            ],
            [
              73.21154089057609,
              54.96841417329843
            ],
            [
              73.20454830968002,
              54.96771760055824
            ],
            [
              73.19750493287842,
              54.9672188538341
            ],
            [
              73.19042762568193,
              54.966919127330584
            ],
            [
              73.18333333333331,
              54.96681913869497
            ],
            [
              73.17623904098467,
              54.966919127330584
            ],
            [
              73.16916173378819,
              54.9672188538341
            ],
            [
              73.16211835698658,
              54.96771760055824
            ],
            [
              73.15512577609051,
              54.96841417329843
            ],
            [
              73.14820073722878,
              54.96930690409987
            ],
            [
              73.14135982775792,
              54.97039365517889
            ],
            [
              73.13461943721698,
              54.9716718239501
            ],
            [
              73.12799571871284,
              54.97313834914825
            ],
            [
              73.12150455082077,
              54.97478971803158
            ],
            [
              73.11516150008445,
              54.976621974650975
            ],
            [
              73.10898178419853,
              54.978630729166596
            ],
            [
              73.10298023595571,
              54.980811168191835
            ],
            [
              73.0971712680397,
              54.98315806614164
            ],
            [
              73.0915688387436,
              54.985665797560465
            ],
            [
              73.08618641869211,
              54.98832835040236
            ],
            [
              73.08103695864423,
              54.99113934023394
            ],
            [
              73.07613285845167,
              54.994092025328726
            ],
            [
              73.07148593724607,
              54.99717932261902
            ],
            [
              73.0671074049259,
              55.00039382446992
            ],
            [
              73.0630078350127,
              55.00372781623758
            ],
            [
              73.05919713894221,
              55.00717329457237
            ],
            [
              73.05568454185554,
              55.01072198642525
            ],
            [
              73.05247855995088,
              55.01436536871468
            ],
            [
              73.04958697945462,
              55.018094688608656
            ],
            [
              73.04701683726721,
              55.02190098437589
            ],
            [
              73.04477440333616,
              55.025775106757905
            ],
            [
              73.04286516480461,
              55.029707740812746
            ],
            [
              73.04129381198089,
              55.033689428179635
            ],
            [
              73.04006422617076,
              55.03771058971261
            ],
            [
              73.0391794694094,
              55.041761548430095
            ],
            [
              73.03864177612712,
              55.04583255272642
            ],
            [
              73.03845254677749,
              55.0499137997903
            ],
            [
              73.03861234345331,
              55.05399545917481
            ],
            [
              73.03912088751001,
              55.05806769646219
            ],
            [
              73.03997705921263,
              55.06212069696707
            ],
            [
              73.04117889941664,
              55.06614468942063
            ],
            [
              73.0427236132887,
              55.07012996957851
            ],
            [
              73.04460757606789,
              55.07406692369485
            ],
            [
              73.04682634086296,
              55.077946051805085
            ],
            [
              73.04937464847626,
              55.08175799076014
            ],
            [
              73.0522464392387,
              55.085493536955404
            ],
            [
              73.0554348668362,
              55.08914366869774
            ],
            [
              73.05893231410124,
              55.09269956815504
            ],
            [
              73.06273041073888,
              55.096152642833296
            ],
            [
              73.06682005295033,
              55.09949454652724
            ],
            [
              73.07119142491247,
              55.10271719969154
            ],
            [
              73.07583402206602,
              55.10581280918119
            ],
            [
              73.08073667615972,
              55.108773887310456
            ],
            [
              73.08588758199322,
              55.11159327018228
            ],
            [
              73.09127432579564,
              55.11426413524048
            ],
            [
              73.09688391517219,
              55.11678001800027
            ],
            [
              73.10270281054669,
              55.11913482791342
            ],
            [
              73.1087169580227,
              55.12132286332732
            ],
            [
              73.11491182358186,
              55.1233388254989
            ],
            [
              73.12127242853397,
              55.12517783162713
            ],
            [
              73.12778338612904,
              55.12683542686992
            ],
            [
              73.13442893923816,
              55.128307595314034
            ],
            [
              73.1411929990064,
              55.12959076986939
            ],
            [
              73.14805918437801,
              55.13068184106146
            ],
            [
              73.15501086239105,
              55.131578164699064
            ],
            [
              73.16203118913651,
              55.1322775683969
            ],
            [
              73.16910315127438,
              55.13277835693599
            ],
            [
              73.17620960799765,
              55.13307931644755
            ],
            [
              73.18333333333331,
              55.133179717409504
            ],
            [
              73.19045705866895,
              55.13307931644755
            ],
            [
              73.19756351539222,
              55.132778356936
            ],
            [
              73.20463547753009,
              55.1322775683969
            ],
            [
              73.21165580427555,
              55.131578164699064
            ],
            [
              73.21860748228859,
              55.13068184106146
            ],
            [
              73.2254736676602,
              55.12959076986939
            ],
            [
              73.23223772742844,
              55.12830759531404
            ],
            [
              73.23888328053756,
              55.12683542686992
            ],
            [
              73.24539423813263,
              55.12517783162713
            ],
            [
              73.25175484308474,
              55.12333882549889
            ],
            [
              73.2579497086439,
              55.12132286332732
            ],
            [
              73.26396385611991,
              55.11913482791341
            ],
            [
              73.26978275149442,
              55.11678001800027
            ],
            [
              73.27539234087097,
              55.11426413524048
            ],
            [
              73.28077908467337,
              55.111593270182276
            ],
            [
              73.28592999050689,
              55.10877388731046
            ],
            [
              73.2908326446006,
              55.10581280918118
            ],
            [
              73.29547524175412,
              55.10271719969154
            ],
            [
              73.29984661371627,
              55.09949454652724
            ],
            [
              73.30393625592772,
              55.09615264283329
            ],
            [
              73.30773435256536,
              55.09269956815504
            ],
            [
              73.31123179983042,
              55.08914366869774
            ],
            [
              73.3144202274279,
              55.085493536955404
            ],
            [
              73.31729201819034,
              55.081757990760146
            ],
            [
              73.31984032580363,
              55.077946051805085
            ],
            [
              73.32205909059871,
              55.07406692369485
            ],
            [
              73.32394305337789,
              55.07012996957851
            ],
            [
              73.32548776724997,
              55.066144689420625
            ],
            [
              73.32668960745399,
              55.06212069696707
            ],
            [
              73.3275457791566,
              55.05806769646219
            ],
            [
              73.32805432321331,
              55.05399545917481
            ],
            [
              73.32821411988911,
              55.0499137997903
            ]
          ]
        ]
      },
      "properties": {
        "title": "J9769/26 for Novosibirsk Tolmachevo Airport",
        "text": "From: 2026-09-30 05:00:00+00:00\nTo: 2026-10-04 14:00:00+00:00\n\nAIRSPACE CLSD AS FLW:\n\n1. Within 0.2KM EITHER SIDE OF LINE JOINING POINTS:\n\n   550633N0730603E-550556N0730835E.\n\n   GND-400M AMSL.\n\n2. Within 0.2KM EITHER SIDE OF LINE JOINING POINTS:\n\n   550258N0730905E-550355N0731130E.\n\n   GND-400M AMSL.\n\n3. Within 0.2KM EITHER SIDE OF LINE JOINING POINTS:\n\n   550001N0731552E-550120N0731500E.\n\n   GND-400M AMSL.\n\n4. Within 0.2KM EITHER SIDE OF LINE JOINING POINTS:\n\n   550432N0731833E-550441N0731546E.\n\n   GND-400M AMSL."
      }
    },
    {
      "type": "Feature",
      "geometry": {
        "type": "Polygon",
        "coordinates": [
          [
            [
              86.06666666666666,
              54.705555555555556
            ],
            [
              86.14027777777778,
              54.72361111111111
            ],
            [
              86.32,
              54.669444444444444
            ],
            [
              86.47444444444444,
              54.596944444444446
            ],
            [
              86.32527777777777,
              54.486666666666665
            ],
            [
              85.94722222222222,
              54.63055555555555
            ],
            [
              86.06666666666666,
              54.705555555555556
            ]
          ]
        ],
        "meta": {
          "shape": "polygon"
        }
      },
      "properties": {
        "title": "J9780/26 for Novosibirsk Tolmachevo Airport",
        "text": "From: 2026-10-01 03:00:00+00:00\nTo: 2026-10-03 11:00:00+00:00\n\nAIRSPACE CLSD AS FLW:\n\n1. AREA: 543750N0855650E-544220N0860400E-544325N0860825E-\n\n         544010N0861912E-543549N0862828E-542912N0861931E-\n\n         543750N0855650E\n\n   300M AMSL-1100M AMSL.\n\n2. Within CIRCLE RADIUS 0.3KM CENTRE 543929N0861714E\n\n   GND-1100M AMSL."
      }
    },
    {
      "type": "Feature",
      "geometry": {
        "type": "Polygon",
        "coordinates": [
          [
            [
              83.05555116578834,
              55.25444435328226
            ],
            [
              83.05554546730879,
              55.25431212913027
            ],
            [
              83.05552841699888,
              55.254180223952346
            ],
            [
              83.05550005604617,
              55.254048955514925
            ],
            [
              83.0554604528844,
              55.253918640047345
            ],
            [
              83.05540970302755,
              55.253789591480164
            ],
            [
              83.0553479288387,
              55.25366212068897
            ],
            [
              83.05527527923427,
              55.25353653474556
            ],
            [
              83.05519192932435,
              55.25341313617835
            ],
            [
              83.05509807998997,
              55.25329222224375
            ],
            [
              83.05499395739834,
              55.25317408421025
            ],
            [
              83.05487981245724,
              55.25305900665692
            ],
            [
              83.05475592020996,
              55.252947266788155
            ],
            [
              83.05462257917213,
              55.252839133766074
            ],
            [
              83.05448011061205,
              55.25273486806239
            ],
            [
              83.05432885777644,
              55.252634720831175
            ],
            [
              83.05416918506319,
              55.252538933304166
            ],
            [
              83.0540014771434,
              55.25244773620983
            ],
            [
              83.05382613803457,
              55.25236134921792
            ],
            [
              83.05364359012735,
              55.25227998041054
            ],
            [
              83.05345427316817,
              55.25220382578114
            ],
            [
              83.05325864320002,
              55.25213306876267
            ],
            [
              83.0530571714643,
              55.252067879786004
            ],
            [
              83.0528503432659,
              55.25200841586953
            ],
            [
              83.0526386568047,
              55.25195482024132
            ],
            [
              83.05242262197599,
              55.25190722199416
            ],
            [
              83.05220275914276,
              55.2518657357748
            ],
            [
              83.05197959788303,
              55.25183046150809
            ],
            [
              83.0517536757148,
              55.25180148415637
            ],
            [
              83.05152553680216,
              55.251778873514844
            ],
            [
              83.05129573064524,
              55.251762684043754
            ],
            [
              83.05106481075748,
              55.25175295473716
            ],
            [
              83.0508333333333,
              55.25174970902907
            ],
            [
              83.05060185590912,
              55.25175295473716
            ],
            [
              83.05037093602137,
              55.251762684043754
            ],
            [
              83.05014112986444,
              55.251778873514844
            ],
            [
              83.0499129909518,
              55.25180148415637
            ],
            [
              83.04968706878356,
              55.25183046150809
            ],
            [
              83.04946390752384,
              55.2518657357748
            ],
            [
              83.04924404469061,
              55.25190722199416
            ],
            [
              83.0490280098619,
              55.25195482024132
            ],
            [
              83.0488163234007,
              55.25200841586953
            ],
            [
              83.0486094952023,
              55.252067879786004
            ],
            [
              83.04840802346656,
              55.25213306876267
            ],
            [
              83.04821239349843,
              55.25220382578114
            ],
            [
              83.04802307653924,
              55.25227998041054
            ],
            [
              83.04784052863202,
              55.25236134921792
            ],
            [
              83.0476651895232,
              55.25244773620983
            ],
            [
              83.0474974816034,
              55.252538933304166
            ],
            [
              83.04733780889016,
              55.252634720831175
            ],
            [
              83.04718655605454,
              55.25273486806239
            ],
            [
              83.04704408749447,
              55.252839133766074
            ],
            [
              83.04691074645663,
              55.252947266788155
            ],
            [
              83.04678685420936,
              55.25305900665692
            ],
            [
              83.04667270926825,
              55.25317408421025
            ],
            [
              83.04656858667663,
              55.25329222224375
            ],
            [
              83.04647473734224,
              55.25341313617837
            ],
            [
              83.04639138743232,
              55.25353653474556
            ],
            [
              83.04631873782789,
              55.25366212068897
            ],
            [
              83.04625696363904,
              55.25378959148016
            ],
            [
              83.04620621378218,
              55.253918640047345
            ],
            [
              83.04616661062042,
              55.254048955514925
            ],
            [
              83.04613824966772,
              55.25418022395235
            ],
            [
              83.04612119935781,
              55.25431212913027
            ],
            [
              83.04611550087824,
              55.25444435328226
            ],
            [
              83.04612116807014,
              55.25457657787034
            ],
            [
              83.04613818739372,
              55.25470848435232
            ],
            [
              83.04616651795982,
              55.25483975494923
            ],
            [
              83.04620609162735,
              55.25497007341092
            ],
            [
              83.0462568131664,
              55.255099125777974
            ],
            [
              83.04631856048655,
              55.25522660113825
            ],
            [
              83.0463911849302,
              55.25535219237591
            ],
            [
              83.04647451162954,
              55.25547559691159
            ],
            [
              83.04656833992706,
              55.255596517431364
            ],
            [
              83.0466724438582,
              55.25571466260337
            ],
            [
              83.04678657269483,
              55.25582974777973
            ],
            [
              83.04691045154877,
              55.255941495682684
            ],
            [
              83.04704378203341,
              55.25604963707271
            ],
            [
              83.04718624298204,
              55.256153911397526
            ],
            [
              83.04733749122126,
              55.256254067420016
            ],
            [
              83.04749716239743,
              55.25634986382379
            ],
            [
              83.04766487185428,
              55.256441069794896
            ],
            [
              83.0478402155595,
              55.256527465578095
            ],
            [
              83.04802277107818,
              55.256608843006596
            ],
            [
              83.04821209859058,
              55.256685006003956
            ],
            [
              83.04840774195205,
              55.2567557710566
            ],
            [
              83.04860922979223,
              55.256820967656324
            ],
            [
              83.04881607665114,
              55.25688043871126
            ],
            [
              83.04902778414919,
              55.25693404092465
            ],
            [
              83.04924384218849,
              55.25698164514031
            ],
            [
              83.0494637301825,
              55.25702313665392
            ],
            [
              83.04968691831091,
              55.25705841548969
            ],
            [
              83.04991286879695,
              55.25708739664131
            ],
            [
              83.05014103720383,
              55.257110010276925
            ],
            [
              83.05037087374737,
              55.2571262019075
            ],
            [
              83.05060182462145,
              55.25713593251817
            ],
            [
              83.0508333333333,
              55.25713917866233
            ],
            [
              83.05106484204514,
              55.25713593251817
            ],
            [
              83.05129579291923,
              55.2571262019075
            ],
            [
              83.05152562946276,
              55.25711001027693
            ],
            [
              83.05175379786965,
              55.25708739664131
            ],
            [
              83.05197974835569,
              55.25705841548969
            ],
            [
              83.05220293648411,
              55.25702313665392
            ],
            [
              83.05242282447811,
              55.2569816451403
            ],
            [
              83.05263888251741,
              55.256934040924655
            ],
            [
              83.05285059001545,
              55.25688043871126
            ],
            [
              83.05305743687438,
              55.256820967656324
            ],
            [
              83.05325892471457,
              55.2567557710566
            ],
            [
              83.05345456807602,
              55.256685006003956
            ],
            [
              83.05364389558842,
              55.256608843006596
            ],
            [
              83.05382645110708,
              55.25652746557808
            ],
            [
              83.05400179481231,
              55.2564410697949
            ],
            [
              83.05416950426915,
              55.25634986382379
            ],
            [
              83.05432917544536,
              55.256254067420016
            ],
            [
              83.05448042368457,
              55.25615391139752
            ],
            [
              83.05462288463319,
              55.25604963707271
            ],
            [
              83.05475621511782,
              55.255941495682684
            ],
            [
              83.05488009397178,
              55.25582974777973
            ],
            [
              83.0549942228084,
              55.25571466260337
            ],
            [
              83.05509832673953,
              55.25559651743137
            ],
            [
              83.05519215503706,
              55.25547559691159
            ],
            [
              83.0552754817364,
              55.25535219237591
            ],
            [
              83.05534810618003,
              55.25522660113825
            ],
            [
              83.05540985350021,
              55.25509912577797
            ],
            [
              83.05546057503925,
              55.25497007341091
            ],
            [
              83.05550014870677,
              55.25483975494924
            ],
            [
              83.05552847927288,
              55.25470848435232
            ],
            [
              83.05554549859646,
              55.25457657787034
            ],
            [
              83.05555116578834,
              55.25444435328226
            ]
          ]
        ],
        "meta": {
          "shape": "circle"
        }
      },
      "properties": {
        "title": "J9783/26 for Novosibirsk Tolmachevo Airport",
        "text": "From: 2026-10-01 04:00:00+00:00\nTo: 2026-10-02 07:00:00+00:00\n\nAIRSPACE CLSD Within CIRCLE RADIUS 0.3KM CENTRE 551516N0830303E."
      }
    },
    {
      "type": "Feature",
      "geometry": null,
      "properties": {
        "title": "J6523/26 for None",
        "text": "From: 2026-09-01 15:08:00+00:00\nTo: 2026-10-01 23:59:00+00:00\n\nCHECKLIST:\n\n  YEAR=2026 3906 3907 3908 3909 4583 4679 5307 5355 5356 5357 5410\n\n  5487 5496 5500 5526 5538 5561 5566 5575 5616 5622 5715 5729 5735\n\n  5738 5766 5771 5787 5792 5820 5838 5841 5860 5876 5905 5908 5913\n\n  5915 5916 5920 5921 5934 5992 6010 6015 6042 6046 6047 6048 6050\n\n  6051 6067 6078 6131 6132 6134 6161 6163 6164 6173 6231 6233 6234\n\n  6243 6246 6273 6282 6283 6287 6288 6311 6322 6330 6332 6334 6335\n\n  6336 6338 6342 6343 6344 6345 6346 6347 6348 6349 6350 6351 6352\n\n  6354 6357 6358 6359 6363 6366 6367 6368 6369 6370 6371 6372 6373\n\n  6374 6376 6378 6381 6383 6385 6386 6387 6398 6402 6403 6404 6410\n\n  6412 6415 6417 6421 6423 6424 6426 6427 6428 6432 6434 6436 6437\n\n  6438 6442 6443 6444 6446 6448 6450 6452 6456 6460 6461 6462 6463\n\n  6464 6467 6469 6470 6471 6472 6473 6474 6475 6476 6477 6478 6479\n\n  6480 6481 6482 6483 6484 6486 6487 6489 6494 6497 6500 6501 6502\n\n  6504 6505 6507 6509 6511 6512 6513 6514 6515 6518 6519 6522\n\nLATEST PUBLICATIONS\n\nAIRAC Aeronautical Information Publication AMDT 10/26\n\nAeronautical Information Publication AMDT 365/11\n\nAeronautical Information Publication SUP:\n\nSUP 07/26\n\n1-SUP 03/26\n\n2-SUP 01/26\n\n4-SUP 02/26\n\nAIC 10/26"
      }
    }
  ]
}