{
  "type": "FeatureCollection",
  "features": [
    {
      "type": "Feature",
      "geometry": {
        "type": "Polygon",
        "coordinates": [
          [
            [
              118.44302933634667,
              56.61610151861063
            ],
            [
              118.44296877394561,
              56.61477959236702
            ],
            [
              118.4427906554823,
              56.61346089649599
            ],
            [
              118.44249542224989,
              56.61214860735032
            ],
            [
              118.44208379744157,
              56.61084588552353
            ],
            [
              118.44155678429341,
              56.60955586824376
            ],
            [
              118.44091566355586,
              56.6082816618269
            ],
            [
              118.4401619903014,
              56.60702633420726
            ],
            [
              118.43929759007672,
              56.605792907563504
            ],
            [
              118.43832455440995,
              56.60458435105732
            ],
            [
              118.4372452356845,
              56.60340357370236
            ],
            [
              118.43606224139285,
              56.602253417380375
            ],
            [
              118.43477842778445,
              56.60113665002099
            ],
            [
              118.43339689292455,
              56.6000559589614
            ],
            [
              118.4319209691803,
              56.59901394450178
            ],
            [
              118.43035421515339,
              56.598013113671485
            ],
            [
              118.42870040707872,
              56.59705587422099
            ],
            [
              118.42696352971022,
              56.596144528853436
            ],
            [
              118.42514776671574,
              56.59528126970968
            ],
            [
              118.4232574906044,
              56.59446817311961
            ],
            [
              118.4212972522107,
              56.59370719463222
            ],
            [
              118.41927176976012,
              56.59300016433593
            ],
            [
              118.41718591754265,
              56.59234878248024
            ],
            [
              118.4150447142211,
              56.59175461540902
            ],
            [
              118.41285331080164,
              56.59121909181483
            ],
            [
              118.41061697829532,
              56.590743499323054
            ],
            [
              118.40834109509925,
              56.5903289814139
            ],
            [
              118.40603113412726,
              56.58997653468943
            ],
            [
              118.40369264972028,
              56.58968700649192
            ],
            [
              118.4013312643669,
              56.58946109287919
            ],
            [
              118.39895265526515,
              56.589299336961524
            ],
            [
              118.396562540757,
              56.589202127604274
            ],
            [
              118.394166666667,
              56.589169698498786
            ],
            [
              118.39177079257702,
              56.589202127604274
            ],
            [
              118.38938067806887,
              56.589299336961524
            ],
            [
              118.38700206896712,
              56.58946109287919
            ],
            [
              118.38464068361374,
              56.58968700649192
            ],
            [
              118.38230219920675,
              56.58997653468943
            ],
            [
              118.37999223823478,
              56.5903289814139
            ],
            [
              118.3777163550387,
              56.590743499323054
            ],
            [
              118.37548002253237,
              56.59121909181483
            ],
            [
              118.37328861911293,
              56.59175461540902
            ],
            [
              118.37114741579137,
              56.59234878248024
            ],
            [
              118.36906156357391,
              56.59300016433593
            ],
            [
              118.3670360811233,
              56.59370719463222
            ],
            [
              118.36507584272962,
              56.59446817311961
            ],
            [
              118.36318556661827,
              56.59528126970968
            ],
            [
              118.36136980362379,
              56.596144528853436
            ],
            [
              118.35963292625529,
              56.59705587422099
            ],
            [
              118.35797911818062,
              56.598013113671485
            ],
            [
              118.35641236415371,
              56.59901394450178
            ],
            [
              118.35493644040946,
              56.6000559589614
            ],
            [
              118.35355490554956,
              56.60113665002099
            ],
            [
              118.35227109194118,
              56.602253417380375
            ],
            [
              118.35108809764951,
              56.60340357370236
            ],
            [
              118.35000877892408,
              56.60458435105732
            ],
            [
              118.3490357432573,
              56.60579290756351
            ],
            [
              118.3481713430326,
              56.60702633420726
            ],
            [
              118.34741766977815,
              56.6082816618269
            ],
            [
              118.3467765490406,
              56.60955586824376
            ],
            [
              118.34624953589244,
              56.610845885523524
            ],
            [
              118.34583791108413,
              56.61214860735032
            ],
            [
              118.34554267785172,
              56.613460896495994
            ],
            [
              118.3453645593884,
              56.61477959236702
            ],
            [
              118.34530399698735,
              56.61610151861063
            ],
            [
              118.34536114886123,
              56.61742349076195
            ],
            [
              118.34553588964256,
              56.61874232391401
            ],
            [
              118.34582781056706,
              56.62005484039196
            ],
            [
              118.34623622034076,
              56.621357877412905
            ],
            [
              118.34676014669012,
              56.62264829471326
            ],
            [
              118.34739833859221,
              56.623922982124725
            ],
            [
              118.34814926918085,
              56.625178867080706
            ],
            [
              118.34901113932264,
              56.62641292203516
            ],
            [
              118.34998188185557,
              56.62762217177542
            ],
            [
              118.35105916648031,
              56.62880370061159
            ],
            [
              118.35224040529398,
              56.62995465942479
            ],
            [
              118.35352275895332,
              56.63107227255695
            ],
            [
              118.35490314345326,
              56.63215384452565
            ],
            [
              118.35637823750524,
              56.63319676654708
            ],
            [
              118.35794449049804,
              56.63419852285155
            ],
            [
              118.35959813102204,
              56.6351566967758
            ],
            [
              118.36133517593699,
              56.636068976617175
            ],
            [
              118.36315143996156,
              56.63693316123535
            ],
            [
              118.36504254576145,
              56.637747165387566
            ],
            [
              118.36700393451187,
              56.63850902478453
            ],
            [
              118.36903087690887,
              56.63921690085419
            ],
            [
              118.37111848460232,
              56.63986908520175
            ],
            [
              118.37326172202337,
              56.64046400375491
            ],
            [
              118.37545541857625,
              56.64100022058391
            ],
            [
              118.37769428116587,
              56.64147644138713
            ],
            [
              118.37997290702899,
              56.64189151663337
            ],
            [
              118.3822857968384,
              56.64224444435309
            ],
            [
              118.38462736804686,
              56.642534372571745
            ],
            [
              118.38699196843808,
              56.642760601379116
            ],
            [
              118.3893738898515,
              56.6429225846294
            ],
            [
              118.39176738204566,
              56.64301993126791
            ],
            [
              118.394166666667,
              56.643052406281186
            ],
            [
              118.39656595128835,
              56.64301993126791
            ],
            [
              118.39895944348252,
              56.6429225846294
            ],
            [
              118.40134136489593,
              56.642760601379116
            ],
            [
              118.40370596528716,
              56.64253437257175
            ],
            [
              118.40604753649562,
              56.64224444435309
            ],
            [
              118.40836042630502,
              56.64189151663337
            ],
            [
              118.41063905216814,
              56.64147644138713
            ],
            [
              118.41287791475777,
              56.64100022058391
            ],
            [
              118.41507161131064,
              56.6404640037549
            ],
            [
              118.41721484873169,
              56.63986908520175
            ],
            [
              118.41930245642514,
              56.63921690085419
            ],
            [
              118.42132939882214,
              56.63850902478454
            ],
            [
              118.42329078757255,
              56.637747165387566
            ],
            [
              118.42518189337244,
              56.636933161235355
            ],
            [
              118.42699815739702,
              56.636068976617175
            ],
            [
              118.42873520231198,
              56.6351566967758
            ],
            [
              118.430388842836,
              56.63419852285155
            ],
            [
              118.43195509582877,
              56.63319676654709
            ],
            [
              118.43343018988075,
              56.63215384452565
            ],
            [
              118.43481057438069,
              56.63107227255695
            ],
            [
              118.43609292804004,
              56.62995465942478
            ],
            [
              118.4372741668537,
              56.628803700611584
            ],
            [
              118.43835145147844,
              56.62762217177542
            ],
            [
              118.43932219401137,
              56.62641292203517
            ],
            [
              118.44018406415316,
              56.625178867080706
            ],
            [
              118.4409349947418,
              56.623922982124725
            ],
            [
              118.44157318664391,
              56.62264829471326
            ],
            [
              118.44209711299325,
              56.621357877412905
            ],
            [
              118.44250552276698,
              56.62005484039195
            ],
            [
              118.44279744369145,
              56.61874232391401
            ],
            [
              118.4429721844728,
              56.61742349076195
            ],
            [
              118.44302933634667,
              56.61610151861063
            ]
          ]
        ],
        "meta": {
          "shape": "circle"
        }
      },
      "properties": {
        "title": "L0206/26 for Irkutsk International Airport",
        "text": "From: 2026-10-05 02:00:00+00:00\nTo: 2026-10-10 12:00:00+00:00\n\nAIRSPACE CLSD Within CIRCLE RADIUS 3KM CENTRE 563658N1182339E."
      }
    },
    {
      "type": "Feature",
      "geometry": {
        "type": "Polygon",
        "coordinates": [
          [
            [
              100.86442472263067,
              54.45600649082231
            ],
            [
              100.7456129703064,
              54.510093337028806
            ],
            [
              100.66787695699922,
              54.527156100062065
            ],
            [
              100.66662547862936,
              54.52747187190955
            ],
            [
              100.6654332188818,
              54.52785745776753
            ],
            [
              100.66431165577626,
              54.528309146133694
            ],
            [
              100.6632715878475,
              54.52882258909675
            ],
            [
              100.66232303025451,
              54.52939284412864
            ],
            [
              100.66147511837774,
              54.53001442159898
            ],
            [
              100.66073601983088,
              54.5306813375573
            ],
            [
              100.66011285573488,
              54.531387171277956
            ],
            [
              100.6596116320149,
              54.532125127016876
            ],
            [
              100.65923718138689,
              54.532888099388266
            ],
            [
              100.65899311659845,
              54.53366874173456
            ],
            [
              100.65888179538348,
              54.534459536833204
            ],
            [
              100.65890429747691,
              54.53525286926119
            ],
            [
              100.65906041392262,
              54.536041098721704
            ],
            [
              100.65934864878759,
              54.536816633626984
            ],
            [
              100.6597662332784,
              54.53757200422895
            ],
            [
              100.66030915213449,
              54.538299934592416
            ],
            [
              100.66097218205483,
              54.53899341271629
            ],
            [
              100.661748941797,
              54.53964575812588
            ],
            [
              100.66263195347449,
              54.54025068628245
            ],
            [
              100.66361271446742,
              54.540802369187396
            ],
            [
              100.66468177925867,
              54.54129549159399
            ],
            [
              100.66582885040893,
              54.54172530228216
            ],
            [
              100.6670428777942,
              54.542087659899245
            ],
            [
              100.66831216514761,
              54.542379072921946
            ],
            [
              100.66962448287451,
              54.542596733351665
            ],
            [
              100.67096718604792,
              54.542738543815936
            ],
            [
              100.67232733643948,
              54.54280313781289
            ],
            [
              100.673691827401,
              54.542789892901624
            ],
            [
              100.675047510383,
              54.54269893671086
            ],
            [
              100.67638132186075,
              54.5425311457069
            ],
            [
              100.67768040943375,
              54.54228813673328
            ],
            [
              100.75938942765248,
              54.52435070702192
            ],
            [
              100.87002094951276,
              54.4739934308705
            ],
            [
              101.00556622566668,
              54.498825921875586
            ],
            [
              101.00688543245029,
              54.499025909606104
            ],
            [
              101.00823197484755,
              54.4991496591697
            ],
            [
              101.00959287755428,
              54.499195978102826
            ],
            [
              101.0109550266454,
              54.499164420069846
            ],
            [
              101.01230529616478,
              54.499055289171544
            ],
            [
              101.01363067483214,
              54.498869637009584
            ],
            [
              101.01491839163515,
              54.498609252535374
            ],
            [
              101.01615603908625,
              54.49827664478241
            ],
            [
              101.01733169294698,
              54.49787501864936
            ],
            [
              101.01843402725775,
              54.49740824396979
            ],
            [
              101.0194524235579,
              54.496880818168165
            ],
            [
              101.02037707323859,
              54.496297822865515
            ],
            [
              101.02119907203948,
              54.49566487485514
            ],
            [
              101.02191050577743,
              54.494988071924084
            ],
            [
              101.02250452648302,
              54.49427393404538
            ],
            [
              101.02297541821451,
              54.49352934051074
            ],
            [
              101.02331865192066,
              54.49276146361172
            ],
            [
              101.02353092883135,
              54.49197769951106
            ],
            [
              101.02361021196664,
              54.49118559697174
            ],
            [
              101.02355574547101,
              54.49039278463201
            ],
            [
              101.02336806159724,
              54.48960689752749
            ],
            [
              101.02304897528431,
              54.48883550356869
            ],
            [
              101.02260156639262,
              54.488086030681345
            ],
            [
              101.02203014977891,
              54.48736569531077
            ],
            [
              101.02134023350882,
              54.486681432976816
            ],
            [
              101.020538465619,
              54.4860398315466
            ],
            [
              101.01963256994823,
              54.485447067864705
            ],
            [
              101.01863127166165,
              54.48490884834867
            ],
            [
              101.01754421318837,
              54.48443035411825
            ],
            [
              101.0163818613837,
              54.484016191184104
            ],
            [
              101.0151554068087,
              54.48367034617191
            ],
            [
              101.01387665609447,
              54.48339614800548
            ],
            [
              100.86442472263067,
              54.45600649082231
            ]
          ]
        ],
        "meta": {
          "shape": "line_corridor"
        }
      },
      "properties": {
        "title": "L0322/26 for Irkutsk International Airport",
        "text": "From: 2026-10-04 02:00:00+00:00\nTo: 2026-10-09 08:00:00+00:00\n\nAIRSPACE CLSD Within 0.9KM EITHER SIDE OF LINE JOINING POINTS:\n\n542928N1010035E-542754N1005202E-543102N1004509E-543205N1004022E"
      }
    },
    {
      "type": "Feature",
      "geometry": {
        "type": "Polygon",
        "coordinates": [
          [
            [
              109.41972222222223,
              58.526944444444446
            ],
            [
              110.0213888888889,
              58.83972222222222
            ],
            [
              110.11638888888888,
              58.777499999999996
            ],
            [
              109.63083333333333,
              58.51416666666667
            ],
            [
              109.47916666666667,
              58.48777777777778
            ],
            [
              109.22611111111111,
              58.29833333333333
            ],
            [
              109.01055555555556,
              58.209722222222226
            ],
            [
              108.93555555555555,
              58.20611111111111
            ],
            [
              108.62222222222222,
              58.04194444444444
            ],
            [
              108.31194444444444,
              57.75222222222222
            ],
            [
              108.07388888888889,
              57.81222222222222
            ],
            [
              107.63111111111111,
              57.61638888888889
            ],
            [
              107.5975,
              57.38777777777778
            ],
            [
              107.4875,
              57.44277777777778
            ],
            [
              107.54027777777777,
              57.646388888888886
            ],
            [
              108.97111111111111,
              58.323055555555555
            ],
            [
              109.41972222222223,
              58.526944444444446
            ]
          ]
        ],
        "meta": {
          "shape": "circle"
        }
      },
      "properties": {
        "title": "L0405/26 for Irkutsk International Airport",
        "text": "From: 2026-10-04 00:00:00+00:00\nTo: 2026-10-09 13:00:00+00:00\n\nAIRSPACE CLSD AS FLW:\n\n1. Within CIRCLE RADIUS 2KM CENTRE 574641N1081750E\n\n   SFC-1200M AMSL.\n\n2. Within CIRCLE RADIUS 2KM CENTRE 581620N1090614E\n\n   SFC-1200M AMSL.\n\n3. Within CIRCLE RADIUS 1KM CENTRE 581311N1085854E\n\n   SFC-1200M AMSL.\n\n4. Within CIRCLE RADIUS 2KM CENTRE 575748N1082342E\n\n   SFC-1200M AMSL.\n\n5. Within CIRCLE RADIUS 2KM CENTRE 580704N1083908E\n\n   SFC-1200M AMSL.\n\n6. Within CIRCLE RADIUS 2KM CENTRE 575535N1082656E\n\n   SFC-1200M AMSL.\n\n7. AREA: 572634N1072915E-573847N1073225E-581923N1085816E-\n\n         583137N1092511E-585023N1100117E-584639N1100659E-\n\n         583051N1093751E-582916N1092845E-581754N1091334E-\n\n         581235N1090038E-581222N1085608E-580231N1083720E-\n\n         574508N1081843E-574844N1080426E-573659N1073752E-\n\n         572316N1073551E-572634N1072915E\n\n   700M AMSL-1200M AMSL."
      }
    },
    {
      "type": "Feature",
      "geometry": {
        "type": "MultiPolygon",
        "coordinates": [
          [
            [
              [
                104.63277777777778,
                56.728611111111114
              ],
              [
                104.69333333333334,
                56.79722222222222
              ],
              [
                104.92722222222223,
                56.867777777777775
              ],
              [
                105.20916666666668,
                56.88611111111111
              ],
              [
                105.38568625453395,
                56.796708384594154
              ],
              [
                104.63277777777778,
                56.728611111111114
              ]
            ]
          ],
          [
            [
              [
                105.4789662455544,
                56.805145151153596
              ],
              [
                105.56833333333333,
                56.82472222222223
              ],
              [
                105.60474534180457,
                56.81652131941338
              ],
              [
                105.4789662455544,
                56.805145151153596
              ]
            ]
          ]
        ],
        "meta": {
          "shape": "polygon"
        }
      },
      "properties": {
        "title": "L0407/26 for Irkutsk International Airport",
        "text": "From: 2026-10-05 02:00:00+00:00\nTo: 2026-10-10 10:00:00+00:00\n\nAIRSPACE CLSD Within 1.5KM EITHER SIDE OF LINE JOINING POINTS:\n\n564343N1043758E-564750N1044136E-565204N1045538E-565310N1051233E-\n\n564718N1052408E-564929N1053406E-564839N1053748E-564644N1053828E-\n\n564835N1054017E-564829N1054521E-565010N1055201E-565000N1055421E-\n\n564848N1055602E-564948N1055714E-565142N1060614E"
      }
    },
    {
      "type": "Feature",
      "geometry": {
        "type": "Polygon",
        "coordinates": [
          [
            [
              116.01444444444445,
              58.43555555555555
            ],
            [
              116.03222222222222,
              58.43111111111111
            ],
            [
              116.02722222222222,
              58.42638888888889
            ],
            [
              116.00416666666666,
              58.43222222222222
            ],
            [
              116.01444444444445,
              58.43555555555555
            ]
          ]
        ],
        "meta": {
          "shape": "polygon"
        }
      },
      "properties": {
        "title": "L0430/26 for Irkutsk International Airport",
        "text": "From: 2026-10-05 04:00:00+00:00\nTo: 2026-10-10 11:00:00+00:00\n\nAIRSPACE CLSD Within AREA:\n\n582608N1160052E-582552N1160156E-582535N1160138E-\n\n582556N1160015E-582608N1160052E."
      }
    },
    {
      "type": "Feature",
      "geometry": {
        "type": "Polygon",
        "coordinates": [
          [
            [
              116.09888888888888,
              58.40972222222222
            ],
            [
              116.08333333333333,
              58.40472222222222
            ],
            [
              116.09583333333333,
              58.39861111111111
            ],
            [
              116.10805555555555,
              58.40416666666667
            ],
            [
              116.09888888888888,
              58.40972222222222
            ]
          ]
        ],
        "meta": {
          "shape": "polygon"
        }
      },
      "properties": {
        "title": "L0431/26 for Irkutsk International Airport",
        "text": "From: 2026-10-05 04:00:00+00:00\nTo: 2026-10-10 11:00:00+00:00\n\nAIRSPACE CLSD Within AREA:\n\n582435N1160556E-582417N1160500E-582355N1160545E-\n\n582415N1160629E-582435N1160556E."
      }
    },
    {
      "type": "Feature",
      "geometry": {
        "type": "Polygon",
        "coordinates": [
          [
            [
              102.84589595059447,
              58.036942542720155
            ],
            [
              102.84586909067878,
              58.0363698327231
            ],
            [
              102.84578928108603,
              58.035798511506655
            ],
            [
              102.84565671659755,
              58.035229955334884
            ],
            [
              102.84547171903685,
              58.03466553374612
            ],
            [
              102.84523473647059,
              58.03410660625528
            ],
            [
              102.84494634210616,
              58.03355451908073
            ],
            [
              102.84460723288862,
              58.03301060190408
            ],
            [
              102.84421822780084,
              58.03247616466999
            ],
            [
              102.84378026587079,
              58.031952494434364
            ],
            [
              102.84329440389128,
              58.03144085226807
            ],
            [
              102.84276181385772,
              58.030942470223636
            ],
            [
              102.84218378013011,
              58.030458548372344
            ],
            [
              102.84156169632637,
              58.02999025191863
            ],
            [
              102.84089706195462,
              58.029538708398974
            ],
            [
              102.84019147879249,
              58.02910500497149
            ],
            [
              102.83944664702241,
              58.0286901858032
            ],
            [
              102.83866436113223,
              58.028295249560905
            ],
            [
              102.8378465055909,
              58.02792114701175
            ],
            [
              102.83699505030992,
              58.027568778739166
            ],
            [
              102.83611204590125,
              58.02723899297967
            ],
            [
              102.8351996187431,
              58.02693258358566
            ],
            [
              102.8342599658657,
              58.02665028811898
            ],
            [
              102.8332953496688,
              58.02639278607993
            ],
            [
              102.83230809248406,
              58.02616069727576
            ],
            [
              102.8313005709947,
              58.025954580332744
            ],
            [
              102.8302752105266,
              58.02577493135514
            ],
            [
              102.82923447922327,
              58.025622182734296
            ],
            [
              102.82818088211972,
              58.025496702110914
            ],
            [
              102.82711695512846,
              58.02539879149262
            ],
            [
              102.82604525895233,
              58.025328686529235
            ],
            [
              102.82496837293868,
              58.02528655594709
            ],
            [
              102.823888888889,
              58.02527250114424
            ],
            [
              102.82280940483932,
              58.02528655594709
            ],
            [
              102.82173251882566,
              58.025328686529235
            ],
            [
              102.82066082264954,
              58.02539879149262
            ],
            [
              102.81959689565828,
              58.025496702110914
            ],
            [
              102.81854329855473,
              58.025622182734296
            ],
            [
              102.81750256725141,
              58.02577493135514
            ],
            [
              102.81647720678329,
              58.025954580332744
            ],
            [
              102.81546968529395,
              58.02616069727576
            ],
            [
              102.8144824281092,
              58.02639278607993
            ],
            [
              102.8135178119123,
              58.02665028811898
            ],
            [
              102.8125781590349,
              58.02693258358566
            ],
            [
              102.81166573187676,
              58.02723899297967
            ],
            [
              102.81078272746808,
              58.027568778739166
            ],
            [
              102.8099312721871,
              58.02792114701175
            ],
            [
              102.80911341664577,
              58.028295249560905
            ],
            [
              102.80833113075559,
              58.0286901858032
            ],
            [
              102.80758629898551,
              58.02910500497149
            ],
            [
              102.80688071582338,
              58.029538708398974
            ],
            [
              102.80621608145162,
              58.02999025191863
            ],
            [
              102.80559399764789,
              58.030458548372344
            ],
            [
              102.80501596392028,
              58.030942470223636
            ],
            [
              102.80448337388673,
              58.03144085226807
            ],
            [
              102.80399751190721,
              58.031952494434364
            ],
            [
              102.80355954997715,
              58.03247616466999
            ],
            [
              102.80317054488938,
              58.03301060190408
            ],
            [
              102.80283143567185,
              58.03355451908073
            ],
            [
              102.80254304130742,
              58.034106606255264
            ],
            [
              102.80230605874115,
              58.03466553374611
            ],
            [
              102.80212106118046,
              58.035229955334884
            ],
            [
              102.80198849669198,
              58.035798511506655
            ],
            [
              102.80190868709923,
              58.0363698327231
            ],
            [
              102.80188182718354,
              58.036942542720155
            ],
            [
              102.80190798419065,
              58.037515261822634
            ],
            [
              102.80198709764423,
              58.0380866102677
            ],
            [
              102.80211897946711,
              58.03865521152904
            ],
            [
              102.80230331441027,
              58.039219695634095
            ],
            [
              102.80253966078834,
              58.03977870246589
            ],
            [
              102.80282745152086,
              58.040330885041904
            ],
            [
              102.80316599547598,
              58.040874912761865
            ],
            [
              102.80355447911471,
              58.04140947461643
            ],
            [
              102.80399196843088,
              58.04193328234958
            ],
            [
              102.80447741118319,
              58.042445073566235
            ],
            [
              102.80500963941361,
              58.04294361477846
            ],
            [
              102.80558737224656,
              58.0434277043821
            ],
            [
              102.80620921896184,
              58.04389617555715
            ],
            [
              102.80687368233467,
              58.04434789908449
            ],
            [
              102.8075791622342,
              58.044781786072434
            ],
            [
              102.8083239594725,
              58.045196790586154
            ],
            [
              102.8091062798943,
              58.0455919121739
            ],
            [
              102.80992423869804,
              58.04596619828352
            ],
            [
              102.81077586497778,
              58.04631874656381
            ],
            [
              102.81165910647478,
              58.04664870704467
            ],
            [
              102.81257183452749,
              58.04695528419103
            ],
            [
              102.81351184920791,
              58.047237738825515
            ],
            [
              102.81447688463197,
              58.047495389914985
            ],
            [
              102.81546461443061,
              58.04772761621669
            ],
            [
              102.81647265736902,
              58.047933857780215
            ],
            [
              102.81749858309958,
              58.048113617301155
            ],
            [
              102.8185399180349,
              58.04826646132352
            ],
            [
              102.81959415132673,
              58.04839202128787
            ],
            [
              102.82065874093571,
              58.048489994422454
            ],
            [
              102.82173111977755,
              58.048560144475445
            ],
            [
              102.82280870193057,
              58.04860230228622
            ],
            [
              102.823888888889,
              58.048616366194516
            ],
            [
              102.82496907584743,
              58.04860230228622
            ],
            [
              102.82604665800045,
              58.048560144475445
            ],
            [
              102.82711903684229,
              58.048489994422454
            ],
            [
              102.82818362645128,
              58.048392021287874
            ],
            [
              102.8292378597431,
              58.04826646132352
            ],
            [
              102.83027919467843,
              58.048113617301155
            ],
            [
              102.83130512040898,
              58.047933857780215
            ],
            [
              102.8323131633474,
              58.04772761621669
            ],
            [
              102.83330089314603,
              58.047495389914985
            ],
            [
              102.83426592857008,
              58.047237738825515
            ],
            [
              102.83520594325053,
              58.04695528419103
            ],
            [
              102.83611867130323,
              58.04664870704467
            ],
            [
              102.83700191280023,
              58.04631874656381
            ],
            [
              102.83785353907997,
              58.04596619828352
            ],
            [
              102.83867149788372,
              58.0455919121739
            ],
            [
              102.83945381830549,
              58.045196790586154
            ],
            [
              102.8401986155438,
              58.044781786072434
            ],
            [
              102.84090409544334,
              58.04434789908448
            ],
            [
              102.84156855881616,
              58.04389617555715
            ],
            [
              102.84219040553145,
              58.0434277043821
            ],
            [
              102.84276813836439,
              58.04294361477846
            ],
            [
              102.84330036659482,
              58.042445073566235
            ],
            [
              102.84378580934712,
              58.04193328234958
            ],
            [
              102.8442232986633,
              58.04140947461643
            ],
            [
              102.84461178230202,
              58.040874912761865
            ],
            [
              102.84495032625715,
              58.040330885041904
            ],
            [
              102.84523811698966,
              58.03977870246589
            ],
            [
              102.84547446336774,
              58.039219695634095
            ],
            [
              102.8456587983109,
              58.03865521152904
            ],
            [
              102.84579068013377,
              58.0380866102677
            ],
            [
              102.84586979358735,
              58.037515261822634
            ],
            [
              102.84589595059447,
              58.036942542720155
            ]
          ]
        ],
        "meta": {
          "shape": "circle"
        }
      },
      "properties": {
        "title": "L0485/26 for Irkutsk International Airport",
        "text": "From: 2026-10-05 01:00:00+00:00\nTo: 2026-10-09 12:00:00+00:00\n\nAIRSPACE CLSD Within CIRCLE RADIUS 1.3KM CENTRE 580213N1024926E."
      }
    },
    {
      "type": "Feature",
      "geometry": {
        "type": "Polygon",
        "coordinates": [
          [
            [
              102.81152634749328,
              58.06860857612811
            ],
            [
              102.811495264838,
              58.06794776103882
            ],
            [
              102.81140303294424,
              58.067288550004
            ],
            [
              102.81124987735944,
              58.06663253098894
            ],
            [
              102.8110361703361,
              58.06598128418318
            ],
            [
              102.81076242990342,
              58.06533637819576
            ],
            [
              102.81042931858848,
              58.06469936627922
            ],
            [
              102.81003764179084,
              58.06407178259136
            ],
            [
              102.80958834581426,
              58.063455138503755
            ],
            [
              102.80908251556076,
              58.06285091896587
            ],
            [
              102.80852137189292,
              58.062260578933476
            ],
            [
              102.80790626867092,
              58.06168553986987
            ],
            [
              102.80723868947145,
              58.06112718632845
            ],
            [
              102.80652024399714,
              58.06058686262442
            ],
            [
              102.80575266418458,
              58.060065869604216
            ],
            [
              102.80493780002116,
              58.059565461519526
            ],
            [
              102.80407761508032,
              58.0590868430142
            ],
            [
              102.80317418178642,
              58.058631166230526
            ],
            [
              102.80222967642065,
              58.05819952804228
            ],
            [
              102.80124637387972,
              58.057792967420795
            ],
            [
              102.8002266422003,
              58.05741246294052
            ],
            [
              102.79917293686218,
              58.05705893042987
            ],
            [
              102.79808779488384,
              58.05673322077296
            ],
            [
              102.79697382872453,
              58.05643611786752
            ],
            [
              102.79583372000738,
              58.05616833674385
            ],
            [
              102.79467021307853,
              58.05593052184908
            ],
            [
              102.79348610841781,
              58.05572324550096
            ],
            [
              102.79228425591609,
              58.05554700651492
            ],
            [
              102.79106754803598,
              58.055402229007505
            ],
            [
              102.78983891287155,
              58.055289261379
            ],
            [
              102.7886013071237,
              58.055208375477775
            ],
            [
              102.78735770900788,
              58.055159765948325
            ],
            [
              102.786111111111,
              58.05514354976435
            ],
            [
              102.78486451321412,
              58.055159765948325
            ],
            [
              102.7836209150983,
              58.055208375477775
            ],
            [
              102.78238330935045,
              58.055289261379
            ],
            [
              102.78115467418601,
              58.055402229007505
            ],
            [
              102.77993796630591,
              58.05554700651492
            ],
            [
              102.77873611380419,
              58.05572324550096
            ],
            [
              102.77755200914345,
              58.05593052184908
            ],
            [
              102.7763885022146,
              58.05616833674385
            ],
            [
              102.77524839349746,
              58.05643611786752
            ],
            [
              102.77413442733815,
              58.05673322077296
            ],
            [
              102.77304928535982,
              58.05705893042987
            ],
            [
              102.7719955800217,
              58.05741246294052
            ],
            [
              102.77097584834227,
              58.057792967420795
            ],
            [
              102.76999254580134,
              58.05819952804228
            ],
            [
              102.76904804043556,
              58.058631166230526
            ],
            [
              102.76814460714168,
              58.0590868430142
            ],
            [
              102.76728442220083,
              58.059565461519526
            ],
            [
              102.7664695580374,
              58.060065869604216
            ],
            [
              102.76570197822485,
              58.06058686262442
            ],
            [
              102.76498353275055,
              58.06112718632845
            ],
            [
              102.76431595355108,
              58.06168553986987
            ],
            [
              102.76370085032906,
              58.062260578933476
            ],
            [
              102.76313970666122,
              58.06285091896588
            ],
            [
              102.76263387640773,
              58.063455138503755
            ],
            [
              102.76218458043114,
              58.06407178259136
            ],
            [
              102.76179290363352,
              58.06469936627922
            ],
            [
              102.76145979231858,
              58.06533637819576
            ],
            [
              102.76118605188589,
              58.065981284183174
            ],
            [
              102.76097234486255,
              58.06663253098894
            ],
            [
              102.76081918927775,
              58.067288550004
            ],
            [
              102.76072695738398,
              58.06794776103882
            ],
            [
              102.76069587472871,
              58.06860857612811
            ],
            [
              102.76072601957866,
              58.069269403354966
            ],
            [
              102.76081732269867,
              58.069928650685696
            ],
            [
              102.76096956748589,
              58.07058472980539
            ],
            [
              102.76118239045927,
              58.07123605994571
            ],
            [
              102.76145528210354,
              58.071881071695
            ],
            [
              102.76178758806587,
              58.07251821078225
            ],
            [
              102.7621785107027,
              58.07314594182489
            ],
            [
              102.76262711097326,
              58.073762752032245
            ],
            [
              102.76313231067554,
              58.07436715485504
            ],
            [
              102.76369289501953,
              58.07495769357239
            ],
            [
              102.76430751553166,
              58.07553294480751
            ],
            [
              102.76497469328393,
              58.076091521963704
            ],
            [
              102.76569282243995,
              58.07663207857218
            ],
            [
              102.76646017410943,
              58.07715331154362
            ],
            [
              102.76727490050209,
              58.077653964315346
            ],
            [
              102.76813503937136,
              58.078132829887124
            ],
            [
              102.76903851873652,
              58.078588753737264
            ],
            [
              102.76998316187272,
              58.079020636612576
            ],
            [
              102.77096669255647,
              58.079427437185295
            ],
            [
              102.77198674055396,
              58.079808174570076
            ],
            [
              102.77304084733905,
              58.08016193069554
            ],
            [
              102.7741264720271,
              58.08048785252401
            ],
            [
              102.77524099751018,
              58.08078515411444
            ],
            [
              102.77638173677853,
              58.08105311852306
            ],
            [
              102.77754593941341,
              58.08129109953765
            ],
            [
              102.77873079823505,
              58.081498523240626
            ],
            [
              102.77993345608952,
              58.081674889397405
            ],
            [
              102.78115101275824,
              58.08181977266676
            ],
            [
              102.78238053197288,
              58.08193282362984
            ],
            [
              102.7836190485186,
              58.08201376963572
            ],
            [
              102.78486357540847,
              58.08206241546109
            ],
            [
              102.786111111111,
              58.08207864378265
            ],
            [
              102.78735864681352,
              58.08206241546109
            ],
            [
              102.7886031737034,
              58.08201376963572
            ],
            [
              102.78984169024912,
              58.08193282362984
            ],
            [
              102.79107120946374,
              58.08181977266676
            ],
            [
              102.79228876613246,
              58.081674889397405
            ],
            [
              102.79349142398695,
              58.08149852324062
            ],
            [
              102.79467628280858,
              58.081291099537665
            ],
            [
              102.79584048544348,
              58.08105311852306
            ],
            [
              102.79698122471181,
              58.08078515411442
            ],
            [
              102.79809575019488,
              58.08048785252401
            ],
            [
              102.79918137488295,
              58.08016193069554
            ],
            [
              102.80023548166804,
              58.079808174570076
            ],
            [
              102.80125552966551,
              58.079427437185295
            ],
            [
              102.80223906034928,
              58.079020636612576
            ],
            [
              102.80318370348547,
              58.078588753737264
            ],
            [
              102.80408718285064,
              58.078132829887124
            ],
            [
              102.8049473217199,
              58.07765396431536
            ],
            [
              102.80576204811257,
              58.077153311543604
            ],
            [
              102.80652939978204,
              58.07663207857218
            ],
            [
              102.80724752893806,
              58.076091521963704
            ],
            [
              102.80791470669034,
              58.07553294480751
            ],
            [
              102.80852932720246,
              58.07495769357239
            ],
            [
              102.80908991154644,
              58.07436715485504
            ],
            [
              102.80959511124874,
              58.073762752032245
            ],
            [
              102.81004371151928,
              58.07314594182489
            ],
            [
              102.81043463415612,
              58.07251821078226
            ],
            [
              102.81076694011844,
              58.07188107169502
            ],
            [
              102.81103983176273,
              58.07123605994571
            ],
            [
              102.81125265473611,
              58.070584729805404
            ],
            [
              102.81140489952332,
              58.069928650685696
            ],
            [
              102.81149620264333,
              58.069269403354966
            ],
            [
              102.81152634749328,
              58.06860857612811
            ]
          ]
        ],
        "meta": {
          "shape": "circle"
        }
      },
      "properties": {
        "title": "L0492/26 for Irkutsk International Airport",
        "text": "From: 2026-10-05 04:00:00+00:00\nTo: 2026-10-10 12:00:00+00:00\n\nAIRSPACE CLSD Within CIRCLE RADIUS 1.5KM CENTRE 580407N1024710E."
      }
    },
    {
      "type": "Feature",
      "geometry": {
        "type": "Polygon",
        "coordinates": [
          [
            [
              117.58160760123972,
              53.13333239602575
            ],
            [
              117.58158945147079,
              53.13289149421714
            ],
            [
              117.58153535251408,
              53.1324516590438
            ],
            [
              117.58144543579103,
              53.13201395005866
            ],
            [
              117.58131991899009,
              53.13157942166076
            ],
            [
              117.58115910553181,
              53.13114912055582
            ],
            [
              117.58096338382789,
              53.1307240832358
            ],
            [
              117.58073322633592,
              53.13030533348322
            ],
            [
              117.58046918841197,
              53.12989387990641
            ],
            [
              117.58017190696435,
              53.1294907135116
            ],
            [
              117.57984209891113,
              53.129096805317566
            ],
            [
              117.57948055944605,
              53.12871310401882
            ],
            [
              117.5790881601165,
              53.128340533702605
            ],
            [
              117.57866584671831,
              53.12797999162539
            ],
            [
              117.57821463701295,
              53.12763234605424
            ],
            [
              117.57773561827176,
              53.127298434178016
            ],
            [
              117.57722994465438,
              53.12697906009362
            ],
            [
              117.5766988344265,
              53.126674992872
            ],
            [
              117.57614356702449,
              53.12638696470852
            ],
            [
              117.57556547997375,
              53.12611566916229
            ],
            [
              117.57496596566799,
              53.125861759488345
            ],
            [
              117.57434646801737,
              53.125625847067035
            ],
            [
              117.57370847897367,
              53.12540849993419
            ],
            [
              117.5730535349406,
              53.12521024141542
            ],
            [
              117.57238321307787,
              53.1250315488682
            ],
            [
              117.57169912750804,
              53.124872852534416
            ],
            [
              117.57100292543514,
              53.12473453450613
            ],
            [
              117.57029628318419,
              53.124616927807324
            ],
            [
              117.56958090217137,
              53.124520315593465
            ],
            [
              117.56885850481436,
              53.12444493047095
            ],
            [
              117.56813083039229,
              53.12439095393817
            ],
            [
              117.56739963086588,
              53.124358515949254
            ],
            [
              117.56666666666699,
              53.12434769460181
            ],
            [
              117.56593370246812,
              53.124358515949254
            ],
            [
              117.5652025029417,
              53.12439095393817
            ],
            [
              117.56447482851964,
              53.12444493047095
            ],
            [
              117.56375243116263,
              53.124520315593465
            ],
            [
              117.5630370501498,
              53.124616927807324
            ],
            [
              117.56233040789886,
              53.12473453450613
            ],
            [
              117.56163420582594,
              53.124872852534416
            ],
            [
              117.56095012025612,
              53.1250315488682
            ],
            [
              117.5602797983934,
              53.12521024141542
            ],
            [
              117.55962485436032,
              53.12540849993419
            ],
            [
              117.55898686531661,
              53.125625847067035
            ],
            [
              117.55836736766601,
              53.12586175948834
            ],
            [
              117.55776785336025,
              53.12611566916229
            ],
            [
              117.5571897663095,
              53.12638696470852
            ],
            [
              117.5566344989075,
              53.126674992872
            ],
            [
              117.5561033886796,
              53.12697906009362
            ],
            [
              117.55559771506223,
              53.127298434178016
            ],
            [
              117.55511869632105,
              53.12763234605424
            ],
            [
              117.55466748661567,
              53.12797999162539
            ],
            [
              117.55424517321752,
              53.128340533702605
            ],
            [
              117.55385277388794,
              53.12871310401882
            ],
            [
              117.55349123442286,
              53.129096805317566
            ],
            [
              117.55316142636964,
              53.1294907135116
            ],
            [
              117.55286414492201,
              53.12989387990641
            ],
            [
              117.55260010699807,
              53.130305333483214
            ],
            [
              117.5523699495061,
              53.1307240832358
            ],
            [
              117.55217422780218,
              53.131149120555804
            ],
            [
              117.5520134143439,
              53.13157942166076
            ],
            [
              117.55188789754295,
              53.13201395005866
            ],
            [
              117.55179798081991,
              53.1324516590438
            ],
            [
              117.5517438818632,
              53.13289149421714
            ],
            [
              117.55172573209427,
              53.13333239602575
            ],
            [
              117.55174357634064,
              53.1337733023149
            ],
            [
              117.55179737271716,
              53.134213150886715
            ],
            [
              117.55188699271638,
              53.13465088205925
            ],
            [
              117.55201222150745,
              53.13508544121977
            ],
            [
              117.55217275844352,
              53.135515781366315
            ],
            [
              117.55236821777598,
              53.135940865630886
            ],
            [
              117.552598129574,
              53.13635966977891
            ],
            [
              117.55286194084762,
              53.136771184678175
            ],
            [
              117.55315901687138,
              53.137174418731895
            ],
            [
              117.55348864270555,
              53.13756840026967
            ],
            [
              117.5538500249112,
              53.137952179890696
            ],
            [
              117.55424229345547,
              53.13832483275342
            ],
            [
              117.55466450380206,
              53.13868546080641
            ],
            [
              117.55511563918196,
              53.13903319495459
            ],
            [
              117.55559461303957,
              53.13936719715608
            ],
            [
              117.55610027164758,
              53.13968666244407
            ],
            [
              117.55663139688482,
              53.13999082086929
            ],
            [
              117.55718670917035,
              53.140278939358026
            ],
            [
              117.55776487054652,
              53.14055032348129
            ],
            [
              117.55836448790387,
              53.14080431913102
            ],
            [
              117.55898411633974,
              53.14104031409884
            ],
            [
              117.55962226264282,
              53.14125773955397
            ],
            [
              117.56027738889496,
              53.14145607141652
            ],
            [
              117.56094791618155,
              53.14163483162264
            ],
            [
              117.56163222840166,
              53.14179358927889
            ],
            [
              117.56232867616856,
              53.141931961702625
            ],
            [
              117.56303558079102,
              53.14204961534599
            ],
            [
              117.56375123832605,
              53.142146266601436
            ],
            [
              117.56447392369297,
              53.14222168248657
            ],
            [
              117.56520189483888,
              53.14227568120675
            ],
            [
              117.56593339694552,
              53.142308132594174
            ],
            [
              117.56666666666699,
              53.142318958422145
            ],
            [
              117.56739993638847,
              53.142308132594174
            ],
            [
              117.56813143849512,
              53.14227568120675
            ],
            [
              117.56885940964102,
              53.14222168248657
            ],
            [
              117.56958209500795,
              53.14214626660144
            ],
            [
              117.57029775254297,
              53.14204961534599
            ],
            [
              117.57100465716543,
              53.141931961702625
            ],
            [
              117.57170110493233,
              53.14179358927889
            ],
            [
              117.57238541715245,
              53.14163483162264
            ],
            [
              117.57305594443903,
              53.14145607141652
            ],
            [
              117.57371107069116,
              53.14125773955398
            ],
            [
              117.57434921699425,
              53.14104031409884
            ],
            [
              117.57496884543012,
              53.14080431913102
            ],
            [
              117.57556846278747,
              53.14055032348129
            ],
            [
              117.57614662416364,
              53.140278939358026
            ],
            [
              117.57670193644915,
              53.13999082086929
            ],
            [
              117.57723306168641,
              53.13968666244407
            ],
            [
              117.57773872029442,
              53.13936719715608
            ],
            [
              117.57821769415203,
              53.1390331949546
            ],
            [
              117.57866882953196,
              53.13868546080641
            ],
            [
              117.57909103987852,
              53.13832483275342
            ],
            [
              117.5794833084228,
              53.13795217989068
            ],
            [
              117.57984469062845,
              53.13756840026967
            ],
            [
              117.58017431646262,
              53.137174418731895
            ],
            [
              117.58047139248637,
              53.136771184678175
            ],
            [
              117.58073520375999,
              53.13635966977891
            ],
            [
              117.58096511555802,
              53.135940865630886
            ],
            [
              117.58116057489048,
              53.1355157813663
            ],
            [
              117.58132111182657,
              53.13508544121978
            ],
            [
              117.58144634061762,
              53.13465088205924
            ],
            [
              117.58153596061683,
              53.134213150886715
            ],
            [
              117.58158975699335,
              53.13377330231491
            ],
            [
              117.58160760123972,
              53.13333239602575
            ]
          ]
        ],
        "meta": {
          "shape": "circle"
        }
      },
      "properties": {
        "title": "L0578/26 for Irkutsk International Airport",
        "text": "From: 2026-10-10 02:00:00+00:00\nTo: 2026-10-15 09:00:00+00:00\n\nAIRSPACE CLSD Within CIRCLE RADIUS 1KM CENTRE 530800N1173400E."
      }
    },
    {
      "type": "Feature",
      "geometry": {
        "type": "Polygon",
        "coordinates": [
          [
            [
              115.3824226677173,
              58.59332298456976
            ],
            [
              115.3823585832345,
              58.592001476504066
            ],
            [
              115.38217038415401,
              58.59068320144034
            ],
            [
              115.38185853775299,
              58.58937133467738
            ],
            [
              115.3814238089124,
              58.58806903572514
            ],
            [
              115.38086725814345,
              58.58677944070181
            ],
            [
              115.38019023890563,
              58.585505654790545
            ],
            [
              115.3793943942242,
              58.584250744773996
            ],
            [
              115.37848165261649,
              58.58301773166427
            ],
            [
              115.37745422333786,
              58.58180958344601
            ],
            [
              115.37631459095971,
              58.58062920795006
            ],
            [
              115.3750655092937,
              58.57947944587404
            ],
            [
              115.37370999467772,
              58.578363063967416
            ],
            [
              115.37225131864035,
              58.577282748396016
            ],
            [
              115.37069299996239,
              58.576241098302695
            ],
            [
              115.36903879615465,
              58.57524061957877
            ],
            [
              115.36729269437382,
              58.57428371886113
            ],
            [
              115.36545890179758,
              58.57337269776904
            ],
            [
              115.36354183548308,
              58.57250974739446
            ],
            [
              115.36154611173295,
              58.57169694305838
            ],
            [
              115.3594765349944,
              58.57093623934578
            ],
            [
              115.35733808631805,
              58.570229465431
            ],
            [
              115.35513591140398,
              58.56957832070383
            ],
            [
              115.35287530826307,
              58.568984370707206
            ],
            [
              115.35056171452327,
              58.568449043395766
            ],
            [
              115.34820069441031,
              58.56797362572369
            ],
            [
              115.34579792543363,
              58.56755926057036
            ],
            [
              115.3433591848087,
              58.56720694401044
            ],
            [
              115.34089033564759,
              58.56691752293509
            ],
            [
              115.33839731294958,
              58.566691693029675
            ],
            [
              115.33588610942515,
              58.56652999711271
            ],
            [
              115.33336276118578,
              58.56643282384
            ],
            [
              115.330833333333,
              58.566400406776744
            ],
            [
              115.32830390548024,
              58.56643282384
            ],
            [
              115.32578055724088,
              58.56652999711271
            ],
            [
              115.32326935371644,
              58.566691693029675
            ],
            [
              115.32077633101844,
              58.56691752293509
            ],
            [
              115.31830748185732,
              58.56720694401044
            ],
            [
              115.31586874123239,
              58.56755926057036
            ],
            [
              115.31346597225571,
              58.56797362572369
            ],
            [
              115.31110495214276,
              58.568449043395766
            ],
            [
              115.30879135840294,
              58.568984370707206
            ],
            [
              115.30653075526205,
              58.56957832070383
            ],
            [
              115.30432858034797,
              58.570229465431
            ],
            [
              115.30219013167164,
              58.57093623934578
            ],
            [
              115.30012055493307,
              58.57169694305838
            ],
            [
              115.29812483118295,
              58.57250974739446
            ],
            [
              115.29620776486843,
              58.57337269776904
            ],
            [
              115.2943739722922,
              58.57428371886113
            ],
            [
              115.29262787051137,
              58.57524061957877
            ],
            [
              115.29097366670364,
              58.576241098302695
            ],
            [
              115.28941534802566,
              58.577282748396
            ],
            [
              115.2879566719883,
              58.578363063967416
            ],
            [
              115.28660115737232,
              58.57947944587404
            ],
            [
              115.28535207570631,
              58.58062920795006
            ],
            [
              115.28421244332814,
              58.58180958344601
            ],
            [
              115.28318501404954,
              58.58301773166427
            ],
            [
              115.28227227244182,
              58.584250744773996
            ],
            [
              115.2814764277604,
              58.585505654790545
            ],
            [
              115.28079940852257,
              58.58677944070181
            ],
            [
              115.2802428577536,
              58.58806903572514
            ],
            [
              115.27980812891303,
              58.58937133467738
            ],
            [
              115.279496282512,
              58.59068320144033
            ],
            [
              115.27930808343152,
              58.592001476504066
            ],
            [
              115.27924399894873,
              58.59332298456976
            ],
            [
              115.27930419747754,
              58.59464454219389
            ],
            [
              115.27948854802783,
              58.595962965455804
            ],
            [
              115.27979662038585,
              58.5972750776294
            ],
            [
              115.2802276860166,
              58.59857771684129
            ],
            [
              115.28078071968756,
              58.59986774369646
            ],
            [
              115.28145440181075,
              58.60114204885289
            ],
            [
              115.28224712149911,
              58.602397560527415
            ],
            [
              115.28315698033066,
              58.60363125191363
            ],
            [
              115.28418179681276,
              58.60484014849469
            ],
            [
              115.28531911153672,
              58.6060213352327
            ],
            [
              115.28656619301115,
              58.60717196361723
            ],
            [
              115.28792004416114,
              58.608289258555914
            ],
            [
              115.28937740947818,
              58.60937052508989
            ],
            [
              115.29093478280461,
              58.61041315491801
            ],
            [
              115.29258841573382,
              58.6114146327136
            ],
            [
              115.29433432660713,
              58.61237254221816
            ],
            [
              115.29616831008548,
              58.61328457209725
            ],
            [
              115.29808594727326,
              58.614148521543754
            ],
            [
              115.30008261637018,
              58.61496230561508
            ],
            [
              115.30215350382481,
              58.61572396029081
            ],
            [
              115.3042936159637,
              58.61643164723835
            ],
            [
              115.30649779106682,
              58.61708365827487
            ],
            [
              115.30876071186032,
              58.6176784195144
            ],
            [
              115.31107691839608,
              58.61821449518957
            ],
            [
              115.31344082128572,
              58.61869059113903
            ],
            [
              115.31584671525707,
              58.619105557951215
            ],
            [
              115.31828879299917,
              58.61945839375712
            ],
            [
              115.32076115926175,
              58.61974824666499
            ],
            [
              115.32325784517384,
              58.619974416830665
            ],
            [
              115.32577282274609,
              58.62013635815867
            ],
            [
              115.32830001952084,
              58.6202336796298
            ],
            [
              115.330833333333,
              58.62026614625164
            ],
            [
              115.33336664714517,
              58.6202336796298
            ],
            [
              115.33589384391993,
              58.62013635815867
            ],
            [
              115.33840882149218,
              58.619974416830665
            ],
            [
              115.34090550740426,
              58.61974824666499
            ],
            [
              115.34337787366684,
              58.619458393757135
            ],
            [
              115.34581995140894,
              58.619105557951215
            ],
            [
              115.3482258453803,
              58.61869059113903
            ],
            [
              115.35058974826993,
              58.61821449518957
            ],
            [
              115.3529059548057,
              58.617678419514384
            ],
            [
              115.35516887559922,
              58.61708365827487
            ],
            [
              115.35737305070231,
              58.61643164723835
            ],
            [
              115.3595131628412,
              58.61572396029081
            ],
            [
              115.36158405029585,
              58.61496230561508
            ],
            [
              115.36358071939276,
              58.614148521543754
            ],
            [
              115.36549835658055,
              58.61328457209725
            ],
            [
              115.36733234005888,
              58.61237254221816
            ],
            [
              115.36907825093219,
              58.6114146327136
            ],
            [
              115.3707318838614,
              58.61041315491801
            ],
            [
              115.37228925718783,
              58.60937052508989
            ],
            [
              115.37374662250488,
              58.60828925855592
            ],
            [
              115.37510047365485,
              58.60717196361725
            ],
            [
              115.37634755512929,
              58.6060213352327
            ],
            [
              115.37748486985323,
              58.6048401484947
            ],
            [
              115.37850968633536,
              58.60363125191363
            ],
            [
              115.37941954516691,
              58.602397560527415
            ],
            [
              115.38021226485527,
              58.60114204885289
            ],
            [
              115.38088594697847,
              58.59986774369643
            ],
            [
              115.38143898064942,
              58.59857771684129
            ],
            [
              115.38187004628017,
              58.5972750776294
            ],
            [
              115.38217811863818,
              58.595962965455804
            ],
            [
              115.38236246918848,
              58.59464454219389
            ],
            [
              115.3824226677173,
              58.59332298456976
            ]
          ]
        ],
        "meta": {
          "shape": "circle"
        }
      },
      "properties": {
        "title": "L0630/26 for Irkutsk International Airport",
        "text": "From: 2026-10-05 03:00:00+00:00\nTo: 2026-10-10 11:00:00+00:00\n\nAIRSPACE CLSD Within CIRCLE RADIUS 3KM CENTRE 583536N1151951E."
      }
    },
    {
      "type": "Feature",
      "geometry": {
        "type": "Polygon",
        "coordinates": [
          [
            [
              115.27902772018226,
              58.60222027827971
            ],
            [
              115.27900042025487,
              58.601647619345655
            ],
            [
              115.27891931901242,
              58.60107634927222
            ],
            [
              115.27878461444526,
              58.60050784419806
            ],
            [
              115.278596633628,
              58.59994347353478
            ],
            [
              115.2783558319068,
              58.5993845966695
            ],
            [
              115.27806279177864,
              58.59883255969225
            ],
            [
              115.27771822146491,
              58.598288692155926
            ],
            [
              115.27732295318374,
              58.59775430387669
            ],
            [
              115.27687794112445,
              58.59723068178243
            ],
            [
              115.2763842591302,
              58.596719086816904
            ],
            [
              115.27584309809401,
              58.59622075090687
            ],
            [
              115.27525576307465,
              58.59573687399961
            ],
            [
              115.2746236701396,
              58.59526862117777
            ],
            [
              115.27394834294287,
              58.59481711985856
            ],
            [
              115.2732314090458,
              58.594383457083886
            ],
            [
              115.27247459599013,
              58.593968676908034
            ],
            [
              115.27167972713237,
              58.59357377788888
            ],
            [
              115.27084871724996,
              58.593199710688964
            ],
            [
              115.26998356792994,
              58.592847375791685
            ],
            [
              115.26908636275036,
              58.59251762133868
            ],
            [
              115.26815926226719,
              58.59221124109281
            ],
            [
              115.26720449881786,
              58.591928972532145
            ],
            [
              115.26622437115422,
              58.59167149507931
            ],
            [
              115.26522123891779,
              58.591439428470345
            ],
            [
              115.26419751697017,
              58.59123333126691
            ],
            [
              115.26315566959259,
              58.591053699515676
            ],
            [
              115.26209820456809,
              58.59090096555758
            ],
            [
              115.26102766716032,
              58.59077549699029
            ],
            [
              115.25994663400357,
              58.59067759578602
            ],
            [
              115.25885770691848,
              58.59060749756683
            ],
            [
              115.25776350666767,
              58.59056537103916
            ],
            [
              115.25666666666702,
              58.59055131758913
            ],
            [
              115.25556982666636,
              58.59056537103916
            ],
            [
              115.25447562641556,
              58.59060749756683
            ],
            [
              115.25338669933045,
              58.59067759578602
            ],
            [
              115.2523056661737,
              58.59077549699029
            ],
            [
              115.25123512876593,
              58.59090096555758
            ],
            [
              115.25017766374143,
              58.591053699515676
            ],
            [
              115.24913581636386,
              58.59123333126691
            ],
            [
              115.24811209441624,
              58.591439428470345
            ],
            [
              115.2471089621798,
              58.59167149507931
            ],
            [
              115.24612883451617,
              58.591928972532145
            ],
            [
              115.24517407106683,
              58.59221124109281
            ],
            [
              115.24424697058366,
              58.59251762133868
            ],
            [
              115.24334976540409,
              58.592847375791685
            ],
            [
              115.24248461608406,
              58.593199710688964
            ],
            [
              115.24165360620167,
              58.59357377788888
            ],
            [
              115.24085873734388,
              58.593968676908034
            ],
            [
              115.24010192428823,
              58.594383457083886
            ],
            [
              115.23938499039116,
              58.59481711985856
            ],
            [
              115.23870966319441,
              58.59526862117777
            ],
            [
              115.23807757025936,
              58.59573687399961
            ],
            [
              115.23749023524002,
              58.59622075090687
            ],
            [
              115.23694907420382,
              58.596719086816904
            ],
            [
              115.23645539220958,
              58.59723068178243
            ],
            [
              115.23601038015029,
              58.59775430387669
            ],
            [
              115.23561511186911,
              58.598288692155926
            ],
            [
              115.2352705415554,
              58.59883255969225
            ],
            [
              115.23497750142724,
              58.5993845966695
            ],
            [
              115.23473669970603,
              58.59994347353478
            ],
            [
              115.23454871888876,
              58.60050784419806
            ],
            [
              115.23441401432162,
              58.60107634927222
            ],
            [
              115.23433291307914,
              58.601647619345655
            ],
            [
              115.23430561315176,
              58.60222027827971
            ],
            [
              115.2343321829435,
              58.60279294652305
            ],
            [
              115.23441256108192,
              58.60336424443456
            ],
            [
              115.23454655654052,
              58.60393279560752
            ],
            [
              115.23473384907382,
              58.60449723018641
            ],
            [
              115.23497398996422,
              58.60505618816855
            ],
            [
              115.23526640307884,
              58.605608322682684
            ],
            [
              115.23561038623481,
              58.606152303236605
            ],
            [
              115.23600511286867,
              58.606686818925766
            ],
            [
              115.23644963400743,
              58.60721058159516
            ],
            [
              115.23694288053575,
              58.60772232894731
            ],
            [
              115.2374836657544,
              58.60822082758782
            ],
            [
              115.23807068822398,
              58.60870487600227
            ],
            [
              115.23870253488697,
              58.60917330745629
            ],
            [
              115.23937768446118,
              58.60962499281234
            ],
            [
              115.24009451109578,
              58.610058843256155
            ],
            [
              115.24085128828209,
              58.61047381292608
            ],
            [
              115.24164619300903,
              58.61086890143929
            ],
            [
              115.24247731015367,
              58.6112431563084
            ],
            [
              115.24334263709608,
              58.61159567524251
            ],
            [
              115.24424008854756,
              58.61192560832771
            ],
            [
              115.2451675015804,
              58.61223216008081
            ],
            [
              115.24612264084715,
              58.612514591371976
            ],
            [
              115.24710320397666,
              58.61277222121144
            ],
            [
              115.24810682713363,
              58.61300442839563
            ],
            [
              115.24913109072858,
              58.61321065300897
            ],
            [
              115.25017352526397,
              58.613390397777856
            ],
            [
              115.2512316173021,
              58.61354322927287
            ],
            [
              115.25230281554082,
              58.61366877895702
            ],
            [
              115.25338453698167,
              58.613766744076926
            ],
            [
              115.25447417317551,
              58.61383688839497
            ],
            [
              115.25556909653051,
              58.61387904276073
            ],
            [
              115.25666666666702,
              58.613893105520006
            ],
            [
              115.25776423680351,
              58.61387904276073
            ],
            [
              115.25885916015851,
              58.61383688839497
            ],
            [
              115.25994879635235,
              58.61376674407694
            ],
            [
              115.26103051779322,
              58.61366877895702
            ],
            [
              115.26210171603194,
              58.61354322927287
            ],
            [
              115.26315980807007,
              58.613390397777856
            ],
            [
              115.26420224260544,
              58.61321065300897
            ],
            [
              115.2652265062004,
              58.61300442839563
            ],
            [
              115.26623012935737,
              58.61277222121144
            ],
            [
              115.26721069248687,
              58.612514591371976
            ],
            [
              115.26816583175362,
              58.61223216008081
            ],
            [
              115.26909324478646,
              58.61192560832771
            ],
            [
              115.26999069623794,
              58.61159567524251
            ],
            [
              115.27085602318034,
              58.6112431563084
            ],
            [
              115.27168714032499,
              58.61086890143929
            ],
            [
              115.27248204505194,
              58.61047381292608
            ],
            [
              115.27323882223826,
              58.610058843256155
            ],
            [
              115.27395564887284,
              58.60962499281235
            ],
            [
              115.27463079844705,
              58.60917330745629
            ],
            [
              115.27526264511005,
              58.60870487600227
            ],
            [
              115.27584966757962,
              58.60822082758782
            ],
            [
              115.27639045279827,
              58.60772232894731
            ],
            [
              115.27688369932659,
              58.60721058159516
            ],
            [
              115.27732822046536,
              58.606686818925766
            ],
            [
              115.27772294709922,
              58.606152303236605
            ],
            [
              115.27806693025519,
              58.605608322682684
            ],
            [
              115.27835934336981,
              58.60505618816853
            ],
            [
              115.2785994842602,
              58.604497230186404
            ],
            [
              115.2787867767935,
              58.60393279560752
            ],
            [
              115.27892077225209,
              58.60336424443456
            ],
            [
              115.27900115039051,
              58.60279294652305
            ],
            [
              115.27902772018226,
              58.60222027827971
            ]
          ]
        ],
        "meta": {
          "shape": "circle"
        }
      },
      "properties": {
        "title": "L0682/26 for Irkutsk International Airport",
        "text": "From: 2026-10-09 02:00:00+00:00\nTo: 2026-10-14 08:00:00+00:00\n\nAIRSPACE CLSD Within CIRCLE RADIUS 1.3KM CENTRE 583608N1151524E."
      }
    },
    {
      "type": "Feature",
      "geometry": {
        "type": "Polygon",
        "coordinates": [
          [
            [
              115.1627431494157,
              58.57527662872498
            ],
            [
              115.1627222305874,
              58.57483611915267
            ],
            [
              115.16265995730029,
              58.57439667628898
            ],
            [
              115.16255648111795,
              58.57395935873062
            ],
            [
              115.16241205283546,
              58.57352521991531
            ],
            [
              115.1622270218605,
              58.57309530558488
            ],
            [
              115.16200183535746,
              58.57267065126725
            ],
            [
              115.16173703715673,
              58.572252279783584
            ],
            [
              115.16143326643156,
              58.57184119878607
            ],
            [
              115.16109125614638,
              58.57143839833278
            ],
            [
              115.16071183127974,
              58.57104484850524
            ],
            [
              115.16029590682693,
              58.57066149707415
            ],
            [
              115.15984448558675,
              58.57028926721937
            ],
            [
              115.15935865573783,
              58.56992905530922
            ],
            [
              115.15883958821094,
              58.56958172874456
            ],
            [
              115.15828853386301,
              58.56924812387281
            ],
            [
              115.15770682045995,
              58.56892904397693
            ],
            [
              115.15709584947595,
              58.568625257344024
            ],
            [
              115.15645709271635,
              58.568337495418476
            ],
            [
              115.15579208877273,
              58.56806645104364
            ],
            [
              115.15510243931863,
              58.56781277679656
            ],
            [
              115.15438980525443,
              58.56757708341971
            ],
            [
              115.15365590271132,
              58.567359938353256
            ],
            [
              115.1529024989234,
              58.56716186437161
            ],
            [
              115.15213140797783,
              58.56698333832735
            ],
            [
              115.15134448645368,
              58.566824790005555
            ],
            [
              115.15054362895921,
              58.566686601091284
            ],
            [
              115.14973076357876,
              58.56656910425271
            ],
            [
              115.14890784723984,
              58.56647258234202
            ],
            [
              115.14807686101159,
              58.56639726771598
            ],
            [
              115.14723980534576,
              58.56634334167781
            ],
            [
              115.14639869527161,
              58.566310934041745
            ],
            [
              115.145555555556,
              58.5663001228213
            ],
            [
              115.14471241584039,
              58.566310934041745
            ],
            [
              115.14387130576624,
              58.56634334167781
            ],
            [
              115.14303425010043,
              58.56639726771598
            ],
            [
              115.14220326387218,
              58.56647258234202
            ],
            [
              115.14138034753326,
              58.56656910425271
            ],
            [
              115.14056748215279,
              58.566686601091284
            ],
            [
              115.13976662465832,
              58.566824790005555
            ],
            [
              115.13897970313418,
              58.56698333832735
            ],
            [
              115.1382086121886,
              58.56716186437161
            ],
            [
              115.13745520840068,
              58.567359938353256
            ],
            [
              115.13672130585758,
              58.56757708341971
            ],
            [
              115.13600867179338,
              58.56781277679656
            ],
            [
              115.13531902233927,
              58.56806645104364
            ],
            [
              115.13465401839566,
              58.568337495418476
            ],
            [
              115.13401526163605,
              58.568625257344024
            ],
            [
              115.13340429065205,
              58.56892904397693
            ],
            [
              115.132822577249,
              58.56924812387281
            ],
            [
              115.13227152290106,
              58.56958172874456
            ],
            [
              115.13175245537418,
              58.56992905530922
            ],
            [
              115.13126662552527,
              58.57028926721937
            ],
            [
              115.13081520428507,
              58.57066149707415
            ],
            [
              115.13039927983226,
              58.57104484850524
            ],
            [
              115.13001985496562,
              58.57143839833278
            ],
            [
              115.12967784468044,
              58.57184119878607
            ],
            [
              115.12937407395528,
              58.572252279783584
            ],
            [
              115.12910927575454,
              58.57267065126725
            ],
            [
              115.12888408925151,
              58.57309530558488
            ],
            [
              115.12869905827655,
              58.57352521991532
            ],
            [
              115.12855462999407,
              58.57395935873062
            ],
            [
              115.12845115381172,
              58.57439667628896
            ],
            [
              115.12838888052461,
              58.57483611915267
            ],
            [
              115.1283679616963,
              58.57527662872498
            ],
            [
              115.1283884492792,
              58.575717143799906
            ],
            [
              115.12845029547405,
              58.57615660311838
            ],
            [
              115.12855335283037,
              58.576593947925225
            ],
            [
              115.1286973745866,
              58.57702812452035
            ],
            [
              115.1288820152502,
              58.57745808679807
            ],
            [
              115.12910683141561,
              58.57788279876868
            ],
            [
              115.12937128281904,
              58.57830123705583
            ],
            [
              115.12967473362704,
              58.57871239336394
            ],
            [
              115.13001645395622,
              58.579115276909654
            ],
            [
              115.13039562162045,
              58.57950891681126
            ],
            [
              115.13081132410139,
              58.57989236443056
            ],
            [
              115.13126256073802,
              58.58026469566135
            ],
            [
              115.1317482451295,
              58.58062501315902
            ],
            [
              115.13226720774587,
              58.58097244850584
            ],
            [
              115.13281819874061,
              58.581306164306774
            ],
            [
              115.13339989095792,
              58.5816253562105
            ],
            [
              115.13401088312762,
              58.58192925485127
            ],
            [
              115.13464970324036,
              58.582217127705974
            ],
            [
              115.13531481209439,
              58.582488280863004
            ],
            [
              115.13600460700587,
              58.5827420606976
            ],
            [
              115.13671742567361,
              58.58297785545048
            ],
            [
              115.13745155018854,
              58.58319509670514
            ],
            [
              115.1382052111789,
              58.58339326076084
            ],
            [
              115.13897659208044,
              58.58357186989755
            ],
            [
              115.13976383352176,
              58.58373049352996
            ],
            [
              115.14056503781354,
              58.58386874924773
            ],
            [
              115.14137827353164,
              58.5839863037393
            ],
            [
              115.14220158018199,
              58.58408287359726
            ],
            [
              115.14303297293652,
              58.58415822600314
            ],
            [
              115.14387044742843,
              58.58421217928982
            ],
            [
              115.14471198459492,
              58.58424460338067
            ],
            [
              115.145555555556,
              58.5842554201037
            ],
            [
              115.1463991265171,
              58.58424460338067
            ],
            [
              115.14724066368359,
              58.58421217928982
            ],
            [
              115.14807813817548,
              58.58415822600314
            ],
            [
              115.14890953093001,
              58.58408287359726
            ],
            [
              115.14973283758037,
              58.58398630373929
            ],
            [
              115.15054607329846,
              58.58386874924771
            ],
            [
              115.15134727759026,
              58.58373049352996
            ],
            [
              115.15213451903156,
              58.58357186989755
            ],
            [
              115.15290589993312,
              58.58339326076084
            ],
            [
              115.15365956092349,
              58.58319509670514
            ],
            [
              115.15439368543842,
              58.58297785545048
            ],
            [
              115.15510650410612,
              58.5827420606976
            ],
            [
              115.15579629901764,
              58.582488280863004
            ],
            [
              115.15646140787165,
              58.58221712770598
            ],
            [
              115.1571002279844,
              58.58192925485127
            ],
            [
              115.1577112201541,
              58.5816253562105
            ],
            [
              115.1582929123714,
              58.581306164306774
            ],
            [
              115.15884390336615,
              58.58097244850584
            ],
            [
              115.1593628659825,
              58.58062501315902
            ],
            [
              115.159848550374,
              58.58026469566136
            ],
            [
              115.16029978701062,
              58.57989236443056
            ],
            [
              115.16071548949155,
              58.57950891681126
            ],
            [
              115.16109465715576,
              58.579115276909654
            ],
            [
              115.16143637748496,
              58.57871239336396
            ],
            [
              115.16173982829297,
              58.57830123705583
            ],
            [
              115.1620042796964,
              58.577882798768705
            ],
            [
              115.16222909586182,
              58.57745808679808
            ],
            [
              115.16241373652541,
              58.57702812452035
            ],
            [
              115.16255775828166,
              58.57659394792524
            ],
            [
              115.16266081563795,
              58.57615660311838
            ],
            [
              115.1627226618328,
              58.575717143799906
            ],
            [
              115.1627431494157,
              58.57527662872498
            ]
          ]
        ],
        "meta": {
          "shape": "circle"
        }
      },
      "properties": {
        "title": "L0683/26 for Irkutsk International Airport",
        "text": "From: 2026-10-09 02:00:00+00:00\nTo: 2026-10-14 08:00:00+00:00\n\nAIRSPACE CLSD Within CIRCLE RADIUS 1KM CENTRE 583431N1150844E."
      }
    },
    {
      "type": "Feature",
      "geometry": {
        "type": "Polygon",
        "coordinates": [
          [
            [
              115.14024968666511,
              58.588609961460236
            ],
            [
              115.14022875976772,
              58.5881694528097
            ],
            [
              115.1401664626835,
              58.587730010868455
            ],
            [
              115.14006294703486,
              58.58729269423095
            ],
            [
              115.13991846371329,
              58.586858556332615
            ],
            [
              115.13973336226037,
              58.586428642913006
            ],
            [
              115.13950809001156,
              58.586003989497776
            ],
            [
              115.13924319100501,
              58.585585618905796
            ],
            [
              115.138939304658,
              58.58517453878695
            ],
            [
              115.13859716421449,
              58.58477173919711
            ],
            [
              115.13821759496757,
              58.5843781902155
            ],
            [
              115.1378015122612,
              58.58399483961066
            ],
            [
              115.13734991927609,
              58.58362261056026
            ],
            [
              115.13686390460528,
              58.58326239943049
            ],
            [
              115.13634463962525,
              58.582915073620114
            ],
            [
              115.13579337566894,
              58.58258146947456
            ],
            [
              115.13521144100743,
              58.582262390274806
            ],
            [
              115.13460023764803,
              58.58195860430608
            ],
            [
              115.13396123795577,
              58.58167084301094
            ],
            [
              115.13329598110737,
              58.58139979923102
            ],
            [
              115.13260606938519,
              58.58114612554172
            ],
            [
              115.13189316432104,
              58.58091043268397
            ],
            [
              115.13115898269831,
              58.58069328809651
            ],
            [
              115.13040529242271,
              58.580495214552414
            ],
            [
              115.12963390827079,
              58.58031668890301
            ],
            [
              115.12884668752697,
              58.58015814093227
            ],
            [
              115.12804552551938,
              58.580019952324285
            ],
            [
              115.12723235106478,
              58.57990245574639
            ],
            [
              115.12640912183406,
              58.579805934049965
            ],
            [
              115.1255778196489,
              58.57973061959121
            ],
            [
              115.12474044572087,
              58.57967669367288
            ],
            [
              115.12389901584461,
              58.579644286108866
            ],
            [
              115.123055555556,
              58.579633474912455
            ],
            [
              115.12221209526737,
              58.579644286108866
            ],
            [
              115.12137066539111,
              58.57967669367288
            ],
            [
              115.12053329146309,
              58.57973061959121
            ],
            [
              115.11970198927793,
              58.579805934049965
            ],
            [
              115.11887876004721,
              58.57990245574639
            ],
            [
              115.1180655855926,
              58.580019952324285
            ],
            [
              115.11726442358501,
              58.58015814093227
            ],
            [
              115.1164772028412,
              58.58031668890301
            ],
            [
              115.11570581868928,
              58.580495214552414
            ],
            [
              115.11495212841368,
              58.58069328809651
            ],
            [
              115.11421794679094,
              58.58091043268397
            ],
            [
              115.1135050417268,
              58.58114612554172
            ],
            [
              115.11281513000462,
              58.58139979923102
            ],
            [
              115.11214987315621,
              58.58167084301094
            ],
            [
              115.11151087346396,
              58.58195860430608
            ],
            [
              115.11089967010456,
              58.582262390274806
            ],
            [
              115.11031773544303,
              58.58258146947456
            ],
            [
              115.10976647148674,
              58.582915073620114
            ],
            [
              115.10924720650671,
              58.58326239943049
            ],
            [
              115.10876119183592,
              58.58362261056026
            ],
            [
              115.10830959885078,
              58.58399483961066
            ],
            [
              115.10789351614442,
              58.5843781902155
            ],
            [
              115.1075139468975,
              58.58477173919711
            ],
            [
              115.10717180645399,
              58.58517453878695
            ],
            [
              115.10686792010698,
              58.585585618905796
            ],
            [
              115.10660302110043,
              58.586003989497776
            ],
            [
              115.10637774885161,
              58.586428642913006
            ],
            [
              115.1061926473987,
              58.586858556332615
            ],
            [
              115.10604816407712,
              58.58729269423095
            ],
            [
              115.10594464842849,
              58.587730010868455
            ],
            [
              115.10588235134426,
              58.5881694528097
            ],
            [
              115.10586142444687,
              58.588609961460236
            ],
            [
              115.1058819197094,
              58.58905047561625
            ],
            [
              115.10594378931563,
              58.58948993402091
            ],
            [
              115.10604688576001,
              58.58992727792122
            ],
            [
              115.10619096218821,
              58.59036145361918
            ],
            [
              115.10637567297726,
              58.59079141501123
            ],
            [
              115.10660057455398,
              58.5912161261097
            ],
            [
              115.10686512645003,
              58.59163456354021
            ],
            [
              115.10716869259099,
              58.59204571900917
            ],
            [
              115.10751054281663,
              58.592448601735036
            ],
            [
              115.10788985462882,
              58.59284224083796
            ],
            [
              115.10830571516289,
              58.59322568768148
            ],
            [
              115.10875712337774,
              58.59359801816109
            ],
            [
              115.10924299245971,
              58.593958334933774
            ],
            [
              115.10976215243451,
              58.59430576958338
            ],
            [
              115.11031335298041,
              58.59463948471631
            ],
            [
              115.11089526643701,
              58.59495867598271
            ],
            [
              115.11150649100128,
              58.59526257401805
            ],
            [
              115.11214555410385,
              58.595550446300564
            ],
            [
              115.11281091595744,
              58.59582159891973
            ],
            [
              115.11350097326837,
              58.59607537825195
            ],
            [
              115.11421406310278,
              58.59631117253892
            ],
            [
              115.11494846689779,
              58.59652841336506
            ],
            [
              115.11570241460807,
              58.59672657703048
            ],
            [
              115.11647408897787,
              58.59690518581593
            ],
            [
              115.11726162992774,
              58.597063809136785
            ],
            [
              115.11806313904584,
              58.5972020645833
            ],
            [
              115.11887668417255,
              58.59731961884446
            ],
            [
              115.11970030406718,
              58.59741618851333
            ],
            [
              115.12053201314578,
              58.597491540771706
            ],
            [
              115.12136980627812,
              58.59754549395286
            ],
            [
              115.12221166363243,
              58.597577917980274
            ],
            [
              115.123055555556,
              58.59758873468219
            ],
            [
              115.12389944747956,
              58.59757791798029
            ],
            [
              115.12474130483386,
              58.59754549395286
            ],
            [
              115.12557909796621,
              58.597491540771706
            ],
            [
              115.1264108070448,
              58.597416188513314
            ],
            [
              115.12723442693944,
              58.59731961884446
            ],
            [
              115.12804797206614,
              58.5972020645833
            ],
            [
              115.12884948118425,
              58.597063809136785
            ],
            [
              115.12963702213412,
              58.59690518581593
            ],
            [
              115.13040869650392,
              58.59672657703048
            ],
            [
              115.1311626442142,
              58.59652841336506
            ],
            [
              115.13189704800921,
              58.59631117253891
            ],
            [
              115.13261013784361,
              58.59607537825195
            ],
            [
              115.13330019515455,
              58.59582159891973
            ],
            [
              115.13396555700814,
              58.59555044630055
            ],
            [
              115.13460462011071,
              58.59526257401805
            ],
            [
              115.13521584467497,
              58.59495867598271
            ],
            [
              115.13579775813157,
              58.59463948471631
            ],
            [
              115.13634895867747,
              58.59430576958338
            ],
            [
              115.13686811865227,
              58.593958334933774
            ],
            [
              115.13735398773426,
              58.59359801816108
            ],
            [
              115.1378053959491,
              58.59322568768148
            ],
            [
              115.13822125648316,
              58.592842240837946
            ],
            [
              115.13860056829535,
              58.592448601735036
            ],
            [
              115.138942418521,
              58.59204571900917
            ],
            [
              115.13924598466195,
              58.59163456354021
            ],
            [
              115.139510536558,
              58.5912161261097
            ],
            [
              115.13973543813472,
              58.59079141501123
            ],
            [
              115.13992014892378,
              58.59036145361918
            ],
            [
              115.14006422535198,
              58.58992727792122
            ],
            [
              115.14016732179634,
              58.58948993402091
            ],
            [
              115.14022919140258,
              58.58905047561625
            ],
            [
              115.14024968666511,
              58.588609961460236
            ]
          ]
        ],
        "meta": {
          "shape": "circle"
        }
      },
      "properties": {
        "title": "L0684/26 for Irkutsk International Airport",
        "text": "From: 2026-10-09 02:00:00+00:00\nTo: 2026-10-14 08:00:00+00:00\n\nAIRSPACE CLSD Within CIRCLE RADIUS 1KM CENTRE 583519N1150723E."
      }
    },
    {
      "type": "Feature",
      "geometry": {
        "type": "Polygon",
        "coordinates": [
          [
            [
              115.40469496218594,
              52.4088879757146
            ],
            [
              115.40467711510274,
              52.40844701968312
            ],
            [
              115.40462391062502,
              52.40800713030155
            ],
            [
              115.4045354779737,
              52.407569367254624
            ],
            [
              115.40441203121698,
              52.407134785073715
            ],
            [
              115.40425386874497,
              52.40670443059704
            ],
            [
              115.4040613725411,
              52.40627934044879
            ],
            [
              115.40383500725275,
              52.405860538543145
            ],
            [
              115.40357531906321,
              52.40544903361921
            ],
            [
              115.40328293436752,
              52.40504581681267
            ],
            [
              115.40295855825603,
              52.404651859270075
            ],
            [
              115.40260297280899,
              52.404268109811724
            ],
            [
              115.40221703520618,
              52.403895492648225
            ],
            [
              115.40180167565693,
              52.403534905156654
            ],
            [
              115.40135789515465,
              52.403187215721545
            ],
            [
              115.40088676306192,
              52.40285326164575
            ],
            [
              115.40038941453199,
              52.40253384713632
            ],
            [
              115.39986704777239,
              52.40222974137011
            ],
            [
              115.39932092115808,
              52.40194167664393
            ],
            [
              115.39875235020031,
              52.40167034661339
            ],
            [
              115.39816270437888,
              52.401416404624946
            ],
            [
              115.39755340384558,
              52.40118046214485
            ],
            [
              115.39692591600624,
              52.40096308728908
            ],
            [
              115.39628175198999,
              52.40076480345738
            ],
            [
              115.39562246301412,
              52.40058608807511
            ],
            [
              115.39494963665311,
              52.40042737144545
            ],
            [
              115.39426489302076,
              52.400289035715176
            ],
            [
              115.39356988087489,
              52.400171413955945
            ],
            [
              115.39286627365345,
              52.400074789363956
            ],
            [
              115.39215576545178,
              52.39999939457906
            ],
            [
              115.39144006695057,
              52.39994541112581
            ],
            [
              115.39072090130433,
              52.399912968977084
            ],
            [
              115.39,
              52.399902146241786
            ],
            [
              115.38927909869567,
              52.399912968977084
            ],
            [
              115.38855993304944,
              52.39994541112581
            ],
            [
              115.38784423454823,
              52.39999939457906
            ],
            [
              115.38713372634653,
              52.400074789363956
            ],
            [
              115.38643011912511,
              52.400171413955945
            ],
            [
              115.38573510697923,
              52.400289035715176
            ],
            [
              115.38505036334689,
              52.40042737144545
            ],
            [
              115.38437753698588,
              52.40058608807511
            ],
            [
              115.38371824801,
              52.40076480345738
            ],
            [
              115.38307408399376,
              52.40096308728908
            ],
            [
              115.38244659615442,
              52.40118046214485
            ],
            [
              115.38183729562112,
              52.401416404624946
            ],
            [
              115.38124764979968,
              52.40167034661339
            ],
            [
              115.38067907884192,
              52.40194167664393
            ],
            [
              115.3801329522276,
              52.40222974137011
            ],
            [
              115.37961058546801,
              52.40253384713632
            ],
            [
              115.37911323693807,
              52.40285326164575
            ],
            [
              115.37864210484535,
              52.403187215721545
            ],
            [
              115.37819832434306,
              52.403534905156654
            ],
            [
              115.37778296479381,
              52.40389549264823
            ],
            [
              115.37739702719101,
              52.404268109811724
            ],
            [
              115.37704144174396,
              52.404651859270075
            ],
            [
              115.37671706563248,
              52.40504581681267
            ],
            [
              115.3764246809368,
              52.40544903361921
            ],
            [
              115.37616499274723,
              52.40586053854315
            ],
            [
              115.37593862745891,
              52.40627934044879
            ],
            [
              115.37574613125503,
              52.40670443059704
            ],
            [
              115.37558796878302,
              52.40713478507371
            ],
            [
              115.3754645220263,
              52.407569367254624
            ],
            [
              115.37537608937497,
              52.408007130301534
            ],
            [
              115.37532288489726,
              52.40844701968312
            ],
            [
              115.37530503781406,
              52.4088879757146
            ],
            [
              115.3753225921774,
              52.40932893611018
            ],
            [
              115.3753755067543,
              52.40976883854203
            ],
            [
              115.37546365511577,
              52.410206623199706
            ],
            [
              115.37558682593145,
              52.41064123534374
            ],
            [
              115.37574472346873,
              52.41107162784737
            ],
            [
              115.3759369682956,
              52.41149676372012
            ],
            [
              115.37616309818557,
              52.4119156186075
            ],
            [
              115.37642256922244,
              52.412327183260174
            ],
            [
              115.3767147571024,
              52.41273046596725
            ],
            [
              115.37703895863058,
              52.413124494947446
            ],
            [
              115.37739439340803,
              52.41350832069255
            ],
            [
              115.37778020570602,
              52.41388101825724
            ],
            [
              115.37819546652196,
              52.41424168949015
            ],
            [
              115.37863917581332,
              52.414589465200244
            ],
            [
              115.3791102649033,
              52.414923507253825
            ],
            [
              115.37960759905285,
              52.41524301059656
            ],
            [
              115.38012998019283,
              52.41554720519606
            ],
            [
              115.38067614980983,
              52.415835357900036
            ],
            [
              115.3812447919785,
              52.41610677420557
            ],
            [
              115.38183453653319,
              52.41636079993537
            ],
            [
              115.38244396237128,
              52.41659682281665
            ],
            [
              115.38307160088021,
              52.41681427395917
            ],
            [
              115.38371593947979,
              52.41701262922849
            ],
            [
              115.38437542527134,
              52.417191410511286
            ],
            [
              115.38504846878507,
              52.41735018686968
            ],
            [
              115.38573344781578,
              52.41748857558173
            ],
            [
              115.38642871133865,
              52.417606243065464
            ],
            [
              115.38713258349487,
              52.41770290568439
            ],
            [
              115.38784336763761,
              52.417778330432405
            ],
            [
              115.38855935042868,
              52.417832335496435
            ],
            [
              115.38927880597575,
              52.417864790695425
            ],
            [
              115.39,
              52.41787561779482
            ],
            [
              115.39072119402424,
              52.417864790695425
            ],
            [
              115.39144064957132,
              52.417832335496435
            ],
            [
              115.39215663236239,
              52.41777833043241
            ],
            [
              115.39286741650513,
              52.4177029056844
            ],
            [
              115.39357128866133,
              52.41760624306547
            ],
            [
              115.3942665521842,
              52.41748857558172
            ],
            [
              115.39495153121493,
              52.41735018686968
            ],
            [
              115.39562457472864,
              52.41719141051129
            ],
            [
              115.39628406052022,
              52.41701262922849
            ],
            [
              115.39692839911977,
              52.416814273959176
            ],
            [
              115.39755603762872,
              52.41659682281665
            ],
            [
              115.39816546346681,
              52.41636079993537
            ],
            [
              115.3987552080215,
              52.41610677420557
            ],
            [
              115.39932385019017,
              52.41583535790004
            ],
            [
              115.3998700198072,
              52.41554720519607
            ],
            [
              115.40039240094715,
              52.41524301059656
            ],
            [
              115.4008897350967,
              52.414923507253825
            ],
            [
              115.40136082418668,
              52.414589465200244
            ],
            [
              115.40180453347803,
              52.41424168949016
            ],
            [
              115.40221979429398,
              52.41388101825724
            ],
            [
              115.40260560659198,
              52.41350832069255
            ],
            [
              115.40296104136942,
              52.41312449494745
            ],
            [
              115.40328524289757,
              52.41273046596724
            ],
            [
              115.40357743077755,
              52.412327183260174
            ],
            [
              115.40383690181443,
              52.4119156186075
            ],
            [
              115.40406303170438,
              52.41149676372012
            ],
            [
              115.40425527653127,
              52.41107162784737
            ],
            [
              115.40441317406854,
              52.41064123534374
            ],
            [
              115.40453634488424,
              52.410206623199706
            ],
            [
              115.40462449324569,
              52.40976883854203
            ],
            [
              115.40467740782259,
              52.40932893611018
            ],
            [
              115.40469496218594,
              52.4088879757146
            ]
          ]
        ],
        "meta": {
          "shape": "circle"
        }
      },
      "properties": {
        "title": "L0752/26 for Irkutsk International Airport",
        "text": "From: 2026-10-08 03:00:00+00:00\nTo: 2026-10-13 10:00:00+00:00\n\nAIRSPACE CLSD Within CIRCLE RADIUS 1KM CENTRE 522432N1152324E."
      }
    },
    {
      "type": "Feature",
      "geometry": {
        "type": "Polygon",
        "coordinates": [
          [
            [
              119.32255741510355,
              53.92637345408664
            ],
            [
              119.32248150636916,
              53.92461011084079
            ],
            [
              119.32225910819291,
              53.92285108916754
            ],
            [
              119.3218907746736,
              53.921100625896564
            ],
            [
              119.32137741111944,
              53.91936293671739
            ],
            [
              119.32072027169438,
              53.917642206036305
            ],
            [
              119.31992095622911,
              53.915942576913615
            ],
            [
              119.31898140620632,
              53.91426814110517
            ],
            [
              119.31790389993108,
              53.91262292923204
            ],
            [
              119.31669104689978,
              53.91101090110169
            ],
            [
              119.31534578138216,
              53.909435936203664
            ],
            [
              119.31387135523363,
              53.907901824402394
            ],
            [
              119.31227132995605,
              53.906412256849165
            ],
            [
              119.31054956802677,
              53.90497081713461
            ],
            [
              119.30871022351859,
              53.90358097270285
            ],
            [
              119.3067577320329,
              53.902246066547235
            ],
            [
              119.30469679997167,
              53.900969309207454
            ],
            [
              119.30253239317378,
              53.89975377108664
            ],
            [
              119.30026972494416,
              53.898602375106634
            ],
            [
              119.29791424350373,
              53.89751788971845
            ],
            [
              119.29547161889101,
              53.89650292228432
            ],
            [
              119.29294772934624,
              53.895559912846906
            ],
            [
              119.29034864721052,
              53.89469112830004
            ],
            [
              119.28768062437362,
              53.893898656974564
            ],
            [
              119.28495007730419,
              53.89318440365205
            ],
            [
              119.2821635716982,
              53.892550085017746
            ],
            [
              119.27932780678103,
              53.89199722556348
            ],
            [
              119.27644959930028,
              53.89152715394993
            ],
            [
              119.27353586724647,
              53.89114099983673
            ],
            [
              119.27059361333922,
              53.89083969118774
            ],
            [
              119.26762990831774,
              53.890623952057666
            ],
            [
              119.26465187407383,
              53.89049430086537
            ],
            [
              119.261666666667,
              53.890451049157434
            ],
            [
              119.25868145926015,
              53.89049430086537
            ],
            [
              119.25570342501624,
              53.890623952057666
            ],
            [
              119.25273971999476,
              53.89083969118774
            ],
            [
              119.24979746608751,
              53.89114099983673
            ],
            [
              119.2468837340337,
              53.89152715394993
            ],
            [
              119.24400552655297,
              53.89199722556348
            ],
            [
              119.24116976163577,
              53.892550085017746
            ],
            [
              119.23838325602979,
              53.89318440365205
            ],
            [
              119.23565270896037,
              53.893898656974564
            ],
            [
              119.23298468612346,
              53.89469112830004
            ],
            [
              119.23038560398776,
              53.895559912846906
            ],
            [
              119.22786171444297,
              53.89650292228431
            ],
            [
              119.22541908983025,
              53.89751788971845
            ],
            [
              119.22306360838982,
              53.898602375106634
            ],
            [
              119.2208009401602,
              53.89975377108664
            ],
            [
              119.21863653336231,
              53.900969309207454
            ],
            [
              119.21657560130107,
              53.902246066547235
            ],
            [
              119.21462310981539,
              53.90358097270285
            ],
            [
              119.21278376530721,
              53.90497081713461
            ],
            [
              119.21106200337795,
              53.906412256849165
            ],
            [
              119.20946197810035,
              53.907901824402394
            ],
            [
              119.20798755195183,
              53.90943593620366
            ],
            [
              119.2066422864342,
              53.91101090110169
            ],
            [
              119.2054294334029,
              53.91262292923204
            ],
            [
              119.20435192712766,
              53.91426814110517
            ],
            [
              119.20341237710488,
              53.915942576913615
            ],
            [
              119.2026130616396,
              53.917642206036305
            ],
            [
              119.20195592221454,
              53.91936293671739
            ],
            [
              119.20144255866037,
              53.921100625896564
            ],
            [
              119.20107422514107,
              53.92285108916752
            ],
            [
              119.20085182696482,
              53.92461011084079
            ],
            [
              119.20077591823043,
              53.92637345408664
            ],
            [
              119.20084670031598,
              53.928136871134186
            ],
            [
              119.20106402121567,
              53.929896113501776
            ],
            [
              119.20142737572753,
              53.93164694223433
            ],
            [
              119.20193590649379,
              53.93338513812275
            ],
            [
              119.20258840589281,
              53.935106511880875
            ],
            [
              119.20338331877977,
              53.93680691425524
            ],
            [
              119.20431874607112,
              53.938482246043186
            ],
            [
              119.20539244916598,
              53.940128467994874
            ],
            [
              119.2066018551946,
              53.94174161057527
            ],
            [
              119.20794406308381,
              53.94331778356211
            ],
            [
              119.20941585042482,
              53.944853185456395
            ],
            [
              119.21101368112906,
              53.94634411268258
            ],
            [
              119.21273371385416,
              53.947786968555654
            ],
            [
              119.21457181118062,
              53.949178271993155
            ],
            [
              119.21652354951817,
              53.950514665950706
            ],
            [
              119.21858422971835,
              53.951792925560284
            ],
            [
              119.22074888836782,
              53.95300996595106
            ],
            [
              119.22301230973638,
              53.954162849733514
            ],
            [
              119.22536903835005,
              53.95524879412831
            ],
            [
              119.22781339215956,
              53.95626517772213
            ],
            [
              119.23033947627164,
              53.95720954683392
            ],
            [
              119.23294119721034,
              53.958079621475434
            ],
            [
              119.23561227767287,
              53.958873300891455
            ],
            [
              119.23834627174404,
              53.95958866866586
            ],
            [
              119.24113658053136,
              53.960223997380524
            ],
            [
              119.24397646818272,
              53.96077775281603
            ],
            [
              119.24685907824629,
              53.96124859768287
            ],
            [
              119.24977745033225,
              53.96163539487454
            ],
            [
              119.25272453703477,
              53.96193721023395
            ],
            [
              119.25569322107216,
              53.96215331482646
            ],
            [
              119.25867633260177,
              53.96228318671365
            ],
            [
              119.261666666667,
              53.96232651222344
            ],
            [
              119.26465700073221,
              53.96228318671365
            ],
            [
              119.26764011226182,
              53.96215331482646
            ],
            [
              119.27060879629921,
              53.96193721023395
            ],
            [
              119.27355588300175,
              53.96163539487453
            ],
            [
              119.27647425508769,
              53.96124859768287
            ],
            [
              119.27935686515126,
              53.960777752816036
            ],
            [
              119.28219675280263,
              53.96022399738052
            ],
            [
              119.28498706158994,
              53.95958866866586
            ],
            [
              119.28772105566111,
              53.958873300891455
            ],
            [
              119.29039213612366,
              53.958079621475434
            ],
            [
              119.29299385706238,
              53.95720954683392
            ],
            [
              119.29551994117442,
              53.95626517772212
            ],
            [
              119.29796429498393,
              53.95524879412831
            ],
            [
              119.3003210235976,
              53.954162849733514
            ],
            [
              119.30258444496616,
              53.95300996595106
            ],
            [
              119.30474910361563,
              53.951792925560284
            ],
            [
              119.30680978381581,
              53.950514665950706
            ],
            [
              119.30876152215336,
              53.949178271993155
            ],
            [
              119.31059961947983,
              53.94778696855566
            ],
            [
              119.31231965220492,
              53.94634411268258
            ],
            [
              119.31391748290916,
              53.944853185456395
            ],
            [
              119.31538927025015,
              53.9433177835621
            ],
            [
              119.31673147813936,
              53.94174161057528
            ],
            [
              119.31794088416802,
              53.940128467994874
            ],
            [
              119.31901458726286,
              53.938482246043186
            ],
            [
              119.31995001455421,
              53.93680691425525
            ],
            [
              119.32074492744117,
              53.93510651188088
            ],
            [
              119.32139742684019,
              53.93338513812276
            ],
            [
              119.32190595760645,
              53.93164694223433
            ],
            [
              119.32226931211831,
              53.929896113501776
            ],
            [
              119.322486633018,
              53.928136871134186
            ],
            [
              119.32255741510355,
              53.92637345408664
            ]
          ]
        ],
        "meta": {
          "shape": "circle"
        }
      },
      "properties": {
        "title": "L0807/26 for Irkutsk International Airport",
        "text": "From: 2026-10-09 03:00:00+00:00\nTo: 2026-10-14 10:00:00+00:00\n\nAIRSPACE CLSD Within CIRCLE RADIUS 4KM CENTRE 535535N1191542E."
      }
    },
    {
      "type": "Feature",
      "geometry": {
        "type": "Polygon",
        "coordinates": [
          [
            [
              119.82862361999736,
              52.50944077853855
            ],
            [
              119.82858754891821,
              52.50855888601864
            ],
            [
              119.8284806046452,
              52.507679135510685
            ],
            [
              119.82830304902708,
              52.506803646220284
            ],
            [
              119.82805531393929,
              52.5059345269634
            ],
            [
              119.8277380002037,
              52.505073871089
            ],
            [
              119.82735187610275,
              52.50422375144029
            ],
            [
              119.82689787549147,
              52.503386215366255
            ],
            [
              119.82637709551273,
              52.50256327979594
            ],
            [
              119.82579079392127,
              52.501756926386854
            ],
            [
              119.8251403860234,
              52.50096909675929
            ],
            [
              119.82442744123988,
              52.50020168782812
            ],
            [
              119.82365367930083,
              52.499456547242794
            ],
            [
              119.82282096608176,
              52.498735468946954
            ],
            [
              119.82193130909111,
              52.49804018886778
            ],
            [
              119.82098685262021,
              52.497372380745844
            ],
            [
              119.81998987256767,
              52.49673365211474
            ],
            [
              119.81894277095074,
              52.496125540440836
            ],
            [
              119.81784807011651,
              52.495549509431676
            ],
            [
              119.81670840666759,
              52.49500694552216
            ],
            [
              119.81552652511631,
              52.49449915454684
            ],
            [
              119.81430527128299,
              52.49402735860594
            ],
            [
              119.81304758545397,
              52.49359269313303
            ],
            [
              119.81175649531566,
              52.493196204170715
            ],
            [
              119.81043510868183,
              52.492838845861364
            ],
            [
              119.80908660603086,
              52.49252147815834
            ],
            [
              119.80771423287118,
              52.49224486476355
            ],
            [
              119.80632129195307,
              52.49200967129595
            ],
            [
              119.80491113534472,
              52.491816463695294
            ],
            [
              119.80348715639202,
              52.491665706865156
            ],
            [
              119.80205278158063,
              52.49155776355821
            ],
            [
              119.80061146231971,
              52.49149289350658
            ],
            [
              119.79916666666699,
              52.49147125279897
            ],
            [
              119.79772187101429,
              52.49149289350658
            ],
            [
              119.79628055175337,
              52.49155776355821
            ],
            [
              119.79484617694197,
              52.491665706865156
            ],
            [
              119.79342219798927,
              52.491816463695294
            ],
            [
              119.79201204138091,
              52.49200967129595
            ],
            [
              119.79061910046282,
              52.49224486476355
            ],
            [
              119.78924672730314,
              52.49252147815834
            ],
            [
              119.78789822465215,
              52.492838845861364
            ],
            [
              119.78657683801832,
              52.493196204170715
            ],
            [
              119.78528574788001,
              52.49359269313303
            ],
            [
              119.784028062051,
              52.49402735860594
            ],
            [
              119.78280680821767,
              52.49449915454684
            ],
            [
              119.7816249266664,
              52.49500694552216
            ],
            [
              119.78048526321747,
              52.495549509431676
            ],
            [
              119.77939056238324,
              52.496125540440836
            ],
            [
              119.77834346076631,
              52.49673365211474
            ],
            [
              119.77734648071379,
              52.497372380745844
            ],
            [
              119.77640202424287,
              52.49804018886778
            ],
            [
              119.77551236725223,
              52.498735468946954
            ],
            [
              119.77467965403316,
              52.499456547242794
            ],
            [
              119.77390589209412,
              52.50020168782812
            ],
            [
              119.7731929473106,
              52.50096909675929
            ],
            [
              119.77254253941271,
              52.501756926386854
            ],
            [
              119.77195623782127,
              52.50256327979594
            ],
            [
              119.77143545784253,
              52.50338621536625
            ],
            [
              119.77098145723124,
              52.50422375144029
            ],
            [
              119.7705953331303,
              52.505073871089
            ],
            [
              119.7702780193947,
              52.5059345269634
            ],
            [
              119.7700302843069,
              52.506803646220284
            ],
            [
              119.7698527286888,
              52.507679135510685
            ],
            [
              119.76974578441579,
              52.50855888601864
            ],
            [
              119.76970971333664,
              52.50944077853855
            ],
            [
              119.76974460660212,
              52.51032268857857
            ],
            [
              119.76985038440446,
              52.51120249147818
            ],
            [
              119.77002679612862,
              52.5120780675272
            ],
            [
              119.77027342091552,
              52.51294730707413
            ],
            [
              119.77058966863602,
              52.513808115611525
            ],
            [
              119.77097478127406,
              52.514658418826016
            ],
            [
              119.77142783471551,
              52.51549616760073
            ],
            [
              119.77194774093924,
              52.516319342958205
            ],
            [
              119.77253325060526,
              52.517125960931665
            ],
            [
              119.77318295603399,
              52.5179140773529
            ],
            [
              119.77389529456978,
              52.51868179254508
            ],
            [
              119.77466855232102,
              52.51942725590927
            ],
            [
              119.77550086826778,
              52.52014867039335
            ],
            [
              119.77639023872766,
              52.52084429683236
            ],
            [
              119.7773345221687,
              52.521512458150205
            ],
            [
              119.77833144435867,
              52.52215154341176
            ],
            [
              119.77937860383763,
              52.52276001171613
            ],
            [
              119.78047347770124,
              52.52333639592122
            ],
            [
              119.78161342768053,
              52.523879306190636
            ],
            [
              119.78279570650369,
              52.52438743335425
            ],
            [
              119.7840174645245,
              52.52485955207409
            ],
            [
              119.78527575660104,
              52.52529452380809
            ],
            [
              119.78656754920833,
              52.52569129956419
            ],
            [
              119.78788972776753,
              52.526048922438015
            ],
            [
              119.78923910417357,
              52.5263665299283
            ],
            [
              119.79061242450322,
              52.52664335602385
            ],
            [
              119.7920063768845,
              52.52687873305731
            ],
            [
              119.79341759950823,
              52.527072093321074
            ],
            [
              119.79484268876223,
              52.52722297044133
            ],
            [
              119.79627820746803,
              52.527331000506905
            ],
            [
              119.7977206932001,
              52.52739592295022
            ],
            [
              119.79916666666699,
              52.52741758117796
            ],
            [
              119.80061264013389,
              52.52739592295022
            ],
            [
              119.80205512586596,
              52.527331000506905
            ],
            [
              119.80349064457175,
              52.52722297044133
            ],
            [
              119.80491573382577,
              52.527072093321074
            ],
            [
              119.80632695644948,
              52.52687873305732
            ],
            [
              119.80772090883077,
              52.52664335602384
            ],
            [
              119.80909422916042,
              52.5263665299283
            ],
            [
              119.81044360556646,
              52.526048922438015
            ],
            [
              119.81176578412567,
              52.52569129956417
            ],
            [
              119.81305757673296,
              52.5252945238081
            ],
            [
              119.81431586880949,
              52.52485955207409
            ],
            [
              119.81553762683029,
              52.524387433354256
            ],
            [
              119.81671990565349,
              52.523879306190636
            ],
            [
              119.81785985563275,
              52.52333639592122
            ],
            [
              119.81895472949635,
              52.52276001171613
            ],
            [
              119.82000188897531,
              52.52215154341175
            ],
            [
              119.82099881116528,
              52.521512458150205
            ],
            [
              119.82194309460634,
              52.52084429683236
            ],
            [
              119.8228324650662,
              52.52014867039335
            ],
            [
              119.82366478101298,
              52.51942725590927
            ],
            [
              119.82443803876421,
              52.51868179254507
            ],
            [
              119.8251503773,
              52.5179140773529
            ],
            [
              119.82580008272873,
              52.517125960931665
            ],
            [
              119.82638559239476,
              52.51631934295819
            ],
            [
              119.82690549861849,
              52.51549616760073
            ],
            [
              119.82735855205993,
              52.514658418826016
            ],
            [
              119.82774366469798,
              52.513808115611525
            ],
            [
              119.82805991241848,
              52.512947307074114
            ],
            [
              119.82830653720538,
              52.5120780675272
            ],
            [
              119.82848294892953,
              52.51120249147818
            ],
            [
              119.82858872673188,
              52.51032268857857
            ],
            [
              119.82862361999736,
              52.50944077853855
            ]
          ]
        ],
        "meta": {
          "shape": "circle"
        }
      },
      "properties": {
        "title": "L0848/26 for Irkutsk International Airport",
        "text": "From: 2026-10-08 03:00:00+00:00\nTo: 2026-10-13 11:00:00+00:00\n\nAIRSPACE CLSD Within CIRCLE RADIUS 2KM CENTRE 523034N1194757E."
      }
    },
    {
      "type": "Feature",
      "geometry": {
        "type": "MultiPolygon",
        "coordinates": [
          [
            [
              [
                107.37440060521253,
                55.65906850919919
              ],
              [
                107.37420898798531,
                55.65819348639393
              ],
              [
                107.37394166551591,
                55.657324832341196
              ],
              [
                107.37359928665923,
                55.656464639215486
              ],
              [
                107.37318268089304,
                55.65561497867706
              ],
              [
                107.37269285627501,
                55.654777896887
              ],
              [
                107.37213099697155,
                55.65395540958514
              ],
              [
                107.37149846036543,
                55.65314949724224
              ],
              [
                107.370796773749,
                55.65236210029825
              ],
              [
                107.37002763061165,
                55.65159511449798
              ],
              [
                107.36919288653051,
                55.65085038633527
              ],
              [
                107.36829455467493,
                55.650129708616575
              ],
              [
                107.36733480093551,
                55.649434816154596
              ],
              [
                107.36631593868955,
                55.648767381602035
              ],
              [
                107.36524042321616,
                55.64812901143555
              ],
              [
                107.36411084577405,
                55.64752124209941
              ],
              [
                107.3629299273566,
                55.646945536317965
              ],
              [
                107.36170051213931,
                55.64640327958571
              ],
              [
                107.36042556063538,
                55.645895776843304
              ],
              [
                107.35910814257556,
                55.64542424934726
              ],
              [
                107.35775142952981,
                55.6449898317411
              ],
              [
                107.35635868728787,
                55.6445935693343
              ],
              [
                107.3549332680172,
                55.64423641559606
              ],
              [
                107.35347860221698,
                55.6439192298695
              ],
              [
                107.35199819048694,
                55.643642775311676
              ],
              [
                107.35049559513082,
                55.64340771706445
              ],
              [
                107.34897443161441,
                55.643214620660345
              ],
              [
                107.34743835989786,
                55.643063950667305
              ],
              [
                107.34589107566352,
                55.642956069575426
              ],
              [
                107.34433630145911,
                55.642891236928406
              ],
              [
                107.342777777778,
                55.64286960870161
              ],
              [
                107.34121925409688,
                55.642891236928406
              ],
              [
                107.33966447989248,
                55.642956069575426
              ],
              [
                107.33811719565813,
                55.643063950667305
              ],
              [
                107.3365811239416,
                55.643214620660345
              ],
              [
                107.33505996042517,
                55.64340771706445
              ],
              [
                107.33355736506907,
                55.643642775311676
              ],
              [
                107.33207695333901,
                55.6439192298695
              ],
              [
                107.33062228753879,
                55.64423641559606
              ],
              [
                107.32919686826813,
                55.6445935693343
              ],
              [
                107.32780412602618,
                55.6449898317411
              ],
              [
                107.32644741298043,
                55.64542424934726
              ],
              [
                107.32512999492063,
                55.645895776843304
              ],
              [
                107.32385504341669,
                55.64640327958571
              ],
              [
                107.3226256281994,
                55.646945536317965
              ],
              [
                107.32144470978194,
                55.64752124209941
              ],
              [
                107.32031513233983,
                55.64812901143555
              ],
              [
                107.31923961686644,
                55.648767381602035
              ],
              [
                107.3182207546205,
                55.649434816154596
              ],
              [
                107.31726100088106,
                55.650129708616575
              ],
              [
                107.3163626690255,
                55.65085038633527
              ],
              [
                107.31552792494435,
                55.65159511449798
              ],
              [
                107.31475878180699,
                55.65236210029825
              ],
              [
                107.31405709519056,
                55.65314949724224
              ],
              [
                107.31342455858446,
                55.65395540958514
              ],
              [
                107.31286269928098,
                55.654777896887
              ],
              [
                107.31237287466296,
                55.65561497867706
              ],
              [
                107.31195626889676,
                55.65646463921549
              ],
              [
                107.31161389004008,
                55.657324832341196
              ],
              [
                107.31134656757068,
                55.65819348639393
              ],
              [
                107.31115495034346,
                55.659068509199194
              ],
              [
                107.31103950498061,
                55.6599477931037
              ],
              [
                107.31100051469933,
                55.6608292200495
              ],
              [
                107.31103807858042,
                55.66171066667445
              ],
              [
                107.31115211128007,
                55.6625900094269
              ],
              [
                107.3113423431858,
                55.66346512968216
              ],
              [
                107.31160832101683,
                55.664333918848435
              ],
              [
                107.31194940886783,
                55.66519428345002
              ],
              [
                107.31236478969412,
                55.66604415017527
              ],
              [
                107.3128534672349,
                55.666881470877385
              ],
              [
                107.31341426837068,
                55.6677042275157
              ],
              [
                107.31404584590943,
                55.668510437025574
              ],
              [
                107.3147466817952,
                55.66929815610519
              ],
              [
                107.31551509073157,
                55.67006548590742
              ],
              [
                107.31634922421215,
                55.67081057662549
              ],
              [
                107.31724707494801,
                55.67153163196132
              ],
              [
                107.31820648168208,
                55.67222691346556
              ],
              [
                107.31922513437883,
                55.67289474473882
              ],
              [
                107.32030057977727,
                55.673533515483804
              ],
              [
                107.32143022729359,
                55.67414168539847
              ],
              [
                107.32261135525954,
                55.67471778790065
              ],
              [
                107.32384111748155,
                55.67526043367522
              ],
              [
                107.32511655010461,
                55.67576831403487
              ],
              [
                107.3264345787645,
                55.67624020408634
              ],
              [
                107.3277920260109,
                55.67667496569458
              ],
              [
                107.32918561898332,
                55.67707155023716
              ],
              [
                107.33061199732124,
                55.67742900114251
              ],
              [
                107.33206772128922,
                55.67774645620566
              ],
              [
                107.33354928009676,
                55.67802314967565
              ],
              [
                107.3350531003931,
                55.67825841410981
              ],
              [
                107.33657555491567,
                55.678451681989905
              ],
              [
                107.33811297127116,
                55.67860248709658
              ],
              [
                107.33966164082764,
                55.67871046563851
              ],
              [
                107.34121782769596,
                55.67877535713351
              ],
              [
                107.342777777778,
                55.67879700503946
              ],
              [
                107.34433772786004,
                55.67877535713351
              ],
              [
                107.34589391472835,
                55.67871046563851
              ],
              [
                107.34744258428485,
                55.67860248709658
              ],
              [
                107.34898000064032,
                55.67845168198991
              ],
              [
                107.35050245516288,
                55.67825841410981
              ],
              [
                107.35200627545925,
                55.67802314967565
              ],
              [
                107.35348783426679,
                55.677746456205654
              ],
              [
                107.35494355823475,
                55.67742900114251
              ],
              [
                107.35636993657269,
                55.677071550237166
              ],
              [
                107.35776352954508,
                55.67667496569458
              ],
              [
                107.35912097679149,
                55.67624020408634
              ],
              [
                107.36043900545138,
                55.67576831403487
              ],
              [
                107.36171443807444,
                55.67526043367522
              ],
              [
                107.36294420029644,
                55.67471778790064
              ],
              [
                107.3641253282624,
                55.67414168539846
              ],
              [
                107.36525497577873,
                55.67353351548381
              ],
              [
                107.36633042117717,
                55.67289474473882
              ],
              [
                107.36734907387392,
                55.67222691346556
              ],
              [
                107.36830848060798,
                55.67153163196131
              ],
              [
                107.36920633134386,
                55.670810576625485
              ],
              [
                107.37004046482444,
                55.67006548590742
              ],
              [
                107.37080887376081,
                55.66929815610519
              ],
              [
                107.37150970964656,
                55.668510437025574
              ],
              [
                107.37214128718531,
                55.6677042275157
              ],
              [
                107.3727020883211,
                55.666881470877385
              ],
              [
                107.37319076586188,
                55.66604415017526
              ],
              [
                107.37360614668816,
                55.66519428345002
              ],
              [
                107.37394723453916,
                55.66433391884844
              ],
              [
                107.3742132123702,
                55.663465129682166
              ],
              [
                107.37440344427593,
                55.6625900094269
              ],
              [
                107.37451747697557,
                55.66171066667445
              ],
              [
                107.37455504085666,
                55.6608292200495
              ],
              [
                107.37451605057538,
                55.6599477931037
              ],
              [
                107.37440060521253,
                55.65906850919919
              ]
            ]
          ],
          [
            [
              [
                107.48964396753007,
                55.8531935412027
              ],
              [
                107.48937530297462,
                55.85232491539513
              ],
              [
                107.48903120680173,
                55.851464750378774
              ],
              [
                107.48861251268399,
                55.850615117741555
              ],
              [
                107.48812023376465,
                55.84977806357187
              ],
              [
                107.48755556017393,
                55.84895560353666
              ],
              [
                107.4869198561216,
                55.8481497180338
              ],
              [
                107.4862146565734,
                55.84736234743068
              ],
              [
                107.48544166351951,
                55.84659538740009
              ],
              [
                107.48460274184455,
                55.84585068436462
              ],
              [
                107.48369991480925,
                55.845130031060584
              ],
              [
                107.48273535915479,
                55.84443516223179
              ],
              [
                107.4817113998421,
                55.84376775046369
              ],
              [
                107.48063050443885,
                55.84312940216753
              ],
              [
                107.47949527716747,
                55.8425216537242
              ],
              [
                107.4783084526291,
                55.841945967797116
              ],
              [
                107.47707288921814,
                55.84140372982241
              ],
              [
                107.4757915622438,
                55.84089624468518
              ],
              [
                107.47446755677437,
                55.84042473358958
              ],
              [
                107.47310406022214,
                55.83999033112992
              ],
              [
                107.47170435468612,
                55.8395940825701
              ],
              [
                107.47027180907104,
                55.83923694133742
              ],
              [
                107.46880987100117,
                55.83891976673696
              ],
              [
                107.4673220585486,
                55.83864332189186
              ],
              [
                107.46581195179493,
                55.838408271914204
              ],
              [
                107.4642831842469,
                55.83821518231115
              ],
              [
                107.46273943412588,
                55.83806451762971
              ],
              [
                107.4611844155522,
                55.8379566403436
              ],
              [
                107.45962186964455,
                55.83789180998475
              ],
              [
                107.458055555556,
                55.83787018252148
              ],
              [
                107.45648924146745,
                55.83789180998475
              ],
              [
                107.4549266955598,
                55.8379566403436
              ],
              [
                107.45337167698612,
                55.83806451762971
              ],
              [
                107.4518279268651,
                55.83821518231115
              ],
              [
                107.45029915931705,
                55.838408271914204
              ],
              [
                107.44878905256338,
                55.83864332189186
              ],
              [
                107.44730124011082,
                55.83891976673696
              ],
              [
                107.44583930204097,
                55.83923694133742
              ],
              [
                107.44440675642588,
                55.8395940825701
              ],
              [
                107.44300705088986,
                55.83999033112992
              ],
              [
                107.44164355433763,
                55.84042473358958
              ],
              [
                107.4403195488682,
                55.84089624468518
              ],
              [
                107.43903822189387,
                55.84140372982241
              ],
              [
                107.43780265848291,
                55.841945967797116
              ],
              [
                107.43661583394453,
                55.8425216537242
              ],
              [
                107.43548060667315,
                55.84312940216753
              ],
              [
                107.4343997112699,
                55.84376775046369
              ],
              [
                107.43337575195721,
                55.84443516223179
              ],
              [
                107.43241119630274,
                55.845130031060584
              ],
              [
                107.43150836926743,
                55.84585068436462
              ],
              [
                107.43066944759248,
                55.84659538740009
              ],
              [
                107.42989645453859,
                55.84736234743068
              ],
              [
                107.42919125499039,
                55.8481497180338
              ],
              [
                107.42855555093807,
                55.84895560353666
              ],
              [
                107.42799087734734,
                55.84977806357187
              ],
              [
                107.427498598428,
                55.850615117741555
              ],
              [
                107.42707990431026,
                55.851464750378774
              ],
              [
                107.4267358081374,
                55.85232491539513
              ],
              [
                107.42646714358193,
                55.8531935412027
              ],
              [
                107.42627456279199,
                55.85406853569864
              ],
              [
                107.4261585347729,
                55.85494779130045
              ],
              [
                107.42611934420859,
                55.85582919001994
              ],
              [
                107.4261570907261,
                55.856710608563546
              ],
              [
                107.42627168860533,
                55.85758992344674
              ],
              [
                107.42646286693537,
                55.858465016110415
              ],
              [
                107.42673017021737,
                55.85933377802673
              ],
              [
                107.42707295941298,
                55.86019411578198
              ],
              [
                107.42749041343656,
                55.86104395612468
              ],
              [
                107.42798153108764,
                55.86188125096612
              ],
              [
                107.42854513341963,
                55.86270398232159
              ],
              [
                107.42917986653958,
                55.86351016718022
              ],
              [
                107.42988420483235,
                55.86429786229168
              ],
              [
                107.43065645460211,
                55.86506516885798
              ],
              [
                107.43149475812251,
                55.8658102371192
              ],
              [
                107.43239709808599,
                55.86653127082173
              ],
              [
                107.43336130244212,
                55.86722653155827
              ],
              [
                107.43438504961318,
                55.86789434296914
              ],
              [
                107.43546587407455,
                55.868533094794294
              ],
              [
                107.43660117228706,
                55.8691412467666
              ],
              [
                107.43778820896635,
                55.869717332336485
              ],
              [
                107.43902412367495,
                55.87025996221902
              ],
              [
                107.44030593772055,
                55.87076782775482
              ],
              [
                107.44163056134407,
                55.871239704076295
              ],
              [
                107.44299480118005,
                55.87167445307177
              ],
              [
                107.44439536797127,
                55.87207102614006
              ],
              [
                107.44582888451868,
                55.872428466728664
              ],
              [
                107.44729189384735,
                55.872745912649506
              ],
              [
                107.44878086756837,
                55.87302259816653
              ],
              [
                107.45029221441655,
                55.87325785584977
              ],
              [
                107.45182228894235,
                55.873451118191824
              ],
              [
                107.45336740033741,
                55.87360191898208
              ],
              [
                107.45492382137165,
                55.87370989443602
              ],
              [
                107.45648779741988,
                55.87377478407629
              ],
              [
                107.458055555556,
                55.87379643136368
              ],
              [
                107.4596233136921,
                55.87377478407629
              ],
              [
                107.46118728974035,
                55.87370989443602
              ],
              [
                107.46274371077459,
                55.87360191898208
              ],
              [
                107.46428882216965,
                55.87345111819183
              ],
              [
                107.46581889669545,
                55.87325785584978
              ],
              [
                107.46733024354361,
                55.87302259816653
              ],
              [
                107.46881921726467,
                55.872745912649506
              ],
              [
                107.47028222659331,
                55.872428466728664
              ],
              [
                107.47171574314073,
                55.87207102614006
              ],
              [
                107.47311630993195,
                55.87167445307177
              ],
              [
                107.47448054976793,
                55.87123970407629
              ],
              [
                107.47580517339145,
                55.87076782775482
              ],
              [
                107.47708698743703,
                55.87025996221903
              ],
              [
                107.47832290214566,
                55.869717332336485
              ],
              [
                107.47950993882495,
                55.8691412467666
              ],
              [
                107.48064523703744,
                55.868533094794294
              ],
              [
                107.4817260614988,
                55.86789434296914
              ],
              [
                107.48274980866987,
                55.86722653155828
              ],
              [
                107.48371401302602,
                55.86653127082173
              ],
              [
                107.48461635298949,
                55.8658102371192
              ],
              [
                107.48545465650987,
                55.86506516885798
              ],
              [
                107.48622690627965,
                55.86429786229167
              ],
              [
                107.48693124457242,
                55.86351016718022
              ],
              [
                107.48756597769237,
                55.86270398232159
              ],
              [
                107.48812958002436,
                55.86188125096612
              ],
              [
                107.48862069767544,
                55.86104395612468
              ],
              [
                107.48903815169903,
                55.86019411578198
              ],
              [
                107.48938094089465,
                55.859333778026716
              ],
              [
                107.48964824417664,
                55.85846501611042
              ],
              [
                107.48983942250668,
                55.85758992344674
              ],
              [
                107.48995402038591,
                55.856710608563546
              ],
              [
                107.4899917669034,
                55.85582919001994
              ],
              [
                107.48995257633909,
                55.85494779130045
              ],
              [
                107.48983654832001,
                55.85406853569864
              ],
              [
                107.48964396753007,
                55.8531935412027
              ]
            ]
          ],
          [
            [
              [
                107.44531446355069,
                56.658749317513696
              ],
              [
                107.445040074301,
                56.65788080762968
              ],
              [
                107.4446886530185,
                56.657020757998254
              ],
              [
                107.44426105127114,
                56.656171239909945
              ],
              [
                107.44375830389725,
                56.655334299153886
              ],
              [
                107.44318162646714,
                56.65451195109681
              ],
              [
                107.44253241231245,
                56.65370617583643
              ],
              [
                107.44181222913029,
                56.65291891344101
              ],
              [
                107.44102281517124,
                56.65215205928631
              ],
              [
                107.4401660750203,
                56.65140745950107
              ],
              [
                107.43924407498164,
                56.65068690653199
              ],
              [
                107.4382590380781,
                56.6499921348386
              ],
              [
                107.43721333867819,
                56.64932481672851
              ],
              [
                107.43610949676322,
                56.648686558342646
              ],
              [
                107.43495017184888,
                56.648078895800204
              ],
              [
                107.43373815657574,
                56.64750329151253
              ],
              [
                107.43247636998424,
                56.6469611306744
              ],
              [
                107.43116785049035,
                56.64645371794133
              ],
              [
                107.42981574857863,
                56.645982274300486
              ],
              [
                107.42842331923035,
                56.645547934142954
              ],
              [
                107.42699391410461,
                56.64515174254378
              ],
              [
                107.42553097349109,
                56.64479465275682
              ],
              [
                107.4240380180536,
                56.64447752392978
              ],
              [
                107.42251864038394,
                56.64420111904523
              ],
              [
                107.42097649638626,
                56.64396610309213
              ],
              [
                107.41941529651201,
                56.643773041472464
              ],
              [
                107.41783879686645,
                56.64362239864655
              ],
              [
                107.41625079020756,
                56.64351453702025
              ],
              [
                107.41465509685862,
                56.64344971607683
              ],
              [
                107.413055555556,
                56.6434280917553
              ],
              [
                107.41145601425337,
                56.64344971607683
              ],
              [
                107.40986032090444,
                56.64351453702025
              ],
              [
                107.40827231424555,
                56.64362239864655
              ],
              [
                107.40669581459998,
                56.643773041472464
              ],
              [
                107.40513461472574,
                56.64396610309213
              ],
              [
                107.40359247072806,
                56.64420111904523
              ],
              [
                107.40207309305842,
                56.64447752392978
              ],
              [
                107.4005801376209,
                56.64479465275682
              ],
              [
                107.3991171970074,
                56.64515174254378
              ],
              [
                107.39768779188165,
                56.645547934142954
              ],
              [
                107.39629536253337,
                56.645982274300486
              ],
              [
                107.39494326062164,
                56.64645371794133
              ],
              [
                107.39363474112776,
                56.6469611306744
              ],
              [
                107.39237295453626,
                56.64750329151253
              ],
              [
                107.39116093926312,
                56.648078895800204
              ],
              [
                107.39000161434878,
                56.648686558342646
              ],
              [
                107.38889777243381,
                56.64932481672851
              ],
              [
                107.3878520730339,
                56.6499921348386
              ],
              [
                107.38686703613035,
                56.65068690653199
              ],
              [
                107.3859450360917,
                56.65140745950107
              ],
              [
                107.38508829594078,
                56.65215205928631
              ],
              [
                107.3842988819817,
                56.65291891344101
              ],
              [
                107.38357869879955,
                56.65370617583643
              ],
              [
                107.38292948464486,
                56.65451195109681
              ],
              [
                107.38235280721477,
                56.65533429915389
              ],
              [
                107.38185005984086,
                56.656171239909945
              ],
              [
                107.3814224580935,
                56.657020757998254
              ],
              [
                107.381071036811,
                56.65788080762968
              ],
              [
                107.38079664756133,
                56.658749317513696
              ],
              [
                107.38059995654282,
                56.659624195842014
              ],
              [
                107.38048144292966,
                56.66050333532307
              ],
              [
                107.38044139766602,
                56.661384618255155
              ],
              [
                107.38047992271298,
                56.662265921625924
              ],
              [
                107.38059693074997,
                56.663145122226176
              ],
              [
                107.38079214533232,
                56.66402010176561
              ],
              [
                107.38106510150475,
                56.66488875197791
              ],
              [
                107.38141514687018,
                56.6657489797034
              ],
              [
                107.3818414431115,
                56.66659871193638
              ],
              [
                107.38234296796313,
                56.66743590082538
              ],
              [
                107.38291851762827,
                56.668258528614054
              ],
              [
                107.3835667096363,
                56.66906461251069
              ],
              [
                107.38428598613392,
                56.66985220947469
              ],
              [
                107.38507461760244,
                56.67061942090824
              ],
              [
                107.3859307069927,
                56.67136439724179
              ],
              [
                107.38685219426768,
                56.67208534240227
              ],
              [
                107.38783686134275,
                56.672780518153154
              ],
              [
                107.38888233741108,
                56.673448248295514
              ],
              [
                107.38998610464215,
                56.67408692272037
              ],
              [
                107.39114550423955,
                56.67469500130182
              ],
              [
                107.39235774284347,
                56.675271017621824
              ],
              [
                107.3936198992627,
                56.67581358251752
              ],
              [
                107.39492893151963,
                56.67632138744211
              ],
              [
                107.39628168419152,
                56.67679320763134
              ],
              [
                107.39767489602993,
                56.67722790506785
              ],
              [
                107.39910520783994,
                56.67762443123576
              ],
              [
                107.40056917060004,
                56.67798182965912
              ],
              [
                107.4020632538026,
                56.6782992382179
              ],
              [
                107.40358385399476,
                56.67857589123554
              ],
              [
                107.40512730349887,
                56.67881112133344
              ],
              [
                107.40668987929071,
                56.67900436104727
              ],
              [
                107.40826781201419,
                56.67915514420158
              ],
              [
                107.40985729510997,
                56.67926310703906
              ],
              [
                107.41145449403588,
                56.67932798910171
              ],
              [
                107.413055555556,
                56.679349633861946
              ],
              [
                107.41465661707613,
                56.679327989101715
              ],
              [
                107.41625381600203,
                56.67926310703906
              ],
              [
                107.41784329909781,
                56.67915514420159
              ],
              [
                107.41942123182129,
                56.67900436104727
              ],
              [
                107.42098380761313,
                56.67881112133344
              ],
              [
                107.42252725711724,
                56.67857589123554
              ],
              [
                107.42404785730942,
                56.6782992382179
              ],
              [
                107.42554194051196,
                56.67798182965912
              ],
              [
                107.42700590327208,
                56.67762443123575
              ],
              [
                107.42843621508209,
                56.67722790506785
              ],
              [
                107.42982942692049,
                56.67679320763134
              ],
              [
                107.43118217959237,
                56.676321387442094
              ],
              [
                107.43249121184931,
                56.67581358251752
              ],
              [
                107.43375336826853,
                56.675271017621824
              ],
              [
                107.43496560687247,
                56.674695001301814
              ],
              [
                107.43612500646985,
                56.67408692272037
              ],
              [
                107.43722877370094,
                56.673448248295514
              ],
              [
                107.43827424976925,
                56.672780518153154
              ],
              [
                107.43925891684432,
                56.67208534240227
              ],
              [
                107.44018040411932,
                56.67136439724178
              ],
              [
                107.44103649350956,
                56.67061942090824
              ],
              [
                107.44182512497808,
                56.66985220947469
              ],
              [
                107.44254440147571,
                56.66906461251069
              ],
              [
                107.44319259348374,
                56.66825852861405
              ],
              [
                107.44376814314887,
                56.66743590082538
              ],
              [
                107.4442696680005,
                56.666598711936395
              ],
              [
                107.44469596424182,
                56.6657489797034
              ],
              [
                107.44504600960725,
                56.66488875197791
              ],
              [
                107.44531896577969,
                56.66402010176561
              ],
              [
                107.44551418036203,
                56.663145122226176
              ],
              [
                107.44563118839902,
                56.662265921625924
              ],
              [
                107.44566971344598,
                56.661384618255155
              ],
              [
                107.44562966818233,
                56.66050333532307
              ],
              [
                107.44551115456918,
                56.659624195842014
              ],
              [
                107.44531446355069,
                56.658749317513696
              ]
            ]
          ],
          [
            [
              [
                107.63055555555555,
                56.99
              ],
              [
                107.64805555555556,
                56.79388888888889
              ],
              [
                107.54861111111111,
                56.39861111111111
              ],
              [
                107.49527600178425,
                57.309671751339984
              ],
              [
                107.4936466309433,
                57.30911386895326
              ],
              [
                107.49152039064944,
                57.30846257335159
              ],
              [
                107.48933773076028,
                57.30786848522915
              ],
              [
                107.4871039018052,
                57.30733303301306
              ],
              [
                107.48482427660853,
                57.3068575040874
              ],
              [
                107.4825043374292,
                57.3064430417164
              ],
              [
                107.48014966284545,
                57.30609064231258
              ],
              [
                107.47776591441506,
                57.305801153056116
              ],
              [
                107.47535882314251,
                57.30557526987098
              ],
              [
                107.4729341757844,
                57.30541353576267
              ],
              [
                107.4704978010253,
                57.30531633952125
              ],
              [
                107.468055555556,
                57.30528391479276
              ],
              [
                107.46561331008672,
                57.30531633952125
              ],
              [
                107.46317693532762,
                57.30541353576267
              ],
              [
                107.46075228796951,
                57.30557526987098
              ],
              [
                107.45834519669697,
                57.305801153056116
              ],
              [
                107.45596144826658,
                57.30609064231258
              ],
              [
                107.45360677368282,
                57.3064430417164
              ],
              [
                107.45128683450348,
                57.3068575040874
              ],
              [
                107.44900720930683,
                57.30733303301306
              ],
              [
                107.44677338035174,
                57.30786848522915
              ],
              [
                107.44459072046259,
                57.30846257335159
              ],
              [
                107.44246448016871,
                57.30911386895326
              ],
              [
                107.44039977512968,
                57.30982080597834
              ],
              [
                107.43840157387498,
                57.31058168448674
              ],
              [
                107.43647468588775,
                57.31139467471904
              ],
              [
                107.4346237500603,
                57.31225782147341
              ],
              [
                107.43285322354913,
                57.31316904878342
              ],
              [
                107.43116737105586,
                57.314126164886225
              ],
              [
                107.4295702545596,
                57.31512686746952
              ],
              [
                107.42806572352562,
                57.3161687491846
              ],
              [
                107.42665740561408,
                57.31724930341289
              ],
              [
                107.42534869791076,
                57.318365930272265
              ],
              [
                107.42414275870208,
                57.31951594284888
              ],
              [
                107.42304249981372,
                57.320696573640035
              ],
              [
                107.42205057953261,
                57.32190498119254
              ],
              [
                107.42116939612924,
                57.32313825692129
              ],
              [
                107.42040108199714,
                57.32439343209137
              ],
              [
                107.41974749842404,
                57.32566748494753
              ],
              [
                107.41921023100856,
                57.32695734797389
              ],
              [
                107.418790585734,
                57.3282599152665
              ],
              [
                107.41848958571009,
                57.329572050001445
              ],
              [
                107.41830796859138,
                57.33089059198025
              ],
              [
                107.41824618467975,
                57.33221236523493
              ],
              [
                107.41830439571666,
                57.333534185674054
              ],
              [
                107.41848247436934,
                57.33485286875183
              ],
              [
                107.41878000441318,
                57.33616523714135
              ],
              [
                107.41919628161139,
                57.337468128394
              ],
              [
                107.41973031529058,
                57.33875840256591
              ],
              [
                107.42038083061009,
                57.340032949793596
              ],
              [
                107.42114627152023,
                57.34128869780011
              ],
              [
                107.4220248044039,
                57.34252261931349
              ],
              [
                107.42301432239357,
                57.343731739379606
              ],
              [
                107.42411245035413,
                57.3449131425514
              ],
              [
                107.42531655052065,
                57.346063979937306
              ],
              [
                107.42662372877845,
                57.34718147609126
              ],
              [
                107.42803084157059,
                57.348262935727625
              ],
              [
                107.42953450341726,
                57.34930575024472
              ],
              [
                107.43113109502913,
                57.35030740404057
              ],
              [
                107.43281677199592,
                57.35126548060579
              ],
              [
                107.43458747402897,
                57.352177668378275
              ],
              [
                107.43643893473639,
                57.35304176634546
              ],
              [
                107.43836669190686,
                57.35385568938016
              ],
              [
                107.44036609827741,
                57.354617473297125
              ],
              [
                107.44243233275903,
                57.355325279617404
              ],
              [
                107.44456041209288,
                57.35597740002906
              ],
              [
                107.44674520290853,
                57.356572260532936
              ],
              [
                107.44898143415458,
                57.35710842526343
              ],
              [
                107.45126370987138,
                57.35758459997454
              ],
              [
                107.45358652227402,
                57.35799963518274
              ],
              [
                107.45594426511354,
                57.35835252895879
              ],
              [
                107.45833124728314,
                57.35864242936143
              ],
              [
                107.46074170663562,
                57.35886863650709
              ],
              [
                107.46316982397786,
                57.359030604270366
              ],
              [
                107.46560973720742,
                57.35912794161098
              ],
              [
                107.468055555556,
                57.35916041352401
              ],
              [
                107.47050137390461,
                57.35912794161098
              ],
              [
                107.47294128713416,
                57.359030604270366
              ],
              [
                107.47536940447641,
                57.35886863650709
              ],
              [
                107.47777986382889,
                57.35864242936143
              ],
              [
                107.48016684599848,
                57.35835252895879
              ],
              [
                107.48252458883799,
                57.35799963518274
              ],
              [
                107.48484740124064,
                57.35758459997454
              ],
              [
                107.48712967695744,
                57.35710842526343
              ],
              [
                107.48936590820348,
                57.356572260532936
              ],
              [
                107.49155069901914,
                57.35597740002906
              ],
              [
                107.49258371846221,
                57.35566084554082
              ],
              [
                107.4875,
                57.442499999999995
              ],
              [
                107.67805555555556,
                57.346944444444446
              ],
              [
                107.56222222222222,
                57.177499999999995
              ],
              [
                107.63055555555555,
                56.99
              ]
            ]
          ]
        ],
        "meta": {
          "shape": "polygon"
        }
      },
      "properties": {
        "title": "L0956/26 for Irkutsk International Airport",
        "text": "From: 2026-10-10 00:00:00+00:00\nTo: 2026-10-15 13:00:00+00:00\n\nAIRSPACE CLSD AS FLW:\n\n1. AREA: 572633N1072915E-572049N1074041E-571039N1073344E-\n\n         565924N1073750E-564738N1073853E-562355N1073255E\n\n   850M AMSL-1800M AMSL.\n\n2. Within CIRCLE RADIUS 3KM CENTRE 571956N1072805E\n\n   SFC-1800M AMSL.\n\n3. Within CIRCLE RADIUS 2KM CENTRE 553939N1072034E\n\n   SFC-1800M AMSL.\n\n4. Within CIRCLE RADIUS 2KM CENTRE 555121N1072729E\n\n   SFC-1800M AMSL.\n\n5. Within CIRCLE RADIUS 2KM CENTRE 563941N1072447E\n\n   SFC-1800M AMSL.\n\n6. Within CIRCLE RADIUS 2KM CENTRE 565900N1073519E\n\n   SFC-1800M AMSL.\n\n7. Within CIRCLE RADIUS 2KM CENTRE 570251N1073248E\n\n   SFC-1800M AMSL."
      }
    },
    {
      "type": "Feature",
      "geometry": {
        "type": "Polygon",
        "coordinates": [
          [
            [
              106.47055555555556,
              55.14944444444444
            ],
            [
              106.24027777777778,
              55.14944444444444
            ],
            [
              106.04027777777777,
              55.21333333333334
            ],
            [
              106.03888888888889,
              55.24777777777778
            ],
            [
              106.51416666666667,
              55.39694444444444
            ],
            [
              106.53777777777778,
              55.44166666666666
            ],
            [
              106.75305555555556,
              55.470555555555556
            ],
            [
              107.09833333333333,
              55.43333333333333
            ],
            [
              107.09638888888888,
              55.37916666666667
            ],
            [
              106.84416666666667,
              55.176944444444445
            ],
            [
              106.47055555555556,
              55.14944444444444
            ]
          ]
        ],
        "meta": {
          "shape": "polygon"
        }
      },
      "properties": {
        "title": "L0957/26 for Irkutsk International Airport",
        "text": "From: 2026-10-10 00:00:00+00:00\nTo: 2026-10-15 13:00:00+00:00\n\nAIRSPACE CLSD AS FLW:\n\n1. AREA: 552600N1070554E-552814N1064511E-552630N1063216E-\n\n         552349N1063051E-551452N1060220E-551248N1060225E-\n\n         550858N1061425E-550858N1062814E-551037N1065039E-\n\n         552245N1070547E-552600N1070554E\n\n   1100M AMSL-1900M AMSL.\n\n2. Within CIRCLE RADIUS 2KM CENTRE 551346N1060437E\n\n   SFC-1900M AMSL.\n\n3. Within CIRCLE RADIUS 2KM CENTRE 552700N1064519E\n\n   SFC-1900M AMSL.\n\n4. Within CIRCLE RADIUS 2KM CENTRE 552518N1063349E\n\n   SFC-1900M AMSL.\n\n5. Within CIRCLE RADIUS 2KM CENTRE 552447N1064955E\n\n   SFC-1900M AMSL.\n\n6. Within CIRCLE RADIUS 2KM CENTRE 552419N1063808E\n\n   SFC-1900M AMSL.\n\n7. Within CIRCLE RADIUS 2KM CENTRE 552208N1064221E\n\n   SFC-1900M AMSL."
      }
    },
    {
      "type": "Feature",
      "geometry": {
        "type": "Polygon",
        "coordinates": [
          [
            [
              109.41972222222223,
              58.526944444444446
            ],
            [
              110.0213888888889,
              58.83972222222222
            ],
            [
              110.11638888888888,
              58.777499999999996
            ],
            [
              109.63083333333333,
              58.51416666666667
            ],
            [
              109.47916666666667,
              58.48777777777778
            ],
            [
              109.22611111111111,
              58.29833333333333
            ],
            [
              109.01055555555556,
              58.209722222222226
            ],
            [
              108.93555555555555,
              58.20611111111111
            ],
            [
              108.62222222222222,
              58.04194444444444
            ],
            [
              108.31194444444444,
              57.75222222222222
            ],
            [
              108.07388888888889,
              57.81222222222222
            ],
            [
              107.63111111111111,
              57.61638888888889
            ],
            [
              107.5975,
              57.38777777777778
            ],
            [
              107.4875,
              57.44277777777778
            ],
            [
              107.54027777777777,
              57.646388888888886
            ],
            [
              108.97111111111111,
              58.323055555555555
            ],
            [
              109.41972222222223,
              58.526944444444446
            ]
          ]
        ],
        "meta": {
          "shape": "polygon"
        }
      },
      "properties": {
        "title": "L0963/26 for Irkutsk International Airport",
        "text": "From: 2026-10-10 00:00:00+00:00\nTo: 2026-10-15 13:00:00+00:00\n\nAIRSPACE CLSD AS FLW:\n\n1. AREA: 572634N1072915E-573847N1073225E-581923N1085816E-\n\n         583137N1092511E-585023N1100117E-584639N1100659E-\n\n         583051N1093751E-582916N1092845E-581754N1091334E-\n\n         581235N1090038E-581222N1085608E-580231N1083720E-\n\n         574508N1081843E-574844N1080426E-573659N1073752E-\n\n         572316N1073551E-572634N1072915E\n\n   700M AMSL-1200M AMSL.\n\n2. Within CIRCLE RADIUS 2KM CENTRE 575535N1082656E\n\n   SFC-1200M AMSL.\n\n3. Within CIRCLE RADIUS 2KM CENTRE 580704N1083908E\n\n   SFC-1200M AMSL.\n\n4. Within CIRCLE RADIUS 2KM CENTRE 575748N1082342E\n\n   SFC-1200M AMSL.\n\n5. Within CIRCLE RADIUS 1KM CENTRE 581311N1085854E\n\n   SFC-1200M AMSL.\n\n6. Within CIRCLE RADIUS 2KM CENTRE 581620N1090614E\n\n   SFC-1200M AMSL.\n\n7. Within CIRCLE RADIUS 2KM CENTRE 574641N1081750E\n\n   SFC-1200M AMSL."
      }
    },
    {
      "type": "Feature",
      "geometry": {
        "type": "Polygon",
        "coordinates": [
          [
            [
              103.69050692358759,
              52.62112883602542
            ],
            [
              103.688333333333,
              52.62109638238994
            ],
            [
              103.68615974307842,
              52.62112883602542
            ],
            [
              103.68399137956408,
              52.62122611889092
            ],
            [
              103.68183345703106,
              52.621387997050384
            ],
            [
              103.67969116475138,
              52.621614081231954
            ],
            [
              103.67826541534144,
              52.62180880381815
            ],
            [
              103.66583333333334,
              52.62222222222222
            ],
            [
              103.38388888888889,
              52.815
            ],
            [
              103.335,
              52.8975
            ],
            [
              103.29527777777777,
              52.9
            ],
            [
              103.29507734164753,
              52.906814828428416
            ],
            [
              103.29502013734373,
              52.907013907294164
            ],
            [
              103.29493068840308,
              52.907451633030036
            ],
            [
              103.29487687139198,
              52.90789148499899
            ],
            [
              103.29485881703819,
              52.908332403607254
            ],
            [
              103.29487656992471,
              52.908773326659464
            ],
            [
              103.29493008837183,
              52.909213191917516
            ],
            [
              103.29499712138742,
              52.90954231727204
            ],
            [
              103.29472222222222,
              52.91888888888889
            ],
            [
              102.98222222222222,
              53.075
            ],
            [
              102.89305555555556,
              53.07416666666667
            ],
            [
              102.90277777777779,
              53.10944444444445
            ],
            [
              102.76277777777777,
              53.27611111111111
            ],
            [
              102.73805555555556,
              53.32833333333333
            ],
            [
              102.63722222222223,
              53.39111111111111
            ],
            [
              102.69944444444445,
              53.41277777777778
            ],
            [
              102.82888888888888,
              53.325
            ],
            [
              102.82833333333333,
              53.28361111111111
            ],
            [
              103.00611111111111,
              53.12083333333334
            ],
            [
              103.09416666666667,
              53.114444444444445
            ],
            [
              103.07555555555555,
              53.07611111111112
            ],
            [
              103.35138888888888,
              52.948611111111106
            ],
            [
              103.71734089791934,
              52.668432786103246
            ],
            [
              103.71811376021338,
              52.668027165160204
            ],
            [
              103.71968948302442,
              52.66711434836357
            ],
            [
              103.72118956761452,
              52.66615560722698
            ],
            [
              103.7226104006362,
              52.66515325435654
            ],
            [
              103.7239485606108,
              52.664109707394275
            ],
            [
              103.72520082615722,
              52.663027483166005
            ],
            [
              103.7263641837295,
              52.661909191590844
            ],
            [
              103.72743583484501,
              52.66075752936721
            ],
            [
              103.7275565007803,
              52.66061156794376
            ],
            [
              103.78277777777778,
              52.61833333333333
            ],
            [
              103.69363120184914,
              52.62129782754474
            ],
            [
              103.69267528710193,
              52.62122611889092
            ],
            [
              103.69050692358759,
              52.62112883602542
            ]
          ]
        ],
        "meta": {
          "shape": "polygon"
        }
      },
      "properties": {
        "title": "L0969/26 for Irkutsk International Airport",
        "text": "From: 2026-10-09 00:00:00+00:00\nTo: 2026-10-14 03:00:00+00:00\n\nAIRSPACE CLSD AS FLW:\n\n1. AREA: 530634N1025410E-530427N1025335E-530430N1025856E-\n\n         525508N1031741E-525400N1031743E-525351N1032006E-\n\n         524854N1032302E-523720N1033957E-523706N1034658E-\n\n         525655N1032105E-530434N1030432E-530652N1030539E-\n\n         530715N1030022E-531701N1024942E-531930N1024944E-\n\n         532446N1024158E-532328N1023814E-531942N1024417E-\n\n         531634N1024546E-530634N1025410E\n\n   700M AMSL-900M AMSL.\n\n2. Within CIRCLE RADIUS 1KM CENTRE 530522N1030228E\n\n   SFC-900M AMSL.\n\n3. Within CIRCLE RADIUS 1KM CENTRE 530623N1030422E\n\n   SFC-900M AMSL.\n\n4. Within CIRCLE RADIUS 1KM CENTRE 530503N1025445E\n\n   SFC-900M AMSL.\n\n5. Within CIRCLE RADIUS 1KM CENTRE 530939N1025242E\n\n   SFC-900M AMSL.\n\n6. Within CIRCLE RADIUS 1KM CENTRE 531800N1024812E\n\n   SFC-900M AMSL.\n\n7. Within CIRCLE RADIUS 1KM CENTRE 525430N1031835E\n\n   SFC-900M AMSL.\n\n8. Within CIRCLE RADIUS 3KM CENTRE 523853N1034118E\n\n   SFC-900M AMSL."
      }
    },
    {
      "type": "Feature",
      "geometry": {
        "type": "Polygon",
        "coordinates": [
          [
            [
              102.56416666666667,
              53.469722222222224
            ],
            [
              102.60083333333333,
              53.48833333333334
            ],
            [
              102.58277777777778,
              53.4975
            ],
            [
              102.58999999999999,
              53.49944444444444
            ],
            [
              102.61444444444444,
              53.49055555555556
            ],
            [
              102.64972222222222,
              53.45277777777778
            ],
            [
              102.70027777777779,
              53.41361111111111
            ],
            [
              102.62222222222222,
              53.38666666666666
            ],
            [
              102.57111111111111,
              53.409444444444446
            ],
            [
              102.52972222222222,
              53.45027777777778
            ],
            [
              102.53777777777778,
              53.48166666666667
            ],
            [
              102.56416666666667,
              53.469722222222224
            ]
          ]
        ],
        "meta": {
          "shape": "polygon"
        }
      },
      "properties": {
        "title": "L0970/26 for Irkutsk International Airport",
        "text": "From: 2026-10-09 00:00:00+00:00\nTo: 2026-10-14 14:00:00+00:00\n\nAIRSPACE CLSD AS FLW:\n\n1. AREA: 532854N1023216E-532811N1023351E-532918N1023603E-\n\n         532951N1023458E-532958N1023524E-532926N1023652E-\n\n         532710N1023859E-532449N1024201E-532312N1023720E-\n\n         532434N1023416E-532701N1023147E-532854N1023216E\n\n   750M AMSL-1300M AMSL.\n\n2. Within CIRCLE RADIUS 1KM CENTRE 532533N1023900E\n\n   SFC-1300M AMSL."
      }
    },
    {
      "type": "Feature",
      "geometry": {
        "type": "Polygon",
        "coordinates": [
          [
            [
              98.59833333333333,
              55.34027777777778
            ],
            [
              98.5475,
              55.504444444444445
            ],
            [
              98.47583333333334,
              55.60277777777778
            ],
            [
              98.21833333333333,
              55.81333333333333
            ],
            [
              98.10388888888889,
              55.80027777777777
            ],
            [
              97.95972222222223,
              55.89611111111111
            ],
            [
              98.01,
              55.94194444444444
            ],
            [
              98.165,
              55.8975
            ],
            [
              98.36,
              55.79805555555556
            ],
            [
              98.56166666666667,
              55.64666666666667
            ],
            [
              98.66416666666667,
              55.658055555555556
            ],
            [
              98.67611111111111,
              55.64888888888889
            ],
            [
              98.64805555555556,
              55.580555555555556
            ],
            [
              98.69916666666667,
              55.355555555555554
            ],
            [
              98.79305555555555,
              55.27777777777778
            ],
            [
              98.82777777777777,
              55.21138888888889
            ],
            [
              98.81611111111111,
              55.153888888888886
            ],
            [
              98.85749999999999,
              55.000277777777775
            ],
            [
              99.01833333333333,
              54.888888888888886
            ],
            [
              98.96111111111111,
              54.86
            ],
            [
              98.78444444444445,
              54.984722222222224
            ],
            [
              98.59833333333333,
              55.34027777777778
            ]
          ]
        ],
        "meta": {
          "shape": "polygon"
        }
      },
      "properties": {
        "title": "L0972/26 for Irkutsk International Airport",
        "text": "From: 2026-10-09 00:00:00+00:00\nTo: 2026-10-14 14:00:00+00:00\n\nAIRSPACE CLSD AS FLW:\n\n1. AREA: 545136N0985740E-545320N0990106E-550001N0985127E-\n\n         550914N0984858E-551241N0984940E-551640N0984735E-\n\n         552120N0984157E-553450N0983853E-553856N0984034E-\n\n         553929N0983951E-553848N0983342E-554753N0982136E-\n\n         555351N0980954E-555631N0980036E-555346N0975735E-\n\n         554801N0980614E-554848N0981306E-553610N0982833E-\n\n         553016N0983251E-552025N0983554E-545905N0984704E-\n\n         545136N0985740E\n\n   850M AMSL-1400M AMSL.\n\n2. Within CIRCLE RADIUS 1KM CENTRE 553851N0983926E\n\n   SFC-1400M AMSL.\n\n3. Within CIRCLE RADIUS 1KM CENTRE 554837N0980638E\n\n   SFC-1400M AMSL.\n\n4. Within CIRCLE RADIUS 1KM CENTRE 551310N0984734E\n\n   SFC-1400M AMSL.\n\n5. Within CIRCLE RADIUS 1KM CENTRE 550252N0984907E\n\n   SFC-1400M AMSL.\n\n6. Within CIRCLE RADIUS 2KM CENTRE 545814N0985046E\n\n   SFC-1400M AMSL."
      }
    },
    {
      "type": "Feature",
      "geometry": {
        "type": "Polygon",
        "coordinates": [
          [
            [
              102.56388888888888,
              53.47027777777778
            ],
            [
              102.59972222222221,
              53.48833333333334
            ],
            [
              102.4875,
              53.54361111111111
            ],
            [
              102.46222222222222,
              53.57527777777778
            ],
            [
              102.46583333333334,
              53.57888888888889
            ],
            [
              102.46416666666667,
              53.58527777777778
            ],
            [
              102.45722222222223,
              53.589444444444446
            ],
            [
              102.44972222222222,
              53.59055555555556
            ],
            [
              102.14222222222223,
              53.96805555555556
            ],
            [
              102.07027777777778,
              54.005
            ],
            [
              102.0025,
              54.04333333333333
            ],
            [
              101.84972222222221,
              54.16972222222222
            ],
            [
              101.69500000000001,
              54.265
            ],
            [
              101.5325,
              54.35277777777778
            ],
            [
              101.29583333333333,
              54.44222222222222
            ],
            [
              100.87722222222222,
              54.53333333333333
            ],
            [
              100.72416666666666,
              54.62694444444445
            ],
            [
              100.25694444444444,
              54.64333333333333
            ],
            [
              99.75833333333334,
              54.692499999999995
            ],
            [
              99.59777777777778,
              54.769444444444446
            ],
            [
              99.15666666666667,
              54.89833333333333
            ],
            [
              102.56388888888888,
              53.47027777777778
            ]
          ]
        ],
        "meta": {
          "shape": "polygon"
        }
      },
      "properties": {
        "title": "L0979/26A02 for Irkutsk International Airport",
        "text": "From: 2026-10-09 00:00:00+00:00\nTo: 2026-10-14 14:00:00+00:00\n\nAIRSPACE CLSD Within:\n\n1. CIRCLE RADIUS 1KM CENTRE 545236N0990035E\n\n   SFC-1300M AMSL.\n\n2. CIRCLE RADIUS 1KM CENTRE 542847N1005128E\n\n   SFC-1300M AMSL.\n\n3. CIRCLE RADIUS 1KM CENTRE 542609N1011654E\n\n   SFC-1300M AMSL.\n\n4. CIRCLE RADIUS 1KM CENTRE 541507N1014012E\n\n   SFC-1300M AMSL.\n\n5. CIRCLE RADIUS 1KM CENTRE 535741N1015652E\n\n   SFC-1300M AMSL.\n\n6. CIRCLE RADIUS 1KM CENTRE 544649N0993017E\n\n   SFC-1300M AMSL.\n\n7. CIRCLE RADIUS 1KM CENTRE 533451N1022659E\n\n   SFC-1300M AMSL.\n\n8. CIRCLE RADIUS 1KM CENTRE 543915N0995436E\n\n   SFC-1300M AMSL.\n\n9. CIRCLE RADIUS 1KM CENTRE 543814N1000823E\n\n   SFC-1300M AMSL.\n\n10.AREA: 532813N1023350E-532918N1023559E-533237N1022915E-\n\n533431N1022744E-533444N1022757E-533507N1022751E-\n\n533522N1022726E-533526N1022659E-535805N1020832E-\n\n540018N1020413E-540236N1020009E-541011N1015059E-\n\n541554N1014142E-542110N1013157E-542632N1011745E-\n\n543200N1005238E-543737N1004327E-543836N1001525E-\n\n544133N0994530E-544610N0993552E-545354N0990924E-"
      }
    },
    {
      "type": "Feature",
      "geometry": {
        "type": "Polygon",
        "coordinates": [
          [
            [
              99.08956177499401,
              54.843142160240454
            ],
            [
              99.16722222222222,
              54.85861111111111
            ],
            [
              99.51694444444445,
              54.74722222222222
            ],
            [
              99.72944444444444,
              54.65611111111111
            ],
            [
              100.24083333333333,
              54.59777777777778
            ],
            [
              100.69944444444445,
              54.58444444444444
            ],
            [
              100.81416666666667,
              54.48694444444445
            ],
            [
              100.84166666666667,
              54.481388888888894
            ],
            [
              100.84305555555555,
              54.473333333333336
            ],
            [
              100.85972222222222,
              54.46944444444445
            ],
            [
              100.87388888888889,
              54.475
            ],
            [
              101.30888888888889,
              54.38361111111111
            ],
            [
              101.91861111111112,
              54.03194444444444
            ],
            [
              101.93055555555556,
              53.9525
            ],
            [
              102.07083333333333,
              53.930277777777775
            ],
            [
              102.44166666666668,
              53.52472222222222
            ],
            [
              102.56388888888888,
              53.47027777777778
            ],
            [
              99.08956177499401,
              54.843142160240454
            ]
          ]
        ],
        "meta": {
          "shape": "polygon"
        }
      },
      "properties": {
        "title": "L0979/26B02 for Irkutsk International Airport",
        "text": "From: 2026-10-09 00:00:00+00:00\nTo: 2026-10-14 14:00:00+00:00\n\n545147N0990221E-545320N0990107E-545136N0985740E-\n\n544953N0990150E-545131N0991002E-544450N0993101E-\n\n543922N0994346E-543552N1001427E-543504N1004158E-\n\n542913N1004851E-542853N1005030E-542824N1005035E-\n\n542810N1005135E-542830N1005226E-542301N1011832E-\n\n540155N1015507E-535709N1015550E-535549N1020415E-\n\n533129N1022630E-532813N1023350E\n\n750M AMSL-1300M AMSL."
      }
    },
    {
      "type": "Feature",
      "geometry": {
        "type": "Polygon",
        "coordinates": [
          [
            [
              115.16481946380618,
              58.52304523512345
            ],
            [
              115.16475551285303,
              58.52172371242834
            ],
            [
              115.16456769553973,
              58.52040542263418
            ],
            [
              115.16425647815784,
              58.519093541076764
            ],
            [
              115.16382262400845,
              58.51779122730419
            ],
            [
              115.16326719143285,
              58.51650161747376
            ],
            [
              115.16259153113668,
              58.51522781680861
            ],
            [
              115.16179728281433,
              58.513972892132145
            ],
            [
              115.16088637108408,
              58.51273986449779
            ],
            [
              115.15986100074372,
              58.51153170193198
            ],
            [
              115.15872365135992,
              58.510351312307534
            ],
            [
              115.15747707120497,
              58.50920153636427
            ],
            [
              115.15612427055638,
              58.50808514089365
            ],
            [
              115.15466851437624,
              58.50700481210326
            ],
            [
              115.15311331438893,
              58.50596314917732
            ],
            [
              115.15146242057608,
              58.50496265804777
            ],
            [
              115.14971981211072,
              58.50400574539133
            ],
            [
              115.14788968775169,
              58.50309471286609
            ],
            [
              115.14597645572252,
              58.502231751601535
            ],
            [
              115.14398472309861,
              58.501418936954856
            ],
            [
              115.14191928472846,
              58.5006582235456
            ],
            [
              115.13978511171558,
              58.4999514405809
            ],
            [
              115.13758733948802,
              58.499300287481425
            ],
            [
              115.13533125548449,
              58.49870632981889
            ],
            [
              115.13302228648561,
              58.49817099557442
            ],
            [
              115.13066598562038,
              58.49769557172637
            ],
            [
              115.12826801907845,
              58.497281201175696
            ],
            [
              115.12583415255922,
              58.496928880016085
            ],
            [
              115.12337023748958,
              58.49663945515487
            ],
            [
              115.12088219704222,
              58.49641362229085
            ],
            [
              115.11837601198752,
              58.496251924253066
            ],
            [
              115.11585770641145,
              58.49615474970485
            ],
            [
              115.113333333333,
              58.496122332215904
            ],
            [
              115.11080896025457,
              58.49615474970485
            ],
            [
              115.1082906546785,
              58.496251924253066
            ],
            [
              115.1057844696238,
              58.49641362229085
            ],
            [
              115.10329642917644,
              58.49663945515487
            ],
            [
              115.10083251410678,
              58.496928880016085
            ],
            [
              115.09839864758756,
              58.497281201175696
            ],
            [
              115.09600068104564,
              58.49769557172637
            ],
            [
              115.09364438018041,
              58.49817099557442
            ],
            [
              115.09133541118153,
              58.49870632981889
            ],
            [
              115.089079327178,
              58.499300287481425
            ],
            [
              115.08688155495044,
              58.4999514405809
            ],
            [
              115.08474738193756,
              58.50065822354561
            ],
            [
              115.08268194356741,
              58.501418936954856
            ],
            [
              115.08069021094349,
              58.502231751601535
            ],
            [
              115.07877697891433,
              58.50309471286609
            ],
            [
              115.0769468545553,
              58.50400574539133
            ],
            [
              115.07520424608994,
              58.50496265804777
            ],
            [
              115.07355335227709,
              58.50596314917732
            ],
            [
              115.07199815228977,
              58.50700481210326
            ],
            [
              115.07054239610966,
              58.508085140893634
            ],
            [
              115.06918959546105,
              58.50920153636427
            ],
            [
              115.0679430153061,
              58.510351312307534
            ],
            [
              115.0668056659223,
              58.51153170193198
            ],
            [
              115.06578029558194,
              58.51273986449778
            ],
            [
              115.06486938385169,
              58.513972892132145
            ],
            [
              115.06407513552934,
              58.51522781680861
            ],
            [
              115.06339947523315,
              58.51650161747376
            ],
            [
              115.06284404265756,
              58.51779122730419
            ],
            [
              115.06241018850817,
              58.519093541076764
            ],
            [
              115.06209897112629,
              58.52040542263418
            ],
            [
              115.06191115381299,
              58.52172371242834
            ],
            [
              115.06184720285984,
              58.52304523512345
            ],
            [
              115.06190728629257,
              58.524366807240256
            ],
            [
              115.06209127333169,
              58.525685244823585
            ],
            [
              115.06239873457324,
              58.526997371114355
            ],
            [
              115.06282894288971,
              58.52830002420754
            ],
            [
              115.06338087505112,
              58.52959006467803
            ],
            [
              115.06405321406274,
              58.53086438315536
            ],
            [
              115.06484435221586,
              58.532119907829355
            ],
            [
              115.06575239484481,
              58.53335361186829
            ],
            [
              115.06677516478285,
              58.534562520731576
            ],
            [
              115.06791020750653,
              58.5357437193592
            ],
            [
              115.06915479695807,
              58.536894359220184
            ],
            [
              115.07050594203155,
              58.538011665203086
            ],
            [
              115.07196039370896,
              58.53909294233158
            ],
            [
              115.07351465282915,
              58.54013558228846
            ],
            [
              115.07516497847152,
              58.54113706973243
            ],
            [
              115.07690739693498,
              58.54209498839175
            ],
            [
              115.07873771129056,
              58.54300702691995
            ],
            [
              115.08065151148502,
              58.54387098449919
            ],
            [
              115.08264418497133,
              58.544684776177256
            ],
            [
              115.08471092784,
              58.54544643792517
            ],
            [
              115.08684675642459,
              58.546154131402844
            ],
            [
              115.08904651935302,
              58.54680614842084
            ],
            [
              115.09130491001504,
              58.54740091508742
            ],
            [
              115.09361647941573,
              58.54793699563028
            ],
            [
              115.09597564938278,
              58.54841309588382
            ],
            [
              115.09837672609552,
              58.548828066432876
            ],
            [
              115.10081391390187,
              58.549180905405485
            ],
            [
              115.10328132938912,
              58.54947076090743
            ],
            [
              115.10577301567356,
              58.54969693309265
            ],
            [
              115.10828295687338,
              58.54985887586421
            ],
            [
              115.11080509272878,
              58.54995619820189
            ],
            [
              115.113333333333,
              58.54998866511262
            ],
            [
              115.11586157393724,
              58.54995619820189
            ],
            [
              115.11838370979264,
              58.54985887586421
            ],
            [
              115.12089365099246,
              58.54969693309264
            ],
            [
              115.1233853372769,
              58.54947076090743
            ],
            [
              115.12585275276415,
              58.549180905405485
            ],
            [
              115.1282899405705,
              58.548828066432876
            ],
            [
              115.13069101728324,
              58.54841309588382
            ],
            [
              115.13305018725029,
              58.54793699563028
            ],
            [
              115.13536175665097,
              58.54740091508742
            ],
            [
              115.137620147313,
              58.54680614842084
            ],
            [
              115.13981991024143,
              58.546154131402844
            ],
            [
              115.14195573882601,
              58.54544643792517
            ],
            [
              115.14402248169469,
              58.544684776177256
            ],
            [
              115.146015155181,
              58.543870984499186
            ],
            [
              115.14792895537546,
              58.54300702691995
            ],
            [
              115.14975926973104,
              58.54209498839175
            ],
            [
              115.1515016881945,
              58.54113706973243
            ],
            [
              115.15315201383687,
              58.54013558228846
            ],
            [
              115.15470627295706,
              58.53909294233158
            ],
            [
              115.15616072463447,
              58.538011665203086
            ],
            [
              115.15751186970793,
              58.536894359220184
            ],
            [
              115.15875645915946,
              58.53574371935922
            ],
            [
              115.15989150188317,
              58.53456252073159
            ],
            [
              115.16091427182121,
              58.53335361186829
            ],
            [
              115.16182231445016,
              58.532119907829355
            ],
            [
              115.16261345260328,
              58.53086438315536
            ],
            [
              115.1632857916149,
              58.52959006467803
            ],
            [
              115.16383772377631,
              58.52830002420754
            ],
            [
              115.16426793209278,
              58.526997371114355
            ],
            [
              115.16457539333432,
              58.525685244823585
            ],
            [
              115.16475938037345,
              58.524366807240256
            ],
            [
              115.16481946380618,
              58.52304523512345
            ]
          ]
        ],
        "meta": {
          "shape": "circle"
        }
      },
      "properties": {
        "title": "L0980/26 for Irkutsk International Airport",
        "text": "From: 2026-10-08 03:00:00+00:00\nTo: 2026-10-13 11:00:00+00:00\n\nAIRSPACE CLSD Within CIRCLE RADIUS 3KM CENTRE 583123N1150648E."
      }
    },
    {
      "type": "Feature",
      "geometry": {
        "type": "Polygon",
        "coordinates": [
          [
            [
              115.58870365982482,
              58.73943981865216
            ],
            [
              115.58866118638613,
              58.738558827811985
            ],
            [
              115.5885356189898,
              58.7376799814272
            ],
            [
              115.58832726637416,
              58.7368053964747
            ],
            [
              115.58803663659228,
              58.73593717950838
            ],
            [
              115.58766443572931,
              58.7350774215881
            ],
            [
              115.58721156614426,
              58.73422819324756
            ],
            [
              115.58667912424146,
              58.73339153951281
            ],
            [
              115.58606839777717,
              58.7325694749838
            ],
            [
              115.58538086270886,
              58.731763978990365
            ],
            [
              115.5846181795944,
              58.73097699083445
            ],
            [
              115.58378218955129,
              58.73021040512976
            ],
            [
              115.58287490978515,
              58.729466067250094
            ],
            [
              115.58189852869914,
              58.728745768897184
            ],
            [
              115.58085540059598,
              58.728051243798475
            ],
            [
              115.5797480399863,
              58.727384163545175
            ],
            [
              115.578579115516,
              58.72674613358053
            ],
            [
              115.57735144352883,
              58.72613868934764
            ],
            [
              115.57606798127856,
              58.72556329260607
            ],
            [
              115.57473181980784,
              58.72502132792602
            ],
            [
              115.5733461765107,
              58.724514099368264
            ],
            [
              115.57191438739632,
              58.724042827357806
            ],
            [
              115.57043989907291,
              58.72360864575836
            ],
            [
              115.56892626047035,
              58.72321259915507
            ],
            [
              115.56737711432193,
              58.72285564035138
            ],
            [
              115.56579618842461,
              58.72253862808621
            ],
            [
              115.56418728669935,
              58.72226232497684
            ],
            [
              115.56255428007186,
              58.722027395692045
            ],
            [
              115.56090109719607,
              58.72183440536038
            ],
            [
              115.55923171504134,
              58.7216838182166
            ],
            [
              115.55755014936655,
              58.72157599649007
            ],
            [
              115.55586044510268,
              58.721511199537346
            ],
            [
              115.554166666667,
              58.721489583221185
            ],
            [
              115.55247288823134,
              58.721511199537346
            ],
            [
              115.55078318396745,
              58.72157599649007
            ],
            [
              115.54910161829268,
              58.7216838182166
            ],
            [
              115.54743223613795,
              58.72183440536038
            ],
            [
              115.54577905326214,
              58.722027395692045
            ],
            [
              115.54414604663467,
              58.72226232497684
            ],
            [
              115.5425371449094,
              58.72253862808621
            ],
            [
              115.54095621901209,
              58.72285564035138
            ],
            [
              115.53940707286367,
              58.72321259915507
            ],
            [
              115.53789343426111,
              58.72360864575836
            ],
            [
              115.5364189459377,
              58.724042827357806
            ],
            [
              115.53498715682332,
              58.72451409936827
            ],
            [
              115.53360151352618,
              58.72502132792602
            ],
            [
              115.53226535205546,
              58.72556329260607
            ],
            [
              115.53098188980519,
              58.72613868934764
            ],
            [
              115.52975421781801,
              58.72674613358053
            ],
            [
              115.52858529334772,
              58.727384163545175
            ],
            [
              115.52747793273802,
              58.728051243798475
            ],
            [
              115.52643480463487,
              58.728745768897184
            ],
            [
              115.52545842354884,
              58.729466067250094
            ],
            [
              115.52455114378272,
              58.73021040512976
            ],
            [
              115.52371515373962,
              58.73097699083445
            ],
            [
              115.52295247062516,
              58.731763978990365
            ],
            [
              115.52226493555683,
              58.7325694749838
            ],
            [
              115.52165420909256,
              58.733391539512795
            ],
            [
              115.52112176718975,
              58.73422819324756
            ],
            [
              115.52066889760471,
              58.7350774215881
            ],
            [
              115.52029669674174,
              58.73593717950837
            ],
            [
              115.52000606695985,
              58.7368053964747
            ],
            [
              115.51979771434421,
              58.7376799814272
            ],
            [
              115.51967214694788,
              58.738558827811985
            ],
            [
              115.5196296735092,
              58.73943981865216
            ],
            [
              115.51967040264788,
              58.740320831645526
            ],
            [
              115.51979424254277,
              58.74119974427646
            ],
            [
              115.5200009010923,
              58.74207443893014
            ],
            [
              115.52028988655813,
              58.742942807996144
            ],
            [
              115.52066050869077,
              58.74380275894984
            ],
            [
              115.52111188033528,
              58.744652219398496
            ],
            [
              115.52164291951327,
              58.74548914208077
            ],
            [
              115.52225235197747,
              58.746311509806574
            ],
            [
              115.52293871423238,
              58.747117340326106
            ],
            [
              115.52370035701493,
              58.747904691115785
            ],
            [
              115.52453544922662,
              58.74867166406953
            ],
            [
              115.52544198230841,
              58.74941641008414
            ],
            [
              115.5264177750482,
              58.750137133527325
            ],
            [
              115.52746047880925,
              58.750832096577774
            ],
            [
              115.5285675831677,
              58.75149962342659
            ],
            [
              115.52973642194546,
              58.752138104329525
            ],
            [
              115.53096417962405,
              58.75274599950073
            ],
            [
              115.53224789812454,
              58.75332184283787
            ],
            [
              115.53358448393637,
              58.753864245469735
            ],
            [
              115.53497071557892,
              58.754371899117864
            ],
            [
              115.53640325137694,
              58.754843579263415
            ],
            [
              115.53787863753126,
              58.75527814811211
            ],
            [
              115.5393933164654,
              58.75567455734934
            ],
            [
              115.54094363542714,
              58.7560318506793
            ],
            [
              115.54252585532464,
              58.75634916614144
            ],
            [
              115.54413615977502,
              58.75662573819851
            ],
            [
              115.54577066434355,
              58.75686089959157
            ],
            [
              115.54742542595038,
              58.757054082956806
            ],
            [
              115.54909645242199,
              58.75720482220041
            ],
            [
              115.55077971216389,
              58.75731275362817
            ],
            [
              115.55247114393023,
              58.757377616827114
            ],
            [
              115.554166666667,
              58.75739925529645
            ],
            [
              115.55586218940377,
              58.757377616827114
            ],
            [
              115.55755362117011,
              58.75731275362817
            ],
            [
              115.55923688091201,
              58.75720482220041
            ],
            [
              115.56090790738364,
              58.757054082956806
            ],
            [
              115.56256266899045,
              58.75686089959157
            ],
            [
              115.56419717355897,
              58.756625738198494
            ],
            [
              115.5658074780094,
              58.75634916614144
            ],
            [
              115.56738969790686,
              58.7560318506793
            ],
            [
              115.56894001686861,
              58.75567455734934
            ],
            [
              115.57045469580275,
              58.75527814811211
            ],
            [
              115.57193008195708,
              58.75484357926341
            ],
            [
              115.5733626177551,
              58.754371899117864
            ],
            [
              115.57474884939764,
              58.753864245469735
            ],
            [
              115.57608543520948,
              58.75332184283787
            ],
            [
              115.57736915370994,
              58.75274599950073
            ],
            [
              115.57859691138856,
              58.752138104329525
            ],
            [
              115.57976575016632,
              58.75149962342659
            ],
            [
              115.58087285452478,
              58.750832096577774
            ],
            [
              115.58191555828581,
              58.750137133527325
            ],
            [
              115.5828913510256,
              58.74941641008414
            ],
            [
              115.5837978841074,
              58.74867166406953
            ],
            [
              115.58463297631907,
              58.747904691115785
            ],
            [
              115.58539461910162,
              58.747117340326106
            ],
            [
              115.58608098135655,
              58.746311509806574
            ],
            [
              115.58669041382075,
              58.74548914208077
            ],
            [
              115.58722145299873,
              58.744652219398496
            ],
            [
              115.58767282464325,
              58.74380275894984
            ],
            [
              115.58804344677588,
              58.742942807996144
            ],
            [
              115.58833243224171,
              58.74207443893014
            ],
            [
              115.58853909079123,
              58.74119974427646
            ],
            [
              115.58866293068614,
              58.740320831645526
            ],
            [
              115.58870365982482,
              58.73943981865216
            ]
          ]
        ],
        "meta": {
          "shape": "circle"
        }
      },
      "properties": {
        "title": "L1038/26 for Irkutsk International Airport",
        "text": "From: 2026-10-07 04:00:00+00:00\nTo: 2026-10-12 13:00:00+00:00\n\nAIRSPACE CLSD Within CIRCLE RADIUS 2KM CENTRE 584422N1153315E."
      }
    },
    {
      "type": "Feature",
      "geometry": {
        "type": "Polygon",
        "coordinates": [
          [
            [
              115.1461717579226,
              58.70721760225798
            ],
            [
              115.14612932481887,
              58.706336606966524
            ],
            [
              115.14600387450082,
              58.70545775611318
            ],
            [
              115.14579571541107,
              58.704583166685865
            ],
            [
              115.14550535512315,
              58.70371494524977
            ],
            [
              115.14513349905998,
              58.70285518287628
            ],
            [
              115.14468104873744,
              58.702005950110625
            ],
            [
              115.14414909953804,
              58.701169291990645
            ],
            [
              115.14353893802003,
              58.700347223128084
            ],
            [
              115.14285203876963,
              58.69954172286459
            ],
            [
              115.1420900608038,
              58.698754730513954
            ],
            [
              115.14125484353306,
              58.69798814070162
            ],
            [
              115.14034840229428,
              58.697243798813076
            ],
            [
              115.13937292346466,
              58.69652349656158
            ],
            [
              115.13833075916877,
              58.695828967685905
            ],
            [
              115.1372244215919,
              58.6951618837884
            ],
            [
              115.13605657691345,
              58.69452385032311
            ],
            [
              115.13483003887517,
              58.69391640274363
            ],
            [
              115.13354776199975,
              58.69334100281964
            ],
            [
              115.13221283447623,
              58.69279903513108
            ],
            [
              115.13082847072933,
              58.69229180374801
            ],
            [
              115.12939800369031,
              58.691820529104085
            ],
            [
              115.12792487678827,
              58.6913863450713
            ],
            [
              115.12641263568044,
              58.69099029624243
            ],
            [
              115.12486491974157,
              58.690633335427925
            ],
            [
              115.12328545333243,
              58.69031632137311
            ],
            [
              115.12167803686813,
              58.690040016700884
            ],
            [
              115.12004653770737,
              58.689805086085116
            ],
            [
              115.11839488088415,
              58.68961209465856
            ],
            [
              115.116727039704,
              58.689461506659505
            ],
            [
              115.11504702622636,
              58.68935368432009
            ],
            [
              115.11335888165623,
              58.68928888699885
            ],
            [
              115.11166666666699,
              58.689267270559725
            ],
            [
              115.10997445167776,
              58.68928888699885
            ],
            [
              115.10828630710762,
              58.68935368432009
            ],
            [
              115.10660629362998,
              58.689461506659505
            ],
            [
              115.10493845244983,
              58.68961209465856
            ],
            [
              115.10328679562663,
              58.689805086085116
            ],
            [
              115.10165529646586,
              58.690040016700884
            ],
            [
              115.10004788000157,
              58.69031632137311
            ],
            [
              115.09846841359243,
              58.690633335427925
            ],
            [
              115.09692069765354,
              58.69099029624243
            ],
            [
              115.09540845654573,
              58.6913863450713
            ],
            [
              115.09393532964368,
              58.691820529104085
            ],
            [
              115.09250486260467,
              58.69229180374801
            ],
            [
              115.09112049885776,
              58.69279903513108
            ],
            [
              115.08978557133423,
              58.69334100281964
            ],
            [
              115.08850329445883,
              58.69391640274363
            ],
            [
              115.08727675642054,
              58.69452385032311
            ],
            [
              115.0861089117421,
              58.6951618837884
            ],
            [
              115.08500257416523,
              58.695828967685905
            ],
            [
              115.08396040986933,
              58.69652349656158
            ],
            [
              115.0829849310397,
              58.697243798813076
            ],
            [
              115.08207848980094,
              58.69798814070162
            ],
            [
              115.0812432725302,
              58.698754730513954
            ],
            [
              115.08048129456436,
              58.69954172286459
            ],
            [
              115.07979439531395,
              58.700347223128084
            ],
            [
              115.07918423379596,
              58.701169291990645
            ],
            [
              115.07865228459654,
              58.702005950110625
            ],
            [
              115.07819983427402,
              58.70285518287628
            ],
            [
              115.07782797821083,
              58.70371494524977
            ],
            [
              115.07753761792291,
              58.704583166685865
            ],
            [
              115.07732945883318,
              58.70545775611318
            ],
            [
              115.07720400851511,
              58.706336606966524
            ],
            [
              115.07716157541138,
              58.70721760225798
            ],
            [
              115.07720226803076,
              58.708098619674466
            ],
            [
              115.07732599462624,
              58.70897753668985
            ],
            [
              115.0775324633556,
              58.709852235679
            ],
            [
              115.07782118292438,
              58.7107206090216
            ],
            [
              115.07819146371071,
              58.711580564183365
            ],
            [
              115.0786424193694,
              58.712430028762334
            ],
            [
              115.07917296891245,
              58.71326695548826
            ],
            [
              115.07978183926097,
              58.714089327162526
            ],
            [
              115.08046756826347,
              58.71489516152726
            ],
            [
              115.08122850817311,
              58.71568251605109
            ],
            [
              115.08206282957642,
              58.716449492620676
            ],
            [
              115.08296852576422,
              58.71719424212581
            ],
            [
              115.08394341753458,
              58.71791496892769
            ],
            [
              115.08498515841664,
              58.718609935198884
            ],
            [
              115.08609124030282,
              58.71927746512469
            ],
            [
              115.08725899947616,
              58.71991594895555
            ],
            [
              115.08848562301846,
              58.720523846900655
            ],
            [
              115.08976815558351,
              58.72109969285298
            ],
            [
              115.0911035065199,
              58.72164209793713
            ],
            [
              115.09248845732522,
              58.72214975387073
            ],
            [
              115.09391966941455,
              58.72262143613139
            ],
            [
              115.09539369218349,
              58.72305600692156
            ],
            [
              115.09690697134722,
              58.723452417923816
            ],
            [
              115.09845585753386,
              58.72380971283974
            ],
            [
              115.10003661511256,
              58.72412702970645
            ],
            [
              115.10164543123358,
              58.724403602984765
            ],
            [
              115.10327842505869,
              58.724638765414035
            ],
            [
              115.10493165715944,
              58.72483194962901
            ],
            [
              115.10660113905959,
              58.72498268953469
            ],
            [
              115.10828284289856,
              58.72509062143602
            ],
            [
              115.10997271119231,
              58.72515548491934
            ],
            [
              115.11166666666699,
              58.72517712348352
            ],
            [
              115.11336062214168,
              58.72515548491934
            ],
            [
              115.11505049043544,
              58.72509062143602
            ],
            [
              115.1167321942744,
              58.72498268953469
            ],
            [
              115.11840167617456,
              58.72483194962901
            ],
            [
              115.12005490827529,
              58.72463876541406
            ],
            [
              115.12168790210043,
              58.72440360298478
            ],
            [
              115.12329671822143,
              58.72412702970645
            ],
            [
              115.12487747580013,
              58.72380971283974
            ],
            [
              115.12642636198677,
              58.723452417923816
            ],
            [
              115.12793964115049,
              58.72305600692156
            ],
            [
              115.12941366391945,
              58.72262143613139
            ],
            [
              115.13084487600877,
              58.72214975387073
            ],
            [
              115.1322298268141,
              58.72164209793713
            ],
            [
              115.13356517775048,
              58.72109969285298
            ],
            [
              115.13484771031554,
              58.720523846900655
            ],
            [
              115.13607433385782,
              58.71991594895555
            ],
            [
              115.13724209303118,
              58.71927746512469
            ],
            [
              115.13834817491735,
              58.718609935198884
            ],
            [
              115.13938991579941,
              58.71791496892769
            ],
            [
              115.14036480756978,
              58.71719424212581
            ],
            [
              115.14127050375757,
              58.716449492620676
            ],
            [
              115.14210482516089,
              58.7156825160511
            ],
            [
              115.14286576507051,
              58.71489516152726
            ],
            [
              115.14355149407302,
              58.71408932716254
            ],
            [
              115.14416036442154,
              58.71326695548826
            ],
            [
              115.14469091396458,
              58.712430028762334
            ],
            [
              115.14514186962327,
              58.71158056418335
            ],
            [
              115.1455121504096,
              58.7107206090216
            ],
            [
              115.14580086997839,
              58.709852235679
            ],
            [
              115.14600733870775,
              58.70897753668985
            ],
            [
              115.14613106530324,
              58.708098619674466
            ],
            [
              115.1461717579226,
              58.70721760225798
            ]
          ]
        ],
        "meta": {
          "shape": "circle"
        }
      },
      "properties": {
        "title": "L1039/26 for Irkutsk International Airport",
        "text": "From: 2026-10-07 04:00:00+00:00\nTo: 2026-10-12 13:00:00+00:00\n\nAIRSPACE CLSD Within CIRCLE RADIUS 2KM CENTRE 584226N1150642E."
      }
    },
    {
      "type": "Feature",
      "geometry": {
        "type": "Polygon",
        "coordinates": [
          [
            [
              114.65157781810728,
              58.555273185151634
            ],
            [
              114.65153557399489,
              58.554392168835605
            ],
            [
              114.65141067229496,
              58.55351329687684
            ],
            [
              114.6512034200647,
              58.55263868631559
            ],
            [
              114.65091432263043,
              58.5517704437703
            ],
            [
              114.6505440823121,
              58.55091066036649
            ],
            [
              114.65009359667494,
              58.55006140670428
            ],
            [
              114.64956395631314,
              58.54922472787679
            ],
            [
              114.64895644217113,
              58.54840263855148
            ],
            [
              114.64827252240967,
              58.54759711812582
            ],
            [
              114.64751384882469,
              58.54681010596938
            ],
            [
              114.64668225282794,
              58.546043496763126
            ],
            [
              114.64577974099932,
              58.5452991359476
            ],
            [
              114.64480849022225,
              58.54457881529041
            ],
            [
              114.64377084241401,
              58.54388426858381
            ],
            [
              114.64266929886377,
              58.54321716748253
            ],
            [
              114.6415065141923,
              58.54257911749168
            ],
            [
              114.64028528994832,
              58.54197165411432
            ],
            [
              114.63900856785641,
              58.5413962391679
            ],
            [
              114.6376794227331,
              58.54085425727813
            ],
            [
              114.63630105508861,
              58.540347012558634
            ],
            [
              114.63487678343078,
              58.53987572548439
            ],
            [
              114.63341003629111,
              58.53944152996608
            ],
            [
              114.63190434399054,
              58.53904547063245
            ],
            [
              114.6303633301656,
              58.53868850032704
            ],
            [
              114.6287907030743,
              58.53837147782521
            ],
            [
              114.62719024670295,
              58.53809516577674
            ],
            [
              114.62556581169449,
              58.53786022887897
            ],
            [
              114.62392130611997,
              58.53766723228483
            ],
            [
              114.62226068611508,
              58.53751664024923
            ],
            [
              114.62058794640346,
              58.537408815017216
            ],
            [
              114.61890711072935,
              58.537344015956684
            ],
            [
              114.617222222222,
              58.53732239893717
            ],
            [
              114.61553733371464,
              58.537344015956684
            ],
            [
              114.61385649804053,
              58.537408815017216
            ],
            [
              114.61218375832891,
              58.53751664024923
            ],
            [
              114.61052313832403,
              58.53766723228483
            ],
            [
              114.60887863274951,
              58.53786022887897
            ],
            [
              114.60725419774104,
              58.53809516577674
            ],
            [
              114.6056537413697,
              58.53837147782521
            ],
            [
              114.6040811142784,
              58.53868850032704
            ],
            [
              114.60254010045345,
              58.53904547063245
            ],
            [
              114.60103440815288,
              58.53944152996608
            ],
            [
              114.59956766101323,
              58.53987572548439
            ],
            [
              114.5981433893554,
              58.540347012558634
            ],
            [
              114.59676502171091,
              58.54085425727813
            ],
            [
              114.5954358765876,
              58.5413962391679
            ],
            [
              114.59415915449567,
              58.54197165411432
            ],
            [
              114.5929379302517,
              58.54257911749168
            ],
            [
              114.59177514558024,
              58.54321716748253
            ],
            [
              114.59067360202998,
              58.54388426858381
            ],
            [
              114.58963595422175,
              58.54457881529041
            ],
            [
              114.58866470344469,
              58.54529913594759
            ],
            [
              114.58776219161605,
              58.546043496763126
            ],
            [
              114.58693059561932,
              58.54681010596938
            ],
            [
              114.58617192203434,
              58.54759711812582
            ],
            [
              114.58548800227287,
              58.54840263855148
            ],
            [
              114.58488048813084,
              58.54922472787679
            ],
            [
              114.58435084776904,
              58.55006140670428
            ],
            [
              114.5839003621319,
              58.55091066036649
            ],
            [
              114.58353012181358,
              58.5517704437703
            ],
            [
              114.5832410243793,
              58.55263868631559
            ],
            [
              114.58303377214904,
              58.55351329687684
            ],
            [
              114.58290887044912,
              58.554392168835605
            ],
            [
              114.58286662633671,
              58.555273185151634
            ],
            [
              114.58290714780094,
              58.55615422346072
            ],
            [
              114.58303034344274,
              58.55703316118685
            ],
            [
              114.58323592263514,
              58.55790788065642
            ],
            [
              114.5835233961641,
              58.558776274202096
            ],
            [
              114.58389207734875,
              58.55963624924417
            ],
            [
              114.58434108363913,
              58.560485733336975
            ],
            [
              114.584869338688,
              58.56132267916815
            ],
            [
              114.58547557489224,
              58.56214506949889
            ],
            [
              114.58615833639834,
              58.56295092203286
            ],
            [
              114.58691598256495,
              58.56373829420214
            ],
            [
              114.58774669187498,
              58.564505287858644
            ],
            [
              114.5886484662878,
              58.565250053859316
            ],
            [
              114.5896191360217,
              58.56597079653444
            ],
            [
              114.59065636475515,
              58.56666577802749
            ],
            [
              114.59175765523503,
              58.5673333224965
            ],
            [
              114.59292035527764,
              58.567971820166505
            ],
            [
              114.59414166414936,
              58.56857973122303
            ],
            [
              114.5954186393107,
              58.569155589537246
            ],
            [
              114.59674820350777,
              58.56969800621356
            ],
            [
              114.59812715219465,
              58.570205672951104
            ],
            [
              114.59955216126758,
              58.57067736521063
            ],
            [
              114.60101979509349,
              58.57111194517934
            ],
            [
              114.6025265148121,
              58.57150836452597
            ],
            [
              114.6040686868923,
              58.57186566693989
            ],
            [
              114.6056425919215,
              58.57218299044733
            ],
            [
              114.60724443360607,
              58.572459569499685
            ],
            [
              114.60887034796183,
              58.57269473682816
            ],
            [
              114.6105164126707,
              58.572887925060705
            ],
            [
              114.6121786565817,
              58.57303866809682
            ],
            [
              114.61385306933214,
              58.57314660223722
            ],
            [
              114.61553561106541,
              58.57321146706518
            ],
            [
              114.617222222222,
              58.57323310607778
            ],
            [
              114.61890883337858,
              58.57321146706518
            ],
            [
              114.62059137511186,
              58.57314660223722
            ],
            [
              114.62226578786229,
              58.57303866809682
            ],
            [
              114.62392803177332,
              58.57288792506069
            ],
            [
              114.62557409648218,
              58.57269473682816
            ],
            [
              114.62720001083792,
              58.572459569499685
            ],
            [
              114.6288018525225,
              58.57218299044733
            ],
            [
              114.63037575755169,
              58.57186566693991
            ],
            [
              114.6319179296319,
              58.57150836452597
            ],
            [
              114.63342464935052,
              58.57111194517934
            ],
            [
              114.63489228317641,
              58.57067736521064
            ],
            [
              114.63631729224934,
              58.570205672951104
            ],
            [
              114.63769624093622,
              58.56969800621356
            ],
            [
              114.6390258051333,
              58.569155589537246
            ],
            [
              114.64030278029463,
              58.56857973122303
            ],
            [
              114.64152408916635,
              58.567971820166505
            ],
            [
              114.64268678920898,
              58.5673333224965
            ],
            [
              114.64378807968883,
              58.56666577802749
            ],
            [
              114.64482530842233,
              58.56597079653444
            ],
            [
              114.64579597815619,
              58.565250053859316
            ],
            [
              114.64669775256903,
              58.564505287858644
            ],
            [
              114.64752846187905,
              58.56373829420215
            ],
            [
              114.64828610804567,
              58.56295092203286
            ],
            [
              114.64896886955175,
              58.562145069498904
            ],
            [
              114.649575105756,
              58.56132267916815
            ],
            [
              114.65010336080486,
              58.560485733336975
            ],
            [
              114.65055236709526,
              58.55963624924417
            ],
            [
              114.6509210482799,
              58.558776274202096
            ],
            [
              114.65120852180885,
              58.55790788065644
            ],
            [
              114.65141410100128,
              58.55703316118685
            ],
            [
              114.65153729664304,
              58.55615422346072
            ],
            [
              114.65157781810728,
              58.555273185151634
            ]
          ]
        ],
        "meta": {
          "shape": "circle"
        }
      },
      "properties": {
        "title": "L1052/26 for Irkutsk International Airport",
        "text": "From: 2026-10-07 08:00:00+00:00\nTo: 2026-10-12 13:00:00+00:00\n\nAIRSPACE CLSD Within CIRCLE RADIUS 2KM CENTRE 583319N1143702E."
      }
    },
    {
      "type": "Feature",
      "geometry": {
        "type": "Polygon",
        "coordinates": [
          [
            [
              111.64854854890301,
              52.975824945404106
            ],
            [
              111.64849339240753,
              52.97450221834423
            ],
            [
              111.64833078971743,
              52.97318271779464
            ],
            [
              111.64806114229397,
              52.971869622110525
            ],
            [
              111.64768510928731,
              52.97056609393344
            ],
            [
              111.64720360585686,
              52.96927527257919
            ],
            [
              111.64661780087738,
              52.968000266484566
            ],
            [
              111.6459291140376,
              52.96674414573114
            ],
            [
              111.645139212339,
              52.96550993466375
            ],
            [
              111.64425000600407,
              52.96430060462165
            ],
            [
              111.6432636438044,
              52.96311906679936
            ],
            [
              111.64218250782095,
              52.96196816525446
            ],
            [
              111.6410092076491,
              52.96085067007887
            ],
            [
              111.63974657406372,
              52.95976927074974
            ],
            [
              111.63839765215941,
              52.95872656967603
            ],
            [
              111.636965693983,
              52.95772507595576
            ],
            [
              111.63545415067638,
              52.956767199358886
            ],
            [
              111.63386666414888,
              52.95585524455007
            ],
            [
              111.63220705829926,
              52.95499140556478
            ],
            [
              111.63047932980844,
              52.95417776055206
            ],
            [
              111.62868763852529,
              52.95341626679601
            ],
            [
              111.62683629746854,
              52.952708756028066
            ],
            [
              111.62492976246818,
              52.95205693004088
            ],
            [
              111.62297262147169,
              52.95146235661406
            ],
            [
              111.62096958354003,
              52.95092646576161
            ],
            [
              111.6189254675595,
              52.950450546309575
            ],
            [
              111.61684519069618,
              52.950035742812126
            ],
            [
              111.61473375662014,
              52.94968305281328
            ],
            [
              111.61259624352711,
              52.949393324460466
            ],
            [
              111.61043779198575,
              52.9491672544759
            ],
            [
              111.60826359263892,
              52.94900538649017
            ],
            [
              111.606078873788,
              52.948908109742135
            ],
            [
              111.603888888889,
              52.94887565814803
            ],
            [
              111.60169890399001,
              52.948908109742135
            ],
            [
              111.59951418513909,
              52.94900538649017
            ],
            [
              111.59733998579226,
              52.9491672544759
            ],
            [
              111.5951815342509,
              52.949393324460466
            ],
            [
              111.59304402115787,
              52.94968305281328
            ],
            [
              111.59093258708182,
              52.950035742812126
            ],
            [
              111.5888523102185,
              52.950450546309575
            ],
            [
              111.58680819423797,
              52.95092646576161
            ],
            [
              111.58480515630632,
              52.95146235661406
            ],
            [
              111.58284801530982,
              52.95205693004088
            ],
            [
              111.58094148030945,
              52.952708756028066
            ],
            [
              111.5790901392527,
              52.953416266796005
            ],
            [
              111.57729844796957,
              52.95417776055206
            ],
            [
              111.57557071947875,
              52.95499140556478
            ],
            [
              111.57391111362912,
              52.95585524455007
            ],
            [
              111.57232362710162,
              52.956767199358886
            ],
            [
              111.570812083795,
              52.95772507595576
            ],
            [
              111.5693801256186,
              52.95872656967603
            ],
            [
              111.56803120371428,
              52.95976927074974
            ],
            [
              111.5667685701289,
              52.96085067007887
            ],
            [
              111.56559526995706,
              52.96196816525446
            ],
            [
              111.56451413397359,
              52.96311906679935
            ],
            [
              111.56352777177393,
              52.96430060462165
            ],
            [
              111.562638565439,
              52.96550993466375
            ],
            [
              111.5618486637404,
              52.96674414573114
            ],
            [
              111.56115997690063,
              52.968000266484566
            ],
            [
              111.56057417192115,
              52.96927527257919
            ],
            [
              111.5600926684907,
              52.97056609393344
            ],
            [
              111.55971663548404,
              52.971869622110525
            ],
            [
              111.55944698806056,
              52.97318271779464
            ],
            [
              111.55928438537047,
              52.97450221834423
            ],
            [
              111.559229228875,
              52.975824945404106
            ],
            [
              111.55928166128548,
              52.97714771255801
            ],
            [
              111.55944156612497,
              52.978467333003636
            ],
            [
              111.55970856791397,
              52.979780627231065
            ],
            [
              111.56008203298116,
              52.981084430686714
            ],
            [
              111.56056107089776,
              52.98237560140365
            ],
            [
              111.56114453653323,
              52.98365102758057
            ],
            [
              111.56183103272804,
              52.98490763509029
            ],
            [
              111.56261891357772,
              52.986142394900234
            ],
            [
              111.56350628832172,
              52.98735233038648
            ],
            [
              111.56449102582762,
              52.98853452452372
            ],
            [
              111.56557075966124,
              52.98968612693374
            ],
            [
              111.56674289373063,
              52.99080436077493
            ],
            [
              111.56800460849114,
              52.99188652945636
            ],
            [
              111.569352867697,
              52.992930023159815
            ],
            [
              111.57078442568361,
              52.99393232515381
            ],
            [
              111.5722958351631,
              52.99489101788426
            ],
            [
              111.57388345551503,
              52.995803788826706
            ],
            [
              111.57554346155189,
              52.99666843608585
            ],
            [
              111.57727185273875,
              52.99748287372857
            ],
            [
              111.57906446284463,
              52.99824513683727
            ],
            [
              111.58091697000215,
              52.998953386271204
            ],
            [
              111.58282490715109,
              52.999605913123986
            ],
            [
              111.58478367284054,
              53.00020114286629
            ],
            [
              111.58678854236287,
              53.0007376391634
            ],
            [
              111.58883467919257,
              53.00121410735853
            ],
            [
              111.59091714670168,
              53.00162939761275
            ],
            [
              111.59303092012298,
              53.00198250769438
            ],
            [
              111.59517089873158,
              53.0022725854103
            ],
            [
              111.59733191821451,
              53.00249893067375
            ],
            [
              111.5995087631982,
              53.002660997203044
            ],
            [
              111.60169617990232,
              53.002758393847245
            ],
            [
              111.603888888889,
              53.00279088553546
            ],
            [
              111.60608159787569,
              53.002758393847245
            ],
            [
              111.6082690145798,
              53.002660997203044
            ],
            [
              111.6104458595635,
              53.00249893067375
            ],
            [
              111.61260687904642,
              53.0022725854103
            ],
            [
              111.61474685765502,
              53.001982507694386
            ],
            [
              111.61686063107632,
              53.001629397612774
            ],
            [
              111.61894309858543,
              53.00121410735853
            ],
            [
              111.62098923541514,
              53.0007376391634
            ],
            [
              111.62299410493748,
              53.00020114286629
            ],
            [
              111.62495287062693,
              52.99960591312399
            ],
            [
              111.62686080777586,
              52.99895338627121
            ],
            [
              111.62871331493338,
              52.99824513683727
            ],
            [
              111.63050592503926,
              52.99748287372857
            ],
            [
              111.63223431622612,
              52.996668436085855
            ],
            [
              111.63389432226298,
              52.9958037888267
            ],
            [
              111.6354819426149,
              52.99489101788425
            ],
            [
              111.6369933520944,
              52.993932325153814
            ],
            [
              111.638424910081,
              52.992930023159815
            ],
            [
              111.63977316928687,
              52.99188652945636
            ],
            [
              111.64103488404737,
              52.99080436077493
            ],
            [
              111.64220701811676,
              52.98968612693374
            ],
            [
              111.64328675195038,
              52.988534524523715
            ],
            [
              111.64427148945629,
              52.98735233038647
            ],
            [
              111.64515886420028,
              52.986142394900234
            ],
            [
              111.64594674504997,
              52.98490763509029
            ],
            [
              111.64663324124476,
              52.98365102758057
            ],
            [
              111.64721670688024,
              52.98237560140365
            ],
            [
              111.64769574479685,
              52.981084430686714
            ],
            [
              111.64806920986403,
              52.97978062723109
            ],
            [
              111.64833621165303,
              52.978467333003636
            ],
            [
              111.64849611649252,
              52.97714771255801
            ],
            [
              111.64854854890301,
              52.975824945404106
            ]
          ]
        ],
        "meta": {
          "shape": "circle"
        }
      },
      "properties": {
        "title": "L1088/26 for Irkutsk International Airport",
        "text": "From: 2026-10-08 05:00:00+00:00\nTo: 2026-10-13 13:00:00+00:00\n\nAIRSPACE CLSD Within CIRCLE RADIUS 3KM CENTRE 525833N1113614E."
      }
    },
    {
      "type": "Feature",
      "geometry": {
        "type": "Polygon",
        "coordinates": [
          [
            [
              118.77378184734343,
              53.893886422243256
            ],
            [
              118.77375212255961,
              53.89318107198472
            ],
            [
              118.77366384142663,
              53.89247743272762
            ],
            [
              118.77351721954828,
              53.89177719947255
            ],
            [
              118.7733126130192,
              53.891082058931204
            ],
            [
              118.77305051753946,
              53.890393685465035
            ],
            [
              118.77273156719349,
              53.88971373705439
            ],
            [
              118.77235653289682,
              53.889043851307896
            ],
            [
              118.77192632051452,
              53.88838564152157
            ],
            [
              118.77144196865598,
              53.88774069279728
            ],
            [
              118.77090464615188,
              53.8871105582297
            ],
            [
              118.77031564921909,
              53.88649675517099
            ],
            [
              118.76967639832125,
              53.885900761582036
            ],
            [
              118.7689884347321,
              53.88532401247912
            ],
            [
              118.76825341681023,
              53.884767896484384
            ],
            [
              118.76747311599449,
              53.88423375248834
            ],
            [
              118.76664941252962,
              53.88372286643255
            ],
            [
              118.76578429093222,
              53.88323646821989
            ],
            [
              118.76487983520884,
              53.88277572875993
            ],
            [
              118.76393822383662,
              53.882341757156475
            ],
            [
              118.76296172451949,
              53.881935598043896
            ],
            [
              118.76195268873204,
              53.881558229078564
            ],
            [
              118.76091354606407,
              53.88121055859151
            ],
            [
              118.75984679837993,
              53.880893423407684
            ],
            [
              118.75875501380575,
              53.88060758683711
            ],
            [
              118.75764082055973,
              53.880353736842686
            ],
            [
              118.75650690063944,
              53.88013248438911
            ],
            [
              118.755355983382,
              53.87994436197647
            ],
            [
              118.75419083891157,
              53.87978982236247
            ],
            [
              118.75301427149029,
              53.87966923747591
            ],
            [
              118.7518291127883,
              53.879582897524344
            ],
            [
              118.75063821508873,
              53.87953101029762
            ],
            [
              118.749444444444,
              53.87951370066941
            ],
            [
              118.74825067379928,
              53.87953101029762
            ],
            [
              118.7470597760997,
              53.879582897524344
            ],
            [
              118.74587461739772,
              53.87966923747591
            ],
            [
              118.74469804997644,
              53.87978982236247
            ],
            [
              118.743532905506,
              53.87994436197647
            ],
            [
              118.74238198824858,
              53.88013248438911
            ],
            [
              118.74124806832828,
              53.880353736842686
            ],
            [
              118.74013387508225,
              53.88060758683711
            ],
            [
              118.73904209050808,
              53.880893423407684
            ],
            [
              118.73797534282393,
              53.88121055859151
            ],
            [
              118.73693620015597,
              53.881558229078564
            ],
            [
              118.73592716436852,
              53.8819355980439
            ],
            [
              118.73495066505139,
              53.882341757156475
            ],
            [
              118.73400905367916,
              53.88277572875993
            ],
            [
              118.73310459795579,
              53.88323646821989
            ],
            [
              118.73223947635839,
              53.88372286643255
            ],
            [
              118.73141577289348,
              53.88423375248834
            ],
            [
              118.73063547207778,
              53.884767896484384
            ],
            [
              118.72990045415591,
              53.88532401247912
            ],
            [
              118.72921249056675,
              53.885900761582036
            ],
            [
              118.72857323966892,
              53.88649675517099
            ],
            [
              118.72798424273613,
              53.8871105582297
            ],
            [
              118.72744692023203,
              53.88774069279729
            ],
            [
              118.72696256837348,
              53.88838564152157
            ],
            [
              118.72653235599118,
              53.8890438513079
            ],
            [
              118.72615732169452,
              53.88971373705439
            ],
            [
              118.72583837134853,
              53.890393685465035
            ],
            [
              118.7255762758688,
              53.89108205893119
            ],
            [
              118.72537166933972,
              53.89177719947255
            ],
            [
              118.72522504746138,
              53.892477432727624
            ],
            [
              118.72513676632839,
              53.89318107198472
            ],
            [
              118.72510704154456,
              53.893886422243256
            ],
            [
              118.72513594767517,
              53.89459178429598
            ],
            [
              118.72522341803901,
              53.89529545882202
            ],
            [
              118.72536924484042,
              53.895995750481156
            ],
            [
              118.72557307964182,
              53.89669097199923
            ],
            [
              118.72583443417528,
              53.89737944823491
            ],
            [
              118.72615268149211,
              53.89805952021815
            ],
            [
              118.72652705744729,
              53.89872954915024
            ],
            [
              118.72695666251595,
              53.89938792035622
            ],
            [
              118.72744046393746,
              53.90003304717966
            ],
            [
              118.72797729818218,
              53.90066337481068
            ],
            [
              118.7285658737354,
              53.901277384037826
            ],
            [
              118.72920477419164,
              53.90187359491468
            ],
            [
              118.72989246165207,
              53.902450570332405
            ],
            [
              118.7306272804174,
              53.90300691948928
            ],
            [
              118.73140746096674,
              53.90354130124932
            ],
            [
              118.73223112421367,
              53.90405242738116
            ],
            [
              118.73309628602878,
              53.90453906566991
            ],
            [
              118.73400086201832,
              53.90500004289388
            ],
            [
              118.73494267254685,
              53.905434247659485
            ],
            [
              118.73591944799249,
              53.9058406330869
            ],
            [
              118.73692883422143,
              53.90621821934018
            ],
            [
              118.73796839826883,
              53.9065660959957
            ],
            [
              118.73903563421227,
              53.90688342424302
            ],
            [
              118.74012796922344,
              53.907169438912796
            ],
            [
              118.74124276978316,
              53.9074234503269
            ],
            [
              118.742377348045,
              53.90764484596612
            ],
            [
              118.7435289683317,
              53.9078330919514
            ],
            [
              118.74469485374856,
              53.90798773433495
            ],
            [
              118.74587219289772,
              53.90810840019825
            ],
            [
              118.74705814667686,
              53.90819479855392
            ],
            [
              118.7482498551458,
              53.908246721049615
            ],
            [
              118.749444444444,
              53.908264042472
            ],
            [
              118.7506390337422,
              53.908246721049615
            ],
            [
              118.75183074221114,
              53.90819479855392
            ],
            [
              118.75301669599028,
              53.90810840019825
            ],
            [
              118.75419403513943,
              53.90798773433495
            ],
            [
              118.7553599205563,
              53.9078330919514
            ],
            [
              118.75651154084301,
              53.907644845966125
            ],
            [
              118.75764611910485,
              53.9074234503269
            ],
            [
              118.75876091966457,
              53.907169438912796
            ],
            [
              118.75985325467573,
              53.90688342424302
            ],
            [
              118.76092049061917,
              53.9065660959957
            ],
            [
              118.76196005466659,
              53.90621821934018
            ],
            [
              118.76296944089552,
              53.90584063308691
            ],
            [
              118.76394621634115,
              53.905434247659485
            ],
            [
              118.76488802686968,
              53.90500004289388
            ],
            [
              118.76579260285922,
              53.9045390656699
            ],
            [
              118.76665776467433,
              53.90405242738117
            ],
            [
              118.76748142792127,
              53.90354130124932
            ],
            [
              118.76826160847061,
              53.90300691948927
            ],
            [
              118.76899642723593,
              53.902450570332405
            ],
            [
              118.76968411469636,
              53.90187359491468
            ],
            [
              118.77032301515258,
              53.901277384037826
            ],
            [
              118.77091159070582,
              53.90066337481068
            ],
            [
              118.77144842495055,
              53.900033047179654
            ],
            [
              118.77193222637206,
              53.89938792035622
            ],
            [
              118.77236183144072,
              53.89872954915024
            ],
            [
              118.7727362073959,
              53.89805952021814
            ],
            [
              118.7730544547127,
              53.89737944823491
            ],
            [
              118.77331580924618,
              53.89669097199923
            ],
            [
              118.77351964404755,
              53.895995750481156
            ],
            [
              118.77366547084898,
              53.89529545882202
            ],
            [
              118.77375294121283,
              53.89459178429598
            ],
            [
              118.77378184734343,
              53.893886422243256
            ]
          ]
        ],
        "meta": {
          "shape": "circle"
        }
      },
      "properties": {
        "title": "L1092/26 for Irkutsk International Airport",
        "text": "From: 2026-10-10 03:00:00+00:00\nTo: 2026-10-15 06:00:00+00:00\n\nAIRSPACE CLSD Within CIRCLE RADIUS 1.6KM CENTRE 535338N1184458E."
      }
    },
    {
      "type": "Feature",
      "geometry": {
        "type": "Polygon",
        "coordinates": [
          [
            [
              110.44472222222223,
              60.02722222222222
            ],
            [
              110.81444444444445,
              59.780833333333334
            ],
            [
              110.84222222222222,
              59.78638888888889
            ],
            [
              110.86222222222221,
              59.78111111111111
            ],
            [
              110.8711111111111,
              59.77055555555555
            ],
            [
              110.85388888888889,
              59.760555555555555
            ],
            [
              110.80805555555555,
              59.757222222222225
            ],
            [
              110.78388888888888,
              59.760555555555555
            ],
            [
              110.35194444444444,
              59.952222222222225
            ],
            [
              110.02583333333334,
              59.95888888888889
            ],
            [
              109.70833333333334,
              59.67444444444444
            ],
            [
              109.27055555555556,
              59.63777777777778
            ],
            [
              108.815,
              59.76277777777778
            ],
            [
              108.8761111111111,
              59.800555555555555
            ],
            [
              108.97083333333333,
              59.811388888888885
            ],
            [
              109.40916666666668,
              60.05472222222222
            ],
            [
              109.43416666666667,
              60.10055555555556
            ],
            [
              109.53305555555555,
              60.10944444444445
            ],
            [
              109.53916666666666,
              60.09166666666667
            ],
            [
              109.57527777777777,
              60.095555555555556
            ],
            [
              109.56916666666666,
              60.11388888888889
            ],
            [
              109.43416666666667,
              60.10416666666667
            ],
            [
              109.63027777777778,
              60.50055555555556
            ],
            [
              110.37527777777777,
              60.30694444444444
            ],
            [
              110.11666666666666,
              60.04888888888889
            ],
            [
              110.44472222222223,
              60.02722222222222
            ]
          ]
        ],
        "meta": {
          "shape": "polygon"
        }
      },
      "properties": {
        "title": "L1115/26 for Irkutsk International Airport",
        "text": "From: 2026-10-09 00:00:00+00:00\nTo: 2026-10-14 23:59:00+00:00\n\nAIRSPACE CLSD AS FLW:\n\n1. AREA: 603002N1093749E-601825N1102231E-600256N1100700E-\n\n         600138N1102641E-594651N1104852E-594711N1105032E-\n\n         594652N1105144E-594614N1105216E-594538N1105114E-\n\n         594526N1104829E-594538N1104702E-595708N1102107E-\n\n         595732N1100133E-594028N1094230E-593816N1091614E-\n\n         594546N1084854E-594802N1085234E-594841N1085815E-\n\n         600317N1092433E-600602N1092603E-600634N1093159E-\n\n         600530N1093221E-600544N1093431E-600650N1093409E-\n\n         600615N1092603E-603002N1093749E\n\n   650M AMSL-1150M AMSL.\n\n2. Within CIRCLE RADIUS 1KM CENTRE 594616N1104731E\n\n   SFC-1150M AMSL.\n\n3. Within CIRCLE RADIUS 1KM CENTRE 594608N1104903E\n\n   SFC-1150M AMSL.\n\n4. Within CIRCLE RADIUS 1KM CENTRE 602259N1095442E\n\n   SFC-1150M AMSL.\n\n5. Within CIRCLE RADIUS 1KM CENTRE 600330N1093941E\n\n   SFC-1150M AMSL.\n\n6. Within CIRCLE RADIUS 1KM CENTRE 594702N1092517E\n\n   SFC-1150M AMSL."
      }
    },
    {
      "type": "Feature",
      "geometry": {
        "type": "Polygon",
        "coordinates": [
          [
            [
              104.11999999999999,
              52.23277777777778
            ],
            [
              104.13583333333334,
              52.23444444444444
            ],
            [
              104.14277777777778,
              52.20861111111111
            ],
            [
              104.1375,
              52.17861111111111
            ],
            [
              104.11416666666666,
              52.155
            ],
            [
              104.09194444444444,
              52.15416666666667
            ],
            [
              104.06777777777778,
              52.13972222222222
            ],
            [
              104.05833333333334,
              52.144999999999996
            ],
            [
              104.08916666666666,
              52.16583333333333
            ],
            [
              104.10638888888889,
              52.169444444444444
            ],
            [
              104.12583333333333,
              52.193888888888885
            ],
            [
              104.12166666666666,
              52.22138888888889
            ],
            [
              104.11999999999999,
              52.23277777777778
            ]
          ]
        ],
        "meta": {
          "shape": "polygon"
        }
      },
      "properties": {
        "title": "L1124/26 for Irkutsk International Airport",
        "text": "From: 2026-10-08 07:00:00+00:00\nTo: 2026-10-11 12:00:00+00:00\n\nAIRSPACE CLSD Within AREA:\n\n521358N1040712E-521404N1040809E-521231N1040834E-521043N1040815E-\n\n520918N1040651E-520915N1040531E-520823N1040404E-520842N1040330E-\n\n520957N1040521E-521010N1040623E-521138N1040733E-521317N1040718E-\n\n521358N1040712E."
      }
    },
    {
      "type": "Feature",
      "geometry": {
        "type": "Polygon",
        "coordinates": [
          [
            [
              108.36984271371063,
              51.88169349209484
            ],
            [
              108.3691902474769,
              51.868465767372754
            ],
            [
              108.36749080774369,
              51.855273744807036
            ],
            [
              108.36474939826236,
              51.8421491595449
            ],
            [
              108.36097351292436,
              51.8291235571598
            ],
            [
              108.3561731092192,
              51.816228218400575
            ],
            [
              108.35036057605906,
              51.80349408482971
            ],
            [
              108.34355069612343,
              51.79095168551844
            ],
            [
              108.3357606028873,
              51.77863106496329
            ],
            [
              108.32700973250374,
              51.76656171238244
            ],
            [
              108.31731977071918,
              51.75477249254593
            ],
            [
              108.30671459500543,
              51.74329157828749
            ],
            [
              108.29522021209795,
              51.73214638484094
            ],
            [
              108.2828646911343,
              51.72136350613759
            ],
            [
              108.26967809258959,
              51.710968653195835
            ],
            [
              108.2556923932097,
              51.70098659472777
            ],
            [
              108.24094140714405,
              51.69144110008163
            ],
            [
              108.22546070348196,
              51.68235488463296
            ],
            [
              108.20928752039737,
              51.67374955773092
            ],
            [
              108.19246067610719,
              51.66564557330028
            ],
            [
              108.1750204768489,
              51.65806218319321
            ],
            [
              108.15700862208216,
              51.65101739337879
            ],
            [
              108.1384681071195,
              51.64452792305199
            ],
            [
              108.11944312338956,
              51.63860916673793
            ],
            [
              108.09997895653603,
              51.633275159460354
            ],
            [
              108.08012188255385,
              51.62853854503786
            ],
            [
              108.0599190621634,
              51.624410547564864
            ],
            [
              108.0394184336222,
              51.62090094612828
            ],
            [
              108.01866860417235,
              51.61801805280487
            ],
            [
              107.99771874032088,
              51.61576869397792
            ],
            [
              107.9766184571493,
              51.614158195006354
            ],
            [
              107.95541770684754,
              51.61319036827283
            ],
            [
              107.934166666667,
              51.61286750463191
            ],
            [
              107.91291562648645,
              51.61319036827283
            ],
            [
              107.8917148761847,
              51.614158195006354
            ],
            [
              107.87061459301312,
              51.61576869397792
            ],
            [
              107.84966472916165,
              51.61801805280487
            ],
            [
              107.82891489971179,
              51.62090094612828
            ],
            [
              107.80841427117059,
              51.62441054756485
            ],
            [
              107.78821145078014,
              51.62853854503786
            ],
            [
              107.76835437679796,
              51.633275159460354
            ],
            [
              107.74889020994443,
              51.63860916673793
            ],
            [
              107.7298652262145,
              51.64452792305199
            ],
            [
              107.71132471125183,
              51.65101739337879
            ],
            [
              107.6933128564851,
              51.65806218319321
            ],
            [
              107.6758726572268,
              51.66564557330028
            ],
            [
              107.65904581293663,
              51.67374955773092
            ],
            [
              107.64287262985204,
              51.68235488463296
            ],
            [
              107.62739192618994,
              51.69144110008163
            ],
            [
              107.6126409401243,
              51.70098659472777
            ],
            [
              107.5986552407444,
              51.710968653195835
            ],
            [
              107.5854686421997,
              51.72136350613759
            ],
            [
              107.57311312123605,
              51.73214638484094
            ],
            [
              107.56161873832858,
              51.74329157828749
            ],
            [
              107.55101356261481,
              51.754772492545925
            ],
            [
              107.54132360083025,
              51.766561712382455
            ],
            [
              107.53257273044669,
              51.77863106496329
            ],
            [
              107.52478263721056,
              51.79095168551845
            ],
            [
              107.51797275727493,
              51.80349408482971
            ],
            [
              107.5121602241148,
              51.816228218400575
            ],
            [
              107.50735982040963,
              51.82912355715979
            ],
            [
              107.50358393507163,
              51.8421491595449
            ],
            [
              107.5008425255903,
              51.855273744807036
            ],
            [
              107.4991430858571,
              51.868465767372754
            ],
            [
              107.49849061962337,
              51.88169349209484
            ],
            [
              107.49888761973608,
              51.89492507021818
            ],
            [
              107.50033405328388,
              51.90812861588418
            ],
            [
              107.50282735277358,
              51.921272282991985
            ],
            [
              107.50636241344485,
              51.93432434223229
            ],
            [
              107.51093159681501,
              51.947253258106265
            ],
            [
              107.5165247405316,
              51.96002776573918
            ],
            [
              107.52312917459298,
              51.97261694729667
            ],
            [
              107.53072974398023,
              51.984990307810115
            ],
            [
              107.53930883772473,
              51.99711785021576
            ],
            [
              107.54884642441677,
              52.00897014941282
            ],
            [
              107.55932009413989,
              52.02051842514528
            ],
            [
              107.57070510679556,
              52.03173461351277
            ],
            [
              107.5829744467601,
              52.04259143691771
            ],
            [
              107.59609888379481,
              52.053062472257885
            ],
            [
              107.61004704010689,
              52.06312221717578
            ],
            [
              107.6247854634369,
              52.07274615418033
            ],
            [
              107.64027870602433,
              52.08191081246004
            ],
            [
              107.65648940928145,
              52.09059382721158
            ],
            [
              107.67337839398122,
              52.09877399631357
            ],
            [
              107.69090475574396,
              52.106431334181096
            ],
            [
              107.70902596558429,
              52.11354712264371
            ],
            [
              107.72769797525919,
              52.12010395869691
            ],
            [
              107.74687532713646,
              52.12608579898562
            ],
            [
              107.76651126828394,
              52.13147800088648
            ],
            [
              107.78655786846011,
              52.13626736006576
            ],
            [
              107.80696614167002,
              52.14044214439912
            ],
            [
              107.82768617093316,
              52.14399212415011
            ],
            [
              107.84866723589619,
              52.14690859831553
            ],
            [
              107.86985794290908,
              52.149184417056546
            ],
            [
              107.89120635717268,
              52.150814000146724
            ],
            [
              107.91266013655515,
              52.15179335138019
            ],
            [
              107.934166666667,
              52.152120068895016
            ],
            [
              107.95567319677885,
              52.15179335138019
            ],
            [
              107.97712697616132,
              52.150814000146724
            ],
            [
              107.99847539042491,
              52.14918441705654
            ],
            [
              108.0196660974378,
              52.14690859831553
            ],
            [
              108.04064716240083,
              52.14399212415011
            ],
            [
              108.06136719166398,
              52.14044214439912
            ],
            [
              108.08177546487389,
              52.13626736006576
            ],
            [
              108.10182206505006,
              52.13147800088648
            ],
            [
              108.12145800619753,
              52.12608579898562
            ],
            [
              108.1406353580748,
              52.120103958696916
            ],
            [
              108.1593073677497,
              52.11354712264371
            ],
            [
              108.17742857759004,
              52.106431334181096
            ],
            [
              108.19495493935278,
              52.09877399631356
            ],
            [
              108.21184392405254,
              52.09059382721157
            ],
            [
              108.22805462730966,
              52.08191081246004
            ],
            [
              108.2435478698971,
              52.07274615418033
            ],
            [
              108.2582862932271,
              52.06312221717578
            ],
            [
              108.2722344495392,
              52.053062472257885
            ],
            [
              108.28535888657389,
              52.04259143691771
            ],
            [
              108.29762822653844,
              52.03173461351276
            ],
            [
              108.3090132391941,
              52.02051842514528
            ],
            [
              108.31948690891723,
              52.008970149412825
            ],
            [
              108.32902449560926,
              51.99711785021575
            ],
            [
              108.33760358935376,
              51.98499030781012
            ],
            [
              108.34520415874101,
              51.97261694729667
            ],
            [
              108.3518085928024,
              51.96002776573918
            ],
            [
              108.35740173651898,
              51.947253258106265
            ],
            [
              108.36197091988915,
              51.93432434223229
            ],
            [
              108.36550598056041,
              51.92127228299198
            ],
            [
              108.36799928005011,
              51.90812861588418
            ],
            [
              108.36944571359791,
              51.89492507021818
            ],
            [
              108.36984271371063,
              51.88169349209484
            ]
          ]
        ],
        "meta": {
          "shape": "circle"
        }
      },
      "properties": {
        "title": "L1181/26 for Irkutsk International Airport",
        "text": "From: 2026-10-09 00:20:00+00:00\nTo: 2026-10-14 23:35:00+00:00\n\nAIRSPACE CLSD Within CIRCLE RADIUS 30KM CENTRE 515257N1075603E."
      }
    },
    {
      "type": "Feature",
      "geometry": {
        "type": "MultiLineString",
        "coordinates": [
          [
            [
              107.450179,
              52.133772
            ],
            [
              107.75583687698624,
              52.138759567963504
            ]
          ],
          [
            [
              107.75583687698624,
              52.138759567963504
            ],
            [
              109.288575,
              52.16377
            ]
          ],
          [
            [
              107.441844,
              51.808764
            ],
            [
              107.450179,
              52.133772
            ]
          ],
          [
            [
              107.86686,
              52.255441
            ],
            [
              107.75583687698624,
              52.138759567963504
            ]
          ],
          [
            [
              107.75583687698624,
              52.138759567963504
            ],
            [
              107.441844,
              51.808764
            ]
          ]
        ],
        "meta": {
          "shape": "linestring"
        }
      },
      "properties": {
        "title": "L1182/26 for Irkutsk International Airport",
        "text": "From: 2026-10-09 00:20:00+00:00\nTo: 2026-10-14 23:35:00+00:00\n\nATS RTE SEGMENTS CLSD:\n\n  A45  TATUR-SODNI FL095-FL540,\n\n  A806 OSTUN-LULAN FL095-FL540,\n\n  A807 LULAN-TATUR FL095-FL540,\n\n  A809 KUMAT-TOLGO FL095-FL540,\n\n  B155 GOLEP-LULAN FL105-FL540,\n\n  W308 BADIN-LULAN FL095-FL205."
      }
    },
    {
      "type": "Feature",
      "geometry": {
        "type": "Polygon",
        "coordinates": [
          [
            [
              119.11664583743716,
              52.18999184566189
            ],
            [
              119.11659169602936,
              52.18866894144325
            ],
            [
              119.11643201256331,
              52.18734926303886
            ],
            [
              119.11616718102741,
              52.18603598924479
            ],
            [
              119.11579784853859,
              52.184732283152016
            ],
            [
              119.11532491369553,
              52.18344128453305
            ],
            [
              119.11474952432881,
              52.18216610228737
            ],
            [
              119.11407307465404,
              52.18090980696368
            ],
            [
              119.11329720183576,
              52.17967542337691
            ],
            [
              119.1124237819708,
              52.17846592333768
            ],
            [
              119.11145492550202,
              52.1772842185116
            ],
            [
              119.11039297207346,
              52.17613315342523
            ],
            [
              119.10924048484044,
              52.17501549863558
            ],
            [
              119.10800024424849,
              52.17393394407931
            ],
            [
              119.10667524129667,
              52.17289109261735
            ],
            [
              119.10526867030191,
              52.1718894537904
            ],
            [
              119.10378392118189,
              52.170931437799915
            ],
            [
              119.10222457127544,
              52.17001934972908
            ],
            [
              119.1005943767204,
              52.16915538401708
            ],
            [
              119.09889726340923,
              52.168341619200106
            ],
            [
              119.09713731754489,
              52.16758001293118
            ],
            [
              119.09531877581881,
              52.16687239729067
            ],
            [
              119.0934460152351,
              52.16622047439863
            ],
            [
              119.09152354260452,
              52.16562581233907
            ],
            [
              119.08955598373393,
              52.165089841405944
            ],
            [
              119.087548072336,
              52.16461385067946
            ],
            [
              119.08550463868617,
              52.164198984941045
            ],
            [
              119.08343059805283,
              52.163846241933854
            ],
            [
              119.08133093892869,
              52.16355646997554
            ],
            [
              119.07921071109033,
              52.16333036592868
            ],
            [
              119.07707501351452,
              52.1631684735338
            ],
            [
              119.07492898217922,
              52.163071182108595
            ],
            [
              119.07277777777799,
              52.163038725616815
            ],
            [
              119.07062657337677,
              52.163071182108595
            ],
            [
              119.06848054204147,
              52.1631684735338
            ],
            [
              119.06634484446566,
              52.16333036592868
            ],
            [
              119.0642246166273,
              52.16355646997554
            ],
            [
              119.06212495750316,
              52.163846241933854
            ],
            [
              119.06005091686981,
              52.164198984941045
            ],
            [
              119.05800748321997,
              52.16461385067946
            ],
            [
              119.05599957182206,
              52.165089841405944
            ],
            [
              119.05403201295147,
              52.16562581233907
            ],
            [
              119.05210954032088,
              52.16622047439863
            ],
            [
              119.05023677973716,
              52.16687239729067
            ],
            [
              119.04841823801108,
              52.16758001293118
            ],
            [
              119.04665829214676,
              52.168341619200106
            ],
            [
              119.04496117883559,
              52.16915538401708
            ],
            [
              119.04333098428054,
              52.17001934972908
            ],
            [
              119.0417716343741,
              52.170931437799915
            ],
            [
              119.04028688525408,
              52.1718894537904
            ],
            [
              119.03888031425932,
              52.17289109261735
            ],
            [
              119.0375553113075,
              52.173933944079316
            ],
            [
              119.03631507071557,
              52.17501549863559
            ],
            [
              119.03516258348253,
              52.17613315342523
            ],
            [
              119.03410063005394,
              52.1772842185116
            ],
            [
              119.03313177358518,
              52.17846592333768
            ],
            [
              119.03225835372022,
              52.17967542337691
            ],
            [
              119.03148248090194,
              52.18090980696368
            ],
            [
              119.03080603122717,
              52.18216610228737
            ],
            [
              119.03023064186046,
              52.18344128453305
            ],
            [
              119.0297577070174,
              52.184732283152016
            ],
            [
              119.02938837452858,
              52.18603598924479
            ],
            [
              119.02912354299268,
              52.18734926303886
            ],
            [
              119.02896385952663,
              52.18866894144325
            ],
            [
              119.02890971811883,
              52.18999184566189
            ],
            [
              119.02896125859068,
              52.19131478884752
            ],
            [
              119.02911836616921,
              52.192634583777576
            ],
            [
              119.02938067167314,
              52.19394805053381
            ],
            [
              119.02974755231257,
              52.1952520241669
            ],
            [
              119.0302181331015,
              52.19654336232777
            ],
            [
              119.03079128888014,
              52.197818952846994
            ],
            [
              119.03146564694349,
              52.199075721243986
            ],
            [
              119.03223959027044,
              52.20031063814784
            ],
            [
              119.03311126134611,
              52.20152072661183
            ],
            [
              119.03407856656952,
              52.202703069303475
            ],
            [
              119.03513918123599,
              52.20385481555326
            ],
            [
              119.03629055508316,
              52.20497318824419
            ],
            [
              119.03752991838809,
              52.20605549052582
            ],
            [
              119.03885428860048,
              52.20709911233623
            ],
            [
              119.04026047749704,
              52.20810153671586
            ],
            [
              119.04174509884,
              52.20906034589792
            ],
            [
              119.04330457652104,
              52.20997322716039
            ],
            [
              119.04493515317189,
              52.210837978425204
            ],
            [
              119.0466328992203,
              52.211652513590856
            ],
            [
              119.04839372236978,
              52.21241486758547
            ],
            [
              119.05021337748012,
              52.21312320112765
            ],
            [
              119.05208747682477,
              52.21377580518353
            ],
            [
              119.0540115007,
              52.21437110510912
            ],
            [
              119.05598080835964,
              52.21490766446751
            ],
            [
              119.05799064924916,
              52.21538418851157
            ],
            [
              119.06003617451113,
              52.21579952732376
            ],
            [
              119.0621124487337,
              52.216152678604935
            ],
            [
              119.06421446191355,
              52.21644279010555
            ],
            [
              119.0663371416032,
              52.21666916169302
            ],
            [
              119.06847536521315,
              52.216831247050294
            ],
            [
              119.07062397243838,
              52.216928655001304
            ],
            [
              119.07277777777799,
              52.216961150460115
            ],
            [
              119.0749315831176,
              52.216928655001304
            ],
            [
              119.07708019034284,
              52.21683124705029
            ],
            [
              119.07921841395279,
              52.21666916169303
            ],
            [
              119.08134109364244,
              52.216442790105546
            ],
            [
              119.08344310682229,
              52.216152678604935
            ],
            [
              119.08551938104486,
              52.21579952732376
            ],
            [
              119.08756490630682,
              52.215384188511564
            ],
            [
              119.08957474719635,
              52.21490766446751
            ],
            [
              119.09154405485599,
              52.21437110510912
            ],
            [
              119.09346807873119,
              52.21377580518352
            ],
            [
              119.09534217807587,
              52.21312320112765
            ],
            [
              119.0971618331862,
              52.21241486758548
            ],
            [
              119.09892265633566,
              52.211652513590856
            ],
            [
              119.1006204023841,
              52.210837978425204
            ],
            [
              119.10225097903495,
              52.20997322716039
            ],
            [
              119.10381045671602,
              52.20906034589792
            ],
            [
              119.10529507805894,
              52.20810153671586
            ],
            [
              119.10670126695551,
              52.20709911233623
            ],
            [
              119.1080256371679,
              52.20605549052582
            ],
            [
              119.10926500047282,
              52.20497318824419
            ],
            [
              119.11041637432,
              52.20385481555326
            ],
            [
              119.11147698898645,
              52.202703069303475
            ],
            [
              119.11244429420988,
              52.201520726611825
            ],
            [
              119.11331596528555,
              52.20031063814785
            ],
            [
              119.1140899086125,
              52.199075721243986
            ],
            [
              119.11476426667585,
              52.197818952847
            ],
            [
              119.11533742245449,
              52.19654336232777
            ],
            [
              119.11580800324342,
              52.1952520241669
            ],
            [
              119.11617488388285,
              52.193948050533805
            ],
            [
              119.11643718938677,
              52.192634583777576
            ],
            [
              119.1165942969653,
              52.19131478884752
            ],
            [
              119.11664583743716,
              52.18999184566189
            ]
          ]
        ],
        "meta": {
          "shape": "circle"
        }
      },
      "properties": {
        "title": "L1191/26 for Irkutsk International Airport",
        "text": "From: 2026-10-11 03:00:00+00:00\nTo: 2026-10-12 09:00:00+00:00\n\nAIRSPACE CLSD Within CIRCLE RADIUS 3KM CENTRE 521124N1190422E."
      }
    },
    {
      "type": "Feature",
      "geometry": {
        "type": "Polygon",
        "coordinates": [
          [
            [
              118.44302933634667,
              56.61610151861063
            ],
            [
              118.44296877394561,
              56.61477959236702
            ],
            [
              118.4427906554823,
              56.61346089649599
            ],
            [
              118.44249542224989,
              56.61214860735032
            ],
            [
              118.44208379744157,
              56.61084588552353
            ],
            [
              118.44155678429341,
              56.60955586824376
            ],
            [
              118.44091566355586,
              56.6082816618269
            ],
            [
              118.4401619903014,
              56.60702633420726
            ],
            [
              118.43929759007672,
              56.605792907563504
            ],
            [
              118.43832455440995,
              56.60458435105732
            ],
            [
              118.4372452356845,
              56.60340357370236
            ],
            [
              118.43606224139285,
              56.602253417380375
            ],
            [
              118.43477842778445,
              56.60113665002099
            ],
            [
              118.43339689292455,
              56.6000559589614
            ],
            [
              118.4319209691803,
              56.59901394450178
            ],
            [
              118.43035421515339,
              56.598013113671485
            ],
            [
              118.42870040707872,
              56.59705587422099
            ],
            [
              118.42696352971022,
              56.596144528853436
            ],
            [
              118.42514776671574,
              56.59528126970968
            ],
            [
              118.4232574906044,
              56.59446817311961
            ],
            [
              118.4212972522107,
              56.59370719463222
            ],
            [
              118.41927176976012,
              56.59300016433593
            ],
            [
              118.41718591754265,
              56.59234878248024
            ],
            [
              118.4150447142211,
              56.59175461540902
            ],
            [
              118.41285331080164,
              56.59121909181483
            ],
            [
              118.41061697829532,
              56.590743499323054
            ],
            [
              118.40834109509925,
              56.5903289814139
            ],
            [
              118.40603113412726,
              56.58997653468943
            ],
            [
              118.40369264972028,
              56.58968700649192
            ],
            [
              118.4013312643669,
              56.58946109287919
            ],
            [
              118.39895265526515,
              56.589299336961524
            ],
            [
              118.396562540757,
              56.589202127604274
            ],
            [
              118.394166666667,
              56.589169698498786
            ],
            [
              118.39177079257702,
              56.589202127604274
            ],
            [
              118.38938067806887,
              56.589299336961524
            ],
            [
              118.38700206896712,
              56.58946109287919
            ],
            [
              118.38464068361374,
              56.58968700649192
            ],
            [
              118.38230219920675,
              56.58997653468943
            ],
            [
              118.37999223823478,
              56.5903289814139
            ],
            [
              118.3777163550387,
              56.590743499323054
            ],
            [
              118.37548002253237,
              56.59121909181483
            ],
            [
              118.37328861911293,
              56.59175461540902
            ],
            [
              118.37114741579137,
              56.59234878248024
            ],
            [
              118.36906156357391,
              56.59300016433593
            ],
            [
              118.3670360811233,
              56.59370719463222
            ],
            [
              118.36507584272962,
              56.59446817311961
            ],
            [
              118.36318556661827,
              56.59528126970968
            ],
            [
              118.36136980362379,
              56.596144528853436
            ],
            [
              118.35963292625529,
              56.59705587422099
            ],
            [
              118.35797911818062,
              56.598013113671485
            ],
            [
              118.35641236415371,
              56.59901394450178
            ],
            [
              118.35493644040946,
              56.6000559589614
            ],
            [
              118.35355490554956,
              56.60113665002099
            ],
            [
              118.35227109194118,
              56.602253417380375
            ],
            [
              118.35108809764951,
              56.60340357370236
            ],
            [
              118.35000877892408,
              56.60458435105732
            ],
            [
              118.3490357432573,
              56.60579290756351
            ],
            [
              118.3481713430326,
              56.60702633420726
            ],
            [
              118.34741766977815,
              56.6082816618269
            ],
            [
              118.3467765490406,
              56.60955586824376
            ],
            [
              118.34624953589244,
              56.610845885523524
            ],
            [
              118.34583791108413,
              56.61214860735032
            ],
            [
              118.34554267785172,
              56.613460896495994
            ],
            [
              118.3453645593884,
              56.61477959236702
            ],
            [
              118.34530399698735,
              56.61610151861063
            ],
            [
              118.34536114886123,
              56.61742349076195
            ],
            [
              118.34553588964256,
              56.61874232391401
            ],
            [
              118.34582781056706,
              56.62005484039196
            ],
            [
              118.34623622034076,
              56.621357877412905
            ],
            [
              118.34676014669012,
              56.62264829471326
            ],
            [
              118.34739833859221,
              56.623922982124725
            ],
            [
              118.34814926918085,
              56.625178867080706
            ],
            [
              118.34901113932264,
              56.62641292203516
            ],
            [
              118.34998188185557,
              56.62762217177542
            ],
            [
              118.35105916648031,
              56.62880370061159
            ],
            [
              118.35224040529398,
              56.62995465942479
            ],
            [
              118.35352275895332,
              56.63107227255695
            ],
            [
              118.35490314345326,
              56.63215384452565
            ],
            [
              118.35637823750524,
              56.63319676654708
            ],
            [
              118.35794449049804,
              56.63419852285155
            ],
            [
              118.35959813102204,
              56.6351566967758
            ],
            [
              118.36133517593699,
              56.636068976617175
            ],
            [
              118.36315143996156,
              56.63693316123535
            ],
            [
              118.36504254576145,
              56.637747165387566
            ],
            [
              118.36700393451187,
              56.63850902478453
            ],
            [
              118.36903087690887,
              56.63921690085419
            ],
            [
              118.37111848460232,
              56.63986908520175
            ],
            [
              118.37326172202337,
              56.64046400375491
            ],
            [
              118.37545541857625,
              56.64100022058391
            ],
            [
              118.37769428116587,
              56.64147644138713
            ],
            [
              118.37997290702899,
              56.64189151663337
            ],
            [
              118.3822857968384,
              56.64224444435309
            ],
            [
              118.38462736804686,
              56.642534372571745
            ],
            [
              118.38699196843808,
              56.642760601379116
            ],
            [
              118.3893738898515,
              56.6429225846294
            ],
            [
              118.39176738204566,
              56.64301993126791
            ],
            [
              118.394166666667,
              56.643052406281186
            ],
            [
              118.39656595128835,
              56.64301993126791
            ],
            [
              118.39895944348252,
              56.6429225846294
            ],
            [
              118.40134136489593,
              56.642760601379116
            ],
            [
              118.40370596528716,
              56.64253437257175
            ],
            [
              118.40604753649562,
              56.64224444435309
            ],
            [
              118.40836042630502,
              56.64189151663337
            ],
            [
              118.41063905216814,
              56.64147644138713
            ],
            [
              118.41287791475777,
              56.64100022058391
            ],
            [
              118.41507161131064,
              56.6404640037549
            ],
            [
              118.41721484873169,
              56.63986908520175
            ],
            [
              118.41930245642514,
              56.63921690085419
            ],
            [
              118.42132939882214,
              56.63850902478454
            ],
            [
              118.42329078757255,
              56.637747165387566
            ],
            [
              118.42518189337244,
              56.636933161235355
            ],
            [
              118.42699815739702,
              56.636068976617175
            ],
            [
              118.42873520231198,
              56.6351566967758
            ],
            [
              118.430388842836,
              56.63419852285155
            ],
            [
              118.43195509582877,
              56.63319676654709
            ],
            [
              118.43343018988075,
              56.63215384452565
            ],
            [
              118.43481057438069,
              56.63107227255695
            ],
            [
              118.43609292804004,
              56.62995465942478
            ],
            [
              118.4372741668537,
              56.628803700611584
            ],
            [
              118.43835145147844,
              56.62762217177542
            ],
            [
              118.43932219401137,
              56.62641292203517
            ],
            [
              118.44018406415316,
              56.625178867080706
            ],
            [
              118.4409349947418,
              56.623922982124725
            ],
            [
              118.44157318664391,
              56.62264829471326
            ],
            [
              118.44209711299325,
              56.621357877412905
            ],
            [
              118.44250552276698,
              56.62005484039195
            ],
            [
              118.44279744369145,
              56.61874232391401
            ],
            [
              118.4429721844728,
              56.61742349076195
            ],
            [
              118.44302933634667,
              56.61610151861063
            ]
          ]
        ],
        "meta": {
          "shape": "circle"
        }
      },
      "properties": {
        "title": "L1218/26 for Irkutsk International Airport",
        "text": "From: 2026-10-11 02:00:00+00:00\nTo: 2026-10-16 12:00:00+00:00\n\nAIRSPACE CLSD Within CIRCLE RADIUS 3KM CENTRE 563658N1182339E."
      }
    },
    {
      "type": "Feature",
      "geometry": {
        "type": "MultiPolygon",
        "coordinates": [
          [
            [
              [
                101.16291726105565,
                56.185810746552534
              ],
              [
                101.33999999999999,
                56.166666666666664
              ],
              [
                101.415,
                56.13916666666667
              ],
              [
                101.36777777777777,
                56.17361111111111
              ],
              [
                101.505,
                56.23222222222223
              ],
              [
                101.58111111111111,
                56.31638888888889
              ],
              [
                101.625,
                56.331388888888895
              ],
              [
                101.75722222222223,
                56.32666666666667
              ],
              [
                101.79055555555556,
                56.3
              ],
              [
                101.80916666666667,
                56.28666666666666
              ],
              [
                101.8586111111111,
                56.26277777777778
              ],
              [
                101.93666666666667,
                56.26555555555556
              ],
              [
                101.92,
                56.28333333333333
              ],
              [
                101.96194444444444,
                56.26888888888889
              ],
              [
                101.98532802227369,
                56.270058067780354
              ],
              [
                101.08555555555554,
                55.81888888888889
              ],
              [
                101.07527777777777,
                55.925
              ],
              [
                101.12166666666666,
                56.01888888888889
              ],
              [
                101.23722222222223,
                56.098333333333336
              ],
              [
                101.19416666666667,
                56.13138888888889
              ],
              [
                101.25222222222222,
                56.10944444444445
              ],
              [
                101.33444444444444,
                56.153055555555554
              ],
              [
                101.16291726105565,
                56.185810746552534
              ]
            ]
          ],
          [
            [
              [
                102.16489867583746,
                56.36009943636865
              ],
              [
                102.13166666666666,
                56.38
              ],
              [
                102.17850118924216,
                56.36692008828973
              ],
              [
                102.16489867583746,
                56.36009943636865
              ]
            ]
          ]
        ],
        "meta": {
          "shape": "polygon"
        }
      },
      "properties": {
        "title": "L1224/26 for Irkutsk International Airport",
        "text": "From: 2026-10-09 02:00:00+00:00\nTo: 2026-10-10 10:00:00+00:00\n\nAIRSPACE CLSD Within 1KM EITHER SIDE OF LINE JOINING POINTS:\n\n562418N1021516E-562146N1021136E-562248N1020754E-562105N1021046E-\n\n561716N1020506E-561618N1020103E-561608N1015743E-561700N1015512E-\n\n561556N1015612E-561546N1015131E-561712N1014833E-561800N1014726E-\n\n561936N1014526E-561953N1013730E-561859N1013452E-561356N1013018E-\n\n561025N1012204E-560821N1012454E-561000N1012024E-561120N1010804E-\n\n561111N1005439E-561122N1010838E-560911N1012004E-560634N1011508E-\n\n560753N1011139E-560554N1011414E-560108N1010718E-555530N1010431E-\n\n554908N1010508E."
      }
    },
    {
      "type": "Feature",
      "geometry": {
        "type": "Polygon",
        "coordinates": [
          [
            [
              103.78972222222222,
              50.34305555555556
            ],
            [
              103.63916666666667,
              50.30694444444444
            ],
            [
              103.64611111111111,
              50.27722222222222
            ],
            [
              103.63527777777779,
              50.2575
            ],
            [
              103.62305555555555,
              50.23361111111111
            ],
            [
              103.62972222222221,
              50.211111111111116
            ],
            [
              103.64111111111112,
              50.196666666666665
            ],
            [
              103.64250000000001,
              50.18583333333333
            ],
            [
              103.64111111111112,
              50.175
            ],
            [
              103.64916666666667,
              50.1575
            ],
            [
              103.70527777777778,
              50.134166666666665
            ],
            [
              103.73472222222222,
              50.160555555555554
            ],
            [
              103.81416666666667,
              50.19305555555555
            ],
            [
              103.83138888888888,
              50.196666666666665
            ],
            [
              103.87472222222222,
              50.205555555555556
            ],
            [
              103.98805555555556,
              50.16888888888889
            ],
            [
              104.11583333333333,
              50.14944444444444
            ],
            [
              104.23555555555555,
              50.206944444444446
            ],
            [
              104.30805555555555,
              50.272777777777776
            ],
            [
              104.3863888888889,
              50.31388888888888
            ],
            [
              104.5025,
              50.32055555555556
            ],
            [
              104.49861111111112,
              50.48638888888889
            ],
            [
              104.07555555555555,
              50.37083333333334
            ],
            [
              103.92583333333334,
              50.36194444444445
            ],
            [
              103.78972222222222,
              50.34305555555556
            ]
          ]
        ],
        "meta": {
          "shape": "polygon"
        }
      },
      "properties": {
        "title": "L1231/26 for Irkutsk International Airport",
        "text": "From: 2026-10-09 05:00:00+00:00\nTo: 2026-10-09 15:00:00+00:00\n\nAIRSPACE CLSD Within AREA:\n\n502035N1034723E-501825N1033821E-501638N1033846E-501527N1033807E-\n\n501401N1033723E-501240N1033747E-501148N1033828E-501109N1033833E-\n\n501030N1033828E-500927N1033857E-500803N1034219E-500938N1034405E-\n\n501135N1034851E-501148N1034953E-501220N1035229E-501008N1035917E-\n\n500858N1040657E-501225N1041408E-501622N1041829E-501850N1042311E-\n\n501914N1043009E-502911N1042955E-502215N1040432E-502143N1035533E-\n\n502035N1034723E"
      }
    },
    {
      "type": "Feature",
      "geometry": {
        "type": "MultiPolygon",
        "coordinates": [
          [
            [
              [
                101.88723518451006,
                54.146579373759465
              ],
              [
                101.86166666666666,
                54.169444444444444
              ],
              [
                101.89500000000001,
                54.151666666666664
              ],
              [
                101.88723518451006,
                54.146579373759465
              ]
            ]
          ],
          [
            [
              [
                101.8948412808072,
                54.13977749613261
              ],
              [
                101.90972222222223,
                54.14222222222222
              ],
              [
                101.93666666666667,
                54.115
              ],
              [
                101.97277777777778,
                54.09722222222222
              ],
              [
                102.03,
                54.05555555555555
              ],
              [
                102.02416666666666,
                54.04555555555555
              ],
              [
                102.05333333333333,
                54.0475
              ],
              [
                102.13611111111112,
                54.0175
              ],
              [
                102.08277777777778,
                54.01722222222222
              ],
              [
                102.08416666666666,
                54.00472222222222
              ],
              [
                102.07277777777777,
                53.99388888888889
              ],
              [
                102.06378752340235,
                53.98869451969421
              ],
              [
                101.8948412808072,
                54.13977749613261
              ]
            ]
          ],
          [
            [
              [
                102.07976958928678,
                53.974402292495995
              ],
              [
                102.09888888888888,
                53.992222222222225
              ],
              [
                102.11527777777778,
                54.00694444444444
              ],
              [
                102.14861111111112,
                54.007777777777775
              ],
              [
                102.17305555555556,
                53.961111111111116
              ],
              [
                102.22583333333334,
                53.87083333333334
              ],
              [
                102.23472222222222,
                53.83583333333333
              ],
              [
                102.07976958928678,
                53.974402292495995
              ]
            ]
          ]
        ],
        "meta": {
          "shape": "polygon"
        }
      },
      "properties": {
        "title": "L1235/26 for Irkutsk International Airport",
        "text": "From: 2026-10-10 02:00:00+00:00\nTo: 2026-10-15 10:00:00+00:00\n\nAIRSPACE CLSD Within 0.7KM EITHER SIDE OF LINE JOINING POINTS:\n\n535009N1021405E-535215N1021333E-535740N1021023E-540028N1020855E-\n\n540025N1020655E-535932N1020556E-535620N1020230E-535758N1020244E-\n\n535828N1020326E-535912N1020337E-535938N1020422E-540017N1020503E-\n\n540102N1020458E-540103N1020810E-540251N1020312E-540244N1020127E-\n\n540320N1020148E-540550N1015822E-540654N1015612E-540832N1015435E-\n\n540809N1015215E-540906N1015342E-541010N1015142E."
      }
    },
    {
      "type": "Feature",
      "geometry": {
        "type": "Polygon",
        "coordinates": [
          [
            [
              111.5,
              51.916666666666664
            ],
            [
              112.66666666666667,
              51.86666666666667
            ],
            [
              113.5,
              51.666666666666664
            ],
            [
              114.25,
              50.916666666666664
            ],
            [
              114.33333333333333,
              50.666666666666664
            ],
            [
              113.91666666666667,
              50.583333333333336
            ],
            [
              111.0,
              50.416666666666664
            ],
            [
              111.0,
              51.0
            ],
            [
              111.5,
              51.916666666666664
            ]
          ]
        ],
        "meta": {
          "shape": "polygon"
        }
      },
      "properties": {
        "title": "L1257/26 for Irkutsk International Airport",
        "text": "From: 2026-10-09 00:00:00+00:00\nTo: 2026-10-09 23:59:00+00:00\n\nAIRSPACE CLSD Within AREA:\n\n515500N1113000E-515200N1124000E-514000N1133000E-505500N1141500E-\n\n504000N1142000E-503500N1135500E-502500N1110000E-510000N1110000E-\n\n515500N1113000E."
      }
    },
    {
      "type": "Feature",
      "geometry": {
        "type": "LineString",
        "coordinates": [
          [
            109.783591,
            52.167102
          ],
          [
            114.53374,
            51.100396
          ]
        ],
        "meta": {
          "shape": "linestring"
        }
      },
      "properties": {
        "title": "L1259/26 for Irkutsk International Airport",
        "text": "From: 2026-10-09 00:00:00+00:00\nTo: 2026-10-09 23:59:00+00:00\n\nATS RTE SEGMENT CLSD:\n\nA810 RINOP-AGINO."
      }
    },
    {
      "type": "Feature",
      "geometry": {
        "type": "MultiPolygon",
        "coordinates": [
          [
            [
              [
                104.63277777777778,
                56.728611111111114
              ],
              [
                104.69333333333334,
                56.79722222222222
              ],
              [
                104.92722222222223,
                56.867777777777775
              ],
              [
                105.20916666666668,
                56.88611111111111
              ],
              [
                105.39030153107636,
                56.794370863237425
              ],
              [
                104.63277777777778,
                56.728611111111114
              ]
            ]
          ],
          [
            [
              [
                105.45569745195994,
                56.80004780673742
              ],
              [
                105.56833333333333,
                56.82472222222223
              ],
              [
                105.61607371890919,
                56.81396988312856
              ],
              [
                105.45569745195994,
                56.80004780673742
              ]
            ]
          ],
          [
            [
              [
                105.86475100615634,
                56.835557267943365
              ],
              [
                105.86694444444444,
                56.836111111111116
              ],
              [
                105.87037178053859,
                56.836045200801614
              ],
              [
                105.86475100615634,
                56.835557267943365
              ]
            ]
          ]
        ],
        "meta": {
          "shape": "polygon"
        }
      },
      "properties": {
        "title": "L1261/26 for Irkutsk International Airport",
        "text": "From: 2026-10-11 02:00:00+00:00\nTo: 2026-10-16 10:00:00+00:00\n\nAIRSPACE CLSD Within 1.5KM EITHER SIDE OF LINE JOINING POINTS:\n\n564343N1043758E-564750N1044136E-565204N1045538E-565310N1051233E-\n\n564718N1052408E-564929N1053406E-564839N1053748E-564644N1053828E-\n\n564835N1054017E-564829N1054521E-565010N1055201E-565007N1055437E-\n\n564853N1055615E-564948N1055714E-565033N1060005E-565123N1060617E."
      }
    },
    {
      "type": "Feature",
      "geometry": {
        "type": "MultiPolygon",
        "coordinates": [
          [
            [
              [
                104.03886338933796,
                52.18443051479631
              ],
              [
                104.00944444444444,
                52.19194444444444
              ],
              [
                103.98777777777778,
                52.23083333333334
              ],
              [
                104.01444444444445,
                52.253055555555555
              ],
              [
                103.99861111111112,
                52.303888888888885
              ],
              [
                104.03886338933796,
                52.18443051479631
              ]
            ]
          ],
          [
            [
              [
                104.06622007437967,
                52.17744330952592
              ],
              [
                104.06888888888888,
                52.18194444444444
              ],
              [
                104.07805555555555,
                52.19277777777778
              ],
              [
                104.0736111111111,
                52.175555555555555
              ],
              [
                104.06622007437967,
                52.17744330952592
              ]
            ]
          ]
        ],
        "meta": {
          "shape": "polygon"
        }
      },
      "properties": {
        "title": "L1262/26 for Irkutsk International Airport",
        "text": "From: 2026-10-09 02:00:00+00:00\nTo: 2026-10-14 10:00:00+00:00\n\nAIRSPACE CLSD Within 0.9KM EITHER SIDE OF LINE JOINING POINTS:\n\n520902N1040301E-521055N1040408E-521134N1040441E-521032N1040425E-\n\n521131N1040034E-521351N1035916E-521511N1040052E-521814N1035955E."
      }
    },
    {
      "type": "Feature",
      "geometry": {
        "type": "Polygon",
        "coordinates": [
          [
            [
              102.67105591410447,
              53.69694429138012
            ],
            [
              102.67104859421023,
              53.696767946868334
            ],
            [
              102.6710267029056,
              53.69659202791508
            ],
            [
              102.6709902931095,
              53.696416958316625
            ],
            [
              102.67093945271355,
              53.69624315981787
            ],
            [
              102.67087430436884,
              53.696071051096474
            ],
            [
              102.67079500518861,
              53.695901046754386
            ],
            [
              102.67070174636828,
              53.695733556319254
            ],
            [
              102.6705947527233,
              53.695568983258134
            ],
            [
              102.67047428214612,
              53.69540772400577
            ],
            [
              102.67034062498364,
              53.695250167009924
            ],
            [
              102.67019410333646,
              53.69509669179594
            ],
            [
              102.67003507028201,
              53.69494766805286
            ],
            [
              102.66986390902296,
              53.694803454743244
            ],
            [
              102.66968103196331,
              53.694664399238896
            ],
            [
              102.66948687971427,
              53.694530836484475
            ],
            [
              102.66928192003239,
              53.69440308819108
            ],
            [
              102.66906664669243,
              53.694281462061774
            ],
            [
              102.66884157829776,
              53.69416625105076
            ],
            [
              102.66860725703096,
              53.69405773265821
            ],
            [
              102.66836424734808,
              53.693956168262176
            ],
            [
              102.66811313461912,
              53.69386180248953
            ],
            [
              102.66785452371852,
              53.693774862627
            ],
            [
              102.6675890375686,
              53.69369555807414
            ],
            [
              102.66731731563988,
              53.69362407983932
            ],
            [
              102.66704001241153,
              53.69356060007998
            ],
            [
              102.66675779579593,
              53.69350527168829
            ],
            [
              102.66647134553084,
              53.693458227923074
            ],
            [
              102.66618135154326,
              53.693419582089234
            ],
            [
              102.66588851228896,
              53.693389427264954
            ],
            [
              102.66559353307123,
              53.6933678360777
            ],
            [
              102.66529712434365,
              53.69335486052945
            ],
            [
              102.665,
              53.69335053187154
            ],
            [
              102.66470287565637,
              53.69335486052945
            ],
            [
              102.6644064669288,
              53.6933678360777
            ],
            [
              102.66411148771107,
              53.693389427264954
            ],
            [
              102.66381864845677,
              53.693419582089234
            ],
            [
              102.66352865446919,
              53.693458227923074
            ],
            [
              102.6632422042041,
              53.69350527168829
            ],
            [
              102.6629599875885,
              53.69356060007998
            ],
            [
              102.66268268436015,
              53.69362407983932
            ],
            [
              102.66241096243142,
              53.69369555807414
            ],
            [
              102.66214547628151,
              53.693774862627
            ],
            [
              102.66188686538091,
              53.69386180248953
            ],
            [
              102.66163575265195,
              53.693956168262176
            ],
            [
              102.66139274296907,
              53.69405773265821
            ],
            [
              102.66115842170227,
              53.69416625105076
            ],
            [
              102.6609333533076,
              53.694281462061774
            ],
            [
              102.66071807996764,
              53.69440308819108
            ],
            [
              102.66051312028576,
              53.694530836484475
            ],
            [
              102.66031896803672,
              53.694664399238896
            ],
            [
              102.66013609097706,
              53.694803454743244
            ],
            [
              102.65996492971802,
              53.69494766805286
            ],
            [
              102.65980589666357,
              53.69509669179593
            ],
            [
              102.65965937501639,
              53.695250167009924
            ],
            [
              102.65952571785391,
              53.69540772400577
            ],
            [
              102.65940524727672,
              53.695568983258134
            ],
            [
              102.65929825363176,
              53.695733556319254
            ],
            [
              102.65920499481142,
              53.695901046754386
            ],
            [
              102.65912569563119,
              53.69607105109647
            ],
            [
              102.65906054728646,
              53.69624315981787
            ],
            [
              102.65900970689053,
              53.696416958316625
            ],
            [
              102.65897329709442,
              53.69659202791508
            ],
            [
              102.6589514057898,
              53.696767946868334
            ],
            [
              102.65894408589556,
              53.69694429138012
            ],
            [
              102.65895135522851,
              53.697120636623744
            ],
            [
              102.65897319645875,
              53.697296557765405
            ],
            [
              102.65900955714969,
              53.697471630987806
            ],
            [
              102.65906034988252,
              53.69764543451114
            ],
            [
              102.65912545246525,
              53.69781754960932
            ],
            [
              102.65920470822532,
              53.69798756161902
            ],
            [
              102.65929792638545,
              53.698155060938745
            ],
            [
              102.6594048825218,
              53.69831964401587
            ],
            [
              102.65952531910315,
              53.69848091431919
            ],
            [
              102.65965894610999,
              53.69863848329452
            ],
            [
              102.6598054417321,
              53.698791971301155
            ],
            [
              102.65996445314273,
              53.69894100852684
            ],
            [
              102.66013559734766,
              53.69908523587917
            ],
            [
              102.66031846210711,
              53.69922430585109
            ],
            [
              102.66051260692832,
              53.699357883358644
            ],
            [
              102.66071756412627,
              53.699485646548645
            ],
            [
              102.66093283995014,
              53.69960728757455
            ],
            [
              102.66115791577265,
              53.6997225133387
            ],
            [
              102.66139224933966,
              53.699831046198845
            ],
            [
              102.66163527607667,
              53.699932624637576
            ],
            [
              102.66188641044943,
              53.700027003892835
            ],
            [
              102.66214504737508,
              53.700113956548
            ],
            [
              102.66241056368065,
              53.70019327308035
            ],
            [
              102.66268231960522,
              53.70026476236613
            ],
            [
              102.6629596603422,
              53.70032825214147
            ],
            [
              102.66324191761798,
              53.70038358941776
            ],
            [
              102.66352841130326,
              53.70043064085059
            ],
            [
              102.66381845105282,
              53.700469293061225
            ],
            [
              102.66411133797023,
              53.700499452910066
            ],
            [
              102.66440636629312,
              53.70052104772127
            ],
            [
              102.66470282509508,
              53.700534025457934
            ],
            [
              102.665,
              53.700538354847666
            ],
            [
              102.66529717490495,
              53.70053402545793
            ],
            [
              102.6655936337069,
              53.70052104772127
            ],
            [
              102.6658886620298,
              53.700499452910066
            ],
            [
              102.66618154894721,
              53.700469293061225
            ],
            [
              102.66647158869677,
              53.70043064085059
            ],
            [
              102.66675808238203,
              53.70038358941776
            ],
            [
              102.66704033965783,
              53.700328252141475
            ],
            [
              102.6673176803948,
              53.700264762366125
            ],
            [
              102.66758943631937,
              53.70019327308036
            ],
            [
              102.66785495262495,
              53.70011395654801
            ],
            [
              102.6681135895506,
              53.700027003892835
            ],
            [
              102.66836472392336,
              53.699932624637576
            ],
            [
              102.66860775066037,
              53.69983104619884
            ],
            [
              102.66884208422738,
              53.6997225133387
            ],
            [
              102.66906716004989,
              53.699607287574544
            ],
            [
              102.66928243587374,
              53.699485646548645
            ],
            [
              102.6694873930717,
              53.69935788335865
            ],
            [
              102.66968153789293,
              53.6992243058511
            ],
            [
              102.66986440265237,
              53.69908523587917
            ],
            [
              102.67003554685729,
              53.69894100852684
            ],
            [
              102.67019455826792,
              53.69879197130115
            ],
            [
              102.67034105389004,
              53.69863848329453
            ],
            [
              102.67047468089687,
              53.6984809143192
            ],
            [
              102.67059511747823,
              53.69831964401587
            ],
            [
              102.67070207361458,
              53.698155060938745
            ],
            [
              102.67079529177471,
              53.69798756161902
            ],
            [
              102.67087454753478,
              53.697817549609326
            ],
            [
              102.6709396501175,
              53.697645434511124
            ],
            [
              102.67099044285034,
              53.69747163098781
            ],
            [
              102.67102680354128,
              53.697296557765405
            ],
            [
              102.67104864477152,
              53.697120636623744
            ],
            [
              102.67105591410447,
              53.69694429138012
            ]
          ]
        ],
        "meta": {
          "shape": "circle"
        }
      },
      "properties": {
        "title": "L1263/26 for Irkutsk International Airport",
        "text": "From: 2026-10-13 01:00:00+00:00\nTo: 2026-10-13 11:00:00+00:00\n\nAIRSPACE CLSD Within CIRCLE RADIUS 0.4KM CENTRE 534149N1023954E."
      }
    },
    {
      "type": "Feature",
      "geometry": {
        "type": "Polygon",
        "coordinates": [
          [
            [
              116.09888888888888,
              58.40972222222222
            ],
            [
              116.08333333333333,
              58.40472222222222
            ],
            [
              116.09583333333333,
              58.39861111111111
            ],
            [
              116.10805555555555,
              58.40416666666667
            ],
            [
              116.09888888888888,
              58.40972222222222
            ]
          ]
        ],
        "meta": {
          "shape": "polygon"
        }
      },
      "properties": {
        "title": "L1274/26 for Irkutsk International Airport",
        "text": "From: 2026-10-11 04:00:00+00:00\nTo: 2026-10-16 11:00:00+00:00\n\nAIRSPACE CLSD Within AREA:\n\n582435N1160556E-582417N1160500E-582355N1160545E-\n\n582415N1160629E-582435N1160556E."
      }
    },
    {
      "type": "Feature",
      "geometry": {
        "type": "Polygon",
        "coordinates": [
          [
            [
              116.01444444444445,
              58.43555555555555
            ],
            [
              116.03222222222222,
              58.43111111111111
            ],
            [
              116.02722222222222,
              58.42638888888889
            ],
            [
              116.00416666666666,
              58.43222222222222
            ],
            [
              116.01444444444445,
              58.43555555555555
            ]
          ]
        ],
        "meta": {
          "shape": "polygon"
        }
      },
      "properties": {
        "title": "L1276/26 for Irkutsk International Airport",
        "text": "From: 2026-10-11 04:00:00+00:00\nTo: 2026-10-16 11:00:00+00:00\n\nAIRSPACE CLSD Within AREA:\n\n582608N1160052E-582552N1160156E-582535N1160138E-\n\n582556N1160015E-582608N1160052E."
      }
    },
    {
      "type": "Feature",
      "geometry": {
        "type": "Polygon",
        "coordinates": [
          [
            [
              104.15668140978724,
              56.545829081295295
            ],
            [
              104.1566414899035,
              56.544947781836534
            ],
            [
              104.15652334082586,
              56.54406862577922
            ],
            [
              104.15632725258006,
              56.54319373086593
            ],
            [
              104.15605370284861,
              56.54232520442982
            ],
            [
              104.15570335576913,
              56.54146513832127
            ],
            [
              104.15527706028504,
              56.54061560387336
            ],
            [
              104.15477584805284,
              56.53977864691805
            ],
            [
              104.15420093091194,
              56.53895628286499
            ],
            [
              104.1535536979232,
              56.538150491854914
            ],
            [
              104.15283571198368,
              56.537363213998916
            ],
            [
              104.15204870602642,
              56.5365963447153
            ],
            [
              104.1511945788145,
              56.535851730174926
            ],
            [
              104.15027539033996,
              56.535131162866016
            ],
            [
              104.14929335683871,
              56.53443637728884
            ],
            [
              104.14825084543396,
              56.53376904579091
            ],
            [
              104.14715036842101,
              56.533130774551864
            ],
            [
              104.1459945772072,
              56.53252309972849
            ],
            [
              104.14478625592224,
              56.53194748376829
            ],
            [
              104.1435283147134,
              56.531405311900706
            ],
            [
              104.14222378274269,
              56.5308978888142
            ],
            [
              104.14087580090217,
              56.530426435527126
            ],
            [
              104.13948761426487,
              56.529992086459714
            ],
            [
              104.13806256428978,
              56.529595886714155
            ],
            [
              104.13660408079888,
              56.52923878956923
            ],
            [
              104.13511567374566,
              56.52892165419521
            ],
            [
              104.13360092479465,
              56.52864524359492
            ],
            [
              104.13206347873162,
              56.528410222774994
            ],
            [
              104.13050703472516,
              56.52821715715253
            ],
            [
              104.12893533745994,
              56.52806651120027
            ],
            [
              104.12735216816286,
              56.52795864733389
            ],
            [
              104.12576133554302,
              56.527893825043606
            ],
            [
              104.124166666667,
              56.52787220027264
            ],
            [
              104.12257199779097,
              56.527893825043606
            ],
            [
              104.12098116517113,
              56.52795864733389
            ],
            [
              104.11939799587404,
              56.52806651120027
            ],
            [
              104.11782629860883,
              56.52821715715253
            ],
            [
              104.11626985460236,
              56.528410222774994
            ],
            [
              104.11473240853933,
              56.52864524359492
            ],
            [
              104.11321765958833,
              56.52892165419521
            ],
            [
              104.1117292525351,
              56.52923878956923
            ],
            [
              104.1102707690442,
              56.529595886714155
            ],
            [
              104.10884571906911,
              56.529992086459714
            ],
            [
              104.10745753243182,
              56.530426435527126
            ],
            [
              104.10610955059128,
              56.5308978888142
            ],
            [
              104.10480501862058,
              56.531405311900706
            ],
            [
              104.10354707741175,
              56.53194748376829
            ],
            [
              104.10233875612678,
              56.53252309972849
            ],
            [
              104.10118296491298,
              56.533130774551864
            ],
            [
              104.10008248790002,
              56.53376904579091
            ],
            [
              104.09903997649528,
              56.53443637728884
            ],
            [
              104.09805794299403,
              56.535131162866016
            ],
            [
              104.09713875451948,
              56.535851730174926
            ],
            [
              104.09628462730757,
              56.5365963447153
            ],
            [
              104.0954976213503,
              56.537363213998916
            ],
            [
              104.09477963541079,
              56.538150491854914
            ],
            [
              104.09413240242203,
              56.53895628286499
            ],
            [
              104.09355748528115,
              56.53977864691805
            ],
            [
              104.09305627304894,
              56.54061560387336
            ],
            [
              104.09262997756484,
              56.541465138321264
            ],
            [
              104.09227963048538,
              56.54232520442982
            ],
            [
              104.09200608075393,
              56.54319373086593
            ],
            [
              104.09180999250812,
              56.54406862577922
            ],
            [
              104.09169184343048,
              56.544947781836534
            ],
            [
              104.09165192354675,
              56.545829081295295
            ],
            [
              104.0916903344753,
              56.54671040110294
            ],
            [
              104.09180698912982,
              56.54758961801105
            ],
            [
              104.09200161187665,
              56.54846461369094
            ],
            [
              104.09227373914683,
              56.54933327983904
            ],
            [
              104.09262272050177,
              56.550193523259466
            ],
            [
              104.09304772015079,
              56.55104327091156
            ],
            [
              104.09354771891697,
              56.55188047491007
            ],
            [
              104.09412151664716,
              56.55270311746615
            ],
            [
              104.09476773506113,
              56.553509215757
            ],
            [
              104.0954848210327,
              56.554296826712196
            ],
            [
              104.09627105029598,
              56.555064051705536
            ],
            [
              104.09712453156793,
              56.55580904114047
            ],
            [
              104.09804321107725,
              56.556529998918336
            ],
            [
              104.09902487748967,
              56.557225186778425
            ],
            [
              104.10006716721723,
              56.557892928499065
            ],
            [
              104.10116757009955,
              56.5585316139499
            ],
            [
              104.10232343544317,
              56.55913970298509
            ],
            [
              104.10353197840453,
              56.55971572916802
            ],
            [
              104.10479028670149,
              56.560258303318605
            ],
            [
              104.10609532763677,
              56.56076611687416
            ],
            [
              104.10744395541674,
              56.5612379450559
            ],
            [
              104.10883291874761,
              56.56167264983318
            ],
            [
              104.11025886869042,
              56.56206918267807
            ],
            [
              104.11171836675604,
              56.562426587103914
            ],
            [
              104.11320789322001,
              56.56274400098111
            ],
            [
              104.1147238556373,
              56.56302065862473
            ],
            [
              104.1162625975358,
              56.563255892648954
            ],
            [
              104.1178204072673,
              56.56344913558343
            ],
            [
              104.11939352699443,
              56.56359992124776
            ],
            [
              104.12097816179121,
              56.56370788588082
            ],
            [
              104.12257048883498,
              56.56377276902191
            ],
            [
              104.124166666667,
              56.5637944141418
            ],
            [
              104.12576284449901,
              56.56377276902191
            ],
            [
              104.12735517154277,
              56.56370788588082
            ],
            [
              104.12893980633956,
              56.56359992124776
            ],
            [
              104.13051292606669,
              56.563449135583426
            ],
            [
              104.13207073579818,
              56.563255892648954
            ],
            [
              104.13360947769668,
              56.56302065862472
            ],
            [
              104.13512544011398,
              56.5627440009811
            ],
            [
              104.13661496657795,
              56.562426587103914
            ],
            [
              104.13807446464357,
              56.56206918267807
            ],
            [
              104.13950041458638,
              56.56167264983318
            ],
            [
              104.14088937791725,
              56.5612379450559
            ],
            [
              104.14223800569724,
              56.56076611687416
            ],
            [
              104.1435430466325,
              56.5602583033186
            ],
            [
              104.14480135492946,
              56.55971572916802
            ],
            [
              104.14600989789082,
              56.55913970298509
            ],
            [
              104.14716576323444,
              56.55853161394991
            ],
            [
              104.14826616611676,
              56.557892928499065
            ],
            [
              104.14930845584432,
              56.55722518677842
            ],
            [
              104.15029012225673,
              56.55652999891834
            ],
            [
              104.15120880176606,
              56.55580904114047
            ],
            [
              104.15206228303799,
              56.555064051705536
            ],
            [
              104.15284851230129,
              56.554296826712196
            ],
            [
              104.15356559827285,
              56.553509215757
            ],
            [
              104.15421181668682,
              56.55270311746616
            ],
            [
              104.15478561441702,
              56.55188047491007
            ],
            [
              104.15528561318318,
              56.55104327091156
            ],
            [
              104.15571061283222,
              56.550193523259466
            ],
            [
              104.15605959418717,
              56.54933327983903
            ],
            [
              104.15633172145732,
              56.54846461369094
            ],
            [
              104.15652634420415,
              56.54758961801105
            ],
            [
              104.15664299885869,
              56.54671040110294
            ],
            [
              104.15668140978724,
              56.545829081295295
            ]
          ]
        ],
        "meta": {
          "shape": "circle"
        }
      },
      "properties": {
        "title": "L1292/26 for Irkutsk International Airport",
        "text": "From: 2026-10-12 04:00:00+00:00\nTo: 2026-10-16 09:00:00+00:00\n\nAIRSPACE CLSD Within CIRCLE RADIUS 2KM CENTRE 563245N1040727E."
      }
    },
    {
      "type": "Feature",
      "geometry": {
        "type": "Polygon",
        "coordinates": [
          [
            [
              118.3699165120983,
              56.65749893249843
            ],
            [
              118.3698966815525,
              56.65705828815764
            ],
            [
              118.36983761901944,
              56.65661871045793
            ],
            [
              118.36973946814447,
              56.656181258325105
            ],
            [
              118.36960246671373,
              56.65574698552815
            ],
            [
              118.36942694606847,
              56.65531693814142
            ],
            [
              118.3692133302944,
              56.654892152025866
            ],
            [
              118.36896213518808,
              56.654473650334985
            ],
            [
              118.36867396700306,
              56.65406244105196
            ],
            [
              118.36834952097857,
              56.65365951456343
            ],
            [
              118.36798957965507,
              56.65326584127594
            ],
            [
              118.36759501098007,
              56.652882369280945
            ],
            [
              118.36716676620917,
              56.65251002207359
            ],
            [
              118.36670587760793,
              56.65214969633109
            ],
            [
              118.36621345595913,
              56.651802259755804
            ],
            [
              118.36569068788258,
              56.65146854898826
            ],
            [
              118.36513883297307,
              56.65114936759519
            ],
            [
              118.36455922076408,
              56.650845484137115
            ],
            [
              118.36395324752415,
              56.6505576303206
            ],
            [
              118.36332237289385,
              56.65028649923899
            ],
            [
              118.36266811637131,
              56.65003274370632
            ],
            [
              118.36199205365475,
              56.64979697468809
            ],
            [
              118.36129581285105,
              56.64957975983289
            ],
            [
              118.3605810705592,
              56.64938162210807
            ],
            [
              118.35984954783788,
              56.649203038543014
            ],
            [
              118.35910300606726,
              56.649044439082786
            ],
            [
              118.35834324271454,
              56.648906205555114
            ],
            [
              118.3575720870135,
              56.64878867075285
            ],
            [
              118.35679139556818,
              56.648692117634525
            ],
            [
              118.35600304789179,
              56.648616778644445
            ],
            [
              118.35520894189045,
              56.64856283515431
            ],
            [
              118.35441098930355,
              56.64853041702737
            ],
            [
              118.353611111111,
              56.64851960230668
            ],
            [
              118.35281123291844,
              56.64853041702737
            ],
            [
              118.35201328033153,
              56.64856283515431
            ],
            [
              118.3512191743302,
              56.648616778644445
            ],
            [
              118.3504308266538,
              56.648692117634525
            ],
            [
              118.34965013520849,
              56.64878867075285
            ],
            [
              118.34887897950745,
              56.648906205555114
            ],
            [
              118.34811921615473,
              56.649044439082786
            ],
            [
              118.3473726743841,
              56.649203038543014
            ],
            [
              118.34664115166278,
              56.64938162210807
            ],
            [
              118.34592640937093,
              56.64957975983289
            ],
            [
              118.34523016856724,
              56.64979697468809
            ],
            [
              118.34455410585068,
              56.65003274370632
            ],
            [
              118.34389984932814,
              56.65028649923899
            ],
            [
              118.34326897469784,
              56.6505576303206
            ],
            [
              118.34266300145791,
              56.650845484137115
            ],
            [
              118.34208338924891,
              56.65114936759519
            ],
            [
              118.34153153433941,
              56.65146854898826
            ],
            [
              118.34100876626286,
              56.651802259755804
            ],
            [
              118.34051634461406,
              56.65214969633109
            ],
            [
              118.34005545601282,
              56.65251002207358
            ],
            [
              118.33962721124193,
              56.652882369280945
            ],
            [
              118.33923264256691,
              56.65326584127594
            ],
            [
              118.33887270124342,
              56.65365951456343
            ],
            [
              118.33854825521892,
              56.65406244105196
            ],
            [
              118.3382600870339,
              56.654473650334985
            ],
            [
              118.33800889192759,
              56.654892152025866
            ],
            [
              118.33779527615351,
              56.655316938141425
            ],
            [
              118.33761975550827,
              56.655746985528154
            ],
            [
              118.33748275407751,
              56.656181258325105
            ],
            [
              118.33738460320255,
              56.65661871045792
            ],
            [
              118.33732554066948,
              56.65705828815764
            ],
            [
              118.33730571012369,
              56.65749893249843
            ],
            [
              118.33732516071048,
              56.657939581948135
            ],
            [
              118.33738384694372,
              56.658379174925386
            ],
            [
              118.33748162880205,
              56.65881665235724
            ],
            [
              118.33761827205319,
              56.659250960231084
            ],
            [
              118.33779344880531,
              56.659681052134744
            ],
            [
              118.33800673828462,
              56.660105891778564
            ],
            [
              118.33825762783691,
              56.66052445549349
            ],
            [
              118.33854551415133,
              56.66093573469905
            ],
            [
              118.33886970470319,
              56.66133873833523
            ],
            [
              118.33922941941236,
              56.66173249525248
            ],
            [
              118.3396237925138,
              56.66211605655396
            ],
            [
              118.34005187463532,
              56.662488497884446
            ],
            [
              118.34051263507784,
              56.662848921660284
            ],
            [
              118.34100496429275,
              56.66319645923498
            ],
            [
              118.34152767655047,
              56.66353027299534
            ],
            [
              118.34207951279377,
              56.66384955838275
            ],
            [
              118.34265914366894,
              56.66415354583515
            ],
            [
              118.34326517272761,
              56.66444150264448
            ],
            [
              118.34389613979174,
              56.66471273472551
            ],
            [
              118.34455052447302,
              56.66496658829153
            ],
            [
              118.34522674983891,
              56.66520245143289
            ],
            [
              118.34592318621617,
              56.66541975559458
            ],
            [
              118.34663815512229,
              56.66561797694917
            ],
            [
              118.34736993331626,
              56.665796637661884
            ],
            [
              118.34811675695745,
              56.665955307044655
            ],
            [
              118.34887682586421,
              56.66609360259642
            ],
            [
              118.34964830786008,
              56.666211190926916
            ],
            [
              118.35042934319856,
              56.66630778856218
            ],
            [
              118.35121804905458,
              56.66638316262914
            ],
            [
              118.35201252407259,
              56.66643713141834
            ],
            [
              118.35281085295935,
              56.666469564822805
            ],
            [
              118.353611111111,
              56.66648038465243
            ],
            [
              118.35441136926264,
              56.666469564822805
            ],
            [
              118.3552096981494,
              56.66643713141834
            ],
            [
              118.3560041731674,
              56.66638316262914
            ],
            [
              118.35679287902343,
              56.66630778856218
            ],
            [
              118.35757391436191,
              56.66621119092693
            ],
            [
              118.35834539635779,
              56.66609360259642
            ],
            [
              118.3591054652645,
              56.66595530704466
            ],
            [
              118.35985228890573,
              56.665796637661884
            ],
            [
              118.3605840670997,
              56.665617976949164
            ],
            [
              118.36129903600583,
              56.66541975559458
            ],
            [
              118.36199547238307,
              56.66520245143288
            ],
            [
              118.36267169774898,
              56.66496658829153
            ],
            [
              118.36332608243025,
              56.6647127347255
            ],
            [
              118.36395704949439,
              56.66444150264448
            ],
            [
              118.36456307855305,
              56.66415354583515
            ],
            [
              118.36514270942821,
              56.66384955838275
            ],
            [
              118.36569454567152,
              56.66353027299534
            ],
            [
              118.36621725792924,
              56.663196459234975
            ],
            [
              118.36670958714414,
              56.662848921660284
            ],
            [
              118.36717034758667,
              56.66248849788444
            ],
            [
              118.36759842970818,
              56.66211605655396
            ],
            [
              118.36799280280962,
              56.66173249525248
            ],
            [
              118.3683525175188,
              56.66133873833523
            ],
            [
              118.36867670807065,
              56.66093573469905
            ],
            [
              118.36896459438508,
              56.66052445549349
            ],
            [
              118.36921548393737,
              56.66010589177856
            ],
            [
              118.36942877341667,
              56.659681052134744
            ],
            [
              118.3696039501688,
              56.659250960231084
            ],
            [
              118.36974059341993,
              56.65881665235724
            ],
            [
              118.36983837527826,
              56.658379174925386
            ],
            [
              118.36989706151151,
              56.657939581948135
            ],
            [
              118.3699165120983,
              56.65749893249843
            ]
          ]
        ],
        "meta": {
          "shape": "circle"
        }
      },
      "properties": {
        "title": "L1297/26 for Irkutsk International Airport",
        "text": "From: 2026-10-11 02:00:00+00:00\nTo: 2026-10-13 12:00:00+00:00\n\nAIRSPACE CLSD Within CIRCLE RADIUS 1KM CENTRE 563927N1182113E."
      }
    },
    {
      "type": "Feature",
      "geometry": {
        "type": "Polygon",
        "coordinates": [
          [
            [
              107.54755956418781,
              51.76361110218776
            ],
            [
              107.5475578180531,
              51.76356700153123
            ],
            [
              107.5475525866848,
              51.76352300715952
            ],
            [
              107.54754388269586,
              51.76347922505848
            ],
            [
              107.54753172706484,
              51.763435760702244
            ],
            [
              107.5475161490853,
              51.76339271879922
            ],
            [
              107.54749718629516,
              51.76335020303976
            ],
            [
              107.54747488438619,
              51.763308315846444
            ],
            [
              107.54744929709383,
              51.76326715812732
            ],
            [
              107.5474204860677,
              51.76322682903283
            ],
            [
              107.54738852072283,
              51.763187425717
            ],
            [
              107.54735347807271,
              51.76314904310329
            ],
            [
              107.54731544254332,
              51.76311177365615
            ],
            [
              107.54727450576999,
              51.76307570715806
            ],
            [
              107.5472307663764,
              51.76304093049345
            ],
            [
              107.54718432973705,
              51.76300752743928
            ],
            [
              107.54713530772337,
              51.762975578463355
            ],
            [
              107.54708381843419,
              51.7629451605304
            ],
            [
              107.54702998591124,
              51.76291634691676
            ],
            [
              107.54697393984024,
              51.76288920703386
            ],
            [
              107.54691581523862,
              51.76286380626099
            ],
            [
              107.54685575213024,
              51.76284020578791
            ],
            [
              107.546793895208,
              51.76281846246736
            ],
            [
              107.5467303934854,
              51.76279862867822
            ],
            [
              107.5466653999376,
              51.76278075219933
            ],
            [
              107.54659907113289,
              51.76276487609434
            ],
            [
              107.54653156685562,
              51.762751038608094
            ],
            [
              107.54646304972134,
              51.76273927307442
            ],
            [
              107.54639368478506,
              51.76272960783591
            ],
            [
              107.54632363914381,
              51.762722066175634
            ],
            [
              107.54625308153402,
              51.762716666261056
            ],
            [
              107.54618218192533,
              51.76271342110029
            ],
            [
              107.546111111111,
              51.762712338510724
            ],
            [
              107.54604004029667,
              51.76271342110029
            ],
            [
              107.54596914068799,
              51.762716666261056
            ],
            [
              107.54589858307821,
              51.762722066175634
            ],
            [
              107.54582853743695,
              51.76272960783591
            ],
            [
              107.54575917250067,
              51.76273927307442
            ],
            [
              107.54569065536639,
              51.762751038608094
            ],
            [
              107.54562315108912,
              51.76276487609434
            ],
            [
              107.54555682228441,
              51.76278075219933
            ],
            [
              107.54549182873662,
              51.76279862867822
            ],
            [
              107.54542832701401,
              51.76281846246736
            ],
            [
              107.54536647009176,
              51.76284020578791
            ],
            [
              107.54530640698339,
              51.762863806260995
            ],
            [
              107.54524828238178,
              51.76288920703386
            ],
            [
              107.54519223631077,
              51.76291634691676
            ],
            [
              107.54513840378782,
              51.7629451605304
            ],
            [
              107.54508691449864,
              51.762975578463355
            ],
            [
              107.54503789248496,
              51.76300752743928
            ],
            [
              107.54499145584562,
              51.76304093049345
            ],
            [
              107.54494771645201,
              51.76307570715806
            ],
            [
              107.54490677967868,
              51.76311177365615
            ],
            [
              107.5448687441493,
              51.7631490431033
            ],
            [
              107.54483370149917,
              51.763187425717
            ],
            [
              107.54480173615434,
              51.76322682903284
            ],
            [
              107.54477292512817,
              51.76326715812732
            ],
            [
              107.54474733783582,
              51.763308315846444
            ],
            [
              107.54472503592686,
              51.76335020303976
            ],
            [
              107.54470607313671,
              51.76339271879922
            ],
            [
              107.54469049515717,
              51.763435760702244
            ],
            [
              107.54467833952614,
              51.76347922505848
            ],
            [
              107.5446696355372,
              51.76352300715953
            ],
            [
              107.54466440416891,
              51.76356700153123
            ],
            [
              107.5446626580342,
              51.76361110218776
            ],
            [
              107.5446644013498,
              51.76365520288693
            ],
            [
              107.5446696299261,
              51.76369919738613
            ],
            [
              107.5446783311771,
              51.7637429796983
            ],
            [
              107.54469048415059,
              51.763786444347254
            ],
            [
              107.54470605957862,
              51.763829486621795
            ],
            [
              107.54472501994779,
              51.76387200282797
            ],
            [
              107.54474731958969,
              51.763913890538895
            ],
            [
              107.54477290479066,
              51.763955048841545
            ],
            [
              107.54480171392134,
              51.76399537857986
            ],
            [
              107.5448336775848,
              51.76403478259361
            ],
            [
              107.54486871878387,
              51.7640731659526
            ],
            [
              107.54490675310646,
              51.764110436185234
            ],
            [
              107.54494768892891,
              51.76414650350144
            ],
            [
              107.54499142763669,
              51.76418128100893
            ],
            [
              107.5450378638619,
              51.76421468492261
            ],
            [
              107.54508688573708,
              51.7642466347664
            ],
            [
              107.54513837516474,
              51.76427705356722
            ],
            [
              107.54519220810185,
              51.76430586804036
            ],
            [
              107.54524825485868,
              51.764333008766144
            ],
            [
              107.54530638041116,
              51.76435841035713
            ],
            [
              107.54536644472634,
              51.7643820116157
            ],
            [
              107.54542830309965,
              51.764403755681556
            ],
            [
              107.54549180650362,
              51.764423590168605
            ],
            [
              107.54555680194692,
              51.76444146729132
            ],
            [
              107.54562313284298,
              51.764457343979835
            ],
            [
              107.54569063938732,
              51.764471181983694
            ],
            [
              107.54575915894256,
              51.76448294796408
            ],
            [
              107.54582852643037,
              51.7644926135741
            ],
            [
              107.54589857472918,
              51.76450015552709
            ],
            [
              107.54596913507687,
              51.7645055556528
            ],
            [
              107.54604003747755,
              51.76450880094107
            ],
            [
              107.546111111111,
              51.764509883573275
            ],
            [
              107.54618218474445,
              51.76450880094107
            ],
            [
              107.54625308714513,
              51.7645055556528
            ],
            [
              107.54632364749284,
              51.76450015552709
            ],
            [
              107.54639369579164,
              51.7644926135741
            ],
            [
              107.54646306327945,
              51.76448294796408
            ],
            [
              107.54653158283469,
              51.764471181983694
            ],
            [
              107.54659908937903,
              51.764457343979835
            ],
            [
              107.54666542027509,
              51.76444146729132
            ],
            [
              107.54673041571839,
              51.764423590168605
            ],
            [
              107.54679391912236,
              51.76440375568155
            ],
            [
              107.54685577749568,
              51.764382011615716
            ],
            [
              107.54691584181084,
              51.76435841035713
            ],
            [
              107.54697396736333,
              51.76433300876614
            ],
            [
              107.54703001412015,
              51.76430586804036
            ],
            [
              107.54708384705727,
              51.76427705356723
            ],
            [
              107.54713533648494,
              51.76424663476641
            ],
            [
              107.54718435836011,
              51.76421468492261
            ],
            [
              107.54723079458532,
              51.76418128100894
            ],
            [
              107.54727453329309,
              51.76414650350144
            ],
            [
              107.54731546911555,
              51.764110436185234
            ],
            [
              107.54735350343813,
              51.7640731659526
            ],
            [
              107.54738854463722,
              51.76403478259361
            ],
            [
              107.54742050830068,
              51.76399537857986
            ],
            [
              107.54744931743134,
              51.763955048841545
            ],
            [
              107.54747490263232,
              51.763913890538895
            ],
            [
              107.54749720227423,
              51.76387200282797
            ],
            [
              107.54751616264339,
              51.7638294866218
            ],
            [
              107.54753173807141,
              51.76378644434725
            ],
            [
              107.54754389104491,
              51.76374297969829
            ],
            [
              107.5475525922959,
              51.76369919738613
            ],
            [
              107.5475578208722,
              51.76365520288693
            ],
            [
              107.54755956418781,
              51.76361110218776
            ]
          ]
        ],
        "meta": {
          "shape": "circle"
        }
      },
      "properties": {
        "title": "L1303/26 for Irkutsk International Airport",
        "text": "From: 2026-10-10 05:00:00+00:00\nTo: 2026-10-15 13:00:00+00:00\n\nAIRSPACE CLSD Within CIRCLE RADIUS 0.1KM CENTRE 514549N1073246E."
      }
    },
    {
      "type": "Feature",
      "geometry": {
        "type": "Polygon",
        "coordinates": [
          [
            [
              113.17277525904424,
              52.050277633534805
            ],
            [
              113.17276821264109,
              52.05010123981053
            ],
            [
              113.1727471364361,
              52.04992527172095
            ],
            [
              113.17271208136772,
              52.04975015318115
            ],
            [
              113.17266313204749,
              52.04957630605469
            ],
            [
              113.17260040655472,
              52.049404149137445
            ],
            [
              113.17252405615044,
              52.04923409714881
            ],
            [
              113.17243426491167,
              52.049066559732836
            ],
            [
              113.17233124928649,
              52.048901940471595
            ],
            [
              113.17221525757138,
              52.04874063591329
            ],
            [
              113.17208656931186,
              52.04858303461709
            ],
            [
              113.17194549462795,
              52.04842951621762
            ],
            [
              113.17179237346609,
              52.04828045051061
            ],
            [
              113.17162757477945,
              52.0481361965626
            ],
            [
              113.1714514956383,
              52.04799710184619
            ],
            [
              113.17126456027296,
              52.04786350140358
            ],
            [
              113.17106721905138,
              52.047735717039735
            ],
            [
              113.17085994739399,
              52.047614056547765
            ],
            [
              113.1706432446282,
              52.04749881296775
            ],
            [
              113.17041763278559,
              52.04739026388144
            ],
            [
              113.17018365534452,
              52.04728867074391
            ],
            [
              113.16994187592131,
              52.047194278254146
            ],
            [
              113.16969287691286,
              52.04710731376612
            ],
            [
              113.16943725809438,
              52.04702798674138
            ],
            [
              113.1691756351752,
              52.046956488244945
            ],
            [
              113.16890863831651,
              52.04689299048541
            ],
            [
              113.16863691061432,
              52.04683764640036
            ],
            [
              113.16836110655133,
              52.04679058928836
            ],
            [
              113.16808189042146,
              52.04675193248803
            ],
            [
              113.167799934731,
              52.04672176910531
            ],
            [
              113.16751591857984,
              52.04670017178934
            ],
            [
              113.16723052602694,
              52.04668719255764
            ],
            [
              113.166944444444,
              52.0466828626709
            ],
            [
              113.16665836286107,
              52.04668719255764
            ],
            [
              113.16637297030817,
              52.04670017178934
            ],
            [
              113.16608895415702,
              52.04672176910531
            ],
            [
              113.16580699846655,
              52.04675193248803
            ],
            [
              113.16552778233668,
              52.04679058928836
            ],
            [
              113.16525197827369,
              52.04683764640036
            ],
            [
              113.16498025057149,
              52.04689299048541
            ],
            [
              113.16471325371282,
              52.046956488244945
            ],
            [
              113.16445163079364,
              52.04702798674138
            ],
            [
              113.16419601197514,
              52.04710731376612
            ],
            [
              113.16394701296669,
              52.047194278254146
            ],
            [
              113.1637052335435,
              52.04728867074391
            ],
            [
              113.16347125610243,
              52.04739026388144
            ],
            [
              113.16324564425982,
              52.04749881296775
            ],
            [
              113.16302894149402,
              52.047614056547765
            ],
            [
              113.16282166983663,
              52.047735717039735
            ],
            [
              113.16262432861507,
              52.04786350140358
            ],
            [
              113.16243739324972,
              52.04799710184619
            ],
            [
              113.16226131410856,
              52.0481361965626
            ],
            [
              113.16209651542192,
              52.04828045051061
            ],
            [
              113.16194339426006,
              52.04842951621761
            ],
            [
              113.16180231957615,
              52.04858303461709
            ],
            [
              113.16167363131663,
              52.04874063591329
            ],
            [
              113.16155763960153,
              52.04890194047161
            ],
            [
              113.16145462397635,
              52.049066559732836
            ],
            [
              113.16136483273756,
              52.04923409714881
            ],
            [
              113.16128848233329,
              52.049404149137445
            ],
            [
              113.16122575684052,
              52.049576306054696
            ],
            [
              113.16117680752029,
              52.04975015318115
            ],
            [
              113.16114175245191,
              52.049925271720944
            ],
            [
              113.16112067624692,
              52.05010123981053
            ],
            [
              113.16111362984377,
              52.050277633534805
            ],
            [
              113.16112063038341,
              52.05045402794834
            ],
            [
              113.16114166116655,
              52.05062999809906
            ],
            [
              113.16117667169222,
              52.050805120052026
            ],
            [
              113.16122557777783,
              52.05097897191081
            ],
            [
              113.16128826176046,
              52.05115113483396
            ],
            [
              113.16136457277884,
              52.051321194044256
            ],
            [
              113.16145432713525,
              52.05148873982807
            ],
            [
              113.1615573087368,
              52.05165336852275
            ],
            [
              113.1616732696147,
              52.05181468348929
            ],
            [
              113.1618019305204,
              52.05197229606822
            ],
            [
              113.1619429815973,
              52.0521258265163
            ],
            [
              113.16209608312633,
              52.052274904921724
            ],
            [
              113.16226086634339,
              52.05241917209571
            ],
            [
              113.16243693432718,
              52.052558280438234
            ],
            [
              113.16262386295482,
              52.05269189477591
            ],
            [
              113.16282120192325,
              52.05281969316992
            ],
            [
              113.16302847583377,
              52.05294136769209
            ],
            [
              113.16324518533726,
              52.05305662516716
            ],
            [
              113.16347080833725,
              52.053165187879586
            ],
            [
              113.16370480124789,
              52.0532667942431
            ],
            [
              113.16394660030393,
              52.05336119943128
            ],
            [
              113.16419562291938,
              52.053448175967915
            ],
            [
              113.1644512690917,
              52.05352751427539
            ],
            [
              113.1647129228481,
              52.05359902318003
            ],
            [
              113.1649799537304,
              52.05366253037303
            ],
            [
              113.16525171831493,
              52.05371788282591
            ],
            [
              113.16552756176385,
              52.053764947159564
            ],
            [
              113.16580681940385,
              52.053803609965826
            ],
            [
              113.16608881832892,
              52.053833778080865
            ],
            [
              113.16637287902282,
              52.05385537880999
            ],
            [
              113.16665831699756,
              52.05386836010282
            ],
            [
              113.166944444444,
              52.053872690678844
            ],
            [
              113.16723057189046,
              52.05386836010282
            ],
            [
              113.1675160098652,
              52.05385537880999
            ],
            [
              113.1678000705591,
              52.053833778080865
            ],
            [
              113.16808206948416,
              52.053803609965826
            ],
            [
              113.16836132712416,
              52.053764947159564
            ],
            [
              113.16863717057308,
              52.053717882825914
            ],
            [
              113.16890893515762,
              52.05366253037302
            ],
            [
              113.16917596603992,
              52.05359902318002
            ],
            [
              113.16943761979631,
              52.05352751427539
            ],
            [
              113.16969326596863,
              52.053448175967915
            ],
            [
              113.16994228858408,
              52.05336119943128
            ],
            [
              113.17018408764011,
              52.0532667942431
            ],
            [
              113.17041808055076,
              52.05316518787959
            ],
            [
              113.17064370355077,
              52.05305662516716
            ],
            [
              113.17086041305424,
              52.05294136769209
            ],
            [
              113.17106768696476,
              52.05281969316993
            ],
            [
              113.1712650259332,
              52.05269189477591
            ],
            [
              113.17145195456084,
              52.052558280438234
            ],
            [
              113.17162802254462,
              52.05241917209571
            ],
            [
              113.17179280576168,
              52.052274904921724
            ],
            [
              113.17194590729069,
              52.052125826516296
            ],
            [
              113.17208695836761,
              52.05197229606822
            ],
            [
              113.17221561927332,
              52.05181468348929
            ],
            [
              113.17233158015121,
              52.05165336852276
            ],
            [
              113.17243456175277,
              52.05148873982807
            ],
            [
              113.17252431610918,
              52.05132119404424
            ],
            [
              113.17260062712755,
              52.05115113483396
            ],
            [
              113.17266331111018,
              52.05097897191081
            ],
            [
              113.1727122171958,
              52.050805120052026
            ],
            [
              113.17274722772146,
              52.05062999809906
            ],
            [
              113.1727682585046,
              52.05045402794835
            ],
            [
              113.17277525904424,
              52.050277633534805
            ]
          ]
        ],
        "meta": {
          "shape": "circle"
        }
      },
      "properties": {
        "title": "L1304/26 for Irkutsk International Airport",
        "text": "From: 2026-10-10 03:00:00+00:00\nTo: 2026-10-12 06:00:00+00:00\n\nAIRSPACE CLSD Within CIRCLE RADIUS 0.4KM CENTRE 520301N1131001E."
      }
    },
    {
      "type": "Feature",
      "geometry": {
        "type": "Polygon",
        "coordinates": [
          [
            [
              110.66222222222223,
              60.17527777777777
            ],
            [
              110.86861111111111,
              60.18
            ],
            [
              111.07277777777777,
              60.12361111111111
            ],
            [
              111.04166666666667,
              60.09027777777778
            ],
            [
              110.90777777777778,
              60.0575
            ],
            [
              110.82444444444444,
              60.001666666666665
            ],
            [
              111.02527777777777,
              59.888333333333335
            ],
            [
              111.00888888888889,
              59.848333333333336
            ],
            [
              111.08222222222221,
              59.771388888888886
            ],
            [
              111.34444444444443,
              59.644444444444446
            ],
            [
              111.37194444444444,
              59.60388888888889
            ],
            [
              111.2863888888889,
              59.592222222222226
            ],
            [
              110.95027777777779,
              59.65222222222222
            ],
            [
              110.68333333333334,
              59.4975
            ],
            [
              110.45305555555557,
              59.66555555555556
            ],
            [
              110.72527777777778,
              59.783055555555556
            ],
            [
              110.80027777777669,
              59.76964646464666
            ],
            [
              110.72500000000001,
              59.78333333333333
            ],
            [
              110.41305555555556,
              60.08388888888889
            ],
            [
              110.66222222222223,
              60.17527777777777
            ]
          ],
          [
            [
              110.87694444444443,
              59.756388888888885
            ],
            [
              110.87833333333333,
              59.78583333333333
            ],
            [
              110.81722222222221,
              59.786944444444444
            ],
            [
              110.81694444444445,
              59.78194444444444
            ],
            [
              110.81027777777777,
              59.778055555555554
            ],
            [
              110.8075059491122,
              59.76835415522607
            ],
            [
              110.81694444444445,
              59.766666666666666
            ],
            [
              110.81666666666666,
              59.757777777777775
            ],
            [
              110.87694444444443,
              59.756388888888885
            ]
          ]
        ],
        "meta": {
          "shape": "polygon"
        }
      },
      "properties": {
        "title": "L1344/26 for Irkutsk International Airport",
        "text": "From: 2026-10-10 00:00:00+00:00\nTo: 2026-10-15 11:00:00+00:00\n\nAIRSPACE CLSD AS FLW:\n\n1. AREA: 601048N1105207E-600725N1110422E-600525N1110230E-\n\n         600327N1105428E-600006N1104928E-595318N1110131E-\n\n         595054N1110032E-594617N1110456E-593840N1112040E-\n\n         593614N1112219E-593532N1111711E-593908N1105701E-\n\n         592951N1104100E-593956N1102711E-594659N1104331E-\n\n         594600N1104901E-594528N1104900E-594523N1105237E-\n\n         594709N1105242E-594713N1104902E-594655N1104901E-\n\n         594641N1104837E-594606N1104827E-594700N1104330E-\n\n         600502N1102447E-601031N1103944E-601048N1105207E\n\n   750M AMSL-850M AMSL.\n\n2. Within CIRCLE RADIUS 1KM CENTRE 600738N1104520E\n\n   SFC-850M AMSL.\n\n3. Within CIRCLE RADIUS 1KM CENTRE 595700N1104430E\n\n   SFC-850M AMSL.\n\n4. Within CIRCLE RADIUS 1KM CENTRE 595238N1104631E\n\n   SFC-850M AMSL.\n\n5. Within CIRCLE RADIUS 1KM CENTRE 594510N1105547E\n\n   SFC-850M AMSL.\n\n6. Within CIRCLE RADIUS 1KM CENTRE 593958N1103841E\n\n   SFC-850M AMSL.\n\n7. Within CIRCLE RADIUS 1KM CENTRE 593717N1111717E\n\n   SFC-850M AMSL."
      }
    },
    {
      "type": "Feature",
      "geometry": {
        "type": "Polygon",
        "coordinates": [
          [
            [
              118.07156365850362,
              50.09805219083005
            ],
            [
              118.07152947574451,
              50.097169932396156
            ],
            [
              118.07142803893132,
              50.09628981540826
            ],
            [
              118.07125959610009,
              50.09541395997075
            ],
            [
              118.07102455663863,
              50.09454447580776
            ],
            [
              118.07072349026575,
              50.09368345718355
            ],
            [
              118.07035712562504,
              50.09283297786103
            ],
            [
              118.06992634849748,
              50.09199508611077
            ],
            [
              118.06943219963672,
              50.09117179978244
            ],
            [
              118.06887587223349,
              50.09036510145042
            ],
            [
              118.06825870901459,
              50.089576933645276
            ],
            [
              118.06758219898414,
              50.08880919418238
            ],
            [
              118.06684797381556,
              50.08806373159925
            ],
            [
              118.06605780390213,
              50.08734234071183
            ],
            [
              118.0652135940771,
              50.08664675830102
            ],
            [
              118.0643173790126,
              50.08597865893932
            ],
            [
              118.06337131830949,
              50.08533965096767
            ],
            [
              118.06237769128946,
              50.08473127263201
            ],
            [
              118.06133889150233,
              50.08415498838898
            ],
            [
              118.06025742096153,
              50.083612185389164
            ],
            [
              118.05913588412184,
              50.08310417014662
            ],
            [
              118.05797698161372,
              50.082632165402416
            ],
            [
              118.05678350374941,
              50.082197307189574
            ],
            [
              118.05555832381599,
              50.08180064210658
            ],
            [
              118.0543043911717,
              50.08144312480577
            ],
            [
              118.05302472416203,
              50.08112561570264
            ],
            [
              118.05172240287222,
              50.08084887891139
            ],
            [
              118.05040056173333,
              50.08061358041174
            ],
            [
              118.0490623819999,
              50.08042028645137
            ],
            [
              118.04771108411647,
              50.08026946218749
            ],
            [
              118.04634991999156,
              50.080161470571184
            ],
            [
              118.04498216519688,
              50.080096571476844
            ],
            [
              118.04361111111102,
              50.0800749210788
            ],
            [
              118.04224005702514,
              50.080096571476844
            ],
            [
              118.04087230223048,
              50.080161470571184
            ],
            [
              118.03951113810555,
              50.08026946218749
            ],
            [
              118.03815984022212,
              50.08042028645137
            ],
            [
              118.0368216604887,
              50.08061358041174
            ],
            [
              118.03549981934981,
              50.08084887891139
            ],
            [
              118.03419749806,
              50.08112561570264
            ],
            [
              118.03291783105033,
              50.08144312480577
            ],
            [
              118.03166389840604,
              50.08180064210658
            ],
            [
              118.03043871847261,
              50.082197307189574
            ],
            [
              118.0292452406083,
              50.082632165402416
            ],
            [
              118.0280863381002,
              50.08310417014662
            ],
            [
              118.02696480126049,
              50.083612185389164
            ],
            [
              118.0258833307197,
              50.08415498838898
            ],
            [
              118.02484453093257,
              50.08473127263201
            ],
            [
              118.02385090391255,
              50.08533965096767
            ],
            [
              118.02290484320942,
              50.08597865893932
            ],
            [
              118.02200862814493,
              50.08664675830102
            ],
            [
              118.0211644183199,
              50.08734234071183
            ],
            [
              118.02037424840647,
              50.08806373159924
            ],
            [
              118.01964002323788,
              50.08880919418238
            ],
            [
              118.01896351320744,
              50.08957693364526
            ],
            [
              118.01834634998853,
              50.09036510145042
            ],
            [
              118.0177900225853,
              50.09117179978244
            ],
            [
              118.01729587372456,
              50.09199508611077
            ],
            [
              118.01686509659699,
              50.09283297786103
            ],
            [
              118.01649873195628,
              50.09368345718355
            ],
            [
              118.01619766558339,
              50.09454447580776
            ],
            [
              118.01596262612193,
              50.09541395997075
            ],
            [
              118.01579418329071,
              50.09628981540826
            ],
            [
              118.01569274647751,
              50.097169932396156
            ],
            [
              118.0156585637184,
              50.09805219083005
            ],
            [
              118.01569172106483,
              50.098934465331226
            ],
            [
              118.0157921423406,
              50.099814630366204
            ],
            [
              118.01595958928988,
              50.1006905653679
            ],
            [
              118.01619366211568,
              50.101560159845874
            ],
            [
              118.01649380040853,
              50.10242131847355
            ],
            [
              118.01685928446264,
              50.10327196613969
            ],
            [
              118.01728923697763,
              50.10411005295245
            ],
            [
              118.01778262514128,
              50.10493355918362
            ],
            [
              118.0183382630888,
              50.10574050014105
            ],
            [
              118.01895481473325,
              50.106528930957566
            ],
            [
              118.01963079696024,
              50.1072969512848
            ],
            [
              118.02036458317949,
              50.10804270988042
            ],
            [
              118.02115440722494,
              50.1087644090777
            ],
            [
              118.0219983675943,
              50.109460309126526
            ],
            [
              118.02289443201785,
              50.110128732395395
            ],
            [
              118.02384044234549,
              50.11076806742397
            ],
            [
              118.02483411974062,
              50.111376772816556
            ],
            [
              118.02587307016833,
              50.11195338096679
            ],
            [
              118.02695479016447,
              50.11249650160468
            ],
            [
              118.02807667287182,
              50.11300482515712
            ],
            [
              118.02923601432903,
              50.11347712591387
            ],
            [
              118.03043001999656,
              50.11391226499115
            ],
            [
              118.03165581150436,
              50.11430919308557
            ],
            [
              118.03291043360433,
              50.114666953011856
            ],
            [
              118.03419086131115,
              50.11498468201792
            ],
            [
              118.03549400721366,
              50.11526161387175
            ],
            [
              118.03681672893931,
              50.115497080715066
            ],
            [
              118.03815583675303,
              50.11569051467898
            ],
            [
              118.03950810127238,
              50.11584144925792
            ],
            [
              118.04087026127961,
              50.115949520438434
            ],
            [
              118.04223903161206,
              50.11601446757989
            ],
            [
              118.04361111111102,
              50.1160361340452
            ],
            [
              118.04498319060997,
              50.116014467579895
            ],
            [
              118.04635196094242,
              50.115949520438434
            ],
            [
              118.04771412094964,
              50.11584144925793
            ],
            [
              118.04906638546899,
              50.11569051467898
            ],
            [
              118.05040549328272,
              50.115497080715066
            ],
            [
              118.05172821500837,
              50.11526161387176
            ],
            [
              118.05303136091088,
              50.11498468201791
            ],
            [
              118.0543117886177,
              50.11466695301186
            ],
            [
              118.05556641071766,
              50.11430919308557
            ],
            [
              118.05679220222547,
              50.11391226499116
            ],
            [
              118.057986207893,
              50.11347712591387
            ],
            [
              118.0591455493502,
              50.11300482515712
            ],
            [
              118.06026743205756,
              50.11249650160468
            ],
            [
              118.0613491520537,
              50.11195338096679
            ],
            [
              118.0623881024814,
              50.11137677281657
            ],
            [
              118.06338177987655,
              50.110768067423976
            ],
            [
              118.06432779020415,
              50.11012873239539
            ],
            [
              118.06522385462769,
              50.109460309126526
            ],
            [
              118.0660678149971,
              50.1087644090777
            ],
            [
              118.06685763904254,
              50.10804270988042
            ],
            [
              118.0675914252618,
              50.1072969512848
            ],
            [
              118.06826740748878,
              50.106528930957566
            ],
            [
              118.06888395913323,
              50.10574050014105
            ],
            [
              118.06943959708074,
              50.10493355918362
            ],
            [
              118.06993298524439,
              50.10411005295245
            ],
            [
              118.07036293775938,
              50.10327196613969
            ],
            [
              118.0707284218135,
              50.102421318473546
            ],
            [
              118.07102856010634,
              50.10156015984587
            ],
            [
              118.07126263293215,
              50.10069056536789
            ],
            [
              118.07143007988142,
              50.099814630366204
            ],
            [
              118.0715305011572,
              50.09893446533123
            ],
            [
              118.07156365850362,
              50.09805219083005
            ]
          ]
        ],
        "meta": {
          "shape": "circle"
        }
      },
      "properties": {
        "title": "L1384/26 for Irkutsk International Airport",
        "text": "From: 2026-10-10 00:00:00+00:00\nTo: 2026-10-15 23:59:00+00:00\n\nAIRSPACE CLSD Within CIRCLE RADIUS 2KM CENTRE 500553N1180237E."
      }
    },
    {
      "type": "Feature",
      "geometry": {
        "type": "Polygon",
        "coordinates": [
          [
            [
              114.95144368827893,
              51.283329824509174
            ],
            [
              114.95140861052995,
              51.28244774678898
            ],
            [
              114.95130456258966,
              51.28156781077189
            ],
            [
              114.95113179903989,
              51.28069213611871
            ],
            [
              114.95089073992776,
              51.27982283210555
            ],
            [
              114.95058196971684,
              51.27896199254538
            ],
            [
              114.9502062358431,
              51.27811169074781
            ],
            [
              114.94976444687993,
              51.27727397452937
            ],
            [
              114.94925767031663,
              51.27645086128636
            ],
            [
              114.94868712995601,
              51.275644333141805
            ],
            [
              114.94805420293811,
              51.27485633217833
            ],
            [
              114.94736041639689,
              51.27408875576831
            ],
            [
              114.9466074437586,
              51.27334345201256
            ],
            [
              114.94579710069084,
              51.272622215298185
            ],
            [
              114.9449313407123,
              51.271926781986544
            ],
            [
              114.94401225047368,
              51.27125882624132
            ],
            [
              114.94304204472162,
              51.27061995600695
            ],
            [
              114.94202306095771,
              51.27001170914654
            ],
            [
              114.94095775380542,
              51.269435549748934
            ],
            [
              114.93984868909861,
              51.26889286461342
            ],
            [
              114.93869853770589,
              51.268384959920624
            ],
            [
              114.93751006910561,
              51.26791305809716
            ],
            [
              114.93628614472686,
              51.267478294881954
            ],
            [
              114.93502971107222,
              51.26708171660086
            ],
            [
              114.93374379263923,
              51.26672427765612
            ],
            [
              114.93243148465666,
              51.266406838236584
            ],
            [
              114.93109594565354,
              51.26613016225431
            ],
            [
              114.92974038987819,
              51.26589491551218
            ],
            [
              114.92836807958548,
              51.26570166410688
            ],
            [
              114.92698231721039,
              51.26555087307132
            ],
            [
              114.92558643744663,
              51.26544290525933
            ],
            [
              114.92418379924894,
              51.26537802047555
            ],
            [
              114.922777777778,
              51.265356374852374
            ],
            [
              114.92137175630705,
              51.26537802047555
            ],
            [
              114.91996911810936,
              51.26544290525933
            ],
            [
              114.91857323834562,
              51.26555087307132
            ],
            [
              114.91718747597052,
              51.26570166410688
            ],
            [
              114.91581516567781,
              51.26589491551218
            ],
            [
              114.91445960990245,
              51.26613016225431
            ],
            [
              114.91312407089933,
              51.266406838236584
            ],
            [
              114.91181176291677,
              51.26672427765612
            ],
            [
              114.91052584448377,
              51.26708171660086
            ],
            [
              114.90926941082913,
              51.267478294881954
            ],
            [
              114.90804548645038,
              51.26791305809716
            ],
            [
              114.9068570178501,
              51.268384959920624
            ],
            [
              114.9057068664574,
              51.26889286461342
            ],
            [
              114.90459780175057,
              51.269435549748934
            ],
            [
              114.90353249459828,
              51.27001170914654
            ],
            [
              114.90251351083437,
              51.27061995600695
            ],
            [
              114.90154330508231,
              51.27125882624132
            ],
            [
              114.9006242148437,
              51.271926781986544
            ],
            [
              114.89975845486516,
              51.272622215298185
            ],
            [
              114.89894811179741,
              51.27334345201256
            ],
            [
              114.8981951391591,
              51.27408875576831
            ],
            [
              114.8975013526179,
              51.27485633217833
            ],
            [
              114.89686842559998,
              51.275644333141805
            ],
            [
              114.89629788523938,
              51.27645086128636
            ],
            [
              114.89579110867606,
              51.277273974529365
            ],
            [
              114.8953493197129,
              51.27811169074781
            ],
            [
              114.89497358583917,
              51.27896199254539
            ],
            [
              114.89466481562823,
              51.27982283210556
            ],
            [
              114.89442375651612,
              51.28069213611871
            ],
            [
              114.89425099296633,
              51.28156781077188
            ],
            [
              114.89414694502604,
              51.28244774678898
            ],
            [
              114.89411186727706,
              51.283329824509174
            ],
            [
              114.89414584818478,
              51.284211918991666
            ],
            [
              114.89424880984696,
              51.28509190513423
            ],
            [
              114.89442050814328,
              51.285967662793325
            ],
            [
              114.89466053328552,
              51.28683708189343
            ],
            [
              114.89496831076785,
              51.28769806751324
            ],
            [
              114.89534310271478,
              51.28854854493652
            ],
            [
              114.89578400962415,
              51.289386464655365
            ],
            [
              114.89628997250145,
              51.29020980731364
            ],
            [
              114.89685977537997,
              51.291016588578955
            ],
            [
              114.8974920482221,
              51.29180486393097
            ],
            [
              114.89818527019398,
              51.292572733354795
            ],
            [
              114.89893777330643,
              51.293318345927766
            ],
            [
              114.89974774641358,
              51.294039904288674
            ],
            [
              114.90061323955977,
              51.29473566897855
            ],
            [
              114.90153216866403,
              51.295403962642304
            ],
            [
              114.9025023205315,
              51.296043174081234
            ],
            [
              114.90352135817955,
              51.29665176214621
            ],
            [
              114.90458682646577,
              51.29722825946241
            ],
            [
              114.90569615800457,
              51.297771275976174
            ],
            [
              114.9068466793575,
              51.29827950231558
            ],
            [
              114.90803561748336,
              51.29875171295631
            ],
            [
              114.90926010643129,
              51.29918676918543
            ],
            [
              114.91051719426154,
              51.299583621855135
            ],
            [
              114.91180385017657,
              51.299941313920726
            ],
            [
              114.91311697184523,
              51.300258982755636
            ],
            [
              114.91445339290225,
              51.300535862238384
            ],
            [
              114.91580989060462,
              51.3007712846063
            ],
            [
              114.91718319362623,
              51.300964682071324
            ],
            [
              114.91856998997153,
              51.301115588193895
            ],
            [
              114.91996693498916,
              51.30122363901182
            ],
            [
              114.92137065946537,
              51.301288573921106
            ],
            [
              114.922777777778,
              51.301310236306584
            ],
            [
              114.92418489609062,
              51.301288573921106
            ],
            [
              114.92558862056684,
              51.30122363901182
            ],
            [
              114.92698556558446,
              51.301115588193895
            ],
            [
              114.92837236192977,
              51.30096468207132
            ],
            [
              114.92974566495138,
              51.3007712846063
            ],
            [
              114.93110216265376,
              51.300535862238384
            ],
            [
              114.93243858371076,
              51.30025898275563
            ],
            [
              114.93375170537942,
              51.299941313920726
            ],
            [
              114.93503836129445,
              51.299583621855135
            ],
            [
              114.93629544912471,
              51.29918676918542
            ],
            [
              114.93751993807263,
              51.29875171295632
            ],
            [
              114.93870887619849,
              51.29827950231558
            ],
            [
              114.93985939755143,
              51.297771275976174
            ],
            [
              114.94096872909022,
              51.297228259462415
            ],
            [
              114.94203419737644,
              51.29665176214621
            ],
            [
              114.94305323502451,
              51.296043174081234
            ],
            [
              114.94402338689196,
              51.295403962642304
            ],
            [
              114.94494231599623,
              51.29473566897855
            ],
            [
              114.94580780914241,
              51.294039904288674
            ],
            [
              114.94661778224958,
              51.29331834592775
            ],
            [
              114.94737028536203,
              51.292572733354795
            ],
            [
              114.94806350733387,
              51.29180486393097
            ],
            [
              114.94869578017602,
              51.291016588578955
            ],
            [
              114.94926558305454,
              51.29020980731363
            ],
            [
              114.94977154593184,
              51.289386464655365
            ],
            [
              114.95021245284121,
              51.288548544936525
            ],
            [
              114.95058724478814,
              51.28769806751324
            ],
            [
              114.95089502227047,
              51.28683708189343
            ],
            [
              114.95113504741272,
              51.285967662793325
            ],
            [
              114.95130674570903,
              51.28509190513423
            ],
            [
              114.95140970737121,
              51.284211918991666
            ],
            [
              114.95144368827893,
              51.283329824509174
            ]
          ]
        ],
        "meta": {
          "shape": "circle"
        }
      },
      "properties": {
        "title": "L1385/26 for Irkutsk International Airport",
        "text": "From: 2026-10-10 00:00:00+00:00\nTo: 2026-10-15 23:59:00+00:00\n\nAIRSPACE CLSD Within CIRCLE RADIUS 2KM CENTRE 511700N1145522E."
      }
    },
    {
      "type": "Feature",
      "geometry": {
        "type": "Polygon",
        "coordinates": [
          [
            [
              106.5267297689932,
              51.29666315617965
            ],
            [
              106.52669468082289,
              51.29578108048351
            ],
            [
              106.52659060248696,
              51.294901146493594
            ],
            [
              106.52641778864343,
              51.29402547386574
            ],
            [
              106.52617665946357,
              51.293156171871026
            ],
            [
              106.52586779958256,
              51.292295334317366
            ],
            [
              106.52549195665519,
              51.291445034509266
            ],
            [
              106.52505003952015,
              51.29060732025817
            ],
            [
              106.52454311597793,
              51.289784208955304
            ],
            [
              106.52397241018771,
              51.28897768271859
            ],
            [
              106.52333929969004,
              51.28818968362564
            ],
            [
              106.52264531206274,
              51.287422109043845
            ],
            [
              106.52189212121806,
              51.2866768070691
            ],
            [
              106.52108154335058,
              51.285955572083694
            ],
            [
              106.5202155325456,
              51.28526014044427
            ],
            [
              106.51929617605889,
              51.28459218630991
            ],
            [
              106.5183256892789,
              51.28395331762057
            ],
            [
              106.5173064103844,
              51.28334507223506
            ],
            [
              106.51624079470972,
              51.28276891423806
            ],
            [
              106.5151314088315,
              51.28222623042497
            ],
            [
              106.51398092439135,
              51.281718326972566
            ],
            [
              106.51279211166896,
              51.281246426303966
            ],
            [
              106.51156783292107,
              51.280811664154776
            ],
            [
              106.5103110355025,
              51.280415086847796
            ],
            [
              106.50902474478525,
              51.2800576487824
            ],
            [
              106.50771205689294,
              51.279740210144915
            ],
            [
              106.50637613126759,
              51.27946353484515
            ],
            [
              106.50502018308649,
              51.279228288683925
            ],
            [
              106.50364747554724,
              51.27903503775625
            ],
            [
              106.5022613120391,
              51.27888424709366
            ],
            [
              106.50086502821928,
              51.27877627954886
            ],
            [
              106.49946198401298,
              51.278711394925715
            ],
            [
              106.498055555556,
              51.27868974935613
            ],
            [
              106.496649127099,
              51.278711394925715
            ],
            [
              106.4952460828927,
              51.27877627954886
            ],
            [
              106.49384979907289,
              51.27888424709366
            ],
            [
              106.49246363556475,
              51.27903503775625
            ],
            [
              106.4910909280255,
              51.279228288683925
            ],
            [
              106.4897349798444,
              51.27946353484515
            ],
            [
              106.48839905421906,
              51.279740210144915
            ],
            [
              106.48708636632674,
              51.2800576487824
            ],
            [
              106.48580007560949,
              51.280415086847796
            ],
            [
              106.48454327819091,
              51.280811664154776
            ],
            [
              106.48331899944303,
              51.281246426303966
            ],
            [
              106.48213018672064,
              51.281718326972566
            ],
            [
              106.48097970228051,
              51.28222623042497
            ],
            [
              106.47987031640227,
              51.28276891423806
            ],
            [
              106.47880470072758,
              51.28334507223506
            ],
            [
              106.47778542183309,
              51.28395331762057
            ],
            [
              106.4768149350531,
              51.28459218630991
            ],
            [
              106.47589557856638,
              51.28526014044427
            ],
            [
              106.47502956776142,
              51.285955572083694
            ],
            [
              106.47421898989394,
              51.2866768070691
            ],
            [
              106.47346579904925,
              51.287422109043845
            ],
            [
              106.47277181142194,
              51.28818968362562
            ],
            [
              106.47213870092428,
              51.28897768271859
            ],
            [
              106.47156799513405,
              51.289784208955304
            ],
            [
              106.47106107159183,
              51.29060732025818
            ],
            [
              106.4706191544568,
              51.291445034509266
            ],
            [
              106.47024331152943,
              51.292295334317366
            ],
            [
              106.46993445164841,
              51.29315617187103
            ],
            [
              106.46969332246856,
              51.29402547386574
            ],
            [
              106.46952050862504,
              51.294901146493594
            ],
            [
              106.4694164302891,
              51.29578108048351
            ],
            [
              106.46938134211878,
              51.29666315617965
            ],
            [
              106.46941533260765,
              51.2975452486461
            ],
            [
              106.4695183238334,
              51.29842523278548
            ],
            [
              106.46969007160746,
              51.29930098845897
            ],
            [
              106.46993016602542,
              51.3001704055957
            ],
            [
              106.47023803241737,
              51.30103138927891
            ],
            [
              106.47061293269643,
              51.301881864796776
            ],
            [
              106.47105396710205,
              51.302719782645646
            ],
            [
              106.47156007633495,
              51.30354312347358
            ],
            [
              106.4721300440782,
              51.30434990295218
            ],
            [
              106.472762499899,
              51.30513817656498
            ],
            [
              106.47345592252447,
              51.305906044300805
            ],
            [
              106.47420864348364,
              51.30665165524054
            ],
            [
              106.47501885110715,
              51.30737321202642
            ],
            [
              106.47588459487537,
              51.30806897520266
            ],
            [
              106.47680379010428,
              51.30873726741728
            ],
            [
              106.47777422295839,
              51.309376477474466
            ],
            [
              106.47879355577831,
              51.309985064227824
            ],
            [
              106.47985933271039,
              51.31056156030511
            ],
            [
              106.48096898562497,
              51.31110457565506
            ],
            [
              106.48211984030874,
              51.31161280090798
            ],
            [
              106.48330912291638,
              51.31208501054165
            ],
            [
              106.48453396666588,
              51.31252006584496
            ],
            [
              106.48579141876118,
              51.312916917671885
            ],
            [
              106.48707844752538,
              51.313274608979256
            ],
            [
              106.48839194972706,
              51.31359227714188
            ],
            [
              106.48972875808195,
              51.31386915603954
            ],
            [
              106.49108564891158,
              51.31410457791059
            ],
            [
              106.49245934994015,
              51.314297974967886
            ],
            [
              106.49384654821054,
              51.31444888077256
            ],
            [
              106.49524389810021,
              51.31455693136303
            ],
            [
              106.49664802941712,
              51.31462186613565
            ],
            [
              106.498055555556,
              51.31464352847558
            ],
            [
              106.49946308169487,
              51.31462186613565
            ],
            [
              106.50086721301179,
              51.31455693136303
            ],
            [
              106.50226456290144,
              51.31444888077256
            ],
            [
              106.50365176117185,
              51.31429797496787
            ],
            [
              106.50502546220041,
              51.3141045779106
            ],
            [
              106.50638235303003,
              51.31386915603954
            ],
            [
              106.50771916138494,
              51.31359227714188
            ],
            [
              106.50903266358661,
              51.31327460897926
            ],
            [
              106.5103196923508,
              51.312916917671885
            ],
            [
              106.51157714444612,
              51.31252006584496
            ],
            [
              106.51280198819562,
              51.31208501054165
            ],
            [
              106.51399127080325,
              51.31161280090797
            ],
            [
              106.515142125487,
              51.31110457565505
            ],
            [
              106.5162517784016,
              51.31056156030511
            ],
            [
              106.51731755533368,
              51.30998506422783
            ],
            [
              106.5183368881536,
              51.30937647747446
            ],
            [
              106.5193073210077,
              51.30873726741728
            ],
            [
              106.52022651623662,
              51.30806897520266
            ],
            [
              106.52109226000485,
              51.30737321202642
            ],
            [
              106.52190246762837,
              51.30665165524055
            ],
            [
              106.52265518858752,
              51.305906044300805
            ],
            [
              106.52334861121301,
              51.30513817656498
            ],
            [
              106.52398106703379,
              51.30434990295217
            ],
            [
              106.52455103477703,
              51.30354312347358
            ],
            [
              106.52505714400995,
              51.302719782645646
            ],
            [
              106.52549817841557,
              51.301881864796776
            ],
            [
              106.52587307869462,
              51.30103138927891
            ],
            [
              106.52618094508658,
              51.3001704055957
            ],
            [
              106.52642103950454,
              51.29930098845897
            ],
            [
              106.52659278727859,
              51.29842523278548
            ],
            [
              106.52669577850435,
              51.2975452486461
            ],
            [
              106.5267297689932,
              51.29666315617965
            ]
          ]
        ],
        "meta": {
          "shape": "circle"
        }
      },
      "properties": {
        "title": "L1386/26 for Irkutsk International Airport",
        "text": "From: 2026-10-10 00:00:00+00:00\nTo: 2026-10-15 23:59:00+00:00\n\nAIRSPACE CLSD Within CIRCLE RADIUS 2KM CENTRE 511748N1062953E."
      }
    },
    {
      "type": "Feature",
      "geometry": {
        "type": "Polygon",
        "coordinates": [
          [
            [
              104.24861111111112,
              52.20194444444445
            ],
            [
              104.2325,
              52.19444444444444
            ],
            [
              104.21361111111112,
              52.18583333333333
            ],
            [
              104.14,
              52.17305555555555
            ],
            [
              104.11777777777777,
              52.17361111111111
            ],
            [
              104.12249999999999,
              52.13472222222222
            ],
            [
              104.08277777777778,
              52.157777777777774
            ],
            [
              104.09472222222222,
              52.18444444444444
            ],
            [
              104.13333333333334,
              52.19333333333333
            ],
            [
              104.23861111111111,
              52.20611111111111
            ],
            [
              104.24861111111112,
              52.20194444444445
            ]
          ]
        ],
        "meta": {
          "shape": "polygon"
        }
      },
      "properties": {
        "title": "L1406/26 for Irkutsk International Airport",
        "text": "From: 2026-10-10 02:00:00+00:00\nTo: 2026-10-15 10:00:00+00:00\n\nAIRSPACE CLSD Within 0.9KM EITHER SIDE OF LINE JOINING POINTS:\n\n521207N1041455E-521140N1041357E-521109N1041249E-521023N1040824E-\n\n521025N1040704E-520805N1040721E-520928N1040458E-521104N1040541E-\n\n521136N1040800E-521222N1041419E."
      }
    },
    {
      "type": "Feature",
      "geometry": {
        "type": "Polygon",
        "coordinates": [
          [
            [
              90.17563163446013,
              53.73138864942624
            ],
            [
              90.17562246915855,
              53.73116822017722
            ],
            [
              90.17559507478578,
              53.730948323102325
            ],
            [
              90.17554951762034,
              53.73072948794051
            ],
            [
              90.17548590769101,
              53.73051224186433
            ],
            [
              90.1754043985091,
              53.73029710821023
            ],
            [
              90.17530518669605,
              53.73008460521797
            ],
            [
              90.17518851150719,
              53.72987524478254
            ],
            [
              90.17505465425307,
              53.72966953122138
            ],
            [
              90.17490393761953,
              53.7294679600599
            ],
            [
              90.1747367248882,
              53.72927101683823
            ],
            [
              90.17455341905966,
              53.72907917594217
            ],
            [
              90.1743544618807,
              53.72889289946099
            ],
            [
              90.17414033277886,
              53.72871263607485
            ],
            [
              90.17391154770625,
              53.72853881997477
            ],
            [
              90.1736686578956,
              53.7283718698172
            ],
            [
              90.17341224853165,
              53.7282121877164
            ],
            [
              90.17314293734097,
              53.728060158276385
            ],
            [
              90.17286137310374,
              53.72791614766525
            ],
            [
              90.1725682340908,
              53.72778050273386
            ],
            [
              90.17226422643014,
              53.72765355018103
            ],
            [
              90.1719500824064,
              53.727535595767286
            ],
            [
              90.1716265586977,
              53.72742692357896
            ],
            [
              90.17129443455381,
              53.727327795344664
            ],
            [
              90.17095450992046,
              53.72723844980535
            ],
            [
              90.1706076035137,
              53.727159102139815
            ],
            [
              90.17025455084939,
              53.72708994344701
            ],
            [
              90.16989620223255,
              53.727031140286094
            ],
            [
              90.16953342071095,
              53.72698283427572
            ],
            [
              90.16916707999843,
              53.7269451417533
            ],
            [
              90.16879806237246,
              53.72691815349506
            ],
            [
              90.16842725655128,
              53.72690193449762
            ],
            [
              90.1680555555556,
              53.72689652382157
            ],
            [
              90.16768385455991,
              53.72690193449762
            ],
            [
              90.16731304873875,
              53.72691815349506
            ],
            [
              90.16694403111276,
              53.7269451417533
            ],
            [
              90.16657769040025,
              53.72698283427572
            ],
            [
              90.16621490887864,
              53.727031140286094
            ],
            [
              90.16585656026182,
              53.72708994344701
            ],
            [
              90.1655035075975,
              53.727159102139815
            ],
            [
              90.16515660119073,
              53.72723844980535
            ],
            [
              90.16481667655738,
              53.727327795344664
            ],
            [
              90.1644845524135,
              53.72742692357896
            ],
            [
              90.1641610287048,
              53.727535595767286
            ],
            [
              90.16384688468105,
              53.72765355018103
            ],
            [
              90.16354287702039,
              53.72778050273386
            ],
            [
              90.16324973800747,
              53.72791614766525
            ],
            [
              90.16296817377022,
              53.728060158276385
            ],
            [
              90.16269886257956,
              53.7282121877164
            ],
            [
              90.16244245321559,
              53.7283718698172
            ],
            [
              90.16219956340494,
              53.72853881997477
            ],
            [
              90.16197077833233,
              53.72871263607485
            ],
            [
              90.16175664923051,
              53.72889289946099
            ],
            [
              90.16155769205155,
              53.72907917594217
            ],
            [
              90.16137438622297,
              53.72927101683823
            ],
            [
              90.16120717349166,
              53.7294679600599
            ],
            [
              90.16105645685812,
              53.72966953122138
            ],
            [
              90.160922599604,
              53.72987524478254
            ],
            [
              90.16080592441514,
              53.73008460521797
            ],
            [
              90.16070671260209,
              53.73029710821023
            ],
            [
              90.1606252034202,
              53.73051224186433
            ],
            [
              90.16056159349087,
              53.73072948794051
            ],
            [
              90.16051603632543,
              53.73094832310233
            ],
            [
              90.16048864195264,
              53.73116822017722
            ],
            [
              90.16047947665106,
              53.73138864942624
            ],
            [
              90.16048856278651,
              53.73160907982019
            ],
            [
              90.16051587875558,
              53.73182898031879
            ],
            [
              90.16056135903477,
              53.732047821150196
            ],
            [
              90.1606248943358,
              53.732265075087184
            ],
            [
              90.16070633186605,
              53.73248021871764
            ],
            [
              90.16080547569416,
              53.7326927337057
            ],
            [
              90.16092208721949,
              53.73290210804086
            ],
            [
              90.16105588574463,
              53.73310783727182
            ],
            [
              90.16120654914934,
              53.733309425722275
            ],
            [
              90.16137371466456,
              53.73350638768558
            ],
            [
              90.1615569797445,
              53.733698248595424
            ],
            [
              90.16175590303477,
              53.733884546169826
            ],
            [
              90.16197000543416,
              53.734064831525444
            ],
            [
              90.16219877124776,
              53.734238670259735
            ],
            [
              90.16244164942833,
              53.734405643498214
            ],
            [
              90.16269805490312,
              53.734565348904404
            ],
            [
              90.16296736998297,
              53.734717401649775
            ],
            [
              90.16324894585028,
              53.73486143534185
            ],
            [
              90.16354210412224,
              53.73499710290743
            ],
            [
              90.16384613848531,
              53.73512407742976
            ],
            [
              90.16416031639775,
              53.73524205293674
            ],
            [
              90.16448388085509,
              53.73535074513884
            ],
            [
              90.16481605221504,
              53.73544989211476
            ],
            [
              90.16515603007724,
              53.73553925494304
            ],
            [
              90.16550299521299,
              53.73561861827837
            ],
            [
              90.1658561115408,
              53.73568779087093
            ],
            [
              90.1662145281426,
              53.735746606027654
            ],
            [
              90.16657738131583,
              53.735794922014364
            ],
            [
              90.16694379665667,
              53.73583262239759
            ],
            [
              90.16731289116889,
              53.7358596163254
            ],
            [
              90.16768377539378,
              53.735875838746594
            ],
            [
              90.1680555555556,
              53.735881250567544
            ],
            [
              90.16842733571741,
              53.735875838746594
            ],
            [
              90.1687982199423,
              53.7358596163254
            ],
            [
              90.16916731445453,
              53.735832622397595
            ],
            [
              90.16953372979536,
              53.735794922014364
            ],
            [
              90.1698965829686,
              53.73574660602766
            ],
            [
              90.17025499957039,
              53.73568779087093
            ],
            [
              90.1706081158982,
              53.73561861827837
            ],
            [
              90.17095508103395,
              53.735539254943035
            ],
            [
              90.17129505889616,
              53.73544989211476
            ],
            [
              90.1716272302561,
              53.735350745138845
            ],
            [
              90.17195079471344,
              53.73524205293674
            ],
            [
              90.17226497262588,
              53.73512407742976
            ],
            [
              90.17256900698897,
              53.73499710290743
            ],
            [
              90.17286216526091,
              53.73486143534185
            ],
            [
              90.17314374112823,
              53.73471740164978
            ],
            [
              90.17341305620809,
              53.734565348904404
            ],
            [
              90.17366946168286,
              53.73440564349823
            ],
            [
              90.17391233986342,
              53.734238670259735
            ],
            [
              90.17414110567704,
              53.73406483152545
            ],
            [
              90.17435520807642,
              53.73388454616983
            ],
            [
              90.17455413136669,
              53.733698248595424
            ],
            [
              90.17473739644663,
              53.733506387685566
            ],
            [
              90.17490456196185,
              53.733309425722275
            ],
            [
              90.17505522536656,
              53.733107837271824
            ],
            [
              90.1751890238917,
              53.73290210804086
            ],
            [
              90.17530563541705,
              53.7326927337057
            ],
            [
              90.17540477924514,
              53.73248021871764
            ],
            [
              90.1754862167754,
              53.732265075087184
            ],
            [
              90.17554975207642,
              53.732047821150196
            ],
            [
              90.17559523235563,
              53.73182898031879
            ],
            [
              90.17562254832468,
              53.73160907982019
            ],
            [
              90.17563163446013,
              53.73138864942624
            ]
          ]
        ],
        "meta": {
          "shape": "circle"
        }
      },
      "properties": {
        "title": "L0016/26 for Krasnoyarsk International Airport",
        "text": "From: 2026-10-13 04:00:00+00:00\nTo: 2026-10-20 10:00:00+00:00\n\nAIRSPACE CLSD Within CIRCLE RADIUS 0.5KM CENTRE 534353N0901005E."
      }
    },
    {
      "type": "Feature",
      "geometry": {
        "type": "Polygon",
        "coordinates": [
          [
            [
              88.30111111111111,
              69.21972222222223
            ],
            [
              88.31305555555555,
              69.21083333333334
            ],
            [
              88.3561111111111,
              69.20305555555557
            ],
            [
              88.35222222222221,
              69.19361111111111
            ],
            [
              88.30499999999999,
              69.1888888888889
            ],
            [
              88.27361111111111,
              69.20333333333333
            ],
            [
              88.28777777777778,
              69.22
            ],
            [
              88.30111111111111,
              69.21972222222223
            ]
          ]
        ],
        "meta": {
          "shape": "polygon"
        }
      },
      "properties": {
        "title": "L0698/26 for Krasnoyarsk International Airport",
        "text": "From: 2026-10-10 04:00:00+00:00\nTo: 2026-10-15 10:00:00+00:00\n\nAIRSPACE CLSD Within AREA:\n\n691311N0881804E-691239N0881847E-691211N0882122E-691137N0882108E-\n\n691120N0881818E-691212N0881625E-691312N0881716E-691311N0881804E."
      }
    },
    {
      "type": "Feature",
      "geometry": {
        "type": "Polygon",
        "coordinates": [
          [
            [
              93.31222222222222,
              59.39944444444444
            ],
            [
              93.35638888888889,
              59.403055555555554
            ],
            [
              93.36916666666666,
              59.38333333333333
            ],
            [
              93.31055555555555,
              59.39194444444444
            ],
            [
              93.31222222222222,
              59.39944444444444
            ]
          ]
        ],
        "meta": {
          "shape": "polygon"
        }
      },
      "properties": {
        "title": "L0915/26 for Krasnoyarsk International Airport",
        "text": "From: 2026-10-14 06:00:00+00:00\nTo: 2026-10-19 10:00:00+00:00\n\nAIRSPACE CLSD Within AREA:\n\n592358N0931844E-592411N0932123E-592300N0932209E-\n\n592331N0931838E-592358N0931844E."
      }
    },
    {
      "type": "Feature",
      "geometry": {
        "type": "Polygon",
        "coordinates": [
          [
            [
              93.5034565628911,
              58.13444426371914
            ],
            [
              93.50344835067274,
              58.13426804699641
            ],
            [
              93.50342380102592,
              58.13409225565741
            ],
            [
              93.50338297333244,
              58.13391731318948
            ],
            [
              93.50332596618462,
              58.133743641028886
            ],
            [
              93.50325291714564,
              58.133571657545616
            ],
            [
              93.5031640024159,
              58.1334017770357
            ],
            [
              93.5030594364064,
              58.13323440872344
            ],
            [
              93.50293947122027,
              58.133069955775774
            ],
            [
              93.50280439604349,
              58.13290881433153
            ],
            [
              93.50265453644654,
              58.13275137254736
            ],
            [
              93.50249025359852,
              58.13259800966315
            ],
            [
              93.50231194339558,
              58.132449095088944
            ],
            [
              93.50212003550611,
              58.13230498751538
            ],
            [
              93.5019149923345,
              58.13216603405032
            ],
            [
              93.50169730790651,
              58.13203256938303
            ],
            [
              93.50146750667845,
              58.131904914978634
            ],
            [
              93.50122614227345,
              58.13178337830417
            ],
            [
              93.50097379614756,
              58.13166825208853
            ],
            [
              93.50071107618913,
              58.1315598136179
            ],
            [
              93.5004386152547,
              58.13145832406829
            ],
            [
              93.50015706964491,
              58.13136402787695
            ],
            [
              93.49986711752426,
              58.13127715215414
            ],
            [
              93.49956945728833,
              58.13119790613649
            ],
            [
              93.49926480588248,
              58.13112648068345
            ],
            [
              93.49895389707599,
              58.131063047818
            ],
            [
              93.49863747969604,
              58.13100776031278
            ],
            [
              93.49831631582538,
              58.13096075132227
            ],
            [
              93.49799117896825,
              58.13092213406252
            ],
            [
              93.49766285218897,
              58.130892001538676
            ],
            [
              93.49733212622756,
              58.13087042632118
            ],
            [
              93.49699979759704,
              58.13085746037117
            ],
            [
              93.4966666666667,
              58.13085313491541
            ],
            [
              93.49633353573635,
              58.13085746037117
            ],
            [
              93.49600120710583,
              58.13087042632118
            ],
            [
              93.49567048114443,
              58.130892001538676
            ],
            [
              93.49534215436515,
              58.13092213406252
            ],
            [
              93.49501701750802,
              58.13096075132227
            ],
            [
              93.49469585363735,
              58.13100776031278
            ],
            [
              93.4943794362574,
              58.131063047818
            ],
            [
              93.49406852745092,
              58.13112648068345
            ],
            [
              93.49376387604507,
              58.13119790613649
            ],
            [
              93.49346621580914,
              58.13127715215414
            ],
            [
              93.4931762636885,
              58.13136402787695
            ],
            [
              93.49289471807869,
              58.131458324068284
            ],
            [
              93.49262225714426,
              58.1315598136179
            ],
            [
              93.49235953718583,
              58.13166825208853
            ],
            [
              93.49210719105994,
              58.13178337830417
            ],
            [
              93.49186582665494,
              58.131904914978634
            ],
            [
              93.49163602542689,
              58.13203256938303
            ],
            [
              93.49141834099889,
              58.13216603405032
            ],
            [
              93.49121329782729,
              58.13230498751538
            ],
            [
              93.49102138993781,
              58.132449095088944
            ],
            [
              93.49084307973489,
              58.13259800966315
            ],
            [
              93.49067879688685,
              58.13275137254736
            ],
            [
              93.49052893728991,
              58.13290881433153
            ],
            [
              93.49039386211312,
              58.13306995577579
            ],
            [
              93.490273896927,
              58.13323440872344
            ],
            [
              93.4901693309175,
              58.1334017770357
            ],
            [
              93.49008041618775,
              58.133571657545616
            ],
            [
              93.49000736714878,
              58.13374364102888
            ],
            [
              93.48995036000096,
              58.13391731318948
            ],
            [
              93.48990953230748,
              58.13409225565739
            ],
            [
              93.48988498266066,
              58.13426804699641
            ],
            [
              93.4898767704423,
              58.13444426371914
            ],
            [
              93.48988491567816,
              58.13462048130723
            ],
            [
              93.48990939898758,
              58.134796275233924
            ],
            [
              93.48995016162759,
              58.13497122198694
            ],
            [
              93.49000710563239,
              58.13514490008879
            ],
            [
              93.49008009404689,
              58.13531689111224
            ],
            [
              93.49016895125455,
              58.13548678068866
            ],
            [
              93.49027346339831,
              58.135654159506444
            ],
            [
              93.49039337889384,
              58.13581862429744
            ],
            [
              93.49052840903369,
              58.1359797788088
            ],
            [
              93.49067822868109,
              58.13613723475802
            ],
            [
              93.49084247705171,
              58.13629061276877
            ],
            [
              93.4910207585814,
              58.13643954328538
            ],
            [
              93.49121264387794,
              58.136583667463604
            ],
            [
              93.4914176707545,
              58.13672263803577
            ],
            [
              93.49163534534226,
              58.13685612014775
            ],
            [
              93.49186514327968,
              58.136983792166504
            ],
            [
              93.49210651097532,
              58.13710534645533
            ],
            [
              93.49235886694144,
              58.13722049011566
            ],
            [
              93.4926216031949,
              58.13732894569338
            ],
            [
              93.49289408672229,
              58.13743045184769
            ],
            [
              93.49317566100531,
              58.137524763981396
            ],
            [
              93.49346564760337,
              58.13761165483078
            ],
            [
              93.49376334778884,
              58.137690915013465
            ],
            [
              93.49406804423164,
              58.13776235353363
            ],
            [
              93.49437900272873,
              58.13782579824242
            ],
            [
              93.49469547397439,
              58.13788109625317
            ],
            [
              93.49501669536714,
              58.137928114310185
            ],
            [
              93.49534189284876,
              58.13796673911011
            ],
            [
              93.49567028277107,
              58.13799687757521
            ],
            [
              93.49600107378593,
              58.138018457077806
            ],
            [
              93.49633346875387,
              58.13803142561547
            ],
            [
              93.4966666666667,
              58.138035751936584
            ],
            [
              93.49699986457952,
              58.13803142561547
            ],
            [
              93.49733225954746,
              58.138018457077806
            ],
            [
              93.49766305056232,
              58.13799687757521
            ],
            [
              93.49799144048464,
              58.13796673911013
            ],
            [
              93.49831663796625,
              58.137928114310185
            ],
            [
              93.49863785935901,
              58.13788109625315
            ],
            [
              93.49895433060466,
              58.13782579824242
            ],
            [
              93.49926528910176,
              58.13776235353363
            ],
            [
              93.49956998554455,
              58.137690915013465
            ],
            [
              93.49986768573002,
              58.13761165483077
            ],
            [
              93.50015767232809,
              58.13752476398141
            ],
            [
              93.50043924661112,
              58.13743045184769
            ],
            [
              93.50071173013849,
              58.13732894569338
            ],
            [
              93.50097446639195,
              58.13722049011567
            ],
            [
              93.50122682235808,
              58.13710534645534
            ],
            [
              93.50146819005371,
              58.136983792166504
            ],
            [
              93.50169798799114,
              58.13685612014775
            ],
            [
              93.5019156625789,
              58.13672263803576
            ],
            [
              93.50212068945545,
              58.1365836674636
            ],
            [
              93.502312574752,
              58.13643954328538
            ],
            [
              93.50249085628168,
              58.136290612768754
            ],
            [
              93.5026551046523,
              58.13613723475802
            ],
            [
              93.5028049242997,
              58.1359797788088
            ],
            [
              93.50293995443955,
              58.13581862429744
            ],
            [
              93.50305986993509,
              58.135654159506444
            ],
            [
              93.50316438207885,
              58.13548678068866
            ],
            [
              93.50325323928651,
              58.135316891112254
            ],
            [
              93.50332622770101,
              58.13514490008879
            ],
            [
              93.5033831717058,
              58.13497122198695
            ],
            [
              93.50342393434582,
              58.134796275233924
            ],
            [
              93.50344841765524,
              58.13462048130723
            ],
            [
              93.5034565628911,
              58.13444426371914
            ]
          ]
        ],
        "meta": {
          "shape": "circle"
        }
      },
      "properties": {
        "title": "L0916/26 for Krasnoyarsk International Airport",
        "text": "From: 2026-10-19 03:00:00+00:00\nTo: 2026-10-24 10:00:00+00:00\n\nAIRSPACE CLSD Within CIRCLE RADIUS 0.4KM CENTRE 580804N0932948E."
      }
    },
    {
      "type": "Feature",
      "geometry": {
        "type": "Polygon",
        "coordinates": [
          [
            [
              93.5034565628911,
              58.13444426371914
            ],
            [
              93.50344835067274,
              58.13426804699641
            ],
            [
              93.50342380102592,
              58.13409225565741
            ],
            [
              93.50338297333244,
              58.13391731318948
            ],
            [
              93.50332596618462,
              58.133743641028886
            ],
            [
              93.50325291714564,
              58.133571657545616
            ],
            [
              93.5031640024159,
              58.1334017770357
            ],
            [
              93.5030594364064,
              58.13323440872344
            ],
            [
              93.50293947122027,
              58.133069955775774
            ],
            [
              93.50280439604349,
              58.13290881433153
            ],
            [
              93.50265453644654,
              58.13275137254736
            ],
            [
              93.50249025359852,
              58.13259800966315
            ],
            [
              93.50231194339558,
              58.132449095088944
            ],
            [
              93.50212003550611,
              58.13230498751538
            ],
            [
              93.5019149923345,
              58.13216603405032
            ],
            [
              93.50169730790651,
              58.13203256938303
            ],
            [
              93.50146750667845,
              58.131904914978634
            ],
            [
              93.50122614227345,
              58.13178337830417
            ],
            [
              93.50097379614756,
              58.13166825208853
            ],
            [
              93.50071107618913,
              58.1315598136179
            ],
            [
              93.5004386152547,
              58.13145832406829
            ],
            [
              93.50015706964491,
              58.13136402787695
            ],
            [
              93.49986711752426,
              58.13127715215414
            ],
            [
              93.49956945728833,
              58.13119790613649
            ],
            [
              93.49926480588248,
              58.13112648068345
            ],
            [
              93.49895389707599,
              58.131063047818
            ],
            [
              93.49863747969604,
              58.13100776031278
            ],
            [
              93.49831631582538,
              58.13096075132227
            ],
            [
              93.49799117896825,
              58.13092213406252
            ],
            [
              93.49766285218897,
              58.130892001538676
            ],
            [
              93.49733212622756,
              58.13087042632118
            ],
            [
              93.49699979759704,
              58.13085746037117
            ],
            [
              93.4966666666667,
              58.13085313491541
            ],
            [
              93.49633353573635,
              58.13085746037117
            ],
            [
              93.49600120710583,
              58.13087042632118
            ],
            [
              93.49567048114443,
              58.130892001538676
            ],
            [
              93.49534215436515,
              58.13092213406252
            ],
            [
              93.49501701750802,
              58.13096075132227
            ],
            [
              93.49469585363735,
              58.13100776031278
            ],
            [
              93.4943794362574,
              58.131063047818
            ],
            [
              93.49406852745092,
              58.13112648068345
            ],
            [
              93.49376387604507,
              58.13119790613649
            ],
            [
              93.49346621580914,
              58.13127715215414
            ],
            [
              93.4931762636885,
              58.13136402787695
            ],
            [
              93.49289471807869,
              58.131458324068284
            ],
            [
              93.49262225714426,
              58.1315598136179
            ],
            [
              93.49235953718583,
              58.13166825208853
            ],
            [
              93.49210719105994,
              58.13178337830417
            ],
            [
              93.49186582665494,
              58.131904914978634
            ],
            [
              93.49163602542689,
              58.13203256938303
            ],
            [
              93.49141834099889,
              58.13216603405032
            ],
            [
              93.49121329782729,
              58.13230498751538
            ],
            [
              93.49102138993781,
              58.132449095088944
            ],
            [
              93.49084307973489,
              58.13259800966315
            ],
            [
              93.49067879688685,
              58.13275137254736
            ],
            [
              93.49052893728991,
              58.13290881433153
            ],
            [
              93.49039386211312,
              58.13306995577579
            ],
            [
              93.490273896927,
              58.13323440872344
            ],
            [
              93.4901693309175,
              58.1334017770357
            ],
            [
              93.49008041618775,
              58.133571657545616
            ],
            [
              93.49000736714878,
              58.13374364102888
            ],
            [
              93.48995036000096,
              58.13391731318948
            ],
            [
              93.48990953230748,
              58.13409225565739
            ],
            [
              93.48988498266066,
              58.13426804699641
            ],
            [
              93.4898767704423,
              58.13444426371914
            ],
            [
              93.48988491567816,
              58.13462048130723
            ],
            [
              93.48990939898758,
              58.134796275233924
            ],
            [
              93.48995016162759,
              58.13497122198694
            ],
            [
              93.49000710563239,
              58.13514490008879
            ],
            [
              93.49008009404689,
              58.13531689111224
            ],
            [
              93.49016895125455,
              58.13548678068866
            ],
            [
              93.49027346339831,
              58.135654159506444
            ],
            [
              93.49039337889384,
              58.13581862429744
            ],
            [
              93.49052840903369,
              58.1359797788088
            ],
            [
              93.49067822868109,
              58.13613723475802
            ],
            [
              93.49084247705171,
              58.13629061276877
            ],
            [
              93.4910207585814,
              58.13643954328538
            ],
            [
              93.49121264387794,
              58.136583667463604
            ],
            [
              93.4914176707545,
              58.13672263803577
            ],
            [
              93.49163534534226,
              58.13685612014775
            ],
            [
              93.49186514327968,
              58.136983792166504
            ],
            [
              93.49210651097532,
              58.13710534645533
            ],
            [
              93.49235886694144,
              58.13722049011566
            ],
            [
              93.4926216031949,
              58.13732894569338
            ],
            [
              93.49289408672229,
              58.13743045184769
            ],
            [
              93.49317566100531,
              58.137524763981396
            ],
            [
              93.49346564760337,
              58.13761165483078
            ],
            [
              93.49376334778884,
              58.137690915013465
            ],
            [
              93.49406804423164,
              58.13776235353363
            ],
            [
              93.49437900272873,
              58.13782579824242
            ],
            [
              93.49469547397439,
              58.13788109625317
            ],
            [
              93.49501669536714,
              58.137928114310185
            ],
            [
              93.49534189284876,
              58.13796673911011
            ],
            [
              93.49567028277107,
              58.13799687757521
            ],
            [
              93.49600107378593,
              58.138018457077806
            ],
            [
              93.49633346875387,
              58.13803142561547
            ],
            [
              93.4966666666667,
              58.138035751936584
            ],
            [
              93.49699986457952,
              58.13803142561547
            ],
            [
              93.49733225954746,
              58.138018457077806
            ],
            [
              93.49766305056232,
              58.13799687757521
            ],
            [
              93.49799144048464,
              58.13796673911013
            ],
            [
              93.49831663796625,
              58.137928114310185
            ],
            [
              93.49863785935901,
              58.13788109625315
            ],
            [
              93.49895433060466,
              58.13782579824242
            ],
            [
              93.49926528910176,
              58.13776235353363
            ],
            [
              93.49956998554455,
              58.137690915013465
            ],
            [
              93.49986768573002,
              58.13761165483077
            ],
            [
              93.50015767232809,
              58.13752476398141
            ],
            [
              93.50043924661112,
              58.13743045184769
            ],
            [
              93.50071173013849,
              58.13732894569338
            ],
            [
              93.50097446639195,
              58.13722049011567
            ],
            [
              93.50122682235808,
              58.13710534645534
            ],
            [
              93.50146819005371,
              58.136983792166504
            ],
            [
              93.50169798799114,
              58.13685612014775
            ],
            [
              93.5019156625789,
              58.13672263803576
            ],
            [
              93.50212068945545,
              58.1365836674636
            ],
            [
              93.502312574752,
              58.13643954328538
            ],
            [
              93.50249085628168,
              58.136290612768754
            ],
            [
              93.5026551046523,
              58.13613723475802
            ],
            [
              93.5028049242997,
              58.1359797788088
            ],
            [
              93.50293995443955,
              58.13581862429744
            ],
            [
              93.50305986993509,
              58.135654159506444
            ],
            [
              93.50316438207885,
              58.13548678068866
            ],
            [
              93.50325323928651,
              58.135316891112254
            ],
            [
              93.50332622770101,
              58.13514490008879
            ],
            [
              93.5033831717058,
              58.13497122198695
            ],
            [
              93.50342393434582,
              58.134796275233924
            ],
            [
              93.50344841765524,
              58.13462048130723
            ],
            [
              93.5034565628911,
              58.13444426371914
            ]
          ]
        ],
        "meta": {
          "shape": "circle"
        }
      },
      "properties": {
        "title": "L0917/26 for Krasnoyarsk International Airport",
        "text": "From: 2026-10-12 03:00:00+00:00\nTo: 2026-10-17 10:00:00+00:00\n\nAIRSPACE CLSD Within CIRCLE RADIUS 0.4KM CENTRE 580804N0932948E."
      }
    },
    {
      "type": "Feature",
      "geometry": {
        "type": "Polygon",
        "coordinates": [
          [
            [
              93.5034565628911,
              58.13444426371914
            ],
            [
              93.50344835067274,
              58.13426804699641
            ],
            [
              93.50342380102592,
              58.13409225565741
            ],
            [
              93.50338297333244,
              58.13391731318948
            ],
            [
              93.50332596618462,
              58.133743641028886
            ],
            [
              93.50325291714564,
              58.133571657545616
            ],
            [
              93.5031640024159,
              58.1334017770357
            ],
            [
              93.5030594364064,
              58.13323440872344
            ],
            [
              93.50293947122027,
              58.133069955775774
            ],
            [
              93.50280439604349,
              58.13290881433153
            ],
            [
              93.50265453644654,
              58.13275137254736
            ],
            [
              93.50249025359852,
              58.13259800966315
            ],
            [
              93.50231194339558,
              58.132449095088944
            ],
            [
              93.50212003550611,
              58.13230498751538
            ],
            [
              93.5019149923345,
              58.13216603405032
            ],
            [
              93.50169730790651,
              58.13203256938303
            ],
            [
              93.50146750667845,
              58.131904914978634
            ],
            [
              93.50122614227345,
              58.13178337830417
            ],
            [
              93.50097379614756,
              58.13166825208853
            ],
            [
              93.50071107618913,
              58.1315598136179
            ],
            [
              93.5004386152547,
              58.13145832406829
            ],
            [
              93.50015706964491,
              58.13136402787695
            ],
            [
              93.49986711752426,
              58.13127715215414
            ],
            [
              93.49956945728833,
              58.13119790613649
            ],
            [
              93.49926480588248,
              58.13112648068345
            ],
            [
              93.49895389707599,
              58.131063047818
            ],
            [
              93.49863747969604,
              58.13100776031278
            ],
            [
              93.49831631582538,
              58.13096075132227
            ],
            [
              93.49799117896825,
              58.13092213406252
            ],
            [
              93.49766285218897,
              58.130892001538676
            ],
            [
              93.49733212622756,
              58.13087042632118
            ],
            [
              93.49699979759704,
              58.13085746037117
            ],
            [
              93.4966666666667,
              58.13085313491541
            ],
            [
              93.49633353573635,
              58.13085746037117
            ],
            [
              93.49600120710583,
              58.13087042632118
            ],
            [
              93.49567048114443,
              58.130892001538676
            ],
            [
              93.49534215436515,
              58.13092213406252
            ],
            [
              93.49501701750802,
              58.13096075132227
            ],
            [
              93.49469585363735,
              58.13100776031278
            ],
            [
              93.4943794362574,
              58.131063047818
            ],
            [
              93.49406852745092,
              58.13112648068345
            ],
            [
              93.49376387604507,
              58.13119790613649
            ],
            [
              93.49346621580914,
              58.13127715215414
            ],
            [
              93.4931762636885,
              58.13136402787695
            ],
            [
              93.49289471807869,
              58.131458324068284
            ],
            [
              93.49262225714426,
              58.1315598136179
            ],
            [
              93.49235953718583,
              58.13166825208853
            ],
            [
              93.49210719105994,
              58.13178337830417
            ],
            [
              93.49186582665494,
              58.131904914978634
            ],
            [
              93.49163602542689,
              58.13203256938303
            ],
            [
              93.49141834099889,
              58.13216603405032
            ],
            [
              93.49121329782729,
              58.13230498751538
            ],
            [
              93.49102138993781,
              58.132449095088944
            ],
            [
              93.49084307973489,
              58.13259800966315
            ],
            [
              93.49067879688685,
              58.13275137254736
            ],
            [
              93.49052893728991,
              58.13290881433153
            ],
            [
              93.49039386211312,
              58.13306995577579
            ],
            [
              93.490273896927,
              58.13323440872344
            ],
            [
              93.4901693309175,
              58.1334017770357
            ],
            [
              93.49008041618775,
              58.133571657545616
            ],
            [
              93.49000736714878,
              58.13374364102888
            ],
            [
              93.48995036000096,
              58.13391731318948
            ],
            [
              93.48990953230748,
              58.13409225565739
            ],
            [
              93.48988498266066,
              58.13426804699641
            ],
            [
              93.4898767704423,
              58.13444426371914
            ],
            [
              93.48988491567816,
              58.13462048130723
            ],
            [
              93.48990939898758,
              58.134796275233924
            ],
            [
              93.48995016162759,
              58.13497122198694
            ],
            [
              93.49000710563239,
              58.13514490008879
            ],
            [
              93.49008009404689,
              58.13531689111224
            ],
            [
              93.49016895125455,
              58.13548678068866
            ],
            [
              93.49027346339831,
              58.135654159506444
            ],
            [
              93.49039337889384,
              58.13581862429744
            ],
            [
              93.49052840903369,
              58.1359797788088
            ],
            [
              93.49067822868109,
              58.13613723475802
            ],
            [
              93.49084247705171,
              58.13629061276877
            ],
            [
              93.4910207585814,
              58.13643954328538
            ],
            [
              93.49121264387794,
              58.136583667463604
            ],
            [
              93.4914176707545,
              58.13672263803577
            ],
            [
              93.49163534534226,
              58.13685612014775
            ],
            [
              93.49186514327968,
              58.136983792166504
            ],
            [
              93.49210651097532,
              58.13710534645533
            ],
            [
              93.49235886694144,
              58.13722049011566
            ],
            [
              93.4926216031949,
              58.13732894569338
            ],
            [
              93.49289408672229,
              58.13743045184769
            ],
            [
              93.49317566100531,
              58.137524763981396
            ],
            [
              93.49346564760337,
              58.13761165483078
            ],
            [
              93.49376334778884,
              58.137690915013465
            ],
            [
              93.49406804423164,
              58.13776235353363
            ],
            [
              93.49437900272873,
              58.13782579824242
            ],
            [
              93.49469547397439,
              58.13788109625317
            ],
            [
              93.49501669536714,
              58.137928114310185
            ],
            [
              93.49534189284876,
              58.13796673911011
            ],
            [
              93.49567028277107,
              58.13799687757521
            ],
            [
              93.49600107378593,
              58.138018457077806
            ],
            [
              93.49633346875387,
              58.13803142561547
            ],
            [
              93.4966666666667,
              58.138035751936584
            ],
            [
              93.49699986457952,
              58.13803142561547
            ],
            [
              93.49733225954746,
              58.138018457077806
            ],
            [
              93.49766305056232,
              58.13799687757521
            ],
            [
              93.49799144048464,
              58.13796673911013
            ],
            [
              93.49831663796625,
              58.137928114310185
            ],
            [
              93.49863785935901,
              58.13788109625315
            ],
            [
              93.49895433060466,
              58.13782579824242
            ],
            [
              93.49926528910176,
              58.13776235353363
            ],
            [
              93.49956998554455,
              58.137690915013465
            ],
            [
              93.49986768573002,
              58.13761165483077
            ],
            [
              93.50015767232809,
              58.13752476398141
            ],
            [
              93.50043924661112,
              58.13743045184769
            ],
            [
              93.50071173013849,
              58.13732894569338
            ],
            [
              93.50097446639195,
              58.13722049011567
            ],
            [
              93.50122682235808,
              58.13710534645534
            ],
            [
              93.50146819005371,
              58.136983792166504
            ],
            [
              93.50169798799114,
              58.13685612014775
            ],
            [
              93.5019156625789,
              58.13672263803576
            ],
            [
              93.50212068945545,
              58.1365836674636
            ],
            [
              93.502312574752,
              58.13643954328538
            ],
            [
              93.50249085628168,
              58.136290612768754
            ],
            [
              93.5026551046523,
              58.13613723475802
            ],
            [
              93.5028049242997,
              58.1359797788088
            ],
            [
              93.50293995443955,
              58.13581862429744
            ],
            [
              93.50305986993509,
              58.135654159506444
            ],
            [
              93.50316438207885,
              58.13548678068866
            ],
            [
              93.50325323928651,
              58.135316891112254
            ],
            [
              93.50332622770101,
              58.13514490008879
            ],
            [
              93.5033831717058,
              58.13497122198695
            ],
            [
              93.50342393434582,
              58.134796275233924
            ],
            [
              93.50344841765524,
              58.13462048130723
            ],
            [
              93.5034565628911,
              58.13444426371914
            ]
          ]
        ],
        "meta": {
          "shape": "circle"
        }
      },
      "properties": {
        "title": "L0918/26 for Krasnoyarsk International Airport",
        "text": "From: 2026-10-26 03:00:00+00:00\nTo: 2026-10-31 10:00:00+00:00\n\nAIRSPACE CLSD Within CIRCLE RADIUS 0.4KM CENTRE 580804N0932948E."
      }
    },
    {
      "type": "Feature",
      "geometry": {
        "type": "Polygon",
        "coordinates": [
          [
            [
              87.95361111111112,
              69.30222222222221
            ],
            [
              87.93583333333333,
              69.28888888888889
            ],
            [
              87.85888888888888,
              69.25916666666667
            ],
            [
              87.795,
              69.27638888888889
            ],
            [
              87.88305555555554,
              69.31638888888888
            ],
            [
              87.95361111111112,
              69.30222222222221
            ]
          ]
        ],
        "meta": {
          "shape": "polygon"
        }
      },
      "properties": {
        "title": "L1112/26 for Krasnoyarsk International Airport",
        "text": "From: 2026-10-08 02:00:00+00:00\nTo: 2026-10-10 17:00:00+00:00\n\nAIRSPACE CLSD AS FLW:\n\n1. AREA: 691859N0875259E-691808N0875713E-691720N0875609E-\n\n         691533N0875132E-691635N0874742E-691859N0875259E.\n\n2. Within CIRCLE RADIUS 0.1KM CENTRE 691729N0875106E."
      }
    },
    {
      "type": "Feature",
      "geometry": {
        "type": "Polygon",
        "coordinates": [
          [
            [
              92.96774933351115,
              56.0644441834585
            ],
            [
              92.9677396187776,
              56.06422383940808
            ],
            [
              92.96771058976448,
              56.06400402743003
            ],
            [
              92.96766231673224,
              56.06378527705718
            ],
            [
              92.96759491629552,
              56.063568115255975
            ],
            [
              92.96750855113909,
              56.06335306515722
            ],
            [
              92.96740342962298,
              56.06314064479614
            ],
            [
              92.96727980527763,
              56.06293136586474
            ],
            [
              92.96713797619036,
              56.06272573247952
            ],
            [
              92.96697828428475,
              56.06252423996761
            ],
            [
              92.96680111449449,
              56.062327373674016
            ],
            [
              92.96660689383395,
              56.06213560779306
            ],
            [
              92.9663960903676,
              56.061949404226745
            ],
            [
              92.96616921208066,
              56.06176921147268
            ],
            [
              92.96592680565409,
              56.061595463544485
            ],
            [
              92.96566945514641,
              56.06142857892701
            ],
            [
              92.96539778058597,
              56.06126895956902
            ],
            [
              92.96511243647673,
              56.061116989915774
            ],
            [
              92.9648141102213,
              56.06097303598371
            ],
            [
              92.96450352046523,
              56.06083744447955
            ],
            [
              92.96418141536606,
              56.060710541966024
            ],
            [
              92.96384857079175,
              56.060592634075896
            ],
            [
              92.96350578845268,
              56.060484004776534
            ],
            [
              92.9631538939716,
              56.060384915686654
            ],
            [
              92.96279373489615,
              56.06029560544676
            ],
            [
              92.96242617865911,
              56.060216289144975
            ],
            [
              92.96205211049077,
              56.06014715779953
            ],
            [
              92.9616724312886,
              56.06008837789917
            ],
            [
              92.96128805544959,
              56.060040091002605
            ],
            [
              92.96089990866997,
              56.0600024133979
            ],
            [
              92.96050892571816,
              56.05997543582278
            ],
            [
              92.96011604818575,
              56.05995922324626
            ],
            [
              92.9597222222222,
              56.05995381471238
            ],
            [
              92.95932839625866,
              56.05995922324626
            ],
            [
              92.95893551872625,
              56.05997543582278
            ],
            [
              92.95854453577444,
              56.0600024133979
            ],
            [
              92.95815638899482,
              56.060040091002605
            ],
            [
              92.95777201315579,
              56.06008837789917
            ],
            [
              92.95739233395362,
              56.06014715779953
            ],
            [
              92.9570182657853,
              56.060216289144975
            ],
            [
              92.95665070954826,
              56.06029560544676
            ],
            [
              92.95629055047281,
              56.060384915686654
            ],
            [
              92.95593865599172,
              56.060484004776534
            ],
            [
              92.95559587365265,
              56.060592634075896
            ],
            [
              92.95526302907835,
              56.060710541966024
            ],
            [
              92.95494092397918,
              56.06083744447955
            ],
            [
              92.9546303342231,
              56.06097303598371
            ],
            [
              92.95433200796766,
              56.061116989915774
            ],
            [
              92.95404666385842,
              56.06126895956902
            ],
            [
              92.953774989298,
              56.06142857892701
            ],
            [
              92.9535176387903,
              56.061595463544485
            ],
            [
              92.95327523236375,
              56.06176921147268
            ],
            [
              92.95304835407681,
              56.06194940422674
            ],
            [
              92.95283755061044,
              56.06213560779306
            ],
            [
              92.95264332994992,
              56.062327373674016
            ],
            [
              92.95246616015966,
              56.06252423996761
            ],
            [
              92.95230646825405,
              56.06272573247952
            ],
            [
              92.95216463916678,
              56.062931365864735
            ],
            [
              92.95204101482142,
              56.06314064479614
            ],
            [
              92.9519358933053,
              56.06335306515722
            ],
            [
              92.95184952814888,
              56.063568115255975
            ],
            [
              92.95178212771216,
              56.06378527705718
            ],
            [
              92.95173385467993,
              56.06400402743004
            ],
            [
              92.95170482566681,
              56.06422383940808
            ],
            [
              92.95169511093324,
              56.0644441834585
            ],
            [
              92.95170473421311,
              56.064664528757724
            ],
            [
              92.95173367265329,
              56.06488434447012
            ],
            [
              92.9517818568656,
              56.06510310102696
            ],
            [
              92.95184917109079,
              56.065320271402214
            ],
            [
              92.95193545347433,
              56.065535332382474
            ],
            [
              92.95204049645339,
              56.06574776582776
            ],
            [
              92.95216404725387,
              56.065957059920045
            ],
            [
              92.95230580849669,
              56.06616271039681
            ],
            [
              92.95246543891169,
              56.066364221766335
            ],
            [
              92.95264255415735,
              56.06656110850201
            ],
            [
              92.95283672774458,
              56.06675289621263
            ],
            [
              92.9530474920623,
              56.06693912278598
            ],
            [
              92.95327433950224,
              56.067119339502874
            ],
            [
              92.95351672368058,
              56.06729311211889
            ],
            [
              92.95377406075302,
              56.067460021911465
            ],
            [
              92.95404573082062,
              56.067619666689346
            ],
            [
              92.9543310794227,
              56.0677716617625
            ],
            [
              92.95462941911335,
              56.06791564086967
            ],
            [
              92.95494003111767,
              56.068051257061654
            ],
            [
              92.95526216706382,
              56.068178183538
            ],
            [
              92.95559505078677,
              56.068296114435164
            ],
            [
              92.95593788019913,
              56.06840476556419
            ],
            [
              92.95628982922483,
              56.06850387509616
            ],
            [
              92.9566500497909,
              56.06859320419368
            ],
            [
              92.95701767387236,
              56.068672537587005
            ],
            [
              92.95739181558558,
              56.06874168409332
            ],
            [
              92.9577715733248,
              56.06880047707788
            ],
            [
              92.95815603193671,
              56.068848774855965
            ],
            [
              92.95854426492787,
              56.06888646103471
            ],
            [
              92.9589353366996,
              56.06891344479381
            ],
            [
              92.95932830480496,
              56.06892966110469
            ],
            [
              92.9597222222222,
              56.06893507088738
            ],
            [
              92.96011613963945,
              56.06892966110469
            ],
            [
              92.96050910774481,
              56.06891344479381
            ],
            [
              92.96090017951654,
              56.06888646103471
            ],
            [
              92.96128841250768,
              56.068848774855965
            ],
            [
              92.96167287111959,
              56.06880047707788
            ],
            [
              92.96205262885881,
              56.068741684093325
            ],
            [
              92.96242677057205,
              56.068672537587
            ],
            [
              92.9627943946535,
              56.06859320419367
            ],
            [
              92.96315461521958,
              56.068503875096155
            ],
            [
              92.96350656424528,
              56.068404765564196
            ],
            [
              92.96384939365763,
              56.068296114435164
            ],
            [
              92.96418227738057,
              56.068178183538
            ],
            [
              92.96450441332675,
              56.068051257061654
            ],
            [
              92.96481502533106,
              56.06791564086967
            ],
            [
              92.96511336502168,
              56.0677716617625
            ],
            [
              92.96539871362378,
              56.067619666689346
            ],
            [
              92.96567038369137,
              56.067460021911465
            ],
            [
              92.96592772076383,
              56.0672931121189
            ],
            [
              92.96617010494215,
              56.067119339502874
            ],
            [
              92.9663969523821,
              56.06693912278599
            ],
            [
              92.96660771669981,
              56.06675289621263
            ],
            [
              92.96680189028706,
              56.066561108502
            ],
            [
              92.9669790055327,
              56.066364221766335
            ],
            [
              92.9671386359477,
              56.0661627103968
            ],
            [
              92.96728039719054,
              56.065957059920045
            ],
            [
              92.967403947991,
              56.06574776582776
            ],
            [
              92.96750899097005,
              56.06553533238249
            ],
            [
              92.96759527335362,
              56.065320271402214
            ],
            [
              92.96766258757881,
              56.06510310102696
            ],
            [
              92.96771077179112,
              56.06488434447012
            ],
            [
              92.96773971023129,
              56.064664528757724
            ],
            [
              92.96774933351115,
              56.0644441834585
            ]
          ]
        ],
        "meta": {
          "shape": "circle"
        }
      },
      "properties": {
        "title": "L1123/26 for Krasnoyarsk International Airport",
        "text": "From: 2026-10-09 02:00:00+00:00\nTo: 2026-10-09 10:00:00+00:00\n\nAIRSPACE CLSD Within CIRCLE RADIUS 0.5KM CENTRE 560352N0925735E."
      }
    },
    {
      "type": "Feature",
      "geometry": {
        "type": "Polygon",
        "coordinates": [
          [
            [
              90.17563163446013,
              53.73138864942624
            ],
            [
              90.17562246915855,
              53.73116822017722
            ],
            [
              90.17559507478578,
              53.730948323102325
            ],
            [
              90.17554951762034,
              53.73072948794051
            ],
            [
              90.17548590769101,
              53.73051224186433
            ],
            [
              90.1754043985091,
              53.73029710821023
            ],
            [
              90.17530518669605,
              53.73008460521797
            ],
            [
              90.17518851150719,
              53.72987524478254
            ],
            [
              90.17505465425307,
              53.72966953122138
            ],
            [
              90.17490393761953,
              53.7294679600599
            ],
            [
              90.1747367248882,
              53.72927101683823
            ],
            [
              90.17455341905966,
              53.72907917594217
            ],
            [
              90.1743544618807,
              53.72889289946099
            ],
            [
              90.17414033277886,
              53.72871263607485
            ],
            [
              90.17391154770625,
              53.72853881997477
            ],
            [
              90.1736686578956,
              53.7283718698172
            ],
            [
              90.17341224853165,
              53.7282121877164
            ],
            [
              90.17314293734097,
              53.728060158276385
            ],
            [
              90.17286137310374,
              53.72791614766525
            ],
            [
              90.1725682340908,
              53.72778050273386
            ],
            [
              90.17226422643014,
              53.72765355018103
            ],
            [
              90.1719500824064,
              53.727535595767286
            ],
            [
              90.1716265586977,
              53.72742692357896
            ],
            [
              90.17129443455381,
              53.727327795344664
            ],
            [
              90.17095450992046,
              53.72723844980535
            ],
            [
              90.1706076035137,
              53.727159102139815
            ],
            [
              90.17025455084939,
              53.72708994344701
            ],
            [
              90.16989620223255,
              53.727031140286094
            ],
            [
              90.16953342071095,
              53.72698283427572
            ],
            [
              90.16916707999843,
              53.7269451417533
            ],
            [
              90.16879806237246,
              53.72691815349506
            ],
            [
              90.16842725655128,
              53.72690193449762
            ],
            [
              90.1680555555556,
              53.72689652382157
            ],
            [
              90.16768385455991,
              53.72690193449762
            ],
            [
              90.16731304873875,
              53.72691815349506
            ],
            [
              90.16694403111276,
              53.7269451417533
            ],
            [
              90.16657769040025,
              53.72698283427572
            ],
            [
              90.16621490887864,
              53.727031140286094
            ],
            [
              90.16585656026182,
              53.72708994344701
            ],
            [
              90.1655035075975,
              53.727159102139815
            ],
            [
              90.16515660119073,
              53.72723844980535
            ],
            [
              90.16481667655738,
              53.727327795344664
            ],
            [
              90.1644845524135,
              53.72742692357896
            ],
            [
              90.1641610287048,
              53.727535595767286
            ],
            [
              90.16384688468105,
              53.72765355018103
            ],
            [
              90.16354287702039,
              53.72778050273386
            ],
            [
              90.16324973800747,
              53.72791614766525
            ],
            [
              90.16296817377022,
              53.728060158276385
            ],
            [
              90.16269886257956,
              53.7282121877164
            ],
            [
              90.16244245321559,
              53.7283718698172
            ],
            [
              90.16219956340494,
              53.72853881997477
            ],
            [
              90.16197077833233,
              53.72871263607485
            ],
            [
              90.16175664923051,
              53.72889289946099
            ],
            [
              90.16155769205155,
              53.72907917594217
            ],
            [
              90.16137438622297,
              53.72927101683823
            ],
            [
              90.16120717349166,
              53.7294679600599
            ],
            [
              90.16105645685812,
              53.72966953122138
            ],
            [
              90.160922599604,
              53.72987524478254
            ],
            [
              90.16080592441514,
              53.73008460521797
            ],
            [
              90.16070671260209,
              53.73029710821023
            ],
            [
              90.1606252034202,
              53.73051224186433
            ],
            [
              90.16056159349087,
              53.73072948794051
            ],
            [
              90.16051603632543,
              53.73094832310233
            ],
            [
              90.16048864195264,
              53.73116822017722
            ],
            [
              90.16047947665106,
              53.73138864942624
            ],
            [
              90.16048856278651,
              53.73160907982019
            ],
            [
              90.16051587875558,
              53.73182898031879
            ],
            [
              90.16056135903477,
              53.732047821150196
            ],
            [
              90.1606248943358,
              53.732265075087184
            ],
            [
              90.16070633186605,
              53.73248021871764
            ],
            [
              90.16080547569416,
              53.7326927337057
            ],
            [
              90.16092208721949,
              53.73290210804086
            ],
            [
              90.16105588574463,
              53.73310783727182
            ],
            [
              90.16120654914934,
              53.733309425722275
            ],
            [
              90.16137371466456,
              53.73350638768558
            ],
            [
              90.1615569797445,
              53.733698248595424
            ],
            [
              90.16175590303477,
              53.733884546169826
            ],
            [
              90.16197000543416,
              53.734064831525444
            ],
            [
              90.16219877124776,
              53.734238670259735
            ],
            [
              90.16244164942833,
              53.734405643498214
            ],
            [
              90.16269805490312,
              53.734565348904404
            ],
            [
              90.16296736998297,
              53.734717401649775
            ],
            [
              90.16324894585028,
              53.73486143534185
            ],
            [
              90.16354210412224,
              53.73499710290743
            ],
            [
              90.16384613848531,
              53.73512407742976
            ],
            [
              90.16416031639775,
              53.73524205293674
            ],
            [
              90.16448388085509,
              53.73535074513884
            ],
            [
              90.16481605221504,
              53.73544989211476
            ],
            [
              90.16515603007724,
              53.73553925494304
            ],
            [
              90.16550299521299,
              53.73561861827837
            ],
            [
              90.1658561115408,
              53.73568779087093
            ],
            [
              90.1662145281426,
              53.735746606027654
            ],
            [
              90.16657738131583,
              53.735794922014364
            ],
            [
              90.16694379665667,
              53.73583262239759
            ],
            [
              90.16731289116889,
              53.7358596163254
            ],
            [
              90.16768377539378,
              53.735875838746594
            ],
            [
              90.1680555555556,
              53.735881250567544
            ],
            [
              90.16842733571741,
              53.735875838746594
            ],
            [
              90.1687982199423,
              53.7358596163254
            ],
            [
              90.16916731445453,
              53.735832622397595
            ],
            [
              90.16953372979536,
              53.735794922014364
            ],
            [
              90.1698965829686,
              53.73574660602766
            ],
            [
              90.17025499957039,
              53.73568779087093
            ],
            [
              90.1706081158982,
              53.73561861827837
            ],
            [
              90.17095508103395,
              53.735539254943035
            ],
            [
              90.17129505889616,
              53.73544989211476
            ],
            [
              90.1716272302561,
              53.735350745138845
            ],
            [
              90.17195079471344,
              53.73524205293674
            ],
            [
              90.17226497262588,
              53.73512407742976
            ],
            [
              90.17256900698897,
              53.73499710290743
            ],
            [
              90.17286216526091,
              53.73486143534185
            ],
            [
              90.17314374112823,
              53.73471740164978
            ],
            [
              90.17341305620809,
              53.734565348904404
            ],
            [
              90.17366946168286,
              53.73440564349823
            ],
            [
              90.17391233986342,
              53.734238670259735
            ],
            [
              90.17414110567704,
              53.73406483152545
            ],
            [
              90.17435520807642,
              53.73388454616983
            ],
            [
              90.17455413136669,
              53.733698248595424
            ],
            [
              90.17473739644663,
              53.733506387685566
            ],
            [
              90.17490456196185,
              53.733309425722275
            ],
            [
              90.17505522536656,
              53.733107837271824
            ],
            [
              90.1751890238917,
              53.73290210804086
            ],
            [
              90.17530563541705,
              53.7326927337057
            ],
            [
              90.17540477924514,
              53.73248021871764
            ],
            [
              90.1754862167754,
              53.732265075087184
            ],
            [
              90.17554975207642,
              53.732047821150196
            ],
            [
              90.17559523235563,
              53.73182898031879
            ],
            [
              90.17562254832468,
              53.73160907982019
            ],
            [
              90.17563163446013,
              53.73138864942624
            ]
          ]
        ],
        "meta": {
          "shape": "circle"
        }
      },
      "properties": {
        "title": "L1208/26 for Krasnoyarsk International Airport",
        "text": "From: 2026-10-21 04:00:00+00:00\nTo: 2026-10-28 10:00:00+00:00\n\nAIRSPACE CLSD Within CIRCLE RADIUS 0.5KM CENTRE 534353N0901005E."
      }
    },
    {
      "type": "Feature",
      "geometry": {
        "type": "Polygon",
        "coordinates": [
          [
            [
              90.17563163446013,
              53.73138864942624
            ],
            [
              90.17562246915855,
              53.73116822017722
            ],
            [
              90.17559507478578,
              53.730948323102325
            ],
            [
              90.17554951762034,
              53.73072948794051
            ],
            [
              90.17548590769101,
              53.73051224186433
            ],
            [
              90.1754043985091,
              53.73029710821023
            ],
            [
              90.17530518669605,
              53.73008460521797
            ],
            [
              90.17518851150719,
              53.72987524478254
            ],
            [
              90.17505465425307,
              53.72966953122138
            ],
            [
              90.17490393761953,
              53.7294679600599
            ],
            [
              90.1747367248882,
              53.72927101683823
            ],
            [
              90.17455341905966,
              53.72907917594217
            ],
            [
              90.1743544618807,
              53.72889289946099
            ],
            [
              90.17414033277886,
              53.72871263607485
            ],
            [
              90.17391154770625,
              53.72853881997477
            ],
            [
              90.1736686578956,
              53.7283718698172
            ],
            [
              90.17341224853165,
              53.7282121877164
            ],
            [
              90.17314293734097,
              53.728060158276385
            ],
            [
              90.17286137310374,
              53.72791614766525
            ],
            [
              90.1725682340908,
              53.72778050273386
            ],
            [
              90.17226422643014,
              53.72765355018103
            ],
            [
              90.1719500824064,
              53.727535595767286
            ],
            [
              90.1716265586977,
              53.72742692357896
            ],
            [
              90.17129443455381,
              53.727327795344664
            ],
            [
              90.17095450992046,
              53.72723844980535
            ],
            [
              90.1706076035137,
              53.727159102139815
            ],
            [
              90.17025455084939,
              53.72708994344701
            ],
            [
              90.16989620223255,
              53.727031140286094
            ],
            [
              90.16953342071095,
              53.72698283427572
            ],
            [
              90.16916707999843,
              53.7269451417533
            ],
            [
              90.16879806237246,
              53.72691815349506
            ],
            [
              90.16842725655128,
              53.72690193449762
            ],
            [
              90.1680555555556,
              53.72689652382157
            ],
            [
              90.16768385455991,
              53.72690193449762
            ],
            [
              90.16731304873875,
              53.72691815349506
            ],
            [
              90.16694403111276,
              53.7269451417533
            ],
            [
              90.16657769040025,
              53.72698283427572
            ],
            [
              90.16621490887864,
              53.727031140286094
            ],
            [
              90.16585656026182,
              53.72708994344701
            ],
            [
              90.1655035075975,
              53.727159102139815
            ],
            [
              90.16515660119073,
              53.72723844980535
            ],
            [
              90.16481667655738,
              53.727327795344664
            ],
            [
              90.1644845524135,
              53.72742692357896
            ],
            [
              90.1641610287048,
              53.727535595767286
            ],
            [
              90.16384688468105,
              53.72765355018103
            ],
            [
              90.16354287702039,
              53.72778050273386
            ],
            [
              90.16324973800747,
              53.72791614766525
            ],
            [
              90.16296817377022,
              53.728060158276385
            ],
            [
              90.16269886257956,
              53.7282121877164
            ],
            [
              90.16244245321559,
              53.7283718698172
            ],
            [
              90.16219956340494,
              53.72853881997477
            ],
            [
              90.16197077833233,
              53.72871263607485
            ],
            [
              90.16175664923051,
              53.72889289946099
            ],
            [
              90.16155769205155,
              53.72907917594217
            ],
            [
              90.16137438622297,
              53.72927101683823
            ],
            [
              90.16120717349166,
              53.7294679600599
            ],
            [
              90.16105645685812,
              53.72966953122138
            ],
            [
              90.160922599604,
              53.72987524478254
            ],
            [
              90.16080592441514,
              53.73008460521797
            ],
            [
              90.16070671260209,
              53.73029710821023
            ],
            [
              90.1606252034202,
              53.73051224186433
            ],
            [
              90.16056159349087,
              53.73072948794051
            ],
            [
              90.16051603632543,
              53.73094832310233
            ],
            [
              90.16048864195264,
              53.73116822017722
            ],
            [
              90.16047947665106,
              53.73138864942624
            ],
            [
              90.16048856278651,
              53.73160907982019
            ],
            [
              90.16051587875558,
              53.73182898031879
            ],
            [
              90.16056135903477,
              53.732047821150196
            ],
            [
              90.1606248943358,
              53.732265075087184
            ],
            [
              90.16070633186605,
              53.73248021871764
            ],
            [
              90.16080547569416,
              53.7326927337057
            ],
            [
              90.16092208721949,
              53.73290210804086
            ],
            [
              90.16105588574463,
              53.73310783727182
            ],
            [
              90.16120654914934,
              53.733309425722275
            ],
            [
              90.16137371466456,
              53.73350638768558
            ],
            [
              90.1615569797445,
              53.733698248595424
            ],
            [
              90.16175590303477,
              53.733884546169826
            ],
            [
              90.16197000543416,
              53.734064831525444
            ],
            [
              90.16219877124776,
              53.734238670259735
            ],
            [
              90.16244164942833,
              53.734405643498214
            ],
            [
              90.16269805490312,
              53.734565348904404
            ],
            [
              90.16296736998297,
              53.734717401649775
            ],
            [
              90.16324894585028,
              53.73486143534185
            ],
            [
              90.16354210412224,
              53.73499710290743
            ],
            [
              90.16384613848531,
              53.73512407742976
            ],
            [
              90.16416031639775,
              53.73524205293674
            ],
            [
              90.16448388085509,
              53.73535074513884
            ],
            [
              90.16481605221504,
              53.73544989211476
            ],
            [
              90.16515603007724,
              53.73553925494304
            ],
            [
              90.16550299521299,
              53.73561861827837
            ],
            [
              90.1658561115408,
              53.73568779087093
            ],
            [
              90.1662145281426,
              53.735746606027654
            ],
            [
              90.16657738131583,
              53.735794922014364
            ],
            [
              90.16694379665667,
              53.73583262239759
            ],
            [
              90.16731289116889,
              53.7358596163254
            ],
            [
              90.16768377539378,
              53.735875838746594
            ],
            [
              90.1680555555556,
              53.735881250567544
            ],
            [
              90.16842733571741,
              53.735875838746594
            ],
            [
              90.1687982199423,
              53.7358596163254
            ],
            [
              90.16916731445453,
              53.735832622397595
            ],
            [
              90.16953372979536,
              53.735794922014364
            ],
            [
              90.1698965829686,
              53.73574660602766
            ],
            [
              90.17025499957039,
              53.73568779087093
            ],
            [
              90.1706081158982,
              53.73561861827837
            ],
            [
              90.17095508103395,
              53.735539254943035
            ],
            [
              90.17129505889616,
              53.73544989211476
            ],
            [
              90.1716272302561,
              53.735350745138845
            ],
            [
              90.17195079471344,
              53.73524205293674
            ],
            [
              90.17226497262588,
              53.73512407742976
            ],
            [
              90.17256900698897,
              53.73499710290743
            ],
            [
              90.17286216526091,
              53.73486143534185
            ],
            [
              90.17314374112823,
              53.73471740164978
            ],
            [
              90.17341305620809,
              53.734565348904404
            ],
            [
              90.17366946168286,
              53.73440564349823
            ],
            [
              90.17391233986342,
              53.734238670259735
            ],
            [
              90.17414110567704,
              53.73406483152545
            ],
            [
              90.17435520807642,
              53.73388454616983
            ],
            [
              90.17455413136669,
              53.733698248595424
            ],
            [
              90.17473739644663,
              53.733506387685566
            ],
            [
              90.17490456196185,
              53.733309425722275
            ],
            [
              90.17505522536656,
              53.733107837271824
            ],
            [
              90.1751890238917,
              53.73290210804086
            ],
            [
              90.17530563541705,
              53.7326927337057
            ],
            [
              90.17540477924514,
              53.73248021871764
            ],
            [
              90.1754862167754,
              53.732265075087184
            ],
            [
              90.17554975207642,
              53.732047821150196
            ],
            [
              90.17559523235563,
              53.73182898031879
            ],
            [
              90.17562254832468,
              53.73160907982019
            ],
            [
              90.17563163446013,
              53.73138864942624
            ]
          ]
        ],
        "meta": {
          "shape": "circle"
        }
      },
      "properties": {
        "title": "L1209/26 for Krasnoyarsk International Airport",
        "text": "From: 2026-10-29 04:00:00+00:00\nTo: 2026-11-06 10:00:00+00:00\n\nAIRSPACE CLSD Within CIRCLE RADIUS 0.5KM CENTRE 534353N0901005E."
      }
    },
    {
      "type": "Feature",
      "geometry": {
        "type": "Polygon",
        "coordinates": [
          [
            [
              88.12722222222222,
              69.42055555555557
            ],
            [
              88.20722222222223,
              69.37722222222222
            ],
            [
              88.1388888888889,
              69.36055555555555
            ],
            [
              88.19222222222223,
              69.33972222222222
            ],
            [
              88.18083333333334,
              69.33444444444444
            ],
            [
              88.16972222222223,
              69.33305555555555
            ],
            [
              88.16861111111112,
              69.32833333333333
            ],
            [
              88.18777777777778,
              69.3275
            ],
            [
              88.1913888888889,
              69.31305555555555
            ],
            [
              88.04444444444444,
              69.33638888888889
            ],
            [
              88.06611111111111,
              69.35722222222222
            ],
            [
              88.03999999999999,
              69.36722222222221
            ],
            [
              88.03999999999999,
              69.41222222222223
            ],
            [
              88.12722222222222,
              69.42055555555557
            ]
          ]
        ],
        "meta": {
          "shape": "polygon"
        }
      },
      "properties": {
        "title": "L1219/26 for Krasnoyarsk International Airport",
        "text": "From: 2026-10-09 02:00:00+00:00\nTo: 2026-10-13 12:00:00+00:00\n\nAIRSPACE CLSD AS FLW:\n\n1. AREA: 692444N0880224E-692514N0880738E-692238N0881226E-\n\n         692138N0880820E-692023N0881132E-692004N0881051E-\n\n         691959N0881011E-691942N0881007E-691939N0881116E-\n\n         691847N0881129E-692011N0880240E-692126N0880358E-\n\n         692202N0880224E-692444N0880224E\n\n   350M AMSL-600M AMSL.\n\n2. Within CIRCLE RADIUS 0.5KM CENTRE 692245N0881056E\n\n   GND-600M AMSL."
      }
    },
    {
      "type": "Feature",
      "geometry": {
        "type": "Polygon",
        "coordinates": [
          [
            [
              92.99,
              56.18444444444444
            ],
            [
              93.00583333333333,
              56.183055555555555
            ],
            [
              93.00416666666666,
              56.17638888888889
            ],
            [
              92.99416666666667,
              56.17777777777778
            ],
            [
              92.99,
              56.18444444444444
            ]
          ]
        ],
        "meta": {
          "shape": "polygon"
        }
      },
      "properties": {
        "title": "L1220/26 for Krasnoyarsk International Airport",
        "text": "From: 2026-10-12 03:00:00+00:00\nTo: 2026-10-13 23:00:00+00:00\n\nAIRSPACE CLSD Within AREA:\n\n561104N0925924E-561059N0930021E-561035N0930015E-\n\n561040N0925939E-561104N0925924E."
      }
    },
    {
      "type": "Feature",
      "geometry": {
        "type": "Polygon",
        "coordinates": [
          [
            [
              88.03888888888889,
              69.41194444444444
            ],
            [
              88.03944444444444,
              69.36749999999999
            ],
            [
              87.97611111111111,
              69.38138888888888
            ],
            [
              87.98138888888889,
              69.40083333333334
            ],
            [
              88.03888888888889,
              69.41194444444444
            ]
          ]
        ],
        "meta": {
          "shape": "polygon"
        }
      },
      "properties": {
        "title": "L1228/26 for Krasnoyarsk International Airport",
        "text": "From: 2026-10-09 02:00:00+00:00\nTo: 2026-10-13 12:00:00+00:00\n\nAIRSPACE CLSD AS FLW:\n\n1. AREA: 692403N0875853E-692443N0880220E-692203N0880222E-\n\n         692253N0875834E-692403N0875853E\n\n   300M AMSL-400M AMSL.\n\n2. Within CIRCLE RADIUS 0.2KM CENTRE 692356N0875936E\n\n   GND-400M AMSL."
      }
    },
    {
      "type": "Feature",
      "geometry": {
        "type": "Polygon",
        "coordinates": [
          [
            [
              93.5034565628911,
              58.13444426371914
            ],
            [
              93.50344835067274,
              58.13426804699641
            ],
            [
              93.50342380102592,
              58.13409225565741
            ],
            [
              93.50338297333244,
              58.13391731318948
            ],
            [
              93.50332596618462,
              58.133743641028886
            ],
            [
              93.50325291714564,
              58.133571657545616
            ],
            [
              93.5031640024159,
              58.1334017770357
            ],
            [
              93.5030594364064,
              58.13323440872344
            ],
            [
              93.50293947122027,
              58.133069955775774
            ],
            [
              93.50280439604349,
              58.13290881433153
            ],
            [
              93.50265453644654,
              58.13275137254736
            ],
            [
              93.50249025359852,
              58.13259800966315
            ],
            [
              93.50231194339558,
              58.132449095088944
            ],
            [
              93.50212003550611,
              58.13230498751538
            ],
            [
              93.5019149923345,
              58.13216603405032
            ],
            [
              93.50169730790651,
              58.13203256938303
            ],
            [
              93.50146750667845,
              58.131904914978634
            ],
            [
              93.50122614227345,
              58.13178337830417
            ],
            [
              93.50097379614756,
              58.13166825208853
            ],
            [
              93.50071107618913,
              58.1315598136179
            ],
            [
              93.5004386152547,
              58.13145832406829
            ],
            [
              93.50015706964491,
              58.13136402787695
            ],
            [
              93.49986711752426,
              58.13127715215414
            ],
            [
              93.49956945728833,
              58.13119790613649
            ],
            [
              93.49926480588248,
              58.13112648068345
            ],
            [
              93.49895389707599,
              58.131063047818
            ],
            [
              93.49863747969604,
              58.13100776031278
            ],
            [
              93.49831631582538,
              58.13096075132227
            ],
            [
              93.49799117896825,
              58.13092213406252
            ],
            [
              93.49766285218897,
              58.130892001538676
            ],
            [
              93.49733212622756,
              58.13087042632118
            ],
            [
              93.49699979759704,
              58.13085746037117
            ],
            [
              93.4966666666667,
              58.13085313491541
            ],
            [
              93.49633353573635,
              58.13085746037117
            ],
            [
              93.49600120710583,
              58.13087042632118
            ],
            [
              93.49567048114443,
              58.130892001538676
            ],
            [
              93.49534215436515,
              58.13092213406252
            ],
            [
              93.49501701750802,
              58.13096075132227
            ],
            [
              93.49469585363735,
              58.13100776031278
            ],
            [
              93.4943794362574,
              58.131063047818
            ],
            [
              93.49406852745092,
              58.13112648068345
            ],
            [
              93.49376387604507,
              58.13119790613649
            ],
            [
              93.49346621580914,
              58.13127715215414
            ],
            [
              93.4931762636885,
              58.13136402787695
            ],
            [
              93.49289471807869,
              58.131458324068284
            ],
            [
              93.49262225714426,
              58.1315598136179
            ],
            [
              93.49235953718583,
              58.13166825208853
            ],
            [
              93.49210719105994,
              58.13178337830417
            ],
            [
              93.49186582665494,
              58.131904914978634
            ],
            [
              93.49163602542689,
              58.13203256938303
            ],
            [
              93.49141834099889,
              58.13216603405032
            ],
            [
              93.49121329782729,
              58.13230498751538
            ],
            [
              93.49102138993781,
              58.132449095088944
            ],
            [
              93.49084307973489,
              58.13259800966315
            ],
            [
              93.49067879688685,
              58.13275137254736
            ],
            [
              93.49052893728991,
              58.13290881433153
            ],
            [
              93.49039386211312,
              58.13306995577579
            ],
            [
              93.490273896927,
              58.13323440872344
            ],
            [
              93.4901693309175,
              58.1334017770357
            ],
            [
              93.49008041618775,
              58.133571657545616
            ],
            [
              93.49000736714878,
              58.13374364102888
            ],
            [
              93.48995036000096,
              58.13391731318948
            ],
            [
              93.48990953230748,
              58.13409225565739
            ],
            [
              93.48988498266066,
              58.13426804699641
            ],
            [
              93.4898767704423,
              58.13444426371914
            ],
            [
              93.48988491567816,
              58.13462048130723
            ],
            [
              93.48990939898758,
              58.134796275233924
            ],
            [
              93.48995016162759,
              58.13497122198694
            ],
            [
              93.49000710563239,
              58.13514490008879
            ],
            [
              93.49008009404689,
              58.13531689111224
            ],
            [
              93.49016895125455,
              58.13548678068866
            ],
            [
              93.49027346339831,
              58.135654159506444
            ],
            [
              93.49039337889384,
              58.13581862429744
            ],
            [
              93.49052840903369,
              58.1359797788088
            ],
            [
              93.49067822868109,
              58.13613723475802
            ],
            [
              93.49084247705171,
              58.13629061276877
            ],
            [
              93.4910207585814,
              58.13643954328538
            ],
            [
              93.49121264387794,
              58.136583667463604
            ],
            [
              93.4914176707545,
              58.13672263803577
            ],
            [
              93.49163534534226,
              58.13685612014775
            ],
            [
              93.49186514327968,
              58.136983792166504
            ],
            [
              93.49210651097532,
              58.13710534645533
            ],
            [
              93.49235886694144,
              58.13722049011566
            ],
            [
              93.4926216031949,
              58.13732894569338
            ],
            [
              93.49289408672229,
              58.13743045184769
            ],
            [
              93.49317566100531,
              58.137524763981396
            ],
            [
              93.49346564760337,
              58.13761165483078
            ],
            [
              93.49376334778884,
              58.137690915013465
            ],
            [
              93.49406804423164,
              58.13776235353363
            ],
            [
              93.49437900272873,
              58.13782579824242
            ],
            [
              93.49469547397439,
              58.13788109625317
            ],
            [
              93.49501669536714,
              58.137928114310185
            ],
            [
              93.49534189284876,
              58.13796673911011
            ],
            [
              93.49567028277107,
              58.13799687757521
            ],
            [
              93.49600107378593,
              58.138018457077806
            ],
            [
              93.49633346875387,
              58.13803142561547
            ],
            [
              93.4966666666667,
              58.138035751936584
            ],
            [
              93.49699986457952,
              58.13803142561547
            ],
            [
              93.49733225954746,
              58.138018457077806
            ],
            [
              93.49766305056232,
              58.13799687757521
            ],
            [
              93.49799144048464,
              58.13796673911013
            ],
            [
              93.49831663796625,
              58.137928114310185
            ],
            [
              93.49863785935901,
              58.13788109625315
            ],
            [
              93.49895433060466,
              58.13782579824242
            ],
            [
              93.49926528910176,
              58.13776235353363
            ],
            [
              93.49956998554455,
              58.137690915013465
            ],
            [
              93.49986768573002,
              58.13761165483077
            ],
            [
              93.50015767232809,
              58.13752476398141
            ],
            [
              93.50043924661112,
              58.13743045184769
            ],
            [
              93.50071173013849,
              58.13732894569338
            ],
            [
              93.50097446639195,
              58.13722049011567
            ],
            [
              93.50122682235808,
              58.13710534645534
            ],
            [
              93.50146819005371,
              58.136983792166504
            ],
            [
              93.50169798799114,
              58.13685612014775
            ],
            [
              93.5019156625789,
              58.13672263803576
            ],
            [
              93.50212068945545,
              58.1365836674636
            ],
            [
              93.502312574752,
              58.13643954328538
            ],
            [
              93.50249085628168,
              58.136290612768754
            ],
            [
              93.5026551046523,
              58.13613723475802
            ],
            [
              93.5028049242997,
              58.1359797788088
            ],
            [
              93.50293995443955,
              58.13581862429744
            ],
            [
              93.50305986993509,
              58.135654159506444
            ],
            [
              93.50316438207885,
              58.13548678068866
            ],
            [
              93.50325323928651,
              58.135316891112254
            ],
            [
              93.50332622770101,
              58.13514490008879
            ],
            [
              93.5033831717058,
              58.13497122198695
            ],
            [
              93.50342393434582,
              58.134796275233924
            ],
            [
              93.50344841765524,
              58.13462048130723
            ],
            [
              93.5034565628911,
              58.13444426371914
            ]
          ]
        ],
        "meta": {
          "shape": "circle"
        }
      },
      "properties": {
        "title": "L1266/26 for Krasnoyarsk International Airport",
        "text": "From: 2026-10-09 03:00:00+00:00\nTo: 2026-10-10 10:00:00+00:00\n\nAIRSPACE CLSD Within CIRCLE RADIUS 0.4KM CENTRE 580804N0932948E."
      }
    },
    {
      "type": "Feature",
      "geometry": {
        "type": "Polygon",
        "coordinates": [
          [
            [
              91.19678307419888,
              53.6316657122818
            ],
            [
              91.19676470844195,
              53.631224847543
            ],
            [
              91.1967099713214,
              53.63078504943228
            ],
            [
              91.19661899582923,
              53.630347377412384
            ],
            [
              91.19649200223687,
              53.629912885791775
            ],
            [
              91.19632929755406,
              53.629482621185595
            ],
            [
              91.19613127477886,
              53.629057619995244
            ],
            [
              91.19589841194097,
              53.6286389059131
            ],
            [
              91.19563127094075,
              53.62822748745793
            ],
            [
              91.19533049618674,
              53.62782435554726
            ],
            [
              91.19499681303516,
              53.627430481112334
            ],
            [
              91.1946310260351,
              53.627046812761456
            ],
            [
              91.19423401698374,
              53.626674274497255
            ],
            [
              91.19380674279645,
              53.626313763493535
            ],
            [
              91.19335023319684,
              53.6259661479368
            ],
            [
              91.19286558823232,
              53.62563226493771
            ],
            [
              91.19235397562144,
              53.62531291851762
            ],
            [
              91.19181662793905,
              53.62500887767475
            ],
            [
              91.19125483964648,
              53.62472087453491
            ],
            [
              91.19066996397356,
              53.624449602590865
            ],
            [
              91.19006340966025,
              53.62419571503494
            ],
            [
              91.18943663756545,
              53.62395982318853
            ],
            [
              91.18879115715146,
              53.62374249503236
            ],
            [
              91.1881285228521,
              53.62354425384118
            ],
            [
              91.18745033033375,
              53.62336557692586
            ],
            [
              91.18675821265758,
              53.62320689448609
            ],
            [
              91.18605383635295,
              53.62306858857644
            ],
            [
              91.18533889741047,
              53.62295099218806
            ],
            [
              91.18461511720518,
              53.622854388448474
            ],
            [
              91.18388423835889,
              53.62277900994107
            ],
            [
              91.18314802055198,
              53.622725038146264
            ],
            [
              91.18240823629453,
              53.62269260300529
            ],
            [
              91.1816666666667,
              53.62268178260803
            ],
            [
              91.18092509703887,
              53.62269260300529
            ],
            [
              91.18018531278142,
              53.622725038146264
            ],
            [
              91.17944909497452,
              53.62277900994107
            ],
            [
              91.17871821612822,
              53.622854388448474
            ],
            [
              91.17799443592293,
              53.62295099218806
            ],
            [
              91.17727949698046,
              53.62306858857644
            ],
            [
              91.17657512067582,
              53.62320689448609
            ],
            [
              91.17588300299967,
              53.62336557692586
            ],
            [
              91.1752048104813,
              53.62354425384118
            ],
            [
              91.17454217618196,
              53.62374249503236
            ],
            [
              91.17389669576795,
              53.62395982318853
            ],
            [
              91.17326992367317,
              53.62419571503494
            ],
            [
              91.17266336935985,
              53.624449602590865
            ],
            [
              91.17207849368694,
              53.62472087453491
            ],
            [
              91.17151670539437,
              53.62500887767475
            ],
            [
              91.17097935771197,
              53.62531291851762
            ],
            [
              91.17046774510108,
              53.62563226493771
            ],
            [
              91.16998310013658,
              53.6259661479368
            ],
            [
              91.16952659053695,
              53.626313763493535
            ],
            [
              91.16909931634966,
              53.62667427449726
            ],
            [
              91.1687023072983,
              53.627046812761456
            ],
            [
              91.16833652029824,
              53.62743048111234
            ],
            [
              91.16800283714666,
              53.62782435554726
            ],
            [
              91.16770206239266,
              53.62822748745793
            ],
            [
              91.16743492139243,
              53.62863890591311
            ],
            [
              91.16720205855454,
              53.629057619995244
            ],
            [
              91.16700403577934,
              53.62948262118559
            ],
            [
              91.16684133109653,
              53.62991288579178
            ],
            [
              91.16671433750417,
              53.630347377412384
            ],
            [
              91.16662336201199,
              53.63078504943228
            ],
            [
              91.16656862489145,
              53.631224847543
            ],
            [
              91.16655025913454,
              53.6316657122818
            ],
            [
              91.16656831012243,
              53.632106581583564
            ],
            [
              91.16662273550531,
              53.63254639333919
            ],
            [
              91.16671340529346,
              53.63298408795456
            ],
            [
              91.16684010215947,
              53.633418610903576
            ],
            [
              91.16700252195126,
              53.63384891526942
            ],
            [
              91.16720027441443,
              53.63427396426774
            ],
            [
              91.16743288412253,
              53.6346927337458
            ],
            [
              91.167699791613,
              53.63510421465128
            ],
            [
              91.1680003547261,
              53.635507415465256
            ],
            [
              91.16833385014382,
              53.63590136459289
            ],
            [
              91.16869947512508,
              53.63628511270658
            ],
            [
              91.16909634943302,
              53.636657735035506
            ],
            [
              91.16952351744992,
              53.63701833359627
            ],
            [
              91.16997995047461,
              53.63736603935918
            ],
            [
              91.17046454919719,
              53.63770001434482
            ],
            [
              91.17097614634447,
              53.63801945364596
            ],
            [
              91.17151350949044,
              53.63832358736987
            ],
            [
              91.17207534402492,
              53.638611682496254
            ],
            [
              91.17266029627268,
              53.63888304464648
            ],
            [
              91.17326695675638,
              53.63913701975947
            ],
            [
              91.17389386359457,
              53.639372995670605
            ],
            [
              91.17453950602739,
              53.63959040358956
            ],
            [
              91.17520232806056,
              53.639788719473465
            ],
            [
              91.17588073221984,
              53.6399674652921
            ],
            [
              91.17657308340574,
              53.640126210182196
            ],
            [
              91.17727771284018,
              53.640264571487755
            ],
            [
              91.17799292209469,
              53.64038221568412
            ],
            [
              91.17871698719101,
              53.640478859183375
            ],
            [
              91.17944816276369,
              53.640554269019184
            ],
            [
              91.18018468627466,
              53.64060826340946
            ],
            [
              91.1809247822698,
              53.640640712195356
            ],
            [
              91.1816666666667,
              53.64065153715557
            ],
            [
              91.18240855106362,
              53.640640712195356
            ],
            [
              91.18314864705874,
              53.64060826340946
            ],
            [
              91.18388517056972,
              53.640554269019184
            ],
            [
              91.18461634614239,
              53.64047885918338
            ],
            [
              91.18534041123873,
              53.64038221568412
            ],
            [
              91.18605562049324,
              53.64026457148775
            ],
            [
              91.18676024992766,
              53.640126210182196
            ],
            [
              91.18745260111356,
              53.6399674652921
            ],
            [
              91.18813100527284,
              53.639788719473465
            ],
            [
              91.18879382730603,
              53.63959040358957
            ],
            [
              91.18943946973882,
              53.63937299567059
            ],
            [
              91.19006637657702,
              53.63913701975947
            ],
            [
              91.19067303706072,
              53.63888304464648
            ],
            [
              91.1912579893085,
              53.638611682496254
            ],
            [
              91.19181982384295,
              53.63832358736987
            ],
            [
              91.19235718698894,
              53.63801945364596
            ],
            [
              91.19286878413622,
              53.63770001434482
            ],
            [
              91.19335338285879,
              53.63736603935918
            ],
            [
              91.19380981588351,
              53.63701833359627
            ],
            [
              91.19423698390038,
              53.636657735035506
            ],
            [
              91.19463385820832,
              53.63628511270658
            ],
            [
              91.19499948318958,
              53.63590136459288
            ],
            [
              91.19533297860731,
              53.635507415465256
            ],
            [
              91.1956335417204,
              53.63510421465127
            ],
            [
              91.19590044921087,
              53.6346927337458
            ],
            [
              91.19613305891897,
              53.63427396426774
            ],
            [
              91.19633081138215,
              53.63384891526941
            ],
            [
              91.19649323117393,
              53.63341861090358
            ],
            [
              91.19661992803995,
              53.63298408795456
            ],
            [
              91.1967105978281,
              53.63254639333919
            ],
            [
              91.19676502321099,
              53.632106581583564
            ],
            [
              91.19678307419888,
              53.6316657122818
            ]
          ]
        ],
        "meta": {
          "shape": "circle"
        }
      },
      "properties": {
        "title": "L1280/26 for Krasnoyarsk International Airport",
        "text": "From: 2026-10-09 04:00:00+00:00\nTo: 2026-10-09 11:00:00+00:00\n\nAIRSPACE CLSD Within CIRCLE RADIUS 1KM CENTRE 533754N0911054E."
      }
    },
    {
      "type": "Feature",
      "geometry": {
        "type": "Polygon",
        "coordinates": [
          [
            [
              90.17563163446013,
              53.73138864942624
            ],
            [
              90.17562246915855,
              53.73116822017722
            ],
            [
              90.17559507478578,
              53.730948323102325
            ],
            [
              90.17554951762034,
              53.73072948794051
            ],
            [
              90.17548590769101,
              53.73051224186433
            ],
            [
              90.1754043985091,
              53.73029710821023
            ],
            [
              90.17530518669605,
              53.73008460521797
            ],
            [
              90.17518851150719,
              53.72987524478254
            ],
            [
              90.17505465425307,
              53.72966953122138
            ],
            [
              90.17490393761953,
              53.7294679600599
            ],
            [
              90.1747367248882,
              53.72927101683823
            ],
            [
              90.17455341905966,
              53.72907917594217
            ],
            [
              90.1743544618807,
              53.72889289946099
            ],
            [
              90.17414033277886,
              53.72871263607485
            ],
            [
              90.17391154770625,
              53.72853881997477
            ],
            [
              90.1736686578956,
              53.7283718698172
            ],
            [
              90.17341224853165,
              53.7282121877164
            ],
            [
              90.17314293734097,
              53.728060158276385
            ],
            [
              90.17286137310374,
              53.72791614766525
            ],
            [
              90.1725682340908,
              53.72778050273386
            ],
            [
              90.17226422643014,
              53.72765355018103
            ],
            [
              90.1719500824064,
              53.727535595767286
            ],
            [
              90.1716265586977,
              53.72742692357896
            ],
            [
              90.17129443455381,
              53.727327795344664
            ],
            [
              90.17095450992046,
              53.72723844980535
            ],
            [
              90.1706076035137,
              53.727159102139815
            ],
            [
              90.17025455084939,
              53.72708994344701
            ],
            [
              90.16989620223255,
              53.727031140286094
            ],
            [
              90.16953342071095,
              53.72698283427572
            ],
            [
              90.16916707999843,
              53.7269451417533
            ],
            [
              90.16879806237246,
              53.72691815349506
            ],
            [
              90.16842725655128,
              53.72690193449762
            ],
            [
              90.1680555555556,
              53.72689652382157
            ],
            [
              90.16768385455991,
              53.72690193449762
            ],
            [
              90.16731304873875,
              53.72691815349506
            ],
            [
              90.16694403111276,
              53.7269451417533
            ],
            [
              90.16657769040025,
              53.72698283427572
            ],
            [
              90.16621490887864,
              53.727031140286094
            ],
            [
              90.16585656026182,
              53.72708994344701
            ],
            [
              90.1655035075975,
              53.727159102139815
            ],
            [
              90.16515660119073,
              53.72723844980535
            ],
            [
              90.16481667655738,
              53.727327795344664
            ],
            [
              90.1644845524135,
              53.72742692357896
            ],
            [
              90.1641610287048,
              53.727535595767286
            ],
            [
              90.16384688468105,
              53.72765355018103
            ],
            [
              90.16354287702039,
              53.72778050273386
            ],
            [
              90.16324973800747,
              53.72791614766525
            ],
            [
              90.16296817377022,
              53.728060158276385
            ],
            [
              90.16269886257956,
              53.7282121877164
            ],
            [
              90.16244245321559,
              53.7283718698172
            ],
            [
              90.16219956340494,
              53.72853881997477
            ],
            [
              90.16197077833233,
              53.72871263607485
            ],
            [
              90.16175664923051,
              53.72889289946099
            ],
            [
              90.16155769205155,
              53.72907917594217
            ],
            [
              90.16137438622297,
              53.72927101683823
            ],
            [
              90.16120717349166,
              53.7294679600599
            ],
            [
              90.16105645685812,
              53.72966953122138
            ],
            [
              90.160922599604,
              53.72987524478254
            ],
            [
              90.16080592441514,
              53.73008460521797
            ],
            [
              90.16070671260209,
              53.73029710821023
            ],
            [
              90.1606252034202,
              53.73051224186433
            ],
            [
              90.16056159349087,
              53.73072948794051
            ],
            [
              90.16051603632543,
              53.73094832310233
            ],
            [
              90.16048864195264,
              53.73116822017722
            ],
            [
              90.16047947665106,
              53.73138864942624
            ],
            [
              90.16048856278651,
              53.73160907982019
            ],
            [
              90.16051587875558,
              53.73182898031879
            ],
            [
              90.16056135903477,
              53.732047821150196
            ],
            [
              90.1606248943358,
              53.732265075087184
            ],
            [
              90.16070633186605,
              53.73248021871764
            ],
            [
              90.16080547569416,
              53.7326927337057
            ],
            [
              90.16092208721949,
              53.73290210804086
            ],
            [
              90.16105588574463,
              53.73310783727182
            ],
            [
              90.16120654914934,
              53.733309425722275
            ],
            [
              90.16137371466456,
              53.73350638768558
            ],
            [
              90.1615569797445,
              53.733698248595424
            ],
            [
              90.16175590303477,
              53.733884546169826
            ],
            [
              90.16197000543416,
              53.734064831525444
            ],
            [
              90.16219877124776,
              53.734238670259735
            ],
            [
              90.16244164942833,
              53.734405643498214
            ],
            [
              90.16269805490312,
              53.734565348904404
            ],
            [
              90.16296736998297,
              53.734717401649775
            ],
            [
              90.16324894585028,
              53.73486143534185
            ],
            [
              90.16354210412224,
              53.73499710290743
            ],
            [
              90.16384613848531,
              53.73512407742976
            ],
            [
              90.16416031639775,
              53.73524205293674
            ],
            [
              90.16448388085509,
              53.73535074513884
            ],
            [
              90.16481605221504,
              53.73544989211476
            ],
            [
              90.16515603007724,
              53.73553925494304
            ],
            [
              90.16550299521299,
              53.73561861827837
            ],
            [
              90.1658561115408,
              53.73568779087093
            ],
            [
              90.1662145281426,
              53.735746606027654
            ],
            [
              90.16657738131583,
              53.735794922014364
            ],
            [
              90.16694379665667,
              53.73583262239759
            ],
            [
              90.16731289116889,
              53.7358596163254
            ],
            [
              90.16768377539378,
              53.735875838746594
            ],
            [
              90.1680555555556,
              53.735881250567544
            ],
            [
              90.16842733571741,
              53.735875838746594
            ],
            [
              90.1687982199423,
              53.7358596163254
            ],
            [
              90.16916731445453,
              53.735832622397595
            ],
            [
              90.16953372979536,
              53.735794922014364
            ],
            [
              90.1698965829686,
              53.73574660602766
            ],
            [
              90.17025499957039,
              53.73568779087093
            ],
            [
              90.1706081158982,
              53.73561861827837
            ],
            [
              90.17095508103395,
              53.735539254943035
            ],
            [
              90.17129505889616,
              53.73544989211476
            ],
            [
              90.1716272302561,
              53.735350745138845
            ],
            [
              90.17195079471344,
              53.73524205293674
            ],
            [
              90.17226497262588,
              53.73512407742976
            ],
            [
              90.17256900698897,
              53.73499710290743
            ],
            [
              90.17286216526091,
              53.73486143534185
            ],
            [
              90.17314374112823,
              53.73471740164978
            ],
            [
              90.17341305620809,
              53.734565348904404
            ],
            [
              90.17366946168286,
              53.73440564349823
            ],
            [
              90.17391233986342,
              53.734238670259735
            ],
            [
              90.17414110567704,
              53.73406483152545
            ],
            [
              90.17435520807642,
              53.73388454616983
            ],
            [
              90.17455413136669,
              53.733698248595424
            ],
            [
              90.17473739644663,
              53.733506387685566
            ],
            [
              90.17490456196185,
              53.733309425722275
            ],
            [
              90.17505522536656,
              53.733107837271824
            ],
            [
              90.1751890238917,
              53.73290210804086
            ],
            [
              90.17530563541705,
              53.7326927337057
            ],
            [
              90.17540477924514,
              53.73248021871764
            ],
            [
              90.1754862167754,
              53.732265075087184
            ],
            [
              90.17554975207642,
              53.732047821150196
            ],
            [
              90.17559523235563,
              53.73182898031879
            ],
            [
              90.17562254832468,
              53.73160907982019
            ],
            [
              90.17563163446013,
              53.73138864942624
            ]
          ]
        ],
        "meta": {
          "shape": "circle"
        }
      },
      "properties": {
        "title": "L1288/26 for Krasnoyarsk International Airport",
        "text": "From: 2026-10-09 04:00:00+00:00\nTo: 2026-10-12 10:00:00+00:00\n\nAIRSPACE CLSD Within CIRCLE RADIUS 0.5KM CENTRE 534353N0901005E."
      }
    },
    {
      "type": "Feature",
      "geometry": {
        "type": "Polygon",
        "coordinates": [
          [
            [
              93.31222222222222,
              59.39944444444444
            ],
            [
              93.35638888888889,
              59.403055555555554
            ],
            [
              93.36916666666666,
              59.38333333333333
            ],
            [
              93.31055555555555,
              59.39194444444444
            ],
            [
              93.31222222222222,
              59.39944444444444
            ]
          ]
        ],
        "meta": {
          "shape": "polygon"
        }
      },
      "properties": {
        "title": "L1306/26 for Krasnoyarsk International Airport",
        "text": "From: 2026-10-10 06:00:00+00:00\nTo: 2026-10-13 10:00:00+00:00\n\nAIRSPACE CLSD Within AREA:\n\n592358N0931844E-592411N0932123E-592300N0932209E-\n\n592331N0931838E-592358N0931844E."
      }
    },
    {
      "type": "Feature",
      "geometry": {
        "type": "Polygon",
        "coordinates": [
          [
            [
              91.54166666666667,
              51.29472222222222
            ],
            [
              91.63083333333333,
              51.30027777777777
            ],
            [
              91.77416666666666,
              51.22361111111111
            ],
            [
              91.7388888888889,
              51.2075
            ],
            [
              91.54166666666667,
              51.29472222222222
            ]
          ]
        ],
        "meta": {
          "shape": "polygon"
        }
      },
      "properties": {
        "title": "L1335/26 for Krasnoyarsk International Airport",
        "text": "From: 2026-10-12 04:00:00+00:00\nTo: 2026-10-16 09:00:00+00:00\n\nAIRSPACE CLSD Within AREA:\n\n511741N0913230E-511801N0913751E-511325N0914627E-\n\n511227N0914420E-511741N0913230E"
      }
    },
    {
      "type": "Feature",
      "geometry": {
        "type": "Polygon",
        "coordinates": [
          [
            [
              94.6825,
              58.37277777777778
            ],
            [
              94.7525,
              58.409166666666664
            ],
            [
              94.77583333333334,
              58.400277777777774
            ],
            [
              94.78388888888888,
              58.288888888888884
            ],
            [
              94.68805555555556,
              58.288888888888884
            ],
            [
              94.6538888888889,
              58.322500000000005
            ],
            [
              94.69527777777778,
              58.33555555555556
            ],
            [
              94.6825,
              58.37277777777778
            ]
          ]
        ],
        "meta": {
          "shape": "polygon"
        }
      },
      "properties": {
        "title": "L1350/26 for Krasnoyarsk International Airport",
        "text": "From: 2026-10-10 03:00:00+00:00\nTo: 2026-10-15 12:00:00+00:00\n\nAIRSPACE CLSD Within AREA:\n\n582222N0944057E-582433N0944509E-582401N0944633E-581720N0944702E-\n\n581720N0944117E-581921N0943914E-582008N0944143E-582222N0944057E."
      }
    },
    {
      "type": "Feature",
      "geometry": {
        "type": "Polygon",
        "coordinates": [
          [
            [
              89.7,
              49.983333333333334
            ],
            [
              89.66666666666667,
              50.13333333333333
            ],
            [
              89.65,
              50.21666666666667
            ],
            [
              89.78333333333333,
              50.3
            ],
            [
              90.06666666666666,
              50.4
            ],
            [
              89.9,
              50.766666666666666
            ],
            [
              91.06666666666666,
              50.516666666666666
            ],
            [
              90.28333333333333,
              50.166666666666664
            ],
            [
              89.7,
              49.983333333333334
            ]
          ]
        ],
        "meta": {
          "shape": "polygon"
        }
      },
      "properties": {
        "title": "L1355/26 for Krasnoyarsk International Airport",
        "text": "From: 2026-10-08 15:00:00+00:00\nTo: 2026-10-09 14:59:00+00:00\n\nAIRSPACE CLSD Within AREA:\n\n495900N0894200E-500800N0894000E-501300N0893900E-501800N0894700E-\n\n502400N0900400E-504600N0895400E-503100N0910400E-501000N0901700E-\n\n495900N0894200E."
      }
    },
    {
      "type": "Feature",
      "geometry": {
        "type": "Polygon",
        "coordinates": [
          [
            [
              92.96774933351115,
              56.0644441834585
            ],
            [
              92.9677396187776,
              56.06422383940808
            ],
            [
              92.96771058976448,
              56.06400402743003
            ],
            [
              92.96766231673224,
              56.06378527705718
            ],
            [
              92.96759491629552,
              56.063568115255975
            ],
            [
              92.96750855113909,
              56.06335306515722
            ],
            [
              92.96740342962298,
              56.06314064479614
            ],
            [
              92.96727980527763,
              56.06293136586474
            ],
            [
              92.96713797619036,
              56.06272573247952
            ],
            [
              92.96697828428475,
              56.06252423996761
            ],
            [
              92.96680111449449,
              56.062327373674016
            ],
            [
              92.96660689383395,
              56.06213560779306
            ],
            [
              92.9663960903676,
              56.061949404226745
            ],
            [
              92.96616921208066,
              56.06176921147268
            ],
            [
              92.96592680565409,
              56.061595463544485
            ],
            [
              92.96566945514641,
              56.06142857892701
            ],
            [
              92.96539778058597,
              56.06126895956902
            ],
            [
              92.96511243647673,
              56.061116989915774
            ],
            [
              92.9648141102213,
              56.06097303598371
            ],
            [
              92.96450352046523,
              56.06083744447955
            ],
            [
              92.96418141536606,
              56.060710541966024
            ],
            [
              92.96384857079175,
              56.060592634075896
            ],
            [
              92.96350578845268,
              56.060484004776534
            ],
            [
              92.9631538939716,
              56.060384915686654
            ],
            [
              92.96279373489615,
              56.06029560544676
            ],
            [
              92.96242617865911,
              56.060216289144975
            ],
            [
              92.96205211049077,
              56.06014715779953
            ],
            [
              92.9616724312886,
              56.06008837789917
            ],
            [
              92.96128805544959,
              56.060040091002605
            ],
            [
              92.96089990866997,
              56.0600024133979
            ],
            [
              92.96050892571816,
              56.05997543582278
            ],
            [
              92.96011604818575,
              56.05995922324626
            ],
            [
              92.9597222222222,
              56.05995381471238
            ],
            [
              92.95932839625866,
              56.05995922324626
            ],
            [
              92.95893551872625,
              56.05997543582278
            ],
            [
              92.95854453577444,
              56.0600024133979
            ],
            [
              92.95815638899482,
              56.060040091002605
            ],
            [
              92.95777201315579,
              56.06008837789917
            ],
            [
              92.95739233395362,
              56.06014715779953
            ],
            [
              92.9570182657853,
              56.060216289144975
            ],
            [
              92.95665070954826,
              56.06029560544676
            ],
            [
              92.95629055047281,
              56.060384915686654
            ],
            [
              92.95593865599172,
              56.060484004776534
            ],
            [
              92.95559587365265,
              56.060592634075896
            ],
            [
              92.95526302907835,
              56.060710541966024
            ],
            [
              92.95494092397918,
              56.06083744447955
            ],
            [
              92.9546303342231,
              56.06097303598371
            ],
            [
              92.95433200796766,
              56.061116989915774
            ],
            [
              92.95404666385842,
              56.06126895956902
            ],
            [
              92.953774989298,
              56.06142857892701
            ],
            [
              92.9535176387903,
              56.061595463544485
            ],
            [
              92.95327523236375,
              56.06176921147268
            ],
            [
              92.95304835407681,
              56.06194940422674
            ],
            [
              92.95283755061044,
              56.06213560779306
            ],
            [
              92.95264332994992,
              56.062327373674016
            ],
            [
              92.95246616015966,
              56.06252423996761
            ],
            [
              92.95230646825405,
              56.06272573247952
            ],
            [
              92.95216463916678,
              56.062931365864735
            ],
            [
              92.95204101482142,
              56.06314064479614
            ],
            [
              92.9519358933053,
              56.06335306515722
            ],
            [
              92.95184952814888,
              56.063568115255975
            ],
            [
              92.95178212771216,
              56.06378527705718
            ],
            [
              92.95173385467993,
              56.06400402743004
            ],
            [
              92.95170482566681,
              56.06422383940808
            ],
            [
              92.95169511093324,
              56.0644441834585
            ],
            [
              92.95170473421311,
              56.064664528757724
            ],
            [
              92.95173367265329,
              56.06488434447012
            ],
            [
              92.9517818568656,
              56.06510310102696
            ],
            [
              92.95184917109079,
              56.065320271402214
            ],
            [
              92.95193545347433,
              56.065535332382474
            ],
            [
              92.95204049645339,
              56.06574776582776
            ],
            [
              92.95216404725387,
              56.065957059920045
            ],
            [
              92.95230580849669,
              56.06616271039681
            ],
            [
              92.95246543891169,
              56.066364221766335
            ],
            [
              92.95264255415735,
              56.06656110850201
            ],
            [
              92.95283672774458,
              56.06675289621263
            ],
            [
              92.9530474920623,
              56.06693912278598
            ],
            [
              92.95327433950224,
              56.067119339502874
            ],
            [
              92.95351672368058,
              56.06729311211889
            ],
            [
              92.95377406075302,
              56.067460021911465
            ],
            [
              92.95404573082062,
              56.067619666689346
            ],
            [
              92.9543310794227,
              56.0677716617625
            ],
            [
              92.95462941911335,
              56.06791564086967
            ],
            [
              92.95494003111767,
              56.068051257061654
            ],
            [
              92.95526216706382,
              56.068178183538
            ],
            [
              92.95559505078677,
              56.068296114435164
            ],
            [
              92.95593788019913,
              56.06840476556419
            ],
            [
              92.95628982922483,
              56.06850387509616
            ],
            [
              92.9566500497909,
              56.06859320419368
            ],
            [
              92.95701767387236,
              56.068672537587005
            ],
            [
              92.95739181558558,
              56.06874168409332
            ],
            [
              92.9577715733248,
              56.06880047707788
            ],
            [
              92.95815603193671,
              56.068848774855965
            ],
            [
              92.95854426492787,
              56.06888646103471
            ],
            [
              92.9589353366996,
              56.06891344479381
            ],
            [
              92.95932830480496,
              56.06892966110469
            ],
            [
              92.9597222222222,
              56.06893507088738
            ],
            [
              92.96011613963945,
              56.06892966110469
            ],
            [
              92.96050910774481,
              56.06891344479381
            ],
            [
              92.96090017951654,
              56.06888646103471
            ],
            [
              92.96128841250768,
              56.068848774855965
            ],
            [
              92.96167287111959,
              56.06880047707788
            ],
            [
              92.96205262885881,
              56.068741684093325
            ],
            [
              92.96242677057205,
              56.068672537587
            ],
            [
              92.9627943946535,
              56.06859320419367
            ],
            [
              92.96315461521958,
              56.068503875096155
            ],
            [
              92.96350656424528,
              56.068404765564196
            ],
            [
              92.96384939365763,
              56.068296114435164
            ],
            [
              92.96418227738057,
              56.068178183538
            ],
            [
              92.96450441332675,
              56.068051257061654
            ],
            [
              92.96481502533106,
              56.06791564086967
            ],
            [
              92.96511336502168,
              56.0677716617625
            ],
            [
              92.96539871362378,
              56.067619666689346
            ],
            [
              92.96567038369137,
              56.067460021911465
            ],
            [
              92.96592772076383,
              56.0672931121189
            ],
            [
              92.96617010494215,
              56.067119339502874
            ],
            [
              92.9663969523821,
              56.06693912278599
            ],
            [
              92.96660771669981,
              56.06675289621263
            ],
            [
              92.96680189028706,
              56.066561108502
            ],
            [
              92.9669790055327,
              56.066364221766335
            ],
            [
              92.9671386359477,
              56.0661627103968
            ],
            [
              92.96728039719054,
              56.065957059920045
            ],
            [
              92.967403947991,
              56.06574776582776
            ],
            [
              92.96750899097005,
              56.06553533238249
            ],
            [
              92.96759527335362,
              56.065320271402214
            ],
            [
              92.96766258757881,
              56.06510310102696
            ],
            [
              92.96771077179112,
              56.06488434447012
            ],
            [
              92.96773971023129,
              56.064664528757724
            ],
            [
              92.96774933351115,
              56.0644441834585
            ]
          ]
        ],
        "meta": {
          "shape": "circle"
        }
      },
      "properties": {
        "title": "L1367/26 for Krasnoyarsk International Airport",
        "text": "From: 2026-10-10 02:00:00+00:00\nTo: 2026-10-10 07:00:00+00:00\n\nAIRSPACE CLSD Within CIRCLE RADIUS 0.5KM CENTRE 560352N0925735E."
      }
    },
    {
      "type": "Feature",
      "geometry": {
        "type": "Polygon",
        "coordinates": [
          [
            [
              92.79079169902047,
              56.00083307296835
            ],
            [
              92.79078200035913,
              56.00061272662931
            ],
            [
              92.79075301915415,
              56.00039291236519
            ],
            [
              92.79070482554948,
              56.00017415971432
            ],
            [
              92.79063753596712,
              55.99995699564869
            ],
            [
              92.79055131282352,
              55.99974194330466
            ],
            [
              92.79044636413542,
              55.99952952072295
            ],
            [
              92.79032294301571,
              55.99932023960103
            ],
            [
              92.79018134706108,
              55.9991146040608
            ],
            [
              92.79002191763249,
              55.99891310943471
            ],
            [
              92.78984503903038,
              55.998716241073076
            ],
            [
              92.78965113756689,
              55.99852447317534
            ],
            [
              92.78944068053676,
              55.998338267648556
            ],
            [
              92.7892141750901,
              55.998158072995274
            ],
            [
              92.78897216700916,
              55.99798432323388
            ],
            [
              92.78871523939256,
              55.99781743685384
            ],
            [
              92.78844401124962,
              55.99765781580843
            ],
            [
              92.78815913600877,
              55.99750584454715
            ],
            [
              92.7878612999432,
              55.99736188909054
            ],
            [
              92.78755122051768,
              55.99722629614924
            ],
            [
              92.78722964466067,
              55.997099392289634
            ],
            [
              92.78689734696562,
              55.99698148314793
            ],
            [
              92.78655512782593,
              55.99687285269472
            ],
            [
              92.78620381150829,
              55.99677376255169
            ],
            [
              92.78584424416829,
              55.99668445136206
            ],
            [
              92.78547729181406,
              55.99660513421641
            ],
            [
              92.78510383822201,
              55.99653600213513
            ],
            [
              92.78472478281019,
              55.99647722160889
            ],
            [
              92.7843410384739,
              55.996428934198
            ],
            [
              92.78395352938928,
              55.99639125619189
            ],
            [
              92.78356318878971,
              55.9963642783293
            ],
            [
              92.78317095672062,
              55.99634806558
            ],
            [
              92.7827777777778,
              55.996342656988475
            ],
            [
              92.78238459883497,
              55.99634806558
            ],
            [
              92.78199236676588,
              55.9963642783293
            ],
            [
              92.78160202616631,
              55.99639125619189
            ],
            [
              92.78121451708171,
              55.996428934198
            ],
            [
              92.7808307727454,
              55.99647722160889
            ],
            [
              92.78045171733358,
              55.99653600213513
            ],
            [
              92.78007826374154,
              55.99660513421641
            ],
            [
              92.7797113113873,
              55.99668445136206
            ],
            [
              92.7793517440473,
              55.99677376255169
            ],
            [
              92.77900042772966,
              55.99687285269472
            ],
            [
              92.77865820858997,
              55.99698148314793
            ],
            [
              92.77832591089494,
              55.997099392289634
            ],
            [
              92.7780043350379,
              55.99722629614924
            ],
            [
              92.7776942556124,
              55.99736188909054
            ],
            [
              92.77739641954682,
              55.99750584454715
            ],
            [
              92.77711154430598,
              55.99765781580843
            ],
            [
              92.77684031616303,
              55.99781743685384
            ],
            [
              92.77658338854643,
              55.99798432323388
            ],
            [
              92.7763413804655,
              55.998158072995274
            ],
            [
              92.77611487501883,
              55.998338267648556
            ],
            [
              92.7759044179887,
              55.99852447317534
            ],
            [
              92.7757105165252,
              55.99871624107307
            ],
            [
              92.7755336379231,
              55.99891310943471
            ],
            [
              92.77537420849451,
              55.9991146040608
            ],
            [
              92.7752326125399,
              55.999320239601026
            ],
            [
              92.77510919142017,
              55.99952952072295
            ],
            [
              92.77500424273207,
              55.99974194330467
            ],
            [
              92.77491801958847,
              55.999956995648695
            ],
            [
              92.77485073000611,
              56.00017415971432
            ],
            [
              92.77480253640144,
              56.000392912365186
            ],
            [
              92.77477355519646,
              56.00061272662931
            ],
            [
              92.77476385653512,
              56.00083307296835
            ],
            [
              92.77477346411122,
              56.00105342055319
            ],
            [
              92.77480235510816,
              56.00127323854272
            ],
            [
              92.77485046025073,
              56.001491997362734
            ],
            [
              92.7749176639689,
              56.00170916998181
            ],
            [
              92.77500380467312,
              56.00192423318123
            ],
            [
              92.7751086751406,
              56.002136668815744
            ],
            [
              92.77523202301172,
              56.00234596506217
            ],
            [
              92.77537355139523,
              56.00255161765292
            ],
            [
              92.77553291958095,
              56.002753131091346
            ],
            [
              92.7757097438582,
              56.002950019846004
            ],
            [
              92.77590359843805,
              56.00314180952102
            ],
            [
              92.77611401647727,
              56.003328037999616
            ],
            [
              92.77634049120124,
              56.003508256558206
            ],
            [
              92.77658247712355,
              56.003682030948184
            ],
            [
              92.77683939135905,
              56.003848942442886
            ],
            [
              92.77711061502725,
              56.00400858884719
            ],
            [
              92.77739549474283,
              56.00416058546737
            ],
            [
              92.77769334418952,
              56.00430456603864
            ],
            [
              92.77800344577362,
              56.004440183608516
            ],
            [
              92.77832505235334,
              56.00456711137343
            ],
            [
              92.77865738903932,
              56.00468504346696
            ],
            [
              92.77899965506263,
              56.00479369569742
            ],
            [
              92.77935102570514,
              56.00489280623347
            ],
            [
              92.77971065428802,
              56.00498213623546
            ],
            [
              92.78007767421336,
              56.00506147043164
            ],
            [
              92.78045120105398,
              56.00513061763743
            ],
            [
              92.78083033468646,
              56.00518941121645
            ],
            [
              92.78121416146213,
              56.005237709482735
            ],
            [
              92.78160175641094,
              56.0052753960423
            ],
            [
              92.78199218547259,
              56.005302380074035
            ],
            [
              92.78238450774973,
              56.00531859654873
            ],
            [
              92.7827777777778,
              56.00532400638606
            ],
            [
              92.78317104780588,
              56.00531859654873
            ],
            [
              92.783563370083,
              56.005302380074035
            ],
            [
              92.78395379914464,
              56.0052753960423
            ],
            [
              92.78434139409346,
              56.00523770948274
            ],
            [
              92.78472522086913,
              56.00518941121645
            ],
            [
              92.78510435450161,
              56.005130617637406
            ],
            [
              92.78547788134223,
              56.005061470431656
            ],
            [
              92.78584490126757,
              56.00498213623546
            ],
            [
              92.78620452985045,
              56.00489280623347
            ],
            [
              92.78655590049296,
              56.00479369569742
            ],
            [
              92.78689816651628,
              56.00468504346696
            ],
            [
              92.78723050320225,
              56.004567111373426
            ],
            [
              92.78755210978197,
              56.004440183608516
            ],
            [
              92.78786221136608,
              56.00430456603864
            ],
            [
              92.78816006081276,
              56.00416058546737
            ],
            [
              92.78844494052834,
              56.00400858884719
            ],
            [
              92.78871616419653,
              56.003848942442886
            ],
            [
              92.78897307843204,
              56.00368203094818
            ],
            [
              92.78921506435437,
              56.00350825655821
            ],
            [
              92.78944153907833,
              56.003328037999616
            ],
            [
              92.78965195711754,
              56.00314180952102
            ],
            [
              92.7898458116974,
              56.002950019846004
            ],
            [
              92.79002263597464,
              56.002753131091346
            ],
            [
              92.79018200416036,
              56.00255161765291
            ],
            [
              92.79032353254387,
              56.00234596506217
            ],
            [
              92.79044688041499,
              56.002136668815744
            ],
            [
              92.79055175088247,
              56.001924233181235
            ],
            [
              92.79063789158668,
              56.001709169981815
            ],
            [
              92.79070509530486,
              56.00149199736273
            ],
            [
              92.79075320044743,
              56.00127323854272
            ],
            [
              92.79078209144437,
              56.00105342055319
            ],
            [
              92.79079169902047,
              56.00083307296835
            ]
          ]
        ],
        "meta": {
          "shape": "circle"
        }
      },
      "properties": {
        "title": "L1368/26 for Krasnoyarsk International Airport",
        "text": "From: 2026-10-12 07:00:00+00:00\nTo: 2026-10-14 15:00:00+00:00\n\nAIRSPACE CLSD Within CIRCLE RADIUS 0.5KM CENTRE 560003N0924658E."
      }
    },
    {
      "type": "Feature",
      "geometry": {
        "type": "Polygon",
        "coordinates": [
          [
            [
              90.44299020153207,
              55.84989643988486
            ],
            [
              90.44277984705174,
              55.845489653141634
            ],
            [
              90.44218550825981,
              55.841093976239925
            ],
            [
              90.4412087458194,
              55.836719993211226
            ],
            [
              90.43985203906249,
              55.83237823232358
            ],
            [
              90.43811877880543,
              55.82807914080728
            ],
            [
              90.43601325800677,
              55.82383305980858
            ],
            [
              90.43354066030142,
              55.81965019963029
            ],
            [
              90.43070704644923,
              55.81554061531772
            ],
            [
              90.42751933874081,
              55.81151418264677
            ],
            [
              90.42398530340745,
              55.807580574569926
            ],
            [
              90.42011353108614,
              55.803749238174866
            ],
            [
              90.41591341539468,
              55.800029372208186
            ],
            [
              90.41139512967483,
              55.79642990521619
            ],
            [
              90.4065696019658,
              55.79295947435208
            ],
            [
              90.40144848827282,
              55.78962640489779
            ],
            [
              90.39604414419924,
              55.786438690546575
            ],
            [
              90.3903695950124,
              55.78340397449056
            ],
            [
              90.3844385042176,
              55.78052953135565
            ],
            [
              90.37826514071557,
              55.777822250023775
            ],
            [
              90.37186434462203,
              55.77528861738087
            ],
            [
              90.3652514918295,
              55.77293470302618
            ],
            [
              90.35844245739372,
              55.77076614497655
            ],
            [
              90.35145357782878,
              55.76878813639739
            ],
            [
              90.34430161239621,
              55.76700541338877
            ],
            [
              90.33700370347582,
              55.765422243853756
            ],
            [
              90.32957733610561,
              55.764042417472844
            ],
            [
              90.32204029678118,
              55.76286923680633
            ],
            [
              90.31441063160457,
              55.76190550954406
            ],
            [
              90.30670660387396,
              55.76115354191882
            ],
            [
              90.29894665120648,
              55.760615133298074
            ],
            [
              90.29114934228656,
              55.760291571965396
            ],
            [
              90.2833333333333,
              55.76018363210059
            ],
            [
              90.27551732438006,
              55.760291571965396
            ],
            [
              90.26772001546014,
              55.760615133298074
            ],
            [
              90.25996006279266,
              55.76115354191882
            ],
            [
              90.25225603506203,
              55.76190550954406
            ],
            [
              90.24462636988542,
              55.76286923680633
            ],
            [
              90.237089330561,
              55.764042417472844
            ],
            [
              90.22966296319079,
              55.765422243853756
            ],
            [
              90.2223650542704,
              55.76700541338877
            ],
            [
              90.21521308883784,
              55.76878813639739
            ],
            [
              90.20822420927288,
              55.77076614497655
            ],
            [
              90.20141517483712,
              55.77293470302618
            ],
            [
              90.19480232204458,
              55.77528861738087
            ],
            [
              90.18840152595104,
              55.777822250023775
            ],
            [
              90.18222816244901,
              55.78052953135565
            ],
            [
              90.1762970716542,
              55.78340397449056
            ],
            [
              90.17062252246737,
              55.786438690546575
            ],
            [
              90.16521817839379,
              55.78962640489779
            ],
            [
              90.16009706470082,
              55.79295947435208
            ],
            [
              90.15527153699178,
              55.79642990521619
            ],
            [
              90.15075325127192,
              55.800029372208186
            ],
            [
              90.14655313558046,
              55.803749238174866
            ],
            [
              90.14268136325917,
              55.807580574569926
            ],
            [
              90.1391473279258,
              55.81151418264677
            ],
            [
              90.13595962021738,
              55.81554061531772
            ],
            [
              90.13312600636519,
              55.81965019963029
            ],
            [
              90.13065340865984,
              55.82383305980858
            ],
            [
              90.12854788786119,
              55.82807914080728
            ],
            [
              90.12681462760412,
              55.83237823232358
            ],
            [
              90.12545792084723,
              55.836719993211226
            ],
            [
              90.1244811584068,
              55.841093976239925
            ],
            [
              90.12388681961487,
              55.845489653141634
            ],
            [
              90.12367646513454,
              55.84989643988486
            ],
            [
              90.12385073196182,
              55.85430372211691
            ],
            [
              90.12440933063776,
              55.858700880713414
            ],
            [
              90.1253510446896,
              55.863077317373694
            ],
            [
              90.12667373231446,
              55.86742248020049
            ],
            [
              90.12837433031362,
              55.87172588920173
            ],
            [
              90.13044886027959,
              55.875977161652386
            ],
            [
              90.13289243703292,
              55.88016603725424
            ],
            [
              90.13569927929942,
              55.884282403031314
            ],
            [
              90.13886272261281,
              55.888316317899765
            ],
            [
              90.1423752344219,
              55.89225803685063
            ],
            [
              90.14622843137492,
              55.89609803468532
            ],
            [
              90.15041309874825,
              55.899827029243895
            ],
            [
              90.15491921198019,
              55.90343600406769
            ],
            [
              90.1597359602645,
              55.906916230438654
            ],
            [
              90.16485177215257,
              55.910259288739375
            ],
            [
              90.17025434310692,
              55.913457089078875
            ],
            [
              90.17593066494302,
              55.91650189113159
            ],
            [
              90.18186705709078,
              55.91938632313784
            ],
            [
              90.18804919960105,
              55.92210340001701
            ],
            [
              90.19446216781745,
              55.92464654054612
            ],
            [
              90.20109046862852,
              55.92700958355905
            ],
            [
              90.20791807820997,
              55.92918680312395
            ],
            [
              90.21492848116215,
              55.93117292265922
            ],
            [
              90.22210471094341,
              55.93296312795072
            ],
            [
              90.22942939149578,
              55.93455307903562
            ],
            [
              90.23688477995509,
              55.935938920922204
            ],
            [
              90.24445281033482,
              55.93711729311633
            ],
            [
              90.25211513806892,
              55.93808533792987
            ],
            [
              90.25985318529662,
              55.93884070754868
            ],
            [
              90.26764818676921,
              55.93938156984143
            ],
            [
              90.27548123625702,
              55.939706612893815
            ],
            [
              90.2833333333333,
              55.939815048255845
            ],
            [
              90.29118543040958,
              55.939706612893815
            ],
            [
              90.29901847989741,
              55.93938156984143
            ],
            [
              90.30681348136999,
              55.93884070754868
            ],
            [
              90.31455152859769,
              55.93808533792987
            ],
            [
              90.3222138563318,
              55.93711729311633
            ],
            [
              90.32978188671153,
              55.93593892092219
            ],
            [
              90.33723727517084,
              55.93455307903562
            ],
            [
              90.34456195572321,
              55.93296312795072
            ],
            [
              90.35173818550447,
              55.93117292265923
            ],
            [
              90.35874858845663,
              55.92918680312395
            ],
            [
              90.3655761980381,
              55.92700958355905
            ],
            [
              90.37220449884917,
              55.92464654054612
            ],
            [
              90.37861746706557,
              55.92210340001701
            ],
            [
              90.38479960957582,
              55.91938632313784
            ],
            [
              90.39073600172361,
              55.91650189113159
            ],
            [
              90.3964123235597,
              55.913457089078875
            ],
            [
              90.40181489451405,
              55.910259288739375
            ],
            [
              90.40693070640211,
              55.90691623043866
            ],
            [
              90.41174745468642,
              55.90343600406769
            ],
            [
              90.41625356791839,
              55.899827029243895
            ],
            [
              90.4204382352917,
              55.89609803468532
            ],
            [
              90.4242914322447,
              55.89225803685063
            ],
            [
              90.42780394405379,
              55.88831631789976
            ],
            [
              90.4309673873672,
              55.884282403031314
            ],
            [
              90.4337742296337,
              55.88016603725424
            ],
            [
              90.43621780638702,
              55.875977161652386
            ],
            [
              90.438292336353,
              55.87172588920171
            ],
            [
              90.43999293435215,
              55.86742248020048
            ],
            [
              90.44131562197703,
              55.8630773173737
            ],
            [
              90.44225733602885,
              55.858700880713414
            ],
            [
              90.4428159347048,
              55.85430372211691
            ],
            [
              90.44299020153207,
              55.84989643988486
            ]
          ]
        ],
        "meta": {
          "shape": "circle"
        }
      },
      "properties": {
        "title": "L1378/26 for Krasnoyarsk International Airport",
        "text": "From: 2026-10-08 19:00:00+00:00\nTo: 2026-10-09 08:00:00+00:00\n\nAIRSPACE CLSD Within CIRCLE RADIUS 10KM CENTRE 555100N0901700E."
      }
    },
    {
      "type": "Feature",
      "geometry": {
        "type": "Polygon",
        "coordinates": [
          [
            [
              97.53916666666666,
              56.12833333333333
            ],
            [
              97.71361111111112,
              56.07611111111112
            ],
            [
              97.8261111111111,
              56.004444444444445
            ],
            [
              97.99555555555555,
              55.92972222222222
            ],
            [
              97.97472222222223,
              55.91083333333333
            ],
            [
              97.90416666666667,
              55.91111111111111
            ],
            [
              97.88833333333334,
              55.920833333333334
            ],
            [
              97.90166666666667,
              55.94
            ],
            [
              97.77638888888889,
              55.985
            ],
            [
              97.705,
              56.030277777777776
            ],
            [
              97.6388888888889,
              56.035
            ],
            [
              97.60749999999999,
              56.07166666666667
            ],
            [
              97.51361111111112,
              56.095555555555556
            ],
            [
              97.4325,
              56.10638888888889
            ],
            [
              97.4475,
              56.141666666666666
            ],
            [
              97.53916666666666,
              56.12833333333333
            ]
          ]
        ],
        "meta": {
          "shape": "circle"
        }
      },
      "properties": {
        "title": "L1381/26 for Krasnoyarsk International Airport",
        "text": "From: 2026-10-12 00:00:00+00:00\nTo: 2026-10-14 14:00:00+00:00\n\nAIRSPACE CLSD AS FLW:\n\n1. Within CIRCLE RADIUS 1KM CENTRE 555518N0975433E\n\n   GND-1300M AMSL.\n\n2. AREA: 560623N0972557E-560830N0972651E-560742N0973221E-\n\n         560434N0974249E-560016N0974934E-555547N0975944E-\n\n         555439N0975829E-555440N0975415E-555515N0975318E-\n\n         555624N0975406E-555906N0974635E-560149N0974218E-\n\n         560206N0973820E-560418N0973627E-560544N0973049E-\n\n         560623N0972557E\n\n   650M AMSL-1300M AMSL.\n\n3. Within CIRCLE RADIUS 1KM CENTRE 560237N0973908E\n\n   GND-1300M AMSL."
      }
    },
    {
      "type": "Feature",
      "geometry": {
        "type": "Polygon",
        "coordinates": [
          [
            [
              93.04614981626811,
              55.98333266723545
            ],
            [
              93.04613426179489,
              55.98298011268684
            ],
            [
              93.04608786960789,
              55.98262841064855
            ],
            [
              93.04601075230276,
              55.9822784083671
            ],
            [
              93.0459030964785,
              55.98193094897155
            ],
            [
              93.04576516227995,
              55.981586869442935
            ],
            [
              93.04559728276361,
              55.98124699859859
            ],
            [
              93.0453998630878,
              55.98091215509654
            ],
            [
              93.04517337952977,
              55.98058314546433
            ],
            [
              93.04491837833173,
              55.98026076215744
            ],
            [
              93.04463547437895,
              55.979945781651665
            ],
            [
              93.04432534971293,
              55.97963896257426
            ],
            [
              93.0439887518836,
              55.97934104387809
            ],
            [
              93.04362649214417,
              55.97905274306338
            ],
            [
              93.0432394434933,
              55.97877475445123
            ],
            [
              93.04282853856928,
              55.97850774751312
            ],
            [
              93.04239476740116,
              55.97825236526021
            ],
            [
              93.04193917502273,
              55.97800922269652
            ],
            [
              93.04146285895425,
              55.977778905339626
            ],
            [
              93.0409669665591,
              55.97756196781229
            ],
            [
              93.04045269228068,
              55.977358932508615
            ],
            [
              93.039921274767,
              55.97717028833769
            ],
            [
              93.03937399388928,
              55.976996489547936
            ],
            [
              93.03881216766227,
              55.976837954634824
            ],
            [
              93.03823714907304,
              55.976695065334525
            ],
            [
              93.0376503228264,
              55.97656816570622
            ],
            [
              93.03705310201448,
              55.97645756130483
            ],
            [
              93.03644692471849,
              55.97636351844638
            ],
            [
              93.03583325055071,
              55.97628626356789
            ],
            [
              93.03521355714516,
              55.976225982682884
            ],
            [
              93.03458933660512,
              55.976182820934355
            ],
            [
              93.03396209191618,
              55.97615688224579
            ],
            [
              93.0333333333333,
              55.97614822907134
            ],
            [
              93.03270457475043,
              55.97615688224579
            ],
            [
              93.03207733006148,
              55.976182820934355
            ],
            [
              93.03145310952144,
              55.976225982682884
            ],
            [
              93.03083341611588,
              55.97628626356789
            ],
            [
              93.0302197419481,
              55.97636351844638
            ],
            [
              93.02961356465211,
              55.97645756130482
            ],
            [
              93.0290163438402,
              55.97656816570622
            ],
            [
              93.02842951759355,
              55.976695065334525
            ],
            [
              93.02785449900432,
              55.976837954634824
            ],
            [
              93.02729267277732,
              55.976996489547936
            ],
            [
              93.02674539189961,
              55.97717028833769
            ],
            [
              93.02621397438591,
              55.977358932508615
            ],
            [
              93.02569970010751,
              55.97756196781229
            ],
            [
              93.02520380771234,
              55.977778905339626
            ],
            [
              93.02472749164387,
              55.97800922269652
            ],
            [
              93.02427189926543,
              55.97825236526021
            ],
            [
              93.02383812809732,
              55.97850774751312
            ],
            [
              93.02342722317329,
              55.97877475445123
            ],
            [
              93.02304017452244,
              55.97905274306338
            ],
            [
              93.022677914783,
              55.97934104387809
            ],
            [
              93.02234131695367,
              55.97963896257426
            ],
            [
              93.02203119228766,
              55.979945781651665
            ],
            [
              93.02174828833488,
              55.98026076215743
            ],
            [
              93.02149328713683,
              55.98058314546433
            ],
            [
              93.0212668035788,
              55.98091215509654
            ],
            [
              93.021069383903,
              55.98124699859859
            ],
            [
              93.02090150438666,
              55.98158686944293
            ],
            [
              93.02076357018811,
              55.98193094897155
            ],
            [
              93.02065591436383,
              55.9822784083671
            ],
            [
              93.02057879705872,
              55.98262841064855
            ],
            [
              93.02053240487172,
              55.98298011268684
            ],
            [
              93.0205168503985,
              55.98333266723545
            ],
            [
              93.02053217195208,
              55.98368522497121
            ],
            [
              93.0205783334626,
              55.984036936540235
            ],
            [
              93.02065522455592,
              55.98438695460426
            ],
            [
              93.02076266081163,
              55.98473443588218
            ],
            [
              93.02090038419938,
              55.985078543182276
            ],
            [
              93.02106806369295,
              55.98541844741969
            ],
            [
              93.02126529606032,
              55.98575332961486
            ],
            [
              93.02149160682815,
              55.9860823828676
            ],
            [
              93.02174645141828,
              55.986404814302325
            ],
            [
              93.02202921645366,
              55.98671984697971
            ],
            [
              93.02233922123064,
              55.98702672177012
            ],
            [
              93.02267571935387,
              55.987324699184114
            ],
            [
              93.02303790053041,
              55.987613061156
            ],
            [
              93.02342489251815,
              55.98789111277566
            ],
            [
              93.02383576322455,
              55.98815818396485
            ],
            [
              93.02426952295004,
              55.988413631093636
            ],
            [
              93.02472512677107,
              55.9886568385332
            ],
            [
              93.02520147705715,
              55.988887220141194
            ],
            [
              93.02569742611543,
              55.989104220676055
            ],
            [
              93.02621177895674,
              55.9893073171369
            ],
            [
              93.0267432961765,
              55.989496020025655
            ],
            [
              93.02729069694323,
              55.989669874528396
            ],
            [
              93.02785266208764,
              55.98982846161316
            ],
            [
              93.02842783728478,
              55.98997139904128
            ],
            [
              93.02901483632164,
              55.9900983422901
            ],
            [
              93.02961224444198,
              55.990208985384626
            ],
            [
              93.03021862176074,
              55.990303061636155
            ],
            [
              93.03083250673933,
              55.99038034428611
            ],
            [
              93.03145241971347,
              55.9904406470535
            ],
            [
              93.03207686646533,
              55.99048382458459
            ],
            [
              93.03270434183077,
              55.99050977280391
            ],
            [
              93.0333333333333,
              55.990518429165505
            ],
            [
              93.03396232483583,
              55.99050977280391
            ],
            [
              93.03458980020126,
              55.99048382458459
            ],
            [
              93.03521424695313,
              55.99044064705351
            ],
            [
              93.03583415992728,
              55.99038034428611
            ],
            [
              93.03644804490585,
              55.990303061636155
            ],
            [
              93.03705442222461,
              55.990208985384626
            ],
            [
              93.03765183034497,
              55.9900983422901
            ],
            [
              93.03823882938183,
              55.98997139904128
            ],
            [
              93.03881400457897,
              55.98982846161316
            ],
            [
              93.03937596972338,
              55.989669874528396
            ],
            [
              93.0399233704901,
              55.989496020025655
            ],
            [
              93.04045488770987,
              55.9893073171369
            ],
            [
              93.04096924055118,
              55.98910422067605
            ],
            [
              93.04146518960944,
              55.98888722014119
            ],
            [
              93.04194153989553,
              55.9886568385332
            ],
            [
              93.04239714371657,
              55.988413631093636
            ],
            [
              93.04283090344205,
              55.98815818396485
            ],
            [
              93.04324177414844,
              55.98789111277566
            ],
            [
              93.04362876613621,
              55.987613061156
            ],
            [
              93.04399094731274,
              55.987324699184114
            ],
            [
              93.04432744543597,
              55.98702672177012
            ],
            [
              93.04463745021293,
              55.98671984697971
            ],
            [
              93.04492021524833,
              55.98640481430231
            ],
            [
              93.04517505983844,
              55.9860823828676
            ],
            [
              93.04540137060629,
              55.98575332961486
            ],
            [
              93.04559860297366,
              55.98541844741969
            ],
            [
              93.04576628246723,
              55.985078543182276
            ],
            [
              93.04590400585498,
              55.98473443588218
            ],
            [
              93.04601144211068,
              55.98438695460426
            ],
            [
              93.04608833320401,
              55.984036936540235
            ],
            [
              93.04613449471451,
              55.98368522497121
            ],
            [
              93.04614981626811,
              55.98333266723545
            ]
          ]
        ],
        "meta": {
          "shape": "circle"
        }
      },
      "properties": {
        "title": "L1396/26 for Krasnoyarsk International Airport",
        "text": "From: 2026-10-09 04:30:00+00:00\nTo: 2026-10-09 07:30:00+00:00\n\nAIRSPACE CLSD Within CIRCLE RADIUS 0.8KM CENTRE 555900N0930200E."
      }
    },
    {
      "type": "Feature",
      "geometry": {
        "type": "Polygon",
        "coordinates": [
          [
            [
              92.9225,
              56.144999999999996
            ],
            [
              93.03583333333333,
              56.07805555555556
            ],
            [
              92.9475,
              56.02055555555555
            ],
            [
              92.80722222222222,
              55.992222222222225
            ],
            [
              92.80138888888888,
              56.038333333333334
            ],
            [
              92.9225,
              56.144999999999996
            ]
          ]
        ],
        "meta": {
          "shape": "polygon"
        }
      },
      "properties": {
        "title": "L1405/26 for Krasnoyarsk International Airport",
        "text": "From: 2026-10-12 10:00:00+00:00\nTo: 2026-10-13 23:59:00+00:00\n\nAIRSPACE CLSD Within AREA:\n\n560842N0925521E-560441N0930209E-560114N0925651E-555932N0924826E-\n\n560218N0924805E-560842N0925521E."
      }
    },
    {
      "type": "Feature",
      "geometry": {
        "type": "Polygon",
        "coordinates": [
          [
            [
              88.30111111111111,
              69.21972222222223
            ],
            [
              88.31305555555555,
              69.21083333333334
            ],
            [
              88.3561111111111,
              69.20305555555557
            ],
            [
              88.35222222222221,
              69.19361111111111
            ],
            [
              88.30499999999999,
              69.1888888888889
            ],
            [
              88.27361111111111,
              69.20333333333333
            ],
            [
              88.28777777777778,
              69.22
            ],
            [
              88.30111111111111,
              69.21972222222223
            ]
          ]
        ],
        "meta": {
          "shape": "polygon"
        }
      },
      "properties": {
        "title": "L1409/26 for Krasnoyarsk International Airport",
        "text": "From: 2026-10-16 04:00:00+00:00\nTo: 2026-10-21 10:00:00+00:00\n\nAIRSPACE CLSD Within AREA:\n\n691311N0881804E-691239N0881847E-691211N0882122E-691137N0882108E-\n\n691120N0881818E-691212N0881625E-691312N0881716E-691311N0881804E"
      }
    },
    {
      "type": "Feature",
      "geometry": {
        "type": "Polygon",
        "coordinates": [
          [
            [
              87.94972222222222,
              52.886944444444445
            ],
            [
              87.97527777777778,
              52.90555555555555
            ],
            [
              87.97722222222222,
              52.906666666666666
            ],
            [
              87.98527777777778,
              52.905277777777776
            ],
            [
              87.99666666666667,
              52.91305555555555
            ],
            [
              88.02527777777777,
              52.906388888888884
            ],
            [
              88.04944444444445,
              52.90833333333333
            ],
            [
              88.06055555555555,
              52.939722222222215
            ],
            [
              87.99972222222222,
              52.953611111111115
            ],
            [
              87.98194444444445,
              52.96055555555556
            ],
            [
              88.00972222222222,
              52.969166666666666
            ],
            [
              88.06166666666667,
              52.95944444444445
            ],
            [
              88.08416666666666,
              52.94694444444444
            ],
            [
              88.0775,
              52.91166666666666
            ],
            [
              88.07916666666667,
              52.87694444444445
            ],
            [
              88.05722222222222,
              52.83972222222222
            ],
            [
              88.04888888888888,
              52.8275
            ],
            [
              88.01611111111112,
              52.836666666666666
            ],
            [
              88.02972222222222,
              52.85638888888889
            ],
            [
              88.00777777777778,
              52.88722222222222
            ],
            [
              87.98194444444445,
              52.88166666666667
            ],
            [
              87.94972222222222,
              52.886944444444445
            ]
          ]
        ],
        "meta": {
          "shape": "polygon"
        }
      },
      "properties": {
        "title": "L0023/26 for Novosibirsk Tolmachevo Airport",
        "text": "From: 2026-10-13 03:00:00+00:00\nTo: 2026-10-18 12:00:00+00:00\n\nAIRSPACE CLSD Within AREA:\n\n525313N0875659E-525420N0875831E-525424N0875838E-525419N0875907E-\n\n525447N0875948E-525423N0880131E-525430N0880258E-525623N0880338E-\n\n525713N0875959E-525738N0875855E-525809N0880035E-525734N0880342E-\n\n525649N0880503E-525442N0880439E-525237N0880445E-525023N0880326E-\n\n524939N0880256E-525012N0880058E-525123N0880147E-525314N0880028E-\n\n525254N0875855E-525313N0875659E."
      }
    },
    {
      "type": "Feature",
      "geometry": {
        "type": "Polygon",
        "coordinates": [
          [
            [
              83.93722222222223,
              55.13472222222222
            ],
            [
              84.0261111111111,
              55.191111111111105
            ],
            [
              84.05944444444444,
              55.17444444444444
            ],
            [
              83.94194444444445,
              55.13194444444444
            ],
            [
              83.93722222222223,
              55.13472222222222
            ]
          ]
        ],
        "meta": {
          "shape": "polygon"
        }
      },
      "properties": {
        "title": "L0631/26 for Novosibirsk Tolmachevo Airport",
        "text": "From: 2026-10-05 02:00:00+00:00\nTo: 2026-10-09 10:00:00+00:00\n\nAIRSPACE CLSD Within AREA:\n\n550805N0835614E-551128N0840134E-551028N0840334E-\n\n550755N0835631E-550805N0835614E"
      }
    },
    {
      "type": "Feature",
      "geometry": {
        "type": "Polygon",
        "coordinates": [
          [
            [
              83.35496810596423,
              55.201665847809586
            ],
            [
              83.35495093968127,
              55.20126917321299
            ],
            [
              83.35489976386557,
              55.20087345814301
            ],
            [
              83.35481470280772,
              55.20047965586949
            ],
            [
              83.3546959624112,
              55.200088715026446
            ],
            [
              83.35454382968706,
              55.199701577327374
            ],
            [
              83.3543586720532,
              55.19931917529756
            ],
            [
              83.35414093644037,
              55.198942430028715
            ],
            [
              83.35389114820725,
              55.198572248961376
            ],
            [
              83.35360990986678,
              55.198209523700584
            ],
            [
              83.35329789962753,
              55.19785512786958
            ],
            [
              83.35295586975334,
              55.19750991500746
            ],
            [
              83.35258464474514,
              55.19717471651499
            ],
            [
              83.35218511934967,
              55.19685033965417
            ],
            [
              83.35175825639985,
              55.19653756560589
            ],
            [
              83.35130508449188,
              55.196237147590686
            ],
            [
              83.35082669550492,
              55.19594980905682
            ],
            [
              83.3503242419693,
              55.19567624194017
            ],
            [
              83.34979893428938,
              55.19541710500009
            ],
            [
              83.34925203782818,
              55.19517302223517
            ],
            [
              83.3486848698604,
              55.19494458138269
            ],
            [
              83.34809879640137,
              55.19473233250538
            ],
            [
              83.3474952289195,
              55.19453678666898
            ],
            [
              83.34687562094008,
              55.19435841471342
            ],
            [
              83.34624146454875,
              55.19419764612099
            ],
            [
              83.34559428680261,
              55.19405486798384
            ],
            [
              83.34493564605798,
              55.19393042407358
            ],
            [
              83.34426712822352,
              55.193824614014886
            ],
            [
              83.34359034294741,
              55.19373769256538
            ],
            [
              83.34290691974793,
              55.19366986900327
            ],
            [
              83.34221850409664,
              55.193621306624436
            ],
            [
              83.34152675346348,
              55.19359212234991
            ],
            [
              83.3408333333333,
              55.1935823864449
            ],
            [
              83.3401399132031,
              55.19359212234991
            ],
            [
              83.33944816256995,
              55.193621306624436
            ],
            [
              83.33875974691865,
              55.19366986900327
            ],
            [
              83.33807632371918,
              55.19373769256538
            ],
            [
              83.33739953844307,
              55.193824614014886
            ],
            [
              83.33673102060861,
              55.19393042407358
            ],
            [
              83.33607237986399,
              55.19405486798384
            ],
            [
              83.33542520211783,
              55.19419764612099
            ],
            [
              83.3347910457265,
              55.19435841471342
            ],
            [
              83.33417143774709,
              55.19453678666898
            ],
            [
              83.33356787026521,
              55.19473233250538
            ],
            [
              83.33298179680617,
              55.19494458138268
            ],
            [
              83.33241462883841,
              55.19517302223517
            ],
            [
              83.3318677323772,
              55.19541710500009
            ],
            [
              83.33134242469728,
              55.19567624194017
            ],
            [
              83.33083997116167,
              55.19594980905682
            ],
            [
              83.3303615821747,
              55.196237147590686
            ],
            [
              83.32990841026674,
              55.19653756560589
            ],
            [
              83.32948154731692,
              55.19685033965417
            ],
            [
              83.32908202192145,
              55.19717471651499
            ],
            [
              83.32871079691324,
              55.19750991500746
            ],
            [
              83.32836876703905,
              55.19785512786958
            ],
            [
              83.32805675679981,
              55.198209523700584
            ],
            [
              83.32777551845933,
              55.19857224896138
            ],
            [
              83.32752573022621,
              55.198942430028715
            ],
            [
              83.32730799461339,
              55.19931917529756
            ],
            [
              83.32712283697953,
              55.199701577327374
            ],
            [
              83.32697070425539,
              55.200088715026446
            ],
            [
              83.32685196385887,
              55.20047965586949
            ],
            [
              83.32676690280101,
              55.20087345814301
            ],
            [
              83.32671572698531,
              55.20126917321299
            ],
            [
              83.32669856070235,
              55.201665847809586
            ],
            [
              83.32671544632055,
              55.202062526323246
            ],
            [
              83.32676634417442,
              55.20245825310667
            ],
            [
              83.32685113265036,
              55.202852074777205
            ],
            [
              83.32696960846992,
              55.20324304251407
            ],
            [
              83.32712148717013,
              55.20363021434471
            ],
            [
              83.32730640377947,
              55.204012657415184
            ],
            [
              83.32752391368835,
              55.204389450238516
            ],
            [
              83.3277734937118,
              55.20475968491616
            ],
            [
              83.32805454334202,
              55.20512246932686
            ],
            [
              83.32836638618781,
              55.205476929277644
            ],
            [
              83.32870827159743,
              55.20582221061196
            ],
            [
              83.32907937646127,
              55.206157481269585
            ],
            [
              83.32947880718956,
              55.206481933293574
            ],
            [
              83.32990560186114,
              55.20679478477912
            ],
            [
              83.33035873253736,
              55.20709528175998
            ],
            [
              83.33083710773612,
              55.20738270002736
            ],
            [
              83.33133957505991,
              55.207656346877535
            ],
            [
              83.33186492397155,
              55.20791556278324
            ],
            [
              83.33241188871095,
              55.20815972298545
            ],
            [
              83.33297915134588,
              55.20838823900109
            ],
            [
              83.33356534494928,
              55.208600560043564
            ],
            [
              83.33416905689572,
              55.20879617435215
            ],
            [
              83.33478883226854,
              55.20897461042752
            ],
            [
              83.33542317737013,
              55.209135438169845
            ],
            [
              83.33607056332598,
              55.20927826991733
            ],
            [
              83.33672942977455,
              55.20940276138207
            ],
            [
              83.33739818863354,
              55.209508612481415
            ],
            [
              83.3380752279336,
              55.20959556806251
            ],
            [
              83.33875891571006,
              55.209663418518424
            ],
            [
              83.33944760394331,
              55.20971200029429
            ],
            [
              83.34013963253831,
              55.209741196282266
            ],
            [
              83.3408333333333,
              55.20975093610434
            ],
            [
              83.34152703412828,
              55.20974119628227
            ],
            [
              83.34221906272327,
              55.20971200029429
            ],
            [
              83.34290775095653,
              55.20966341851843
            ],
            [
              83.34359143873299,
              55.20959556806251
            ],
            [
              83.34426847803304,
              55.20950861248142
            ],
            [
              83.34493723689204,
              55.20940276138207
            ],
            [
              83.34559610334061,
              55.20927826991733
            ],
            [
              83.34624348929646,
              55.20913543816985
            ],
            [
              83.34687783439804,
              55.20897461042752
            ],
            [
              83.34749760977087,
              55.20879617435216
            ],
            [
              83.3481013217173,
              55.208600560043564
            ],
            [
              83.3486875153207,
              55.20838823900109
            ],
            [
              83.34925477795564,
              55.20815972298545
            ],
            [
              83.34980174269504,
              55.20791556278325
            ],
            [
              83.35032709160669,
              55.207656346877535
            ],
            [
              83.35082955893046,
              55.20738270002737
            ],
            [
              83.35130793412922,
              55.20709528175999
            ],
            [
              83.35176106480544,
              55.20679478477913
            ],
            [
              83.35218785947703,
              55.206481933293574
            ],
            [
              83.35258729020534,
              55.20615748126959
            ],
            [
              83.35295839506915,
              55.20582221061196
            ],
            [
              83.35330028047878,
              55.205476929277644
            ],
            [
              83.35361212332457,
              55.20512246932686
            ],
            [
              83.35389317295478,
              55.20475968491616
            ],
            [
              83.35414275297823,
              55.204389450238516
            ],
            [
              83.35436026288711,
              55.204012657415184
            ],
            [
              83.35454517949645,
              55.20363021434471
            ],
            [
              83.35469705819665,
              55.20324304251407
            ],
            [
              83.35481553401623,
              55.20285207477722
            ],
            [
              83.35490032249217,
              55.20245825310667
            ],
            [
              83.35495122034604,
              55.202062526323246
            ],
            [
              83.35496810596423,
              55.201665847809586
            ]
          ]
        ],
        "meta": {
          "shape": "circle"
        }
      },
      "properties": {
        "title": "L0705/26 for Novosibirsk Tolmachevo Airport",
        "text": "From: 2026-10-11 05:00:00+00:00\nTo: 2026-10-11 12:00:00+00:00\n\nAIRSPACE CLSD Within CIRCLE RADIUS 0.9KM CENTRE 551206N0832027E."
      }
    },
    {
      "type": "Feature",
      "geometry": {
        "type": "Polygon",
        "coordinates": [
          [
            [
              73.00333333333333,
              55.34055555555556
            ],
            [
              72.965,
              55.32805555555556
            ],
            [
              72.97805555555556,
              55.39833333333333
            ],
            [
              72.59555555555555,
              55.52777777777778
            ],
            [
              72.46194444444444,
              55.60805555555556
            ],
            [
              72.32638888888889,
              55.66305555555555
            ],
            [
              72.21055555555556,
              55.71805555555556
            ],
            [
              71.97527777777778,
              55.781666666666666
            ],
            [
              71.85805555555555,
              55.83416666666667
            ],
            [
              71.75666666666666,
              55.838055555555556
            ],
            [
              71.72416666666666,
              55.8825
            ],
            [
              71.60277777777777,
              55.908055555555556
            ],
            [
              71.48416666666667,
              55.94138888888889
            ],
            [
              71.34027777777777,
              55.96638888888889
            ],
            [
              71.35749999999999,
              55.99305555555556
            ],
            [
              71.46305555555556,
              55.97416666666667
            ],
            [
              71.48805555555556,
              55.99916666666667
            ],
            [
              71.51583333333333,
              55.99305555555556
            ],
            [
              71.49527777777777,
              55.96805555555556
            ],
            [
              71.65277777777779,
              55.94027777777777
            ],
            [
              71.88555555555556,
              55.855555555555554
            ],
            [
              71.95083333333334,
              55.843333333333334
            ],
            [
              71.99916666666667,
              55.80555555555555
            ],
            [
              72.11444444444444,
              55.778055555555554
            ],
            [
              72.17555555555556,
              55.85638888888889
            ],
            [
              72.20805555555556,
              55.84916666666667
            ],
            [
              72.1538888888889,
              55.76916666666666
            ],
            [
              72.26055555555556,
              55.744166666666665
            ],
            [
              72.36555555555555,
              55.715
            ],
            [
              72.47055555555556,
              55.66916666666666
            ],
            [
              72.55499999999999,
              55.66277777777778
            ],
            [
              72.54027777777777,
              55.63055555555555
            ],
            [
              72.63305555555554,
              55.57916666666667
            ],
            [
              72.72305555555556,
              55.57527777777778
            ],
            [
              72.73305555555555,
              55.524166666666666
            ],
            [
              73.02666666666667,
              55.418055555555554
            ],
            [
              73.13555555555556,
              55.382777777777775
            ],
            [
              73.10666666666665,
              55.37305555555555
            ],
            [
              73.01333333333334,
              55.38916666666667
            ],
            [
              73.00333333333333,
              55.34055555555556
            ]
          ]
        ],
        "meta": {
          "shape": "polygon"
        }
      },
      "properties": {
        "title": "L0819/26 for Novosibirsk Tolmachevo Airport",
        "text": "From: 2026-10-08 03:00:00+00:00\nTo: 2026-10-13 14:00:00+00:00\n\nAIRSPACE CLSD AS FLW:\n\n1. AREA: 552258N0730808E-552505N0730136E-553127N0724359E-\n\n         553431N0724323E-553445N0723759E-553750N0723225E-\n\n         553946N0723318E-554009N0722814E-554254N0722156E-\n\n         554439N0721538E-554609N0720914E-555057N0721229E-\n\n         555123N0721032E-554641N0720652E-554820N0715957E-\n\n         555036N0715703E-555120N0715308E-555625N0713910E-\n\n         555805N0712943E-555935N0713057E-555957N0712917E-\n\n         555827N0712747E-555935N0712127E-555759N0712025E-\n\n         555629N0712903E-555429N0713610E-555257N0714327E-\n\n         555017N0714524E-555003N0715129E-554654N0715831E-\n\n         554305N0721238E-553947N0721935E-553629N0722743E-\n\n         553140N0723544E-552354N0725841E-551941N0725754E-\n\n         552026N0730012E-552321N0730048E-552223N0730624E-\n\n         552258N0730808E\n\n   450M AMSL-700M AMSL.\n\n2. Within CIRCLE RADIUS 1.5KM CENTRE 553345N0724204E\n\n3. Within CIRCLE RADIUS 1KM CENTRE 552855N0724820E\n\n4. Within CIRCLE RADIUS 1KM CENTRE 555055N0714618E\n\n5. Within CIRCLE RADIUS 1KM CENTRE 553914N0723152E\n\n6. Within CIRCLE RADIUS 1KM CENTRE 555811N0712843E\n\n7. Within CIRCLE RADIUS 1KM CENTRE 554957N0715637E."
      }
    },
    {
      "type": "Feature",
      "geometry": {
        "type": "Polygon",
        "coordinates": [
          [
            [
              74.04527777777777,
              54.71555555555556
            ],
            [
              74.12388888888889,
              54.68666666666666
            ],
            [
              74.33416666666666,
              54.59666666666667
            ],
            [
              74.41805555555555,
              54.51305555555555
            ],
            [
              74.43388888888889,
              54.47027777777778
            ],
            [
              74.48,
              54.44027777777777
            ],
            [
              74.65805555555556,
              54.385555555555555
            ],
            [
              74.69416666666667,
              54.282777777777774
            ],
            [
              74.91777777777779,
              54.1475
            ],
            [
              75.10666666666665,
              53.96666666666667
            ],
            [
              75.11055555555555,
              53.91777777777777
            ],
            [
              75.07055555555556,
              53.838055555555556
            ],
            [
              75.07833333333333,
              53.80916666666666
            ],
            [
              75.04666666666667,
              53.79416666666666
            ],
            [
              75.03666666666666,
              53.79527777777778
            ],
            [
              75.02388888888889,
              53.84027777777778
            ],
            [
              75.06416666666667,
              53.92055555555555
            ],
            [
              75.06166666666667,
              53.95777777777778
            ],
            [
              74.90666666666667,
              54.10305555555556
            ],
            [
              74.87416666666665,
              54.1075
            ],
            [
              74.84805555555555,
              54.12166666666667
            ],
            [
              74.85055555555554,
              54.149166666666666
            ],
            [
              74.65055555555556,
              54.26916666666666
            ],
            [
              74.60888888888888,
              54.368611111111115
            ],
            [
              74.45416666666667,
              54.416666666666664
            ],
            [
              74.38805555555557,
              54.46138888888889
            ],
            [
              74.36805555555554,
              54.510555555555555
            ],
            [
              74.27916666666667,
              54.533055555555556
            ],
            [
              74.26305555555555,
              54.59305555555556
            ],
            [
              73.93083333333334,
              54.72138888888889
            ],
            [
              73.95805555555556,
              54.74305555555556
            ],
            [
              74.04527777777777,
              54.71555555555556
            ]
          ]
        ],
        "meta": {
          "shape": "polygon"
        }
      },
      "properties": {
        "title": "L0950/26 for Novosibirsk Tolmachevo Airport",
        "text": "From: 2026-10-08 03:00:00+00:00\nTo: 2026-10-13 14:00:00+00:00\n\nAIRSPACE CLSD AS FLW:\n\n1. AREA: 544317N0735551E-543535N0741547E-543159N0741645E-\n\n         543038N0742205E-542741N0742317E-542500N0742715E-\n\n         542207N0743632E-541609N0743902E-540857N0745102E-\n\n         540718N0745053E-540627N0745227E-540611N0745424E-\n\n         535728N0750342E-535514N0750351E-535025N0750126E-\n\n         534743N0750212E-534739N0750248E-534833N0750442E-\n\n         535017N0750414E-535504N0750638E-535800N0750624E-\n\n         540851N0745504E-541658N0744139E-542308N0743929E-\n\n         542625N0742848E-542813N0742602E-543047N0742505E-\n\n         543548N0742003E-544112N0740726E-544256N0740243E-\n\n         544435N0735729E-544317N0735551E\n\n   350M AMSL-700M AMSL.\n\n2. Within CIRCLE RADIUS 1KM CENTRE 540729N0745250E\n\n   GND-700M AMSL.\n\n3. Within CIRCLE RADIUS 1.5KM CENTRE 543235N0741807E\n\n   GND-700M AMSL.\n\n4. Within CIRCLE RADIUS 1.5KM CENTRE 542324N0743531E\n\n   GND-700M AMSL."
      }
    },
    {
      "type": "Feature",
      "geometry": {
        "type": "Polygon",
        "coordinates": [
          [
            [
              82.4738888888889,
              54.65277777777778
            ],
            [
              82.47888888888889,
              54.63944444444444
            ],
            [
              82.64472222222223,
              54.66972222222222
            ],
            [
              82.6738888888889,
              54.70194444444445
            ],
            [
              82.6538888888889,
              54.708333333333336
            ],
            [
              82.4738888888889,
              54.65277777777778
            ]
          ]
        ],
        "meta": {
          "shape": "polygon"
        }
      },
      "properties": {
        "title": "L1071/26 for Novosibirsk Tolmachevo Airport",
        "text": "From: 2026-10-08 04:00:00+00:00\nTo: 2026-10-09 09:00:00+00:00\n\nAIRSPACE CLSD Within AREA:\n\n543910N0822826E-543822N0822844E-544011N0823841E-544207N0824026E-\n\n544230N0823914E-543910N0822826E."
      }
    },
    {
      "type": "Feature",
      "geometry": {
        "type": "Polygon",
        "coordinates": [
          [
            [
              84.06277777777777,
              57.12722222222222
            ],
            [
              84.05527777777777,
              57.05777777777777
            ],
            [
              83.86972222222222,
              57.059999999999995
            ],
            [
              83.81083333333333,
              57.285555555555554
            ],
            [
              83.70611111111111,
              57.486666666666665
            ],
            [
              82.75083333333333,
              58.02222222222222
            ],
            [
              82.34666666666666,
              58.23111111111111
            ],
            [
              82.16444444444446,
              58.38388888888889
            ],
            [
              81.73972222222223,
              58.513888888888886
            ],
            [
              81.4388888888889,
              58.66277777777778
            ],
            [
              81.45361111111112,
              58.70333333333333
            ],
            [
              81.47022208359996,
              58.71095483835764
            ],
            [
              81.4702927825848,
              58.71100708030342
            ],
            [
              81.4705532658982,
              58.71118078083253
            ],
            [
              81.4708298192425,
              58.71134762146396
            ],
            [
              81.47112177643432,
              58.711507200163354
            ],
            [
              81.4714284341426,
              58.71165913238996
            ],
            [
              81.47174905358284,
              58.711803052024095
            ],
            [
              81.47208286229716,
              58.711938612250066
            ],
            [
              81.4724290560156,
              58.712065486392696
            ],
            [
              81.47278680059469,
              58.71218336870517
            ],
            [
              81.47310243325884,
              58.71227641055406
            ],
            [
              81.47722222222222,
              58.71416666666667
            ],
            [
              81.48388888888888,
              58.712500000000006
            ],
            [
              81.4848398909213,
              58.71043949559646
            ],
            [
              81.48502095849327,
              58.71025227678846
            ],
            [
              81.48519250602388,
              58.71005084953965
            ],
            [
              81.48534484960933,
              58.70984528502754
            ],
            [
              81.48547762253212,
              58.70963607854339
            ],
            [
              81.48559050524665,
              58.70942373414456
            ],
            [
              81.485683226146,
              58.709208763439584
            ],
            [
              81.48575556221303,
              58.7089916843552
            ],
            [
              81.48580733955416,
              58.708773019888184
            ],
            [
              81.4858384338148,
              58.70855329684514
            ],
            [
              81.48584877047522,
              58.70833304457298
            ],
            [
              81.4858383250263,
              58.70811279368368
            ],
            [
              81.48580712302483,
              58.70789307477594
            ],
            [
              81.48575524002815,
              58.70767441715686
            ],
            [
              81.48568280140843,
              58.70745734756705
            ],
            [
              81.48558998204682,
              58.707242388911865
            ],
            [
              81.48547700590873,
              58.70703005900201
            ],
            [
              81.48534414550082,
              58.70682086930647
            ],
            [
              81.48519172121118,
              58.70661532372094
            ],
            [
              81.48502010053456,
              58.70641391735436
            ],
            [
              81.48482969718417,
              58.706217135336914
            ],
            [
              81.4846209700925,
              58.706025451651975
            ],
            [
              81.48439442230342,
              58.70583932799506
            ],
            [
              81.48415059975841,
              58.705659212662354
            ],
            [
              81.48389008997968,
              58.705485539471645
            ],
            [
              81.48361352065353,
              58.70531872671822
            ],
            [
              81.48332155811728,
              58.705159176167925
            ],
            [
              81.483081407901,
              58.705040214759585
            ],
            [
              81.48305555555555,
              58.705000000000005
            ],
            [
              81.46888888888888,
              58.698611111111106
            ],
            [
              82.26972222222223,
              58.462500000000006
            ],
            [
              82.44972222222222,
              58.25833333333333
            ],
            [
              82.82666666666667,
              58.06666666666667
            ],
            [
              83.85749999999999,
              57.531666666666666
            ],
            [
              84.06277777777777,
              57.12722222222222
            ]
          ]
        ],
        "meta": {
          "shape": "polygon"
        }
      },
      "properties": {
        "title": "L1079/26 for Novosibirsk Tolmachevo Airport",
        "text": "From: 2026-10-19 03:00:00+00:00\nTo: 2026-10-24 11:00:00+00:00\n\nAIRSPACE CLSD AS FLW:\n\n1. AREA: 580120N0824503E-581352N0822048E-582302N0820952E-\n\n         583050N0814423E-583946N0812620E-584212N0812713E-\n\n         584251N0812838E-584245N0812902E-584232N0812908E-\n\n         584218N0812859E-584155N0812808E-582745N0821611E-\n\n         581530N0822659E-580400N0824936E-580120N0824503E\n\n   150M AMSL-250M AMSL.\n\n2. AREA: 580400N0824936E-573154N0835127E-570738N0840346E-\n\n         570328N0840319E-570336N0835211E-571708N0834839E-\n\n         572912N0834222E-580120N0824503E-580400N0824936E\n\n   200M AMSL-300M AMSL.\n\n3. Within CIRCLE RADIUS 2KM CENTRE 570549N0835809E\n\n   GND-300M AMSL.\n\n4. Within CIRCLE RADIUS 0.5KM CENTRE 584230N0812838E\n\n   GND-250M AMSL."
      }
    },
    {
      "type": "Feature",
      "geometry": {
        "type": "Polygon",
        "coordinates": [
          [
            [
              84.75793886712202,
              56.37797648115633
            ],
            [
              84.75863250188962,
              56.37819110943192
            ],
            [
              84.75936071852324,
              56.37836697655242
            ],
            [
              84.76011650206742,
              56.378502388279294
            ],
            [
              84.76089257173385,
              56.37859604009048
            ],
            [
              84.761681451103,
              56.378647029760366
            ],
            [
              84.76247554022021,
              56.378654866060415
            ],
            [
              84.76326718888782,
              56.37861947349665
            ],
            [
              84.76404877044418,
              56.37854119303756
            ],
            [
              84.76481275531434,
              56.378420778825976
            ],
            [
              84.7655517836209,
              56.37825939090616
            ],
            [
              84.76625873615136,
              56.37805858403704
            ],
            [
              84.76692680299583,
              56.37782029269962
            ],
            [
              84.76754954919028,
              56.37754681244371
            ],
            [
              84.7681209767318,
              56.37724077775463
            ],
            [
              84.76863558236623,
              56.376905136654045
            ],
            [
              84.76908841059117,
              56.376543122280346
            ],
            [
              84.7694751013635,
              56.37615822172366
            ],
            [
              84.76979193205284,
              56.37575414241669
            ],
            [
              84.7700358532382,
              56.37533477640581
            ],
            [
              84.7702045180051,
              56.3749041628478
            ],
            [
              84.77029630446383,
              56.3744664490938
            ],
            [
              84.77031033127513,
              56.374025850736444
            ],
            [
              84.7702464660376,
              56.37358661100469
            ],
            [
              84.77010532645957,
              56.373152959898334
            ],
            [
              84.7698882743083,
              56.37272907345534
            ],
            [
              84.76959740219881,
              56.37231903354429
            ],
            [
              84.7692355133532,
              56.37192678856873
            ],
            [
              84.7688060945284,
              56.37155611546129
            ],
            [
              84.76831328237675,
              56.37121058333289
            ],
            [
              84.76776182356487,
              56.37089351912609
            ],
            [
              84.76715702903705,
              56.37060797560252
            ],
            [
              84.76650472286435,
              56.37035670197158
            ],
            [
              84.65123394589416,
              56.33036066292996
            ],
            [
              84.65054178250999,
              56.33014543268505
            ],
            [
              84.64981498568687,
              56.329968925566405
            ],
            [
              84.64906055305644,
              56.329832840891164
            ],
            [
              84.64828574804966,
              56.32973848879458
            ],
            [
              84.64749803002927,
              56.32968677762942
            ],
            [
              84.64670498254554,
              56.329678205229946
            ],
            [
              84.64591424040265,
              56.32971285412411
            ],
            [
              84.64513341623402,
              56.32979039073986
            ],
            [
              84.64437002729026,
              56.3299100686132
            ],
            [
              84.6436314231404,
              56.33007073556718
            ],
            [
              84.6429247149793,
              56.330270844793226
            ],
            [
              84.64225670721846,
              56.330508469728336
            ],
            [
              84.64163383201638,
              56.33078132258609
            ],
            [
              84.64106208737643,
              56.33108677636341
            ],
            [
              84.64054697940684,
              56.33142189011242
            ],
            [
              84.64009346929795,
              56.331783437234996
            ],
            [
              84.6397059255272,
              56.33216793652862
            ],
            [
              84.63938808175264,
              56.33257168568554
            ],
            [
              84.6391430008021,
              56.332990796923866
            ],
            [
              84.63897304510658,
              56.33342123440809
            ],
            [
              84.63887985386553,
              56.33385885309971
            ],
            [
              84.63886432716696,
              56.334299438664296
            ],
            [
              84.63892661721898,
              56.33473874805116
            ],
            [
              84.63906612678112,
              56.335172550355146
            ],
            [
              84.63928151481426,
              56.33559666756702
            ],
            [
              84.63957070929904,
              56.33600701481974
            ],
            [
              84.63993092710258,
              56.3363996397429
            ],
            [
              84.64035870070602,
              56.336770760545406
            ],
            [
              84.64084991153784,
              56.33711680245922
            ],
            [
              84.64139982959506,
              56.33743443219222
            ],
            [
              84.64200315897139,
              56.33772059005716
            ],
            [
              84.64265408885585,
              56.33797251946663
            ],
            [
              84.75793886712202,
              56.37797648115633
            ]
          ]
        ],
        "meta": {
          "shape": "line_corridor"
        }
      },
      "properties": {
        "title": "L1099/26 for Novosibirsk Tolmachevo Airport",
        "text": "From: 2026-10-08 04:00:00+00:00\nTo: 2026-10-09 11:00:00+00:00\n\nAIRSPACE CLSD Within 0.5KM EITHER SIDE OF LINE JOINING POINTS:\n\n562003N0843849E-562227N0844544E."
      }
    },
    {
      "type": "Feature",
      "geometry": {
        "type": "Polygon",
        "coordinates": [
          [
            [
              81.21555555555555,
              51.515
            ],
            [
              81.21694444444445,
              51.515
            ],
            [
              81.21694444444445,
              51.51444444444444
            ],
            [
              81.21611111111112,
              51.51444444444444
            ],
            [
              81.21555555555555,
              51.51444444444444
            ],
            [
              81.21527777777779,
              51.514722222222225
            ],
            [
              81.21555555555555,
              51.515
            ]
          ]
        ],
        "meta": {
          "shape": "polygon"
        }
      },
      "properties": {
        "title": "L1100/26 for Novosibirsk Tolmachevo Airport",
        "text": "From: 2026-10-10 04:00:00+00:00\nTo: 2026-10-10 08:00:00+00:00\n\nAIRSPACE CLSD Within AREA:\n\n513054N0811256E-513054N0811301E-513052N0811301E-513052N0811258E-\n\n513052N0811256E-513053N0811255E-513054N0811256E."
      }
    },
    {
      "type": "Feature",
      "geometry": {
        "type": "Polygon",
        "coordinates": [
          [
            [
              83.93722222222223,
              55.13472222222222
            ],
            [
              84.0261111111111,
              55.191111111111105
            ],
            [
              84.05944444444444,
              55.17444444444444
            ],
            [
              83.94194444444445,
              55.13194444444444
            ],
            [
              83.93722222222223,
              55.13472222222222
            ]
          ]
        ],
        "meta": {
          "shape": "polygon"
        }
      },
      "properties": {
        "title": "L1139/26 for Novosibirsk Tolmachevo Airport",
        "text": "From: 2026-10-12 02:00:00+00:00\nTo: 2026-10-16 10:00:00+00:00\n\nAIRSPACE CLSD Within AREA:\n\n550805N0835614E-551128N0840134E-551028N0840334E-\n\n550755N0835631E-550805N0835614E."
      }
    },
    {
      "type": "Feature",
      "geometry": {
        "type": "Polygon",
        "coordinates": [
          [
            [
              83.10305555555556,
              55.04833333333333
            ],
            [
              83.15027777777779,
              55.04666666666667
            ],
            [
              83.14722222222223,
              55.03638888888889
            ],
            [
              83.10222222222221,
              55.04694444444444
            ],
            [
              83.10305555555556,
              55.04833333333333
            ]
          ]
        ],
        "meta": {
          "shape": "polygon"
        }
      },
      "properties": {
        "title": "L1187/26 for Novosibirsk Tolmachevo Airport",
        "text": "From: 2026-10-09 01:30:00+00:00\nTo: 2026-10-09 11:00:00+00:00\n\nAIRSPACE CLSD Within AREA:\n\n550254N0830611E-550248N0830901E-550211N0830850E-\n\n550249N0830608E-550254N0830611E"
      }
    },
    {
      "type": "Feature",
      "geometry": {
        "type": "Polygon",
        "coordinates": [
          [
            [
              82.8815024908983,
              55.52888741536073
            ],
            [
              82.88147934693797,
              55.52835854531829
            ],
            [
              82.88141048191736,
              55.52783095639381
            ],
            [
              82.88129606355912,
              55.527305919518774
            ],
            [
              82.88113636929243,
              55.52678469942666
            ],
            [
              82.88093178556744,
              55.52626855160728
            ],
            [
              82.88068280690764,
              55.52575871928388
            ],
            [
              82.88039003470244,
              55.52525643042028
            ],
            [
              82.88005417574325,
              55.52476289476511
            ],
            [
              82.87967604050647,
              55.524279300940506
            ],
            [
              82.87925654118797,
              55.523806813581864
            ],
            [
              82.8787966894936,
              55.52334657053589
            ],
            [
              82.87829759419134,
              55.52289968012346
            ],
            [
              82.87776045843111,
              55.522467218473814
            ],
            [
              82.87718657683887,
              55.52205022693659
            ],
            [
              82.87657733239152,
              55.52164970957788
            ],
            [
              82.87593419308124,
              55.52126663076611
            ],
            [
              82.87525870837611,
              55.520901912853766
            ],
            [
              82.87455250548668,
              55.52055643396042
            ],
            [
              82.87381728544658,
              55.52023102586209
            ],
            [
              82.8730548190174,
              55.51992647199248
            ],
            [
              82.87226694242688,
              55.51964350556046
            ],
            [
              82.87145555295143,
              55.51938280778832
            ],
            [
              82.8706226043529,
              55.51914500627519
            ],
            [
              82.869770102181,
              55.518930673489436
            ],
            [
              82.86890009895221,
              55.51874032539343
            ],
            [
              82.86801468921709,
              55.518574420204345
            ],
            [
              82.86711600452735,
              55.518433357293574
            ],
            [
              82.86620620831505,
              55.51831747622754
            ],
            [
              82.86528749069585,
              55.518227055952316
            ],
            [
              82.86436206320886,
              55.518162314123664
            ],
            [
              82.86343215350549,
              55.5181234065844
            ],
            [
              82.8625,
              55.51811042699012
            ],
            [
              82.86156784649451,
              55.5181234065844
            ],
            [
              82.86063793679114,
              55.518162314123664
            ],
            [
              82.85971250930415,
              55.518227055952316
            ],
            [
              82.85879379168496,
              55.51831747622754
            ],
            [
              82.85788399547265,
              55.518433357293574
            ],
            [
              82.85698531078292,
              55.51857442020435
            ],
            [
              82.85609990104778,
              55.51874032539343
            ],
            [
              82.855229897819,
              55.518930673489436
            ],
            [
              82.85437739564709,
              55.51914500627519
            ],
            [
              82.85354444704856,
              55.51938280778832
            ],
            [
              82.85273305757312,
              55.51964350556046
            ],
            [
              82.8519451809826,
              55.51992647199248
            ],
            [
              82.85118271455342,
              55.52023102586209
            ],
            [
              82.85044749451333,
              55.52055643396042
            ],
            [
              82.84974129162389,
              55.520901912853766
            ],
            [
              82.84906580691876,
              55.52126663076611
            ],
            [
              82.84842266760847,
              55.52164970957788
            ],
            [
              82.84781342316114,
              55.52205022693659
            ],
            [
              82.84723954156888,
              55.522467218473814
            ],
            [
              82.84670240580866,
              55.52289968012346
            ],
            [
              82.8462033105064,
              55.52334657053589
            ],
            [
              82.84574345881201,
              55.523806813581864
            ],
            [
              82.84532395949353,
              55.524279300940506
            ],
            [
              82.84494582425675,
              55.52476289476511
            ],
            [
              82.84460996529755,
              55.52525643042028
            ],
            [
              82.84431719309235,
              55.52575871928388
            ],
            [
              82.84406821443255,
              55.52626855160729
            ],
            [
              82.84386363070756,
              55.52678469942666
            ],
            [
              82.84370393644087,
              55.527305919518774
            ],
            [
              82.84358951808264,
              55.52783095639381
            ],
            [
              82.84352065306203,
              55.52835854531829
            ],
            [
              82.8434975091017,
              55.52888741536073
            ],
            [
              82.84352014379614,
              55.52941629245265
            ],
            [
              82.8435885044554,
              55.52994390245769
            ],
            [
              82.84370242821404,
              55.53046897424134
            ],
            [
              82.8438616424062,
              55.530990242733935
            ],
            [
              82.84406576520506,
              55.53150645197957
            ],
            [
              82.84431430652613,
              55.532016358163375
            ],
            [
              82.84460666919182,
              55.53251873261027
            ],
            [
              82.8449421503548,
              55.53301236474737
            ],
            [
              82.84531994317702,
              55.533496065023385
            ],
            [
              82.84573913876028,
              55.53396866777773
            ],
            [
              82.84619872832388,
              55.53442903405236
            ],
            [
              82.84669760562429,
              55.53487605433967
            ],
            [
              82.84723456961102,
              55.53530865125963
            ],
            [
              82.84780832731249,
              55.53572578215989
            ],
            [
              82.84841749694483,
              55.53612644163223
            ],
            [
              82.84906061123645,
              55.53650966393954
            ],
            [
              82.84973612096015,
              55.53687452534742
            ],
            [
              82.8504423986645,
              55.5372201463544
            ],
            [
              82.8511777425953,
              55.53754569381577
            ],
            [
              82.85194038079788,
              55.53785038295571
            ],
            [
              82.85272847539021,
              55.53813347926262
            ],
            [
              82.85354012699638,
              55.53839430026345
            ],
            [
              82.85437337933011,
              55.53863221717228
            ],
            [
              82.85522622391656,
              55.53884665640947
            ],
            [
              82.85609660494158,
              55.53903710098742
            ],
            [
              82.85698242421626,
              55.5392030917598
            ],
            [
              82.85788154624476,
              55.53934422853101
            ],
            [
              82.85879180338324,
              55.539460171023286
            ],
            [
              82.85971100107705,
              55.53955063969901
            ],
            [
              82.8606369231637,
              55.539615416436284
            ],
            [
              82.86156733722854,
              55.539654345056135
            ],
            [
              82.8625,
              55.53966733169988
            ],
            [
              82.86343266277146,
              55.539654345056135
            ],
            [
              82.8643630768363,
              55.539615416436284
            ],
            [
              82.86528899892295,
              55.53955063969901
            ],
            [
              82.86620819661675,
              55.539460171023286
            ],
            [
              82.86711845375524,
              55.53934422853101
            ],
            [
              82.86801757578375,
              55.539203091759795
            ],
            [
              82.86890339505841,
              55.539037100987414
            ],
            [
              82.86977377608343,
              55.538846656409476
            ],
            [
              82.87062662066988,
              55.538632217172285
            ],
            [
              82.87145987300362,
              55.53839430026345
            ],
            [
              82.8722715246098,
              55.53813347926262
            ],
            [
              82.87305961920212,
              55.53785038295571
            ],
            [
              82.87382225740471,
              55.53754569381577
            ],
            [
              82.87455760133551,
              55.5372201463544
            ],
            [
              82.87526387903985,
              55.53687452534743
            ],
            [
              82.87593938876356,
              55.53650966393954
            ],
            [
              82.87658250305516,
              55.53612644163223
            ],
            [
              82.87719167268752,
              55.53572578215989
            ],
            [
              82.87776543038898,
              55.53530865125963
            ],
            [
              82.87830239437571,
              55.53487605433967
            ],
            [
              82.87880127167611,
              55.53442903405236
            ],
            [
              82.87926086123971,
              55.53396866777773
            ],
            [
              82.87968005682296,
              55.533496065023385
            ],
            [
              82.8800578496452,
              55.533012364747364
            ],
            [
              82.88039333080818,
              55.53251873261027
            ],
            [
              82.88068569347386,
              55.532016358163375
            ],
            [
              82.88093423479494,
              55.53150645197956
            ],
            [
              82.8811383575938,
              55.530990242733935
            ],
            [
              82.88129757178595,
              55.53046897424134
            ],
            [
              82.8814114955446,
              55.52994390245769
            ],
            [
              82.88147985620385,
              55.52941629245265
            ],
            [
              82.8815024908983,
              55.52888741536073
            ]
          ]
        ],
        "meta": {
          "shape": "circle"
        }
      },
      "properties": {
        "title": "L1190/26 for Novosibirsk Tolmachevo Airport",
        "text": "From: 2026-10-09 04:00:00+00:00\nTo: 2026-10-09 10:00:00+00:00\n\nAIRSPACE CLSD Within CIRCLE RADIUS 1.2KM CENTRE 553144N0825145E."
      }
    },
    {
      "type": "Feature",
      "geometry": {
        "type": "Polygon",
        "coordinates": [
          [
            [
              83.27361111111111,
              55.12722222222222
            ],
            [
              83.2775,
              55.119166666666665
            ],
            [
              83.28805555555556,
              55.12027777777778
            ],
            [
              83.28222222222222,
              55.12861111111111
            ],
            [
              83.27361111111111,
              55.12722222222222
            ]
          ]
        ],
        "meta": {
          "shape": "polygon"
        }
      },
      "properties": {
        "title": "L1194/26 for Novosibirsk Tolmachevo Airport",
        "text": "From: 2026-10-10 05:00:00+00:00\nTo: 2026-10-11 14:00:00+00:00\n\nAIRSPACE CLSD Within AREA:\n\n550738N0831625E-550709N0831639E-550713N0831717E-\n\n550743N0831656E-550738N0831625E."
      }
    },
    {
      "type": "Feature",
      "geometry": {
        "type": "Polygon",
        "coordinates": [
          [
            [
              84.73,
              56.36694444444444
            ],
            [
              84.73027777777779,
              56.36333333333334
            ],
            [
              84.69388888888889,
              56.36083333333333
            ],
            [
              84.65083333333334,
              56.33583333333333
            ],
            [
              84.65527777777778,
              56.33111111111111
            ],
            [
              84.80111111111111,
              56.38305555555556
            ],
            [
              84.79333333333334,
              56.38916666666667
            ],
            [
              84.7375,
              56.367222222222225
            ],
            [
              84.735,
              56.368611111111115
            ],
            [
              84.73,
              56.36694444444444
            ]
          ]
        ],
        "meta": {
          "shape": "polygon"
        }
      },
      "properties": {
        "title": "L1197/26 for Novosibirsk Tolmachevo Airport",
        "text": "From: 2026-10-12 04:00:00+00:00\nTo: 2026-10-16 11:00:00+00:00\n\nAIRSPACE CLSD Within AREA:\n\n562201N0844348E-562148N0844349E-562139N0844138E-562009N0843903E-\n\n561952N0843919E-562259N0844804E-562321N0844736E-562202N0844415E-\n\n562207N0844406E-562201N0844348E"
      }
    },
    {
      "type": "Feature",
      "geometry": {
        "type": "Polygon",
        "coordinates": [
          [
            [
              79.22166666666666,
              52.26027777777778
            ],
            [
              79.23444444444445,
              52.26277777777778
            ],
            [
              79.23861111111111,
              52.25416666666667
            ],
            [
              79.22583333333334,
              52.251666666666665
            ],
            [
              79.22166666666666,
              52.26027777777778
            ]
          ]
        ],
        "meta": {
          "shape": "polygon"
        }
      },
      "properties": {
        "title": "L1217/26 for Novosibirsk Tolmachevo Airport",
        "text": "From: 2026-10-11 02:00:00+00:00\nTo: 2026-10-11 10:00:00+00:00\n\nAIRSPACE CLSD Within AREA:\n\n521537N0791318E-521546N0791404E-521515N0791419E-\n\n521506N0791333E-521537N0791318E."
      }
    },
    {
      "type": "Feature",
      "geometry": {
        "type": "Polygon",
        "coordinates": [
          [
            [
              71.20916666666668,
              55.99527777777778
            ],
            [
              71.03666666666666,
              56.085
            ],
            [
              70.90555555555557,
              56.08916666666667
            ],
            [
              70.79416666666667,
              56.11277777777778
            ],
            [
              70.72638888888889,
              56.174166666666665
            ],
            [
              70.57805555555555,
              56.19833333333333
            ],
            [
              70.51805555555555,
              56.283055555555556
            ],
            [
              70.41416666666667,
              56.315555555555555
            ],
            [
              70.2063888888889,
              56.388888888888886
            ],
            [
              70.05888888888889,
              56.421388888888885
            ],
            [
              69.99222222222222,
              56.50527777777778
            ],
            [
              70.01861111111111,
              56.533055555555556
            ],
            [
              70.11749999999999,
              56.44555555555555
            ],
            [
              70.245,
              56.41777777777777
            ],
            [
              70.54416666666667,
              56.31055555555555
            ],
            [
              70.76055555555556,
              56.19166666666666
            ],
            [
              70.82555555555555,
              56.141666666666666
            ],
            [
              71.06055555555555,
              56.10916666666667
            ],
            [
              71.23388888888888,
              56.015
            ],
            [
              71.35749999999999,
              55.99305555555556
            ],
            [
              71.34027777777777,
              55.96638888888889
            ],
            [
              71.20916666666668,
              55.99527777777778
            ]
          ]
        ],
        "meta": {
          "shape": "circle"
        }
      },
      "properties": {
        "title": "L1245/26 for Novosibirsk Tolmachevo Airport",
        "text": "From: 2026-10-09 03:00:00+00:00\nTo: 2026-10-11 14:00:00+00:00\n\nAIRSPACE CLSD AS FLW:\n\n1. Within CIRCLE RADIUS 1KM CENTRE 563016N0700045E\n\n   GND-750M AMSL.\n\n2. Within CIRCLE RADIUS 1KM CENTRE 560006N0711438E\n\n   GND-750M AMSL.\n\n3. Within CIRCLE RADIUS 1.5KM CENTRE 561240N0703607E\n\n   GND-750M AMSL.\n\n4. AREA: 555935N0712127E-555759N0712025E-555943N0711233E-\n\n         560506N0710212E-560521N0705420E-560646N0704739E-\n\n         561027N0704335E-561154N0703441E-561659N0703105E-\n\n         561856N0702451E-562320N0701223E-562517N0700332E-\n\n         563019N0695932E-563159N0700107E-562644N0700703E-\n\n         562504N0701442E-561838N0703239E-561130N0704538E-\n\n         560830N0704932E-560633N0710338E-560054N0711402E-\n\n         555935N0712127E\n\n   350M AMSL-750M AMSL."
      }
    },
    {
      "type": "Feature",
      "geometry": {
        "type": "Polygon",
        "coordinates": [
          [
            [
              83.52083333333333,
              54.26444444444444
            ],
            [
              83.50888888888889,
              54.21361111111111
            ],
            [
              83.47972222222222,
              54.12222222222222
            ],
            [
              83.64833333333334,
              53.941111111111105
            ],
            [
              83.69444444444444,
              53.884166666666665
            ],
            [
              83.7475,
              53.83444444444444
            ],
            [
              83.76472222222222,
              53.83777777777778
            ],
            [
              83.77888888888889,
              53.82666666666667
            ],
            [
              83.77472222222222,
              53.81666666666667
            ],
            [
              83.8786111111111,
              53.78472222222222
            ],
            [
              83.86361111111111,
              53.768055555555556
            ],
            [
              83.74,
              53.80222222222222
            ],
            [
              83.66694444444445,
              53.86555555555556
            ],
            [
              83.60916666666667,
              53.855000000000004
            ],
            [
              83.59694444444445,
              53.828611111111115
            ],
            [
              83.565,
              53.83166666666667
            ],
            [
              83.57888888888888,
              53.87138888888889
            ],
            [
              83.65027777777779,
              53.885555555555555
            ],
            [
              83.62027777777777,
              53.92472222222222
            ],
            [
              83.4413888888889,
              53.89694444444444
            ],
            [
              83.43027777777779,
              53.91694444444444
            ],
            [
              83.60111111111111,
              53.94472222222222
            ],
            [
              83.43861111111111,
              54.119166666666665
            ],
            [
              83.46694444444445,
              54.20666666666667
            ],
            [
              83.41333333333334,
              54.19583333333333
            ],
            [
              83.39916666666667,
              54.22
            ],
            [
              83.47777777777777,
              54.23916666666667
            ],
            [
              83.48583333333333,
              54.26833333333333
            ],
            [
              83.51333333333334,
              54.275555555555556
            ],
            [
              83.52083333333333,
              54.26444444444444
            ]
          ]
        ],
        "meta": {
          "shape": "polygon"
        }
      },
      "properties": {
        "title": "L1294/26 for Novosibirsk Tolmachevo Airport",
        "text": "From: 2026-10-12 02:00:00+00:00\nTo: 2026-10-17 13:00:00+00:00\n\nAIRSPACE CLSD AS FLW:\n\n1. AREA: 541606N0832909E-541632N0833048E-541552N0833115E-\n\n         541249N0833032E-540720N0832847E-535628N0833854E-\n\n         535303N0834140E-535004N0834451E-535016N0834553E-\n\n         534936N0834644E-534900N0834629E-534705N0835243E-\n\n         534605N0835149E-534808N0834424E-535156N0834001E-\n\n         535118N0833633E-534943N0833549E-534954N0833354E-\n\n         535217N0833444E-535308N0833901E-535529N0833713E-\n\n         535349N0832629E-535501N0832549E-535641N0833604E-\n\n         540709N0832619E-541224N0832801E-541145N0832448E-\n\n         541312N0832357E-541421N0832840E-541606N0832909E\n\n   550M AMSL-800M AMSL.\n\n2. Within CIRCLE RADIUS 1KM CENTRE 535435N0832707E\n\n   GND-800M AMSL.\n\n3. Within CIRCLE RADIUS 1KM CENTRE 534932N0834535E\n\n   GND-800M AMSL."
      }
    },
    {
      "type": "Feature",
      "geometry": {
        "type": "Polygon",
        "coordinates": [
          [
            [
              71.20916666666668,
              55.99527777777778
            ],
            [
              71.03666666666666,
              56.085
            ],
            [
              70.90555555555557,
              56.08916666666667
            ],
            [
              70.79416666666667,
              56.11277777777778
            ],
            [
              70.72638888888889,
              56.174166666666665
            ],
            [
              70.57805555555555,
              56.19833333333333
            ],
            [
              70.51805555555555,
              56.283055555555556
            ],
            [
              70.41416666666667,
              56.315555555555555
            ],
            [
              70.2063888888889,
              56.388888888888886
            ],
            [
              70.05888888888889,
              56.421388888888885
            ],
            [
              69.99222222222222,
              56.50527777777778
            ],
            [
              70.01861111111111,
              56.533055555555556
            ],
            [
              70.11749999999999,
              56.44555555555555
            ],
            [
              70.245,
              56.41777777777777
            ],
            [
              70.54416666666667,
              56.31055555555555
            ],
            [
              70.76055555555556,
              56.19166666666666
            ],
            [
              70.82555555555555,
              56.141666666666666
            ],
            [
              71.06055555555555,
              56.10916666666667
            ],
            [
              71.23388888888888,
              56.015
            ],
            [
              71.35749999999999,
              55.99305555555556
            ],
            [
              71.34027777777777,
              55.96638888888889
            ],
            [
              71.20916666666668,
              55.99527777777778
            ]
          ]
        ],
        "meta": {
          "shape": "polygon"
        }
      },
      "properties": {
        "title": "L1295/26 for Novosibirsk Tolmachevo Airport",
        "text": "From: 2026-10-12 03:00:00+00:00\nTo: 2026-10-17 14:00:00+00:00\n\nAIRSPACE CLSD AS FLW:\n\n1. AREA: 555935N0712127E-555759N0712025E-555943N0711233E-\n\n         560506N0710212E-560521N0705420E-560646N0704739E-\n\n         561027N0704335E-561154N0703441E-561659N0703105E-\n\n         561856N0702451E-562320N0701223E-562517N0700332E-\n\n         563019N0695932E-563159N0700107E-562644N0700703E-\n\n         562504N0701442E-561838N0703239E-561130N0704538E-\n\n         560830N0704932E-560633N0710338E-560054N0711402E-\n\n         555935N0712127E\n\n   350M AMSL-750M AMSL.\n\n2. Within CIRCLE RADIUS 1KM CENTRE 563016N0700045E\n\n   GND-750M AMSL.\n\n3. Within CIRCLE RADIUS 1KM CENTRE 560006N0711438E\n\n   GND-750M AMSL.\n\n4. Within CIRCLE RADIUS 1.5KM CENTRE 561240N0703607E\n\n   GND-750M AMSL."
      }
    },
    {
      "type": "Feature",
      "geometry": {
        "type": "Polygon",
        "coordinates": [
          [
            [
              73.70277777777778,
              55.040277777777774
            ],
            [
              73.7461111111111,
              54.921388888888885
            ],
            [
              73.52111111111111,
              54.896388888888886
            ],
            [
              73.4925,
              54.93527777777778
            ],
            [
              73.53694444444444,
              54.942499999999995
            ],
            [
              73.55888888888889,
              54.93111111111111
            ],
            [
              73.68055555555556,
              54.948611111111106
            ],
            [
              73.64555555555556,
              54.99916666666667
            ],
            [
              73.54055555555556,
              54.99722222222222
            ],
            [
              73.53777777777778,
              55.02333333333333
            ],
            [
              73.62083333333332,
              55.02916666666667
            ],
            [
              73.61611111111111,
              55.02388888888889
            ],
            [
              73.63944444444445,
              55.021388888888886
            ],
            [
              73.63777777777779,
              55.032222222222224
            ],
            [
              73.64055555555557,
              55.03777777777778
            ],
            [
              73.595,
              55.06916666666667
            ],
            [
              73.66583333333334,
              55.06638888888889
            ],
            [
              73.70277777777778,
              55.040277777777774
            ]
          ]
        ],
        "meta": {
          "shape": "polygon"
        }
      },
      "properties": {
        "title": "L1301/26 for Novosibirsk Tolmachevo Airport",
        "text": "From: 2026-10-10 03:00:00+00:00\nTo: 2026-10-11 13:00:00+00:00\n\nAIRSPACE CLSD AS FLW:\n\n1. AREA: 550359N0733957E-550225N0734210E-545517N0734446E-\n\n         545347N0733116E-545607N0732933E-545633N0733213E-\n\n         545552N0733332E-545655N0734050E-545957N0733844E-\n\n         545950N0733226E-550124N0733216E-550145N0733715E-\n\n         550126N0733658E-550117N0733822E-550156N0733816E-\n\n         550216N0733826E-550409N0733542E-550359N0733957E\n\n   250M AMSL-400M AMSL.\n\n2. Within CIRCLE RADIUS 1KM CENTRE 545541N0734009E\n\n   GND-400M AMSL."
      }
    },
    {
      "type": "Feature",
      "geometry": {
        "type": "MultiPolygon",
        "coordinates": [
          [
            [
              [
                75.865,
                58.48444444444444
              ],
              [
                75.86194444444443,
                58.46138888888889
              ],
              [
                75.80111111111111,
                58.50194444444445
              ],
              [
                75.865,
                58.48444444444444
              ]
            ]
          ],
          [
            [
              [
                75.80228706876034,
                58.502213411417266
              ],
              [
                75.80228583005932,
                58.502204622297725
              ],
              [
                75.8022837689317,
                58.502195875579
              ],
              [
                75.8022808903435,
                58.502187192332656
              ],
              [
                75.80227720123008,
                58.50217859347737
              ],
              [
                75.8022727104794,
                58.502170099728424
              ],
              [
                75.80226742891058,
                58.50216173154795
              ],
              [
                75.80226136924793,
                58.502153509095535
              ],
              [
                75.80225454609013,
                58.50214545217967
              ],
              [
                75.80224697587518,
                58.50213758021005
              ],
              [
                75.8022386768408,
                58.5021299121508
              ],
              [
                75.80222966898037,
                58.50212246647484
              ],
              [
                75.80221997399488,
                58.50211526111927
              ],
              [
                75.80220961524064,
                58.50210831344228
              ],
              [
                75.80219861767291,
                58.50210164018131
              ],
              [
                75.8021870077859,
                58.50209525741262
              ],
              [
                75.80217481354889,
                58.50208918051274
              ],
              [
                75.80216206433882,
                58.50208342412126
              ],
              [
                75.80214879086957,
                58.50207800210569
              ],
              [
                75.80213502511792,
                58.50207292752798
              ],
              [
                75.8021208002466,
                58.50206821261309
              ],
              [
                75.80210615052425,
                58.50206386871951
              ],
              [
                75.80209111124307,
                58.502059906311906
              ],
              [
                75.8020757186336,
                58.50205633493594
              ],
              [
                75.80206000977758,
                58.502053163195264
              ],
              [
                75.80204402251857,
                58.50205039873079
              ],
              [
                75.80202779537076,
                58.502048048202205
              ],
              [
                75.80201136742627,
                58.50204611727209
              ],
              [
                75.80199477826085,
                58.50204461059215
              ],
              [
                75.80197806783872,
                58.50204353179204
              ],
              [
                75.80196127641611,
                58.50204288347069
              ],
              [
                75.8019444444444,
                58.50204266718989
              ],
              [
                75.80192761247271,
                58.50204288347069
              ],
              [
                75.8019108210501,
                58.50204353179204
              ],
              [
                75.80189411062796,
                58.50204461059215
              ],
              [
                75.80187752146254,
                58.50204611727209
              ],
              [
                75.80186109351806,
                58.502048048202205
              ],
              [
                75.80184486637025,
                58.50205039873079
              ],
              [
                75.80182887911124,
                58.502053163195264
              ],
              [
                75.80181317025522,
                58.50205633493594
              ],
              [
                75.80179777764575,
                58.502059906311906
              ],
              [
                75.80178273836457,
                58.50206386871951
              ],
              [
                75.80176808864222,
                58.50206821261309
              ],
              [
                75.8017538637709,
                58.50207292752798
              ],
              [
                75.80174009801925,
                58.50207800210569
              ],
              [
                75.80172682455,
                58.50208342412126
              ],
              [
                75.80171407533993,
                58.50208918051274
              ],
              [
                75.8017018811029,
                58.50209525741262
              ],
              [
                75.8016902712159,
                58.50210164018131
              ],
              [
                75.80167927364818,
                58.50210831344228
              ],
              [
                75.80166891489392,
                58.50211526111927
              ],
              [
                75.80165921990844,
                58.50212246647484
              ],
              [
                75.80165021204802,
                58.5021299121508
              ],
              [
                75.80164191301363,
                58.50213758021005
              ],
              [
                75.80163434279868,
                58.50214545217967
              ],
              [
                75.80162751964089,
                58.502153509095535
              ],
              [
                75.80162145997824,
                58.50216173154795
              ],
              [
                75.80161617840942,
                58.502170099728424
              ],
              [
                75.80161168765873,
                58.50217859347737
              ],
              [
                75.80160799854532,
                58.50218719233267
              ],
              [
                75.80160511995712,
                58.502195875579
              ],
              [
                75.8016030588295,
                58.502204622297725
              ],
              [
                75.80160182012848,
                58.502213411417266
              ],
              [
                75.80160140683884,
                58.50222222176389
              ],
              [
                75.80160181995683,
                58.50223103211272
              ],
              [
                75.80160305848786,
                58.502239821238824
              ],
              [
                75.80160511944878,
                58.50224856796842
              ],
              [
                75.80160799787517,
                58.50225725122982
              ],
              [
                75.80161168683323,
                58.50226585010424
              ],
              [
                75.8016161774365,
                58.50227434387616
              ],
              [
                75.80162145886727,
                58.502282712083286
              ],
              [
                75.8016275184026,
                58.502290934565735
              ],
              [
                75.80163434144498,
                58.50229899151477
              ],
              [
                75.80164191155754,
                58.50230686352029
              ],
              [
                75.8016502105036,
                58.50231453161791
              ],
              [
                75.80165921829055,
                58.50232197733432
              ],
              [
                75.80166891321814,
                58.502329182732
              ],
              [
                75.80167927193062,
                58.502336130452356
              ],
              [
                75.80169026947314,
                58.50234280375759
              ],
              [
                75.80170187935171,
                58.502349186570946
              ],
              [
                75.80171407359714,
                58.502355263515504
              ],
              [
                75.80172682283244,
                58.50236101995122
              ],
              [
                75.80174009634345,
                58.502366442010185
              ],
              [
                75.80175386215299,
                58.50237151663
              ],
              [
                75.80176808709781,
                58.50237623158535
              ],
              [
                75.80178273690849,
                58.50238057551728
              ],
              [
                75.80179777629205,
                58.50238453796082
              ],
              [
                75.80181316901692,
                58.50238810936992
              ],
              [
                75.80182887800028,
                58.50239128114063
              ],
              [
                75.80184486539731,
                58.50239404563176
              ],
              [
                75.80186109269253,
                58.502396396183336
              ],
              [
                75.80187752079239,
                58.50239832713257
              ],
              [
                75.8018941101196,
                58.50239983382758
              ],
              [
                75.80191082070846,
                58.502400912638535
              ],
              [
                75.80192761230107,
                58.50240156096647
              ],
              [
                75.8019444444444,
                58.502401777249474
              ],
              [
                75.80196127658775,
                58.50240156096648
              ],
              [
                75.80197806818036,
                58.502400912638535
              ],
              [
                75.80199477876921,
                58.50239983382758
              ],
              [
                75.80201136809643,
                58.50239832713258
              ],
              [
                75.80202779619628,
                58.502396396183336
              ],
              [
                75.80204402349149,
                58.50239404563176
              ],
              [
                75.80206001088854,
                58.50239128114063
              ],
              [
                75.8020757198719,
                58.50238810936992
              ],
              [
                75.80209111259677,
                58.502384537960815
              ],
              [
                75.80210615198033,
                58.50238057551729
              ],
              [
                75.802120801791,
                58.50237623158535
              ],
              [
                75.80213502673581,
                58.502371516629985
              ],
              [
                75.80214879254537,
                58.502366442010185
              ],
              [
                75.80216206605638,
                58.50236101995122
              ],
              [
                75.80217481529166,
                58.502355263515504
              ],
              [
                75.8021870095371,
                58.502349186570946
              ],
              [
                75.80219861941568,
                58.50234280375759
              ],
              [
                75.8022096169582,
                58.502336130452356
              ],
              [
                75.80221997567068,
                58.502329182732
              ],
              [
                75.80222967059827,
                58.50232197733432
              ],
              [
                75.80223867838522,
                58.50231453161791
              ],
              [
                75.80224697733127,
                58.502306863520296
              ],
              [
                75.80225454744382,
                58.50229899151474
              ],
              [
                75.80226137048622,
                58.502290934565735
              ],
              [
                75.80226743002154,
                58.502282712083286
              ],
              [
                75.8022727114523,
                58.50227434387616
              ],
              [
                75.80227720205559,
                58.50226585010425
              ],
              [
                75.80228089101365,
                58.50225725122982
              ],
              [
                75.80228376944004,
                58.50224856796842
              ],
              [
                75.80228583040096,
                58.502239821238824
              ],
              [
                75.80228706893199,
                58.50223103211272
              ],
              [
                75.80228748204998,
                58.50222222176389
              ],
              [
                75.80228706876034,
                58.502213411417266
              ]
            ]
          ]
        ],
        "meta": {
          "shape": "polygon"
        }
      },
      "properties": {
        "title": "L1307/26 for Novosibirsk Tolmachevo Airport",
        "text": "From: 2026-10-12 03:00:00+00:00\nTo: 2026-10-13 11:00:00+00:00\n\nAIRSPACE CLSD AS FLW:\n\n1. Within 0.5KM EITHER SIDE OF LINE JOINING POINTS:\n\n   583007N0754804E-582904N0755154E-582741N0755143E.\n\n   380M AMSL-620M AMSL.\n\n2. Within CIRCLE RADIUS 0.02KM CENTRE 583008N0754807E\n\n   GND-420M AMSL."
      }
    },
    {
      "type": "Feature",
      "geometry": {
        "type": "Polygon",
        "coordinates": [
          [
            [
              73.07388888888889,
              55.03805555555555
            ],
            [
              72.99388888888889,
              55.02916666666667
            ],
            [
              72.83999999999999,
              55.02916666666667
            ],
            [
              72.65666666666667,
              55.015277777777776
            ],
            [
              72.56694444444445,
              54.99277777777778
            ],
            [
              72.59055555555555,
              55.028055555555554
            ],
            [
              72.6463888888889,
              55.041666666666664
            ],
            [
              72.83749999999999,
              55.056666666666665
            ],
            [
              72.97916666666667,
              55.05305555555555
            ],
            [
              73.04888888888888,
              55.06305555555555
            ],
            [
              73.07194444444444,
              55.10305555555556
            ],
            [
              73.09777777777778,
              55.10638888888889
            ],
            [
              73.14194444444445,
              55.07638888888889
            ],
            [
              73.16916666666667,
              55.088055555555556
            ],
            [
              73.19666666666667,
              55.10861111111111
            ],
            [
              73.21416666666667,
              55.112500000000004
            ],
            [
              73.22722222222222,
              55.105555555555554
            ],
            [
              73.22222222222223,
              55.10333333333333
            ],
            [
              73.21833333333333,
              55.102222222222224
            ],
            [
              73.22333333333333,
              55.096111111111114
            ],
            [
              73.22722222222222,
              55.09527777777778
            ],
            [
              73.2461111111111,
              55.1
            ],
            [
              73.24305555555556,
              55.10388888888889
            ],
            [
              73.29944444444445,
              55.11027777777778
            ],
            [
              73.30805555555555,
              55.10138888888889
            ],
            [
              73.28472222222221,
              55.095555555555556
            ],
            [
              73.25555555555556,
              55.08916666666667
            ],
            [
              73.18416666666667,
              55.07138888888889
            ],
            [
              73.16805555555555,
              55.06055555555555
            ],
            [
              73.07388888888889,
              55.03805555555555
            ]
          ]
        ],
        "meta": {
          "shape": "polygon"
        }
      },
      "properties": {
        "title": "L1316/26 for Novosibirsk Tolmachevo Airport",
        "text": "From: 2026-10-09 03:00:00+00:00\nTo: 2026-10-13 14:00:00+00:00\n\nAIRSPACE CLSD AS FLW:\n\n1. AREA: 550417N0731103E-550521N0731520E-550544N0731705E-\n\n         550605N0731829E-550637N0731758E-550614N0731435E-\n\n         550600N0731446E-550543N0731338E-550546N0731324E-\n\n         550608N0731306E-550612N0731320E-550620N0731338E-\n\n         550645N0731251E-550631N0731148E-550517N0731009E-\n\n         550435N0730831E-550623N0730552E-550611N0730419E-\n\n         550347N0730256E-550311N0725845E-550324N0725015E-\n\n         550230N0723847E-550141N0723526E-545934N0723401E-\n\n         550055N0723924E-550145N0725024E-550145N0725938E-\n\n         550217N0730426E-550338N0731005E-550417N0731103E\n\n   350M AMSL-450M AMSL.\n\n2. Within CIRCLE RADIUS 1KM CENTRE 550539N0730525E\n\n   GND-450M AMSL.\n\n3. Within CIRCLE RADIUS 1KM CENTRE 550133N0724013E\n\n   GND-450M AMSL."
      }
    },
    {
      "type": "Feature",
      "geometry": {
        "type": "Polygon",
        "coordinates": [
          [
            [
              73.24305555555556,
              55.10416666666667
            ],
            [
              73.25138888888888,
              55.12388888888889
            ],
            [
              73.24305555555556,
              55.14805555555556
            ],
            [
              73.22722222222222,
              55.163888888888884
            ],
            [
              73.26722222222222,
              55.200833333333335
            ],
            [
              73.25305555555556,
              55.230555555555554
            ],
            [
              73.18305555555555,
              55.27305555555555
            ],
            [
              73.17444444444445,
              55.338055555555556
            ],
            [
              73.14805555555556,
              55.36027777777778
            ],
            [
              73.10666666666665,
              55.373333333333335
            ],
            [
              73.13555555555556,
              55.382777777777775
            ],
            [
              73.16166666666668,
              55.370555555555555
            ],
            [
              73.19805555555556,
              55.34055555555556
            ],
            [
              73.20527777777778,
              55.28
            ],
            [
              73.27666666666667,
              55.238055555555555
            ],
            [
              73.29722222222222,
              55.20277777777778
            ],
            [
              73.29861111111111,
              55.18555555555555
            ],
            [
              73.26694444444445,
              55.150555555555556
            ],
            [
              73.27166666666666,
              55.13055555555555
            ],
            [
              73.29916666666666,
              55.11027777777778
            ],
            [
              73.24305555555556,
              55.10416666666667
            ]
          ]
        ],
        "meta": {
          "shape": "polygon"
        }
      },
      "properties": {
        "title": "L1318/26 for Novosibirsk Tolmachevo Airport",
        "text": "From: 2026-10-09 03:00:00+00:00\nTo: 2026-10-13 14:00:00+00:00\n\nAIRSPACE CLSD AS FLW:\n\n1. AREA: 550637N0731757E-550750N0731618E-550902N0731601E-\n\n         551108N0731755E-551210N0731750E-551417N0731636E-\n\n         551648N0731219E-552026N0731153E-552214N0730942E-\n\n         552258N0730808E-552224N0730624E-552137N0730853E-\n\n         552017N0731028E-551623N0731059E-551350N0731511E-\n\n         551203N0731602E-550950N0731338E-550853N0731435E-\n\n         550726N0731505E-550615N0731435E-550637N0731757E\n\n   300M AMSL-450M AMSL.\n\n2. Within CIRCLE RADIUS 1KM CENTRE 551117N0731656E\n\n   GND-450M AMSL."
      }
    },
    {
      "type": "Feature",
      "geometry": {
        "type": "Polygon",
        "coordinates": [
          [
            [
              73.83166666666666,
              55.07416666666667
            ],
            [
              73.91388888888889,
              55.066111111111105
            ],
            [
              73.91000000000001,
              55.05
            ],
            [
              73.85249999999999,
              55.04805555555556
            ],
            [
              73.84638888888888,
              55.016666666666666
            ],
            [
              73.86805555555554,
              54.961666666666666
            ],
            [
              73.91166666666668,
              54.87166666666667
            ],
            [
              73.95305555555557,
              54.776666666666664
            ],
            [
              73.95805555555556,
              54.74305555555556
            ],
            [
              73.93055555555556,
              54.72138888888889
            ],
            [
              73.91305555555556,
              54.72916666666667
            ],
            [
              73.90666666666667,
              54.77166666666667
            ],
            [
              73.85027777777778,
              54.910555555555554
            ],
            [
              73.81777777777778,
              54.96388888888889
            ],
            [
              73.79166666666667,
              55.04805555555556
            ],
            [
              73.71305555555556,
              55.058055555555555
            ],
            [
              73.75027777777778,
              55.0825
            ],
            [
              73.83166666666666,
              55.07416666666667
            ]
          ]
        ],
        "meta": {
          "shape": "polygon"
        }
      },
      "properties": {
        "title": "L1320/26 for Novosibirsk Tolmachevo Airport",
        "text": "From: 2026-10-09 03:00:00+00:00\nTo: 2026-10-13 14:00:00+00:00\n\nAIRSPACE CLSD AS FLW:\n\n1. AREA: 550457N0734501E-550329N0734247E-550253N0734730E-\n\n         545750N0734904E-545438N0735101E-544618N0735424E-\n\n         544345N0735447E-544317N0735550E-544435N0735729E-\n\n         544636N0735711E-545218N0735442E-545742N0735205E-\n\n         550100N0735047E-550253N0735109E-550300N0735436E-\n\n         550358N0735450E-550427N0734954E-550457N0734501E\n\n   350M AMSL-450M AMSL.\n\n2. Within CIRCLE RADIUS 1KM CENTRE 550331N0735343E\n\n   GND-450M AMSL.\n\n3. Within CIRCLE RADIUS 1KM CENTRE 550353N0734738E\n\n   GND-450M AMSL."
      }
    },
    {
      "type": "Feature",
      "geometry": {
        "type": "Polygon",
        "coordinates": [
          [
            [
              73.71305555555556,
              55.058055555555555
            ],
            [
              73.66555555555556,
              55.06666666666667
            ],
            [
              73.46694444444445,
              55.07416666666667
            ],
            [
              73.42111111111112,
              55.07944444444445
            ],
            [
              73.4175,
              55.07027777777778
            ],
            [
              73.39305555555556,
              55.06944444444445
            ],
            [
              73.38472222222222,
              55.08361111111111
            ],
            [
              73.28472222222221,
              55.095555555555556
            ],
            [
              73.30805555555555,
              55.10138888888889
            ],
            [
              73.29944444444445,
              55.11027777777778
            ],
            [
              73.33305555555555,
              55.10055555555556
            ],
            [
              73.47222222222223,
              55.088055555555556
            ],
            [
              73.6675,
              55.08083333333334
            ],
            [
              73.75027777777778,
              55.0825
            ],
            [
              73.71305555555556,
              55.058055555555555
            ]
          ]
        ],
        "meta": {
          "shape": "polygon"
        }
      },
      "properties": {
        "title": "L1322/26 for Novosibirsk Tolmachevo Airport",
        "text": "From: 2026-10-09 03:00:00+00:00\nTo: 2026-10-13 14:00:00+00:00\n\nAIRSPACE CLSD AS FLW:\n\n1. AREA: 550457N0734501E-550451N0734003E-550517N0732820E-\n\n         550602N0731959E-550637N0731758E-550605N0731829E-\n\n         550544N0731705E-550501N0732305E-550410N0732335E-\n\n         550413N0732503E-550446N0732516E-550427N0732801E-\n\n         550400N0733956E-550329N0734247E-550457N0734501E\n\n   300M AMSL-400M AMSL.\n\n2. Within CIRCLE RADIUS 1KM CENTRE 550446N0732417E\n\n   GND-400M AMSL."
      }
    },
    {
      "type": "Feature",
      "geometry": {
        "type": "Polygon",
        "coordinates": [
          [
            [
              75.71952039985908,
              58.327134070910596
            ],
            [
              75.71950806656301,
              58.32704617759113
            ],
            [
              75.7194875498257,
              58.326958708483765
            ],
            [
              75.71945889913323,
              58.32687187430534
            ],
            [
              75.71942218356537,
              58.32678588424157
            ],
            [
              75.71937749162858,
              58.32670094544325
            ],
            [
              75.71932493104222,
              58.32661726252709
            ],
            [
              75.71926462847864,
              58.326535037083005
            ],
            [
              75.71919672925738,
              58.32645446718855
            ],
            [
              75.71912139699481,
              58.32637574693175
            ],
            [
              75.71903881320948,
              58.32629906594374
            ],
            [
              75.71894917688444,
              58.326224608941956
            ],
            [
              75.71885270398771,
              58.32615255528533
            ],
            [
              75.71874962695156,
              58.326083078542354
            ],
            [
              75.7186401941125,
              58.32601634607302
            ],
            [
              75.71852466911284,
              58.325952518625826
            ],
            [
              75.71840333026539,
              58.32589174995066
            ],
            [
              75.71827646988308,
              58.32583418642857
            ],
            [
              75.71814439357466,
              58.32577996671925
            ],
            [
              75.71800741950861,
              58.32572922142718
            ],
            [
              75.7178658776468,
              58.3256820727871
            ],
            [
              75.71772010894976,
              58.32563863436974
            ],
            [
              75.71757046455552,
              58.325599010808276
            ],
            [
              75.71741730493402,
              58.325563297546445
            ],
            [
              75.71726099901899,
              58.32553158060878
            ],
            [
              75.71710192331965,
              58.32550393639337
            ],
            [
              75.71694046101403,
              58.32548043148798
            ],
            [
              75.71677700102639,
              58.325461122509765
            ],
            [
              75.71661193709073,
              58.325446055968875
            ],
            [
              75.7164456668028,
              58.32543526815653
            ],
            [
              75.71627859066278,
              58.325428785057646
            ],
            [
              75.7161111111111,
              58.32542662228816
            ],
            [
              75.71594363155943,
              58.325428785057646
            ],
            [
              75.71577655541941,
              58.32543526815653
            ],
            [
              75.71561028513146,
              58.325446055968875
            ],
            [
              75.71544522119581,
              58.325461122509765
            ],
            [
              75.71528176120817,
              58.32548043148798
            ],
            [
              75.71512029890256,
              58.32550393639337
            ],
            [
              75.71496122320322,
              58.32553158060878
            ],
            [
              75.71480491728819,
              58.325563297546445
            ],
            [
              75.71465175766667,
              58.325599010808276
            ],
            [
              75.71450211327245,
              58.32563863436974
            ],
            [
              75.71435634457539,
              58.3256820727871
            ],
            [
              75.7142148027136,
              58.32572922142718
            ],
            [
              75.71407782864755,
              58.32577996671925
            ],
            [
              75.71394575233913,
              58.32583418642857
            ],
            [
              75.7138188919568,
              58.32589174995066
            ],
            [
              75.71369755310936,
              58.325952518625826
            ],
            [
              75.71358202810971,
              58.32601634607302
            ],
            [
              75.71347259527064,
              58.326083078542354
            ],
            [
              75.7133695182345,
              58.32615255528533
            ],
            [
              75.71327304533776,
              58.326224608941956
            ],
            [
              75.71318340901273,
              58.32629906594374
            ],
            [
              75.7131008252274,
              58.32637574693175
            ],
            [
              75.71302549296482,
              58.326454467188555
            ],
            [
              75.71295759374357,
              58.326535037083005
            ],
            [
              75.71289729117996,
              58.32661726252709
            ],
            [
              75.71284473059362,
              58.32670094544325
            ],
            [
              75.71280003865684,
              58.32678588424157
            ],
            [
              75.71276332308898,
              58.326871874305326
            ],
            [
              75.71273467239651,
              58.326958708483765
            ],
            [
              75.71271415565919,
              58.32704617759113
            ],
            [
              75.71270182236313,
              58.327134070910596
            ],
            [
              75.71269770228096,
              58.32722217670183
            ],
            [
              75.71270180539959,
              58.32731028271103
            ],
            [
              75.71271412189547,
              58.32739817668231
            ],
            [
              75.71273462215778,
              58.327485646869064
            ],
            [
              75.71276325685908,
              58.32757248254404
            ],
            [
              75.71279995707357,
              58.32765847450709
            ],
            [
              75.7128446344427,
              58.32774341558922
            ],
            [
              75.71289718138736,
              58.32782710115162
            ],
            [
              75.71295747136665,
              58.32790932957894
            ],
            [
              75.71302535918214,
              58.327989902764884
            ],
            [
              75.71310068132735,
              58.32806862658975
            ],
            [
              75.71318325638119,
              58.328145311388
            ],
            [
              75.71327288544461,
              58.32821977240555
            ],
            [
              75.71336935261961,
              58.32829183024474
            ],
            [
              75.71347242552899,
              58.328361311296845
            ],
            [
              75.71358185587596,
              58.328428048160355
            ],
            [
              75.71369738004228,
              58.32849188004445
            ],
            [
              75.71381871972308,
              58.32855265315652
            ],
            [
              75.71394558259746,
              58.32861022107279
            ],
            [
              75.71407766303267,
              58.328664445091235
            ],
            [
              75.71421464282045,
              58.32871519456588
            ],
            [
              75.71435619194385,
              58.32876234722171
            ],
            [
              75.7145019693724,
              58.32880578944934
            ],
            [
              75.714651623884,
              58.328845416578844
            ],
            [
              75.71480479491127,
              58.32888113313216
            ],
            [
              75.71496111341061,
              58.32891285305308
            ],
            [
              75.71512020275163,
              58.328940499914744
            ],
            [
              75.71528167962491,
              58.328964007103906
            ],
            [
              75.7154451549659,
              58.32898331798141
            ],
            [
              75.71561023489275,
              58.32899838601885
            ],
            [
              75.7157765216557,
              58.32900917491058
            ],
            [
              75.71594361459589,
              58.32901565866129
            ],
            [
              75.7161111111111,
              58.32901782164874
            ],
            [
              75.71627860762632,
              58.32901565866129
            ],
            [
              75.71644570056651,
              58.32900917491058
            ],
            [
              75.71661198732946,
              58.32899838601886
            ],
            [
              75.7167770672563,
              58.32898331798142
            ],
            [
              75.7169405425973,
              58.328964007103906
            ],
            [
              75.71710201947057,
              58.328940499914744
            ],
            [
              75.71726110881158,
              58.32891285305307
            ],
            [
              75.71741742731093,
              58.32888113313216
            ],
            [
              75.7175705983382,
              58.328845416578844
            ],
            [
              75.71760038884793,
              58.328837528327604
            ],
            [
              75.80222222222221,
              58.50138888888889
            ],
            [
              75.86583333333333,
              58.48416666666667
            ],
            [
              75.86472222222221,
              58.465
            ],
            [
              75.73527777777778,
              58.34305555555556
            ],
            [
              75.71826065392975,
              58.32861678380571
            ],
            [
              75.71827663962473,
              58.32861022107279
            ],
            [
              75.71840350249913,
              58.32855265315652
            ],
            [
              75.71852484217993,
              58.32849188004445
            ],
            [
              75.71864036634624,
              58.32842804816034
            ],
            [
              75.71874979669322,
              58.32836131129683
            ],
            [
              75.71885286960259,
              58.32829183024474
            ],
            [
              75.71894933677758,
              58.32821977240555
            ],
            [
              75.71903896584102,
              58.328145311388
            ],
            [
              75.71912154089485,
              58.32806862658975
            ],
            [
              75.71919686304007,
              58.327989902764884
            ],
            [
              75.71926475085556,
              58.32790932957894
            ],
            [
              75.71932504083483,
              58.32782710115162
            ],
            [
              75.7193775877795,
              58.32774341558922
            ],
            [
              75.71942226514864,
              58.32765847450709
            ],
            [
              75.71945896536313,
              58.32757248254403
            ],
            [
              75.71948760006441,
              58.327485646869064
            ],
            [
              75.71950810032673,
              58.32739817668231
            ],
            [
              75.71952041682262,
              58.32731028271102
            ],
            [
              75.71952451994123,
              58.32722217670183
            ],
            [
              75.71952039985908,
              58.327134070910596
            ]
          ]
        ],
        "meta": {
          "shape": "polygon"
        }
      },
      "properties": {
        "title": "L1331/26 for Novosibirsk Tolmachevo Airport",
        "text": "From: 2026-10-14 03:00:00+00:00\nTo: 2026-10-15 11:00:00+00:00\n\nAIRSPACE CLSD AS FLW:\n\n1. Within 0.5KM EITHER SIDE OF LINE JOINING POINTS:\n\n   581939N0754301E-583005N0754808E-582903N0755157E-\n\n   582754N0755153E-582035N0754407E.\n\n   360M AMSL-720M AMSL.\n\n2. Within CIRCLE RADIUS 0.2KM CENTRE 581938N0754258E\n\n   GND-410M AMSL."
      }
    },
    {
      "type": "Feature",
      "geometry": {
        "type": "Polygon",
        "coordinates": [
          [
            [
              84.06277777777777,
              57.126666666666665
            ],
            [
              84.00305555555556,
              57.10861111111111
            ],
            [
              84.02027777777778,
              56.666666666666664
            ],
            [
              84.16305555555556,
              56.63138888888889
            ],
            [
              84.15416666666667,
              56.494166666666665
            ],
            [
              84.2475,
              56.44833333333333
            ],
            [
              84.2425,
              56.27361111111111
            ],
            [
              84.21333333333334,
              56.26444444444444
            ],
            [
              84.18833333333333,
              56.26916666666666
            ],
            [
              84.15,
              56.40972222222222
            ],
            [
              83.91027777777778,
              56.587500000000006
            ],
            [
              83.86694444444444,
              57.10277777777778
            ],
            [
              83.85166666666666,
              57.29055555555556
            ],
            [
              83.72972222222222,
              57.49194444444444
            ],
            [
              83.08916666666666,
              57.84138888888889
            ],
            [
              83.21944444444445,
              57.89694444444444
            ],
            [
              83.8561111111111,
              57.530833333333334
            ],
            [
              84.06277777777777,
              57.126666666666665
            ]
          ]
        ],
        "meta": {
          "shape": "polygon"
        }
      },
      "properties": {
        "title": "L1340/26 for Novosibirsk Tolmachevo Airport",
        "text": "From: 2026-10-10 02:00:00+00:00\nTo: 2026-10-12 13:00:00+00:00\n\nAIRSPACE CLSD AS FLW:\n\n1. AREA: 575029N0830521E-575349N0831310E-573151N0835122E-\n\n         570736N0840346E-570631N0840011E-564000N0840113E-\n\n         563753N0840947E-562939N0840915E-562654N0841451E-\n\n         561625N0841433E-561552N0841248E-561609N0841118E-\n\n         562435N0840900E-563515N0835437E-570610N0835201E-\n\n         571726N0835106E-572931N0834347E-575029N0830521E,\n\n   500M AMSL-700M AMSL.\n\n2. Within CIRCLE RADIUS 1KM CENTRE 563608N0835702E,\n\n   GND-700M AMSL.\n\n3. Within CIRCLE RADIUS 1KM CENTRE 570833N0840154E,\n\n   GND-700M AMSL.\n\n4. Within CIRCLE RADIUS 1KM CENTRE 573036N0834820E,\n\n   GND-700M AMSL.\n\n5. Within CIRCLE RADIUS 1KM CENTRE 574856N0831641E,\n\n   GND-700M AMSL.\n\n6. Within CIRCLE RADIUS 1KM CENTRE 573816N0833152E,\n\n   GND-700M AMSL.\n\n7. Within CIRCLE RADIUS 1KM CENTRE 565305N0835914E,\n\n   GND-700M AMSL.\n\n8. Within CIRCLE RADIUS 1KM CENTRE 570734N0840116E,\n\n   GND-700M AMSL."
      }
    },
    {
      "type": "Feature",
      "geometry": {
        "type": "Polygon",
        "coordinates": [
          [
            [
              82.22638888888889,
              58.38472222222222
            ],
            [
              81.32722222222222,
              58.66222222222222
            ],
            [
              80.71861111111112,
              58.98277777777778
            ],
            [
              80.67277777777778,
              58.96666666666667
            ],
            [
              80.6538888888889,
              58.97972222222222
            ],
            [
              80.56388888888888,
              58.98027777777778
            ],
            [
              80.39861111111112,
              59.141666666666666
            ],
            [
              80.06055555555555,
              59.23388888888889
            ],
            [
              79.7063888888889,
              59.28444444444444
            ],
            [
              79.49972222222222,
              59.42805555555555
            ],
            [
              79.57777777777777,
              59.47555555555556
            ],
            [
              79.76805555555555,
              59.3425
            ],
            [
              80.11083333333333,
              59.29555555555555
            ],
            [
              80.46805555555555,
              59.19277777777778
            ],
            [
              80.81555555555555,
              59.05138888888889
            ],
            [
              80.8436111111111,
              59.07
            ],
            [
              81.23666666666666,
              58.822500000000005
            ],
            [
              81.4675,
              58.69611111111111
            ],
            [
              81.64333333333335,
              58.67361111111111
            ],
            [
              82.3125,
              58.415
            ],
            [
              82.45055555555555,
              58.257777777777775
            ],
            [
              82.83277777777778,
              58.065555555555555
            ],
            [
              82.92611111111111,
              58.04333333333333
            ],
            [
              83.21888888888888,
              57.89722222222222
            ],
            [
              83.08805555555556,
              57.841944444444444
            ],
            [
              82.53416666666666,
              58.13666666666666
            ],
            [
              82.34638888888888,
              58.231944444444444
            ],
            [
              82.22638888888889,
              58.38472222222222
            ]
          ]
        ],
        "meta": {
          "shape": "polygon"
        }
      },
      "properties": {
        "title": "L1342/26 for Novosibirsk Tolmachevo Airport",
        "text": "From: 2026-10-10 02:00:00+00:00\nTo: 2026-10-13 13:00:00+00:00\n\nAIRSPACE CLSD AS FLW:\n\n1. AREA: 575031N0830517E-575350N0831308E-580236N0825534E-\n\n         580356N0824958E-581528N0822702E-582454N0821845E-\n\n         584025N0813836E-584146N0812803E-584921N0811412E-\n\n         590412N0805037E-590305N0804856E-591134N0802805E-\n\n         591744N0800639E-592033N0794605E-592832N0793440E-\n\n         592541N0792959E-591704N0794223E-591402N0800338E-\n\n         590830N0802355E-585849N0803350E-585847N0803914E-\n\n         585800N0804022E-585858N0804307E-583944N0811938E-\n\n         582305N0821335E-581355N0822047E-580812N0823203E-\n\n         575031N0830517E\n\n   500M AMSL-650M AMSL.\n\n2. Within CIRCLE RADIUS 1KM CENTRE 585846N0804039E\n\n   GND-650M AMSL.\n\n3. Within CIRCLE RADIUS 1KM CENTRE 584154N0812601E\n\n   GND-650M AMSL.\n\n4. Within CIRCLE RADIUS 1KM CENTRE 583903N0813632E\n\n   GND-650M AMSL.\n\n5. Within CIRCLE RADIUS 1KM CENTRE 580135N0825401E\n\n   GND-650M AMSL.\n\n6. Within CIRCLE RADIUS 1KM CENTRE 581016N0823328E\n\n   GND-650M AMSL.\n\n7. Within CIRCLE RADIUS 1KM CENTRE 575244N0830847E\n\n   GND-650M AMSL."
      }
    },
    {
      "type": "Feature",
      "geometry": {
        "type": "Polygon",
        "coordinates": [
          [
            [
              74.09583333333333,
              55.098333333333336
            ],
            [
              74.1525,
              55.10805555555556
            ],
            [
              74.16888888888889,
              55.103611111111114
            ],
            [
              74.84944444444444,
              55.15888888888889
            ],
            [
              74.90805555555556,
              55.14055555555556
            ],
            [
              75.3111111111111,
              55.176944444444445
            ],
            [
              75.29638888888888,
              55.172777777777775
            ],
            [
              75.30222222222221,
              55.15611111111111
            ],
            [
              74.90444444444445,
              55.1175
            ],
            [
              74.85027777777778,
              55.13388888888889
            ],
            [
              74.61611111111111,
              55.11472222222223
            ],
            [
              74.62027777777777,
              55.099722222222226
            ],
            [
              74.61277777777777,
              55.06583333333333
            ],
            [
              74.58111111111111,
              55.066111111111105
            ],
            [
              74.57194444444444,
              55.11194444444445
            ],
            [
              74.50222222222222,
              55.10583333333334
            ],
            [
              74.51166666666667,
              55.06583333333333
            ],
            [
              74.47722222222222,
              55.06361111111111
            ],
            [
              74.46555555555555,
              55.10277777777778
            ],
            [
              74.12083333333332,
              55.08027777777778
            ],
            [
              74.1538888888889,
              55.03361111111111
            ],
            [
              74.13833333333334,
              55.004444444444445
            ],
            [
              74.10194444444444,
              55.011944444444445
            ],
            [
              74.11194444444443,
              55.03527777777778
            ],
            [
              74.0675,
              55.08166666666667
            ],
            [
              74.04916666666666,
              55.08527777777778
            ],
            [
              74.03666666666666,
              55.1075
            ],
            [
              74.09583333333333,
              55.098333333333336
            ]
          ]
        ],
        "meta": {
          "shape": "polygon"
        }
      },
      "properties": {
        "title": "L1343/26 for Novosibirsk Tolmachevo Airport",
        "text": "From: 2026-10-12 03:00:00+00:00\nTo: 2026-10-17 13:00:00+00:00\n\nAIRSPACE CLSD AS FLW:\n\n1. AREA: 550627N0740212E-550554N0740545E-550629N0740909E-\n\n         550613N0741008E-550932N0745058E-550826N0745429E-\n\n         551037N0751840E-551022N0751747E-550922N0751808E-\n\n         550703N0745416E-550802N0745101E-550653N0743658E-\n\n         550559N0743713E-550357N0743646E-550358N0743452E-\n\n         550643N0743419E-550621N0743008E-550357N0743042E-\n\n         550349N0742838E-550610N0742756E-550449N0740715E-\n\n         550201N0740914E-550016N0740818E-550043N0740607E-\n\n         550207N0740643E-550454N0740403E-550507N0740257E-\n\n         550627N0740212E\n\n   500M AMSL-700M AMSL.\n\n2. Within CIRCLE RADIUS 1KM CENTRE 550426N0742931E\n\n   GND-700M AMSL."
      }
    },
    {
      "type": "Feature",
      "geometry": {
        "type": "Polygon",
        "coordinates": [
          [
            [
              82.97,
              54.84527777777778
            ],
            [
              82.97638888888889,
              54.84805555555556
            ],
            [
              83.00722222222223,
              54.83444444444444
            ],
            [
              83.06305555555555,
              54.839444444444446
            ],
            [
              83.05805555555555,
              54.85388888888889
            ],
            [
              83.01305555555555,
              54.848888888888894
            ],
            [
              82.98722222222223,
              54.861666666666665
            ],
            [
              82.96416666666667,
              54.848888888888894
            ],
            [
              82.97,
              54.84527777777778
            ]
          ]
        ],
        "meta": {
          "shape": "polygon"
        }
      },
      "properties": {
        "title": "L1352/26 for Novosibirsk Tolmachevo Airport",
        "text": "From: 2026-10-12 01:30:00+00:00\nTo: 2026-10-13 13:00:00+00:00\n\nAIRSPACE CLSD Within AREA:\n\n545043N0825812E-545053N0825835E-545004N0830026E-545022N0830347E-\n\n545114N0830329E-545056N0830047E-545142N0825914E-545056N0825751E-\n\n545043N0825812E."
      }
    },
    {
      "type": "Feature",
      "geometry": {
        "type": "Polygon",
        "coordinates": [
          [
            [
              74.09583333333333,
              55.098333333333336
            ],
            [
              74.1525,
              55.10805555555556
            ],
            [
              74.16888888888889,
              55.103611111111114
            ],
            [
              74.84944444444444,
              55.15888888888889
            ],
            [
              74.90805555555556,
              55.14055555555556
            ],
            [
              75.3111111111111,
              55.176944444444445
            ],
            [
              75.29638888888888,
              55.172777777777775
            ],
            [
              75.30222222222221,
              55.15611111111111
            ],
            [
              74.90444444444445,
              55.1175
            ],
            [
              74.85027777777778,
              55.13388888888889
            ],
            [
              74.61611111111111,
              55.11472222222223
            ],
            [
              74.62027777777777,
              55.099722222222226
            ],
            [
              74.61277777777777,
              55.06583333333333
            ],
            [
              74.58111111111111,
              55.066111111111105
            ],
            [
              74.57194444444444,
              55.11194444444445
            ],
            [
              74.50222222222222,
              55.10583333333334
            ],
            [
              74.51166666666667,
              55.06583333333333
            ],
            [
              74.47722222222222,
              55.06361111111111
            ],
            [
              74.46555555555555,
              55.10277777777778
            ],
            [
              74.12083333333332,
              55.08027777777778
            ],
            [
              74.1538888888889,
              55.03361111111111
            ],
            [
              74.13833333333334,
              55.004444444444445
            ],
            [
              74.10194444444444,
              55.011944444444445
            ],
            [
              74.11194444444443,
              55.03527777777778
            ],
            [
              74.0675,
              55.08166666666667
            ],
            [
              74.04916666666666,
              55.08527777777778
            ],
            [
              74.03666666666666,
              55.1075
            ],
            [
              74.09583333333333,
              55.098333333333336
            ]
          ]
        ],
        "meta": {
          "shape": "polygon"
        }
      },
      "properties": {
        "title": "L1359/26 for Novosibirsk Tolmachevo Airport",
        "text": "From: 2026-10-10 03:00:00+00:00\nTo: 2026-10-11 13:00:00+00:00\n\nAIRSPACE CLSD AS FLW:\n\n1. AREA: 550627N0740212E-550554N0740545E-550629N0740909E-\n\n         550613N0741008E-550932N0745058E-550826N0745429E-\n\n         551037N0751840E-551022N0751747E-550922N0751808E-\n\n         550703N0745416E-550802N0745101E-550653N0743658E-\n\n         550559N0743713E-550357N0743646E-550358N0743452E-\n\n         550643N0743419E-550621N0743008E-550357N0743042E-\n\n         550349N0742838E-550610N0742756E-550449N0740715E-\n\n         550201N0740914E-550016N0740818E-550043N0740607E-\n\n         550207N0740643E-550454N0740403E-550507N0740257E-\n\n         550627N0740212E\n\n   500M AMSL-700M AMSL.\n\n2. Within CIRCLE RADIUS 1KM CENTRE 550426N0742931E\n\n   50M AMSL-700M AMSL."
      }
    },
    {
      "type": "Feature",
      "geometry": {
        "type": "Polygon",
        "coordinates": [
          [
            [
              73.2461111111111,
              55.32944444444445
            ],
            [
              73.26083333333334,
              55.284166666666664
            ],
            [
              73.28972222222222,
              55.25833333333333
            ],
            [
              73.35055555555554,
              55.216944444444444
            ],
            [
              73.5038888888889,
              55.20444444444445
            ],
            [
              73.57194444444444,
              55.21361111111111
            ],
            [
              73.845,
              55.15333333333333
            ],
            [
              73.87638888888888,
              55.138333333333335
            ],
            [
              74.03333333333333,
              55.113055555555555
            ],
            [
              74.05166666666666,
              55.08083333333334
            ],
            [
              73.84888888888888,
              55.113055555555555
            ],
            [
              73.56472222222222,
              55.180277777777775
            ],
            [
              73.50666666666666,
              55.17527777777777
            ],
            [
              73.33472222222221,
              55.18944444444444
            ],
            [
              73.28888888888889,
              55.17361111111111
            ],
            [
              73.29861111111111,
              55.18555555555555
            ],
            [
              73.29722222222222,
              55.2025
            ],
            [
              73.27666666666667,
              55.238055555555555
            ],
            [
              73.20527777777778,
              55.28
            ],
            [
              73.19833333333334,
              55.34055555555556
            ],
            [
              73.16194444444444,
              55.370555555555555
            ],
            [
              73.15055555555556,
              55.376111111111115
            ],
            [
              73.17361111111111,
              55.382777777777775
            ],
            [
              73.2461111111111,
              55.32944444444445
            ]
          ]
        ],
        "meta": {
          "shape": "polygon"
        }
      },
      "properties": {
        "title": "L1361/26 for Novosibirsk Tolmachevo Airport",
        "text": "From: 2026-10-10 03:00:00+00:00\nTo: 2026-10-11 13:00:00+00:00\n\nAIRSPACE CLSD AS FLW:\n\n1. AREA: 552258N0731025E-551946N0731446E-551703N0731539E-\n\n         551530N0731723E-551301N0732102E-551216N0733014E-\n\n         551249N0733419E-550912N0735042E-550818N0735235E-\n\n         550647N0740200E-550451N0740306E-550647N0735056E-\n\n         551049N0733353E-551031N0733024E-551122N0732005E-\n\n         551025N0731720E-551108N0731755E-551209N0731750E-\n\n         551417N0731636E-551648N0731219E-552026N0731154E-\n\n         552214N0730943E-552234N0730902E-552258N0731025E\n\n   550M AMSL-700M AMSL.\n\n2. Within CIRCLE RADIUS 1KM CENTRE 551238N0731910E\n\n   GND-700M AMSL."
      }
    },
    {
      "type": "Feature",
      "geometry": {
        "type": "Polygon",
        "coordinates": [
          [
            [
              73.0111111111111,
              55.33277777777778
            ],
            [
              73.00416666666666,
              55.308055555555555
            ],
            [
              72.96055555555556,
              55.26861111111111
            ],
            [
              72.92027777777778,
              55.23027777777778
            ],
            [
              73.05444444444444,
              55.151111111111106
            ],
            [
              73.07888888888888,
              55.10416666666667
            ],
            [
              73.07166666666666,
              55.10305555555556
            ],
            [
              73.05333333333333,
              55.07166666666667
            ],
            [
              73.0363888888889,
              55.07944444444445
            ],
            [
              73.00833333333334,
              55.13055555555555
            ],
            [
              72.85194444444444,
              55.226111111111116
            ],
            [
              72.95722222222223,
              55.325833333333335
            ],
            [
              73.0075,
              55.34166666666667
            ],
            [
              73.0111111111111,
              55.33277777777778
            ]
          ]
        ],
        "meta": {
          "shape": "polygon"
        }
      },
      "properties": {
        "title": "L1363/26 for Novosibirsk Tolmachevo Airport",
        "text": "From: 2026-10-10 03:00:00+00:00\nTo: 2026-10-11 13:00:00+00:00\n\nAIRSPACE CLSD AS FLW:\n\n1. AREA: 552030N0730027E-551958N0730040E-551829N0730015E-\n\n         551607N0725738E-551349N0725513E-550904N0730316E-\n\n         550615N0730444E-550611N0730418E-550418N0730312E-\n\n         550446N0730211E-550750N0730030E-551334N0725107E-\n\n         551933N0725726E-552030N0730027E\n\n   350M AMSL-550M AMSL.\n\n2. Within CIRCLE RADIUS 1KM CENTRE 551814N0725840E\n\n   GND-550M AMSL."
      }
    },
    {
      "type": "Feature",
      "geometry": {
        "type": "Polygon",
        "coordinates": [
          [
            [
              73.39194444444445,
              55.18472222222222
            ],
            [
              73.40222222222222,
              55.175
            ],
            [
              73.46638888888889,
              55.14555555555555
            ],
            [
              73.49833333333333,
              55.12638888888889
            ],
            [
              73.56666666666666,
              55.114444444444445
            ],
            [
              73.59166666666667,
              55.09027777777778
            ],
            [
              73.59166666666667,
              55.08361111111111
            ],
            [
              73.47555555555556,
              55.088055555555556
            ],
            [
              73.47972222222222,
              55.09916666666667
            ],
            [
              73.44083333333333,
              55.115
            ],
            [
              73.41305555555556,
              55.093333333333334
            ],
            [
              73.3625,
              55.09805555555556
            ],
            [
              73.38583333333334,
              55.12555555555556
            ],
            [
              73.4063888888889,
              55.13638888888889
            ],
            [
              73.36388888888888,
              55.15888888888889
            ],
            [
              73.33,
              55.187777777777775
            ],
            [
              73.33472222222221,
              55.18944444444444
            ],
            [
              73.39194444444445,
              55.18472222222222
            ]
          ]
        ],
        "meta": {
          "shape": "polygon"
        }
      },
      "properties": {
        "title": "L1365/26 for Novosibirsk Tolmachevo Airport",
        "text": "From: 2026-10-10 03:00:00+00:00\nTo: 2026-10-11 13:00:00+00:00\n\nAIRSPACE CLSD AS FLW:\n\n1. AREA: 551122N0732005E-551105N0732331E-551030N0732408E-\n\n         550844N0732759E-550735N0732954E-550652N0733400E-\n\n         550525N0733530E-550501N0733530E-550517N0732832E-\n\n         550557N0732847E-550654N0732627E-550536N0732447E-\n\n         550553N0732145E-550732N0732309E-550811N0732423E-\n\n         550932N0732150E-551116N0731948E-551122N0732005E,\n\n   350M AMSL-550M AMSL.\n\n2. Within CIRCLE RADIUS 1KM CENTRE 550947N0732302E,\n\n   GND-550M AMSL."
      }
    },
    {
      "type": "Feature",
      "geometry": {
        "type": "Polygon",
        "coordinates": [
          [
            [
              83.86361111111111,
              53.76777777777777
            ],
            [
              83.87527777777777,
              53.780833333333334
            ],
            [
              83.89111111111112,
              53.763333333333335
            ],
            [
              83.95055555555555,
              53.69972222222222
            ],
            [
              83.97416666666666,
              53.72027777777778
            ],
            [
              84.0025,
              53.718333333333334
            ],
            [
              84.00416666666666,
              53.705000000000005
            ],
            [
              83.99055555555556,
              53.67666666666666
            ],
            [
              83.95583333333333,
              53.6725
            ],
            [
              83.91277777777778,
              53.625277777777775
            ],
            [
              83.89166666666668,
              53.612500000000004
            ],
            [
              83.79055555555556,
              53.59527777777778
            ],
            [
              83.80138888888888,
              53.58166666666667
            ],
            [
              83.79694444444445,
              53.574444444444445
            ],
            [
              83.77638888888889,
              53.57083333333334
            ],
            [
              83.76861111111111,
              53.57611111111112
            ],
            [
              83.75916666666667,
              53.58583333333333
            ],
            [
              83.72444444444444,
              53.57194444444445
            ],
            [
              83.73555555555555,
              53.55305555555555
            ],
            [
              83.71000000000001,
              53.535
            ],
            [
              83.68583333333333,
              53.573888888888895
            ],
            [
              83.68777777777778,
              53.58166666666667
            ],
            [
              83.75722222222223,
              53.61027777777778
            ],
            [
              83.8786111111111,
              53.63361111111111
            ],
            [
              83.92055555555557,
              53.683611111111105
            ],
            [
              83.85777777777777,
              53.75194444444445
            ],
            [
              83.85083333333333,
              53.771388888888886
            ],
            [
              83.86361111111111,
              53.76777777777777
            ]
          ]
        ],
        "meta": {
          "shape": "polygon"
        }
      },
      "properties": {
        "title": "L1371/26 for Novosibirsk Tolmachevo Airport",
        "text": "From: 2026-10-10 02:00:00+00:00\nTo: 2026-10-11 13:00:00+00:00\n\nAIRSPACE CLSD AS FLW:\n\n1. AREA: 534617N0835103E-534604N0835149E-534651N0835231E-\n\n         534548N0835328E-534159N0835702E-534313N0835827E-\n\n         534306N0840009E-534218N0840015E-534036N0835926E-\n\n         534021N0835721E-533731N0835446E-533645N0835330E-\n\n         533543N0834726E-533454N0834805E-533428N0834749E-\n\n         533415N0834635E-533434N0834607E-533509N0834533E-\n\n         533419N0834328E-533311N0834408E-533206N0834236E-\n\n         533426N0834109E-533454N0834116E-533637N0834526E-\n\n         533801N0835243E-534101N0835514E-534507N0835128E-\n\n         534617N0835103E,\n\n   550M AMSL-750M AMSL.\n\n2. Within CIRCLE RADIUS 0.7KM CENTRE 533720N0835328E,\n\n   GND-750M AMSL."
      }
    },
    {
      "type": "Feature",
      "geometry": {
        "type": "Polygon",
        "coordinates": [
          [
            [
              83.52083333333333,
              54.26444444444444
            ],
            [
              83.50888888888889,
              54.21361111111111
            ],
            [
              83.47972222222222,
              54.12222222222222
            ],
            [
              83.64833333333334,
              53.941111111111105
            ],
            [
              83.69444444444444,
              53.884166666666665
            ],
            [
              83.7475,
              53.83444444444444
            ],
            [
              83.76472222222222,
              53.83777777777778
            ],
            [
              83.77888888888889,
              53.82666666666667
            ],
            [
              83.77472222222222,
              53.81666666666667
            ],
            [
              83.8786111111111,
              53.78472222222222
            ],
            [
              83.86361111111111,
              53.768055555555556
            ],
            [
              83.74,
              53.80222222222222
            ],
            [
              83.66694444444445,
              53.86555555555556
            ],
            [
              83.60916666666667,
              53.855000000000004
            ],
            [
              83.59694444444445,
              53.828611111111115
            ],
            [
              83.565,
              53.83166666666667
            ],
            [
              83.57888888888888,
              53.87138888888889
            ],
            [
              83.65027777777779,
              53.885555555555555
            ],
            [
              83.62027777777777,
              53.92472222222222
            ],
            [
              83.4413888888889,
              53.89694444444444
            ],
            [
              83.43027777777779,
              53.91694444444444
            ],
            [
              83.60111111111111,
              53.94472222222222
            ],
            [
              83.43861111111111,
              54.119166666666665
            ],
            [
              83.46694444444445,
              54.20666666666667
            ],
            [
              83.41333333333334,
              54.19583333333333
            ],
            [
              83.39916666666667,
              54.22
            ],
            [
              83.47777777777777,
              54.23916666666667
            ],
            [
              83.48583333333333,
              54.26833333333333
            ],
            [
              83.51333333333334,
              54.275555555555556
            ],
            [
              83.52083333333333,
              54.26444444444444
            ]
          ]
        ],
        "meta": {
          "shape": "polygon"
        }
      },
      "properties": {
        "title": "L1373/26 for Novosibirsk Tolmachevo Airport",
        "text": "From: 2026-10-10 02:00:00+00:00\nTo: 2026-10-11 13:00:00+00:00\n\nAIRSPACE CLSD AS FLW:\n\n1. AREA: 541606N0832909E-541632N0833048E-541552N0833115E-\n\n         541249N0833032E-540720N0832847E-535628N0833854E-\n\n         535303N0834140E-535004N0834451E-535016N0834553E-\n\n         534936N0834644E-534900N0834629E-534705N0835243E-\n\n         534605N0835149E-534808N0834424E-535156N0834001E-\n\n         535118N0833633E-534943N0833549E-534954N0833354E-\n\n         535217N0833444E-535308N0833901E-535529N0833713E-\n\n         535349N0832629E-535501N0832549E-535641N0833604E-\n\n         540709N0832619E-541224N0832801E-541145N0832448E-\n\n         541312N0832357E-541421N0832840E-541606N0832909E\n\n   550M AMSL-800M AMSL.\n\n2. Within CIRCLE RADIUS 1KM CENTRE 535435N0832707E\n\n   50M AMSL-800M AMSL.\n\n3. Within CIRCLE RADIUS 1KM CENTRE 534932N0834535E\n\n   50M AMSL-800M AMSL."
      }
    },
    {
      "type": "Feature",
      "geometry": {
        "type": "Polygon",
        "coordinates": [
          [
            [
              82.80527777777777,
              53.276666666666664
            ],
            [
              82.64,
              53.19944444444444
            ],
            [
              82.56444444444445,
              53.17916666666667
            ],
            [
              82.50333333333333,
              53.13027777777778
            ],
            [
              82.4563888888889,
              53.11416666666667
            ],
            [
              82.39027777777778,
              53.10027777777778
            ],
            [
              82.39305555555556,
              53.09388888888889
            ],
            [
              82.34722222222221,
              53.0825
            ],
            [
              82.33472222222221,
              53.10305555555556
            ],
            [
              82.35444444444444,
              53.11833333333333
            ],
            [
              82.44277777777778,
              53.134166666666665
            ],
            [
              82.47527777777778,
              53.144999999999996
            ],
            [
              82.53666666666666,
              53.19611111111111
            ],
            [
              82.61944444444444,
              53.218333333333334
            ],
            [
              82.79194444444444,
              53.30277777777778
            ],
            [
              82.79527777777777,
              53.30333333333333
            ],
            [
              82.80527777777777,
              53.276666666666664
            ]
          ]
        ],
        "meta": {
          "shape": "polygon"
        }
      },
      "properties": {
        "title": "L1375/26 for Novosibirsk Tolmachevo Airport",
        "text": "From: 2026-10-10 02:00:00+00:00\nTo: 2026-10-12 13:00:00+00:00\n\nAIRSPACE CLSD AS FLW:\n\n1. AREA: 531812N0824743E-531636N0824819E-531158N0823824E-\n\n         531045N0823352E-530749N0823012E-530651N0822723E-\n\n         530601N0822325E-530538N0822335E-530457N0822050E-\n\n         530611N0822005E-530706N0822116E-530803N0822634E-\n\n         530842N0822831E-531146N0823212E-531306N0823710E-\n\n         531810N0824731E-531812N0824743E\n\n   550M AMSL-750M AMSL.\n\n2. Within CIRCLE RADIUS 1KM CENTRE 531116N0823308E\n\n   GND-750M AMSL."
      }
    },
    {
      "type": "Feature",
      "geometry": {
        "type": "MultiPolygon",
        "coordinates": [
          [
            [
              [
                83.44055409074807,
                53.35011372522695
              ],
              [
                83.44049971596696,
                53.349673906232645
              ],
              [
                83.44040934162345,
                53.34923621338376
              ],
              [
                83.44028318652235,
                53.34880170103978
              ],
              [
                83.44012155563546,
                53.348371415866886
              ],
              [
                83.4399248393568,
                53.34794639431756
              ],
              [
                83.43969351255231,
                53.347527660134936
              ],
              [
                83.43942813340662,
                53.3471162218883
              ],
              [
                83.43912934206978,
                53.34671307054514
              ],
              [
                83.43879785910701,
                53.34631917708609
              ],
              [
                83.4384344837556,
                53.34593549016802
              ],
              [
                83.43804009199314,
                53.345562933841244
              ],
              [
                83.43761563442159,
                53.3452024053262
              ],
              [
                83.43716213397269,
                53.3448547728548
              ],
              [
                83.43668068343997,
                53.34452087358181
              ],
              [
                83.43617244284349,
                53.344201511571136
              ],
              [
                83.43563863663375,
                53.343897455862056
              ],
              [
                83.43508055074125,
                53.343609438619595
              ],
              [
                83.43449952947927,
                53.34333815337388
              ],
              [
                83.43389697230675,
                53.34308425335264
              ],
              [
                83.43327433045958,
                53.34284834991052
              ],
              [
                83.43263310345799,
                53.34263101105928
              ],
              [
                83.43197483549882,
                53.3424327601024
              ],
              [
                83.43130111174082,
                53.34225407437702
              ],
              [
                83.43061355449237,
                53.342095384106585
              ],
              [
                83.42991381931036,
                53.34195707136686
              ],
              [
                83.42920359101983,
                53.3418394691675
              ],
              [
                83.42848457966373,
                53.341742860651784
              ],
              [
                83.42775851639252,
                53.341667478416056
              ],
              [
                83.42702714930331,
                53.341613503950896
              ],
              [
                83.4262922392388,
                53.34158106720481
              ],
              [
                83.4255555555556,
                53.341570246272006
              ],
              [
                83.42481887187242,
                53.34158106720481
              ],
              [
                83.42408396180791,
                53.341613503950896
              ],
              [
                83.42335259471871,
                53.341667478416056
              ],
              [
                83.42262653144749,
                53.341742860651784
              ],
              [
                83.4219075200914,
                53.3418394691675
              ],
              [
                83.42119729180087,
                53.34195707136686
              ],
              [
                83.42049755661886,
                53.342095384106585
              ],
              [
                83.4198099993704,
                53.34225407437702
              ],
              [
                83.4191362756124,
                53.3424327601024
              ],
              [
                83.41847800765323,
                53.34263101105928
              ],
              [
                83.41783678065164,
                53.34284834991052
              ],
              [
                83.41721413880447,
                53.34308425335264
              ],
              [
                83.41661158163195,
                53.34333815337388
              ],
              [
                83.41603056036998,
                53.343609438619595
              ],
              [
                83.41547247447747,
                53.343897455862056
              ],
              [
                83.41493866826772,
                53.344201511571136
              ],
              [
                83.41443042767125,
                53.34452087358181
              ],
              [
                83.41394897713852,
                53.3448547728548
              ],
              [
                83.41349547668963,
                53.3452024053262
              ],
              [
                83.41307101911808,
                53.345562933841244
              ],
              [
                83.41267662735562,
                53.34593549016802
              ],
              [
                83.41231325200421,
                53.34631917708609
              ],
              [
                83.41198176904145,
                53.34671307054514
              ],
              [
                83.4116829777046,
                53.3471162218883
              ],
              [
                83.41141759855891,
                53.347527660134936
              ],
              [
                83.41118627175442,
                53.34794639431756
              ],
              [
                83.41098955547577,
                53.34837141586689
              ],
              [
                83.41082792458887,
                53.348801701039775
              ],
              [
                83.41070176948776,
                53.34923621338376
              ],
              [
                83.41061139514426,
                53.349673906232645
              ],
              [
                83.41055702036314,
                53.35011372522695
              ],
              [
                83.41053877724471,
                53.35055461085309
              ],
              [
                83.41055671085567,
                53.35099550099545
              ],
              [
                83.41061077911002,
                53.35143533349494
              ],
              [
                83.41070085285952,
                53.351873048707944
              ],
              [
                83.41082671619425,
                53.35230759205954
              ],
              [
                83.41098806695224,
                53.352737916584935
              ],
              [
                83.4111845174373,
                53.35316298545272
              ],
              [
                83.41141559534324,
                53.353581774464
              ],
              [
                83.41168074488242,
                53.353993274521486
              ],
              [
                83.41197932811606,
                53.35439649406239
              ],
              [
                83.41231062648309,
                53.35479046144933
              ],
              [
                83.41267384252393,
                53.355174227313455
              ],
              [
                83.41306810179528,
                53.35554686684415
              ],
              [
                83.41349245497112,
                53.35590748201969
              ],
              [
                83.41394588012511,
                53.35625520377357
              ],
              [
                83.41442728518888,
                53.3565891940912
              ],
              [
                83.41493551058022,
                53.35690864803182
              ],
              [
                83.41546933199507,
                53.35721279567087
              ],
              [
                83.4160274633565,
                53.35750090395798
              ],
              [
                83.41660855991336,
                53.35777227848615
              ],
              [
                83.41721122148154,
                53.358026265167894
              ],
              [
                83.4178339958198,
                53.358262251813954
              ],
              [
                83.41847538213194,
                53.35847966961123
              ],
              [
                83.41913383468686,
                53.35867799449601
              ],
              [
                83.41980776654806,
                53.358856748419164
              ],
              [
                83.42049555340303,
                53.35901550050044
              ],
              [
                83.42119553748361,
                53.35915386806883
              ],
              [
                83.42190603156774,
                53.359271517586635
              ],
              [
                83.42262532305271,
                53.3593681654549
              ],
              [
                83.42335167809034,
                53.35944357869823
              ],
              [
                83.4240833457736,
                53.35949757552749
              ],
              [
                83.42481856236489,
                53.35953002577879
              ],
              [
                83.4255555555556,
                53.35954085122782
              ],
              [
                83.42629254874632,
                53.35953002577879
              ],
              [
                83.42702776533763,
                53.3594975755275
              ],
              [
                83.42775943302087,
                53.35944357869823
              ],
              [
                83.42848578805851,
                53.3593681654549
              ],
              [
                83.42920507954348,
                53.359271517586635
              ],
              [
                83.42991557362761,
                53.35915386806883
              ],
              [
                83.4306155577082,
                53.35901550050044
              ],
              [
                83.43130334456315,
                53.358856748419164
              ],
              [
                83.43197727642435,
                53.35867799449601
              ],
              [
                83.43263572897928,
                53.358479669611235
              ],
              [
                83.43327711529142,
                53.35826225181396
              ],
              [
                83.43389988962969,
                53.358026265167894
              ],
              [
                83.43450255119787,
                53.35777227848616
              ],
              [
                83.43508364775472,
                53.35750090395797
              ],
              [
                83.43564177911615,
                53.35721279567087
              ],
              [
                83.436175600531,
                53.35690864803182
              ],
              [
                83.43668382592234,
                53.35658919409121
              ],
              [
                83.43716523098611,
                53.35625520377357
              ],
              [
                83.43761865614009,
                53.35590748201969
              ],
              [
                83.43804300931595,
                53.35554686684415
              ],
              [
                83.4384372685873,
                53.355174227313455
              ],
              [
                83.43880048462813,
                53.35479046144933
              ],
              [
                83.43913178299516,
                53.35439649406239
              ],
              [
                83.43943036622879,
                53.35399327452148
              ],
              [
                83.43969551576798,
                53.353581774464
              ],
              [
                83.4399265936739,
                53.35316298545272
              ],
              [
                83.44012304415898,
                53.35273791658494
              ],
              [
                83.44028439491697,
                53.35230759205954
              ],
              [
                83.4404102582517,
                53.351873048707944
              ],
              [
                83.4405003320012,
                53.35143533349494
              ],
              [
                83.44055440025555,
                53.35099550099545
              ],
              [
                83.44057233386651,
                53.35055461085309
              ],
              [
                83.44055409074807,
                53.35011372522695
              ]
            ]
          ],
          [
            [
              [
                82.99833772137472,
                53.36678039256316
              ],
              [
                82.9982833252817,
                53.36634057480874
              ],
              [
                82.99819291557982,
                53.36590288319647
              ],
              [
                82.99806671116015,
                53.365468372082795
              ],
              [
                82.99790501711435,
                53.3650380881309
              ],
              [
                82.99770822398962,
                53.36461306779022
              ],
              [
                82.99747680683797,
                53.364194334800885
              ],
              [
                82.9972113240626,
                53.36378289772915
              ],
              [
                82.996912416064,
                53.3633797475396
              ],
              [
                82.99658080368923,
                53.36298585520987
              ],
              [
                82.99621728648798,
                53.36260216939397
              ],
              [
                82.99582274078016,
                53.36222961413944
              ],
              [
                82.99539811753905,
                53.361869086663866
              ],
              [
                82.9949444400959,
                53.36152145519652
              ],
              [
                82.99446280167089,
                53.36118755688952
              ],
              [
                82.9939543627369,
                53.360868195804294
              ],
              [
                82.99342034822229,
                53.360564140977644
              ],
              [
                82.99286204455935,
                53.36027612457226
              ],
              [
                82.99228079658579,
                53.3600048401161
              ],
              [
                82.99167800430648,
                53.35975094083474
              ],
              [
                82.99105511952328,
                53.35951503808088
              ],
              [
                82.99041364234127,
                53.35929769986446
              ],
              [
                82.98975511755935,
                53.35909944948722
              ],
              [
                82.98908113095437,
                53.35892076428474
              ],
              [
                82.98839330546714,
                53.3587620744791
              ],
              [
                82.98769329729996,
                53.35862376214475
              ],
              [
                82.98698279193462,
                53.35850616029029
              ],
              [
                82.98626350008061,
                53.35840955205804
              ],
              [
                82.98553715356309,
                53.35833417004361
              ],
              [
                82.98480550116054,
                53.35828019573693
              ],
              [
                82.98407030440187,
                53.358247759086105
              ],
              [
                82.9833333333333,
                53.3582369381851
              ],
              [
                82.98259636226473,
                53.358247759086105
              ],
              [
                82.98186116550607,
                53.35828019573693
              ],
              [
                82.98112951310353,
                53.35833417004361
              ],
              [
                82.980403166586,
                53.35840955205804
              ],
              [
                82.97968387473199,
                53.35850616029029
              ],
              [
                82.97897336936664,
                53.35862376214475
              ],
              [
                82.97827336119947,
                53.3587620744791
              ],
              [
                82.97758553571224,
                53.35892076428474
              ],
              [
                82.97691154910724,
                53.35909944948722
              ],
              [
                82.97625302432533,
                53.35929769986446
              ],
              [
                82.97561154714332,
                53.35951503808088
              ],
              [
                82.97498866236012,
                53.35975094083474
              ],
              [
                82.97438587008081,
                53.3600048401161
              ],
              [
                82.97380462210727,
                53.36027612457226
              ],
              [
                82.97324631844432,
                53.360564140977644
              ],
              [
                82.97271230392971,
                53.360868195804294
              ],
              [
                82.9722038649957,
                53.36118755688952
              ],
              [
                82.9717222265707,
                53.36152145519652
              ],
              [
                82.97126854912756,
                53.361869086663866
              ],
              [
                82.97084392588647,
                53.36222961413944
              ],
              [
                82.97044938017864,
                53.36260216939397
              ],
              [
                82.97008586297738,
                53.36298585520987
              ],
              [
                82.96975425060259,
                53.3633797475396
              ],
              [
                82.96945534260401,
                53.36378289772915
              ],
              [
                82.96918985982863,
                53.36419433480088
              ],
              [
                82.96895844267699,
                53.36461306779022
              ],
              [
                82.96876164955226,
                53.3650380881309
              ],
              [
                82.96859995550646,
                53.365468372082795
              ],
              [
                82.96847375108679,
                53.36590288319647
              ],
              [
                82.9683833413849,
                53.36634057480874
              ],
              [
                82.96832894529187,
                53.36678039256316
              ],
              [
                82.96831069496041,
                53.36722127694918
              ],
              [
                82.96832863547576,
                53.3676621658542
              ],
              [
                82.96838272473636,
                53.36810199712204
              ],
              [
                82.9684728335445,
                53.368539711112064
              ],
              [
                82.96859874590686,
                53.36897425325224
              ],
              [
                82.96876015954442,
                53.36940457658064
              ],
              [
                82.96895668661053,
                53.36982964426862
              ],
              [
                82.96918785461543,
                53.37024843212004
              ],
              [
                82.96945310755534,
                53.37065993104027
              ],
              [
                82.96975180724321,
                53.371063149469165
              ],
              [
                82.97008323483817,
                53.37145711577185
              ],
              [
                82.97044659257,
                53.37184088058191
              ],
              [
                82.9708410056546,
                53.372213519091105
              ],
              [
                82.97126552439589,
                53.37257413327999
              ],
              [
                82.97171912646905,
                53.37292185408424
              ],
              [
                82.97220071937977,
                53.373255843491364
              ],
              [
                82.97270914309343,
                53.37357529656259
              ],
              [
                82.97324317282833,
                53.373879443375245
              ],
              [
                82.97380152200554,
                53.374167550880756
              ],
              [
                82.97438284534904,
                53.374438924673825
              ],
              [
                82.97498574212813,
                53.37469291066851
              ],
              [
                82.97560875953452,
                53.37492889667701
              ],
              [
                82.97625039618595,
                53.37514631388762
              ],
              [
                82.9769091057477,
                53.37534463823782
              ],
              [
                82.97758330066338,
                53.37552339167962
              ],
              [
                82.97827135598608,
                53.3756821433338
              ],
              [
                82.97897161330003,
                53.37582051053021
              ],
              [
                82.97968238472403,
                53.37593815973196
              ],
              [
                82.98040195698627,
                53.37603480734074
              ],
              [
                82.98112859556115,
                53.37611022038169
              ],
              [
                82.98186054885748,
                53.37616421706609
              ],
              [
                82.9825960524486,
                53.37619666723036
              ],
              [
                82.9833333333333,
                53.376207492650344
              ],
              [
                82.98407061421801,
                53.37619666723036
              ],
              [
                82.98480611780911,
                53.37616421706609
              ],
              [
                82.98553807110547,
                53.3761102203817
              ],
              [
                82.98626470968034,
                53.37603480734074
              ],
              [
                82.98698428194258,
                53.37593815973196
              ],
              [
                82.98769505336658,
                53.37582051053022
              ],
              [
                82.98839531068053,
                53.37568214333379
              ],
              [
                82.98908336600323,
                53.37552339167962
              ],
              [
                82.98975756091893,
                53.37534463823781
              ],
              [
                82.99041627048067,
                53.37514631388762
              ],
              [
                82.99105790713207,
                53.37492889667701
              ],
              [
                82.99168092453847,
                53.3746929106685
              ],
              [
                82.99228382131757,
                53.37443892467383
              ],
              [
                82.99286514466107,
                53.37416755088075
              ],
              [
                82.99342349383828,
                53.373879443375245
              ],
              [
                82.99395752357317,
                53.37357529656259
              ],
              [
                82.99446594728686,
                53.373255843491364
              ],
              [
                82.99494754019756,
                53.37292185408423
              ],
              [
                82.99540114227071,
                53.37257413327999
              ],
              [
                82.99582566101202,
                53.372213519091105
              ],
              [
                82.99622007409661,
                53.37184088058191
              ],
              [
                82.99658343182844,
                53.37145711577185
              ],
              [
                82.9969148594234,
                53.371063149469165
              ],
              [
                82.99721355911127,
                53.37065993104027
              ],
              [
                82.99747881205118,
                53.37024843212004
              ],
              [
                82.99770998005609,
                53.36982964426861
              ],
              [
                82.99790650712218,
                53.36940457658064
              ],
              [
                82.99806792075975,
                53.36897425325224
              ],
              [
                82.9981938331221,
                53.36853971111207
              ],
              [
                82.99828394193024,
                53.36810199712204
              ],
              [
                82.99833803119084,
                53.3676621658542
              ],
              [
                82.99835597170619,
                53.36722127694918
              ],
              [
                82.99833772137472,
                53.36678039256316
              ]
            ]
          ]
        ],
        "meta": {
          "shape": "circle"
        }
      },
      "properties": {
        "title": "L1377/26B02 for Novosibirsk Tolmachevo Airport",
        "text": "From: 2026-10-10 02:00:00+00:00\nTo: 2026-10-12 13:00:00+00:00\n\n2. Within CIRCLE RADIUS 1KM CENTRE 532102N0832532E\n\n   GND-700M AMSL.\n\n3. Within CIRCLE RADIUS 1KM CENTRE 532202N0825900E\n\n   GND-700M AMSL."
      }
    },
    {
      "type": "Feature",
      "geometry": {
        "type": "Polygon",
        "coordinates": [
          [
            [
              82.80527777777777,
              53.276666666666664
            ],
            [
              82.79527777777777,
              53.30333333333333
            ],
            [
              82.87722222222222,
              53.33861111111111
            ],
            [
              82.88277777777778,
              53.35111111111111
            ],
            [
              82.97472222222223,
              53.37916666666667
            ],
            [
              83.03111111111112,
              53.36805555555556
            ],
            [
              83.075,
              53.337500000000006
            ],
            [
              83.1211111111111,
              53.336111111111116
            ],
            [
              83.14916666666667,
              53.32333333333334
            ],
            [
              83.385,
              53.3725
            ],
            [
              83.45944444444444,
              53.3875
            ],
            [
              83.485,
              53.403055555555554
            ],
            [
              83.52888888888889,
              53.413333333333334
            ],
            [
              83.57833333333333,
              53.41138888888889
            ],
            [
              83.57694444444444,
              53.46083333333333
            ],
            [
              83.62638888888888,
              53.493611111111115
            ],
            [
              83.66472222222222,
              53.5025
            ],
            [
              83.76222222222222,
              53.57166666666667
            ],
            [
              83.78333333333333,
              53.545833333333334
            ],
            [
              83.68472222222222,
              53.485
            ],
            [
              83.64888888888889,
              53.47638888888889
            ],
            [
              83.6125,
              53.45416666666667
            ],
            [
              83.61277777777777,
              53.38861111111111
            ],
            [
              83.53611111111111,
              53.39277777777778
            ],
            [
              83.50416666666666,
              53.38472222222222
            ],
            [
              83.48027777777779,
              53.36944444444445
            ],
            [
              83.43833333333333,
              53.35805555555556
            ],
            [
              83.44666666666667,
              53.34527777777778
            ],
            [
              83.42055555555557,
              53.339444444444446
            ],
            [
              83.39861111111112,
              53.35333333333333
            ],
            [
              83.31833333333333,
              53.33111111111111
            ],
            [
              83.3436111111111,
              53.29416666666666
            ],
            [
              83.41472222222222,
              53.31194444444444
            ],
            [
              83.43416666666667,
              53.30472222222222
            ],
            [
              83.48694444444445,
              53.30555555555555
            ],
            [
              83.49111111111111,
              53.340833333333336
            ],
            [
              83.51694444444445,
              53.343611111111116
            ],
            [
              83.53388888888888,
              53.35305555555556
            ],
            [
              83.58055555555555,
              53.34027777777778
            ],
            [
              83.56777777777778,
              53.323055555555555
            ],
            [
              83.54277777777777,
              53.32888888888889
            ],
            [
              83.52222222222223,
              53.305
            ],
            [
              83.54833333333333,
              53.30444444444444
            ],
            [
              83.60472222222222,
              53.23361111111111
            ],
            [
              83.57194444444444,
              53.22916666666667
            ],
            [
              83.52583333333334,
              53.285
            ],
            [
              83.32666666666667,
              53.261944444444445
            ],
            [
              83.28444444444445,
              53.325
            ],
            [
              83.1413888888889,
              53.300555555555555
            ],
            [
              83.10805555555555,
              53.31666666666667
            ],
            [
              83.06055555555555,
              53.316944444444445
            ],
            [
              82.9775,
              53.355000000000004
            ],
            [
              82.80527777777777,
              53.276666666666664
            ]
          ]
        ],
        "meta": {
          "shape": "polygon"
        }
      },
      "properties": {
        "title": "L1377/26A02 for Novosibirsk Tolmachevo Airport",
        "text": "From: 2026-10-10 02:00:00+00:00\nTo: 2026-10-12 13:00:00+00:00\n\nAIRSPACE CLSD AS FLW:\n\n1. Within AREA:\n\n   531636N0824819E-531812N0824743E-532019N0825238E-\n\n   532104N0825258E-532245N0825829E-532205N0830152E-\n\n   532015N0830430E-532010N0830716E-531924N0830857E-\n\n   532221N0832306E-532315N0832734E-532411N0832906E-\n\n   532448N0833144E-532441N0833442E-532739N0833437E-\n\n   532937N0833735E-533009N0833953E-533418N0834544E-\n\n   533245N0834700E-532906N0834105E-532835N0833856E-\n\n   532715N0833645E-532319N0833646E-532334N0833210E-\n\n   532305N0833015E-532210N0832849E-532129N0832618E-\n\n   532043N0832648E-532022N0832514E-532112N0832355E-\n\n   531952N0831906E-531739N0832037E-531843N0832453E-\n\n   531817N0832603E-531820N0832913E-532027N0832928E-\n\n   532037N0833101E-532111N0833202E-532025N0833450E-\n\n   531923N0833404E-531944N0833234E-531818N0833120E-\n\n   531816N0833254E-531401N0833617E-531345N0833419E-\n\n   531706N0833133E-531543N0831936E-531930N0831704E-\n\n   531802N0830829E-531900N0830629E-531901N0830338E-\n\n   532118N0825839E-531636N0824819E\n\n   550M AMSL-700M AMSL."
      }
    },
    {
      "type": "Feature",
      "geometry": {
        "type": "Polygon",
        "coordinates": [
          [
            [
              71.91520415744378,
              54.97118719310072
            ],
            [
              71.91635069294347,
              54.97123586140576
            ],
            [
              71.9175,
              54.971252097224934
            ],
            [
              71.91864930705654,
              54.97123586140576
            ],
            [
              71.91979584255623,
              54.97118719310072
            ],
            [
              71.92028028797218,
              54.97115280915521
            ],
            [
              71.93916666666667,
              54.97138888888889
            ],
            [
              71.96555555555555,
              54.961666666666666
            ],
            [
              72.07138888888889,
              54.95666666666667
            ],
            [
              72.25722222222223,
              54.966944444444444
            ],
            [
              72.37833333333333,
              54.98916666666667
            ],
            [
              72.59083333333332,
              55.028055555555554
            ],
            [
              72.56722222222221,
              54.99277777777778
            ],
            [
              72.39083333333333,
              54.963055555555556
            ],
            [
              72.26444444444445,
              54.940555555555555
            ],
            [
              72.07444444444444,
              54.92916666666667
            ],
            [
              71.96416666666667,
              54.93444444444444
            ],
            [
              71.88805555555557,
              54.93333333333333
            ],
            [
              71.80444444444444,
              54.92166666666667
            ],
            [
              71.43805555555556,
              54.909166666666664
            ],
            [
              71.36805555555554,
              54.92472222222222
            ],
            [
              71.30555555555556,
              54.918055555555554
            ],
            [
              71.2238888888889,
              54.91694444444444
            ],
            [
              71.10833333333333,
              54.910555555555554
            ],
            [
              70.97583333333334,
              54.90833333333333
            ],
            [
              70.99333333333334,
              54.92638888888889
            ],
            [
              70.99666666666667,
              54.93555555555555
            ],
            [
              71.10138888888888,
              54.9375
            ],
            [
              71.21916666666667,
              54.94416666666666
            ],
            [
              71.30305555555556,
              54.945277777777775
            ],
            [
              71.37277777777777,
              54.95277777777778
            ],
            [
              71.44555555555556,
              54.93666666666666
            ],
            [
              71.47416666666666,
              54.96
            ],
            [
              71.52055555555556,
              54.96138888888889
            ],
            [
              71.55138888888888,
              54.939722222222215
            ],
            [
              71.75055555555555,
              54.94638888888888
            ],
            [
              71.77694444444444,
              54.96333333333334
            ],
            [
              71.82166666666666,
              54.96638888888889
            ],
            [
              71.84666666666666,
              54.95527777777778
            ],
            [
              71.87416666666665,
              54.95805555555556
            ],
            [
              71.89472222222223,
              54.97083333333334
            ],
            [
              71.91370695922535,
              54.971070642545875
            ],
            [
              71.91406315835411,
              54.971106209672584
            ],
            [
              71.91520415744378,
              54.97118719310072
            ]
          ]
        ],
        "meta": {
          "shape": "polygon"
        }
      },
      "properties": {
        "title": "L1383/26 for Novosibirsk Tolmachevo Airport",
        "text": "From: 2026-10-10 03:00:00+00:00\nTo: 2026-10-13 14:00:00+00:00\n\nAIRSPACE CLSD AS FLW:\n\n1. Within AREA:\n\n   545430N0705833E-545438N0710630E-545501N0711326E-\n\n   545505N0711820E-545529N0712205E-545433N0712617E-\n\n   545518N0714816E-545600N0715317E-545604N0715751E-\n\n   545545N0720428E-545626N0721552E-545747N0722327E-\n\n   545934N0723402E-550141N0723527E-545921N0722242E-\n\n   545801N0721526E-545724N0720417E-545742N0715756E-\n\n   545817N0715621E-545815N0715341E-545729N0715227E-\n\n   545719N0715048E-545759N0714918E-545748N0714637E-\n\n   545647N0714502E-545623N0713305E-545741N0713114E-\n\n   545736N0712827E-545612N0712644E-545710N0712222E-\n\n   545643N0711811E-545639N0711309E-545615N0710605E-\n\n   545608N0705948E-545535N0705936E-545430N0705833E\n\n   350M AMSL-720M AMSL.\n\n2. Within CIRCLE RADIUS 1KM CENTRE 545650N0712955E\n\n   GND-720M AMSL.\n\n3. Within CIRCLE RADIUS 1KM CENTRE 545706N0714807E\n\n   GND-720M AMSL.\n\n4. Within CIRCLE RADIUS 1.5KM CENTRE 545728N0715503E\n\n   GND-720M AMSL."
      }
    },
    {
      "type": "Feature",
      "geometry": {
        "type": "Polygon",
        "coordinates": [
          [
            [
              73.21111111111111,
              55.04083333333333
            ],
            [
              73.32083333333333,
              55.06083333333333
            ],
            [
              73.34722222222221,
              55.06388888888888
            ],
            [
              73.36722222222221,
              55.03611111111111
            ],
            [
              73.41944444444445,
              55.05972222222222
            ],
            [
              73.41166666666668,
              55.06888888888889
            ],
            [
              73.42361111111111,
              55.071111111111115
            ],
            [
              73.48583333333333,
              55.030833333333334
            ],
            [
              73.36444444444444,
              54.98277777777778
            ],
            [
              73.34305555555555,
              54.99638888888889
            ],
            [
              73.33305555555555,
              55.0075
            ],
            [
              73.28138888888888,
              55.02166666666667
            ],
            [
              73.25444444444445,
              55.02194444444444
            ],
            [
              73.25222222222222,
              55.02444444444444
            ],
            [
              73.24666666666667,
              55.024166666666666
            ],
            [
              73.24583333333334,
              55.021388888888886
            ],
            [
              73.24138888888889,
              55.02055555555555
            ],
            [
              73.21055555555556,
              55.026666666666664
            ],
            [
              73.21111111111111,
              55.04083333333333
            ]
          ]
        ],
        "meta": {
          "shape": "polygon"
        }
      },
      "properties": {
        "title": "L1390/26 for Novosibirsk Tolmachevo Airport",
        "text": "From: 2026-10-10 03:00:00+00:00\nTo: 2026-10-14 13:00:00+00:00\n\nAIRSPACE CLSD AS FLW:\n\n1. AREA: 550136N0731238E-550227N0731240E-550339N0731915E-\n\n         550350N0732050E-550210N0732202E-550335N0732510E-\n\n         550408N0732442E-550416N0732525E-550151N0732909E-\n\n         545858N0732152E-545947N0732035E-550027N0731959E-\n\n         550118N0731653E-550119N0731516E-550128N0731508E-\n\n         550127N0731448E-550117N0731445E-550114N0731429E-\n\n         550136N0731238E\n\n   300M AMSL-420M AMSL.\n\n2. Within CIRCLE RADIUS 0.2KM CENTRE 550209N0732103E\n\n   GND-300M AMSL."
      }
    },
    {
      "type": "Feature",
      "geometry": {
        "type": "Polygon",
        "coordinates": [
          [
            [
              73.25555555555556,
              54.88166666666667
            ],
            [
              73.26916666666666,
              54.933611111111105
            ],
            [
              73.28194444444445,
              54.94888888888889
            ],
            [
              73.3111111111111,
              54.948055555555555
            ],
            [
              73.3175,
              54.95416666666667
            ],
            [
              73.33083333333333,
              54.956944444444446
            ],
            [
              73.34555555555555,
              54.95305555555556
            ],
            [
              73.3711111111111,
              54.95472222222222
            ],
            [
              73.33527777777778,
              54.924166666666665
            ],
            [
              73.32416666666666,
              54.90083333333333
            ],
            [
              73.31583333333333,
              54.88027777777778
            ],
            [
              73.25555555555556,
              54.88166666666667
            ]
          ]
        ],
        "meta": {
          "shape": "polygon"
        }
      },
      "properties": {
        "title": "L1392/26 for Novosibirsk Tolmachevo Airport",
        "text": "From: 2026-10-10 03:00:00+00:00\nTo: 2026-10-14 13:00:00+00:00\n\nAIRSPACE CLSD AS FLW:\n\n1. AREA: 545249N0731857E-545403N0731927E-545527N0732007E-\n\n         545717N0732216E-545711N0732044E-545725N0731951E-\n\n         545715N0731903E-545653N0731840E-545656N0731655E-\n\n         545601N0731609E-545254N0731520E-545249N0731857E\n\n   250M AMSL-330M AMSL.\n\n2. Within CIRCLE RADIUS 0.2KM CENTRE 545306N0731700E\n\n   GND-300M AMSL."
      }
    },
    {
      "type": "Feature",
      "geometry": {
        "type": "Polygon",
        "coordinates": [
          [
            [
              73.24027777777778,
              55.01777777777777
            ],
            [
              73.24888888888889,
              55.0175
            ],
            [
              73.26138888888889,
              54.99861111111111
            ],
            [
              73.26444444444445,
              54.99805555555556
            ],
            [
              73.2675,
              54.99888888888889
            ],
            [
              73.26833333333333,
              55.000277777777775
            ],
            [
              73.25777777777778,
              55.01722222222222
            ],
            [
              73.28222222222222,
              55.016666666666666
            ],
            [
              73.33416666666666,
              54.995555555555555
            ],
            [
              73.35749999999999,
              54.978611111111114
            ],
            [
              73.32194444444444,
              54.977222222222224
            ],
            [
              73.30305555555556,
              54.973055555555554
            ],
            [
              73.25138888888888,
              54.976111111111116
            ],
            [
              73.22333333333333,
              54.97083333333334
            ],
            [
              73.21000000000001,
              54.9825
            ],
            [
              73.20972222222223,
              55.0225
            ],
            [
              73.24027777777778,
              55.01777777777777
            ]
          ]
        ],
        "meta": {
          "shape": "polygon"
        }
      },
      "properties": {
        "title": "L1394/26 for Novosibirsk Tolmachevo Airport",
        "text": "From: 2026-10-10 03:00:00+00:00\nTo: 2026-10-14 13:00:00+00:00\n\nAIRSPACE CLSD AS FLW:\n\n1. AREA: 550121N0731235E-550104N0731425E-550103N0731456E-\n\n         545955N0731541E-545953N0731552E-545956N0731603E-\n\n         550001N0731606E-550102N0731528E-550100N0731656E-\n\n         545944N0732003E-545843N0732127E-545838N0731919E-\n\n         545823N0731811E-545834N0731505E-545815N0731324E-\n\n         545857N0731236E-550121N0731235E\n\n   260M AMSL-330M AMSL.\n\n2. Within CIRCLE RADIUS 0.2KM CENTRE 545911N0731301E\n\n   GND-300M AMSL."
      }
    },
    {
      "type": "Feature",
      "geometry": {
        "type": "Polygon",
        "coordinates": [
          [
            [
              78.17666666666668,
              60.613055555555555
            ],
            [
              78.19916666666667,
              60.61083333333333
            ],
            [
              78.5945219531024,
              60.73211982581781
            ],
            [
              78.59450625106507,
              60.73212790116898
            ],
            [
              78.5943887310806,
              60.73219460870634
            ],
            [
              78.59427803649999,
              60.732264059505525
            ],
            [
              78.5941744340138,
              60.732336086270635
            ],
            [
              78.5940781732339,
              60.732410515499524
            ],
            [
              78.59398948609194,
              60.73248716790158
            ],
            [
              78.59390858628024,
              60.73256585882964
            ],
            [
              78.59383566873672,
              60.73264639872454
            ],
            [
              78.59377090917482,
              60.7327285935717
            ],
            [
              78.59371446365967,
              60.73281224536842
            ],
            [
              78.59366646823169,
              60.73289715260071
            ],
            [
              78.59362703857826,
              60.732983110728675
            ],
            [
              78.59359626975434,
              60.73306991267921
            ],
            [
              78.59357423595303,
              60.73315734934478
            ],
            [
              78.59356099032598,
              60.73324521008709
            ],
            [
              78.59355656485477,
              60.7333332832445
            ],
            [
              78.59356097027315,
              60.73342135664196
            ],
            [
              78.59357419604048,
              60.73350921810203
            ],
            [
              78.59359621036646,
              60.73359665595619
            ],
            [
              78.59362696028695,
              60.733683459554705
            ],
            [
              78.593666371791,
              60.733769419774156
            ],
            [
              78.59371434999834,
              60.73385432952128
            ],
            [
              78.59377077938747,
              60.73393798423199
            ],
            [
              78.59383552407328,
              60.73402018236425
            ],
            [
              78.5939084281339,
              60.73410072588367
            ],
            [
              78.59398931598572,
              60.73417942074082
            ],
            [
              78.59407799280605,
              60.73425607733866
            ],
            [
              78.59417424500191,
              60.73433051098961
            ],
            [
              78.59427784072436,
              60.7344025423605
            ],
            [
              78.59438853042664,
              60.73447199790481
            ],
            [
              78.59450604746523,
              60.73453871028096
            ],
            [
              78.59463010874188,
              60.73460251875548
            ],
            [
              78.59476041538571,
              60.73466326959055
            ],
            [
              78.59489665347306,
              60.73472081641441
            ],
            [
              78.59503849478378,
              60.73477502057427
            ],
            [
              78.59518559759216,
              60.734825751470424
            ],
            [
              78.59533760749018,
              60.734872886871074
            ],
            [
              78.59549415824175,
              60.73491631320693
            ],
            [
              78.59565487266507,
              60.73495592584499
            ],
            [
              78.59581936354186,
              60.734991629340776
            ],
            [
              78.59598723455052,
              60.73502333766831
            ],
            [
              78.59615808122133,
              60.735050974427615
            ],
            [
              78.5963314919115,
              60.73507447302881
            ],
            [
              78.59650704879726,
              60.735093776852594
            ],
            [
              78.59668432888118,
              60.73510883938681
            ],
            [
              78.59686290501175,
              60.73511962433857
            ],
            [
              78.59704234691308,
              60.73512610572167
            ],
            [
              78.5972222222222,
              60.735128267919286
            ],
            [
              78.59740209753133,
              60.73512610572167
            ],
            [
              78.59758153943265,
              60.73511962433857
            ],
            [
              78.59776011556322,
              60.73510883938681
            ],
            [
              78.59793739564714,
              60.735093776852594
            ],
            [
              78.59811295253292,
              60.73507447302881
            ],
            [
              78.59828636322307,
              60.735050974427615
            ],
            [
              78.5984572098939,
              60.73502333766831
            ],
            [
              78.59862508090252,
              60.734991629340776
            ],
            [
              78.59878957177934,
              60.73495592584499
            ],
            [
              78.59895028620267,
              60.73491631320693
            ],
            [
              78.5991068369542,
              60.734872886871074
            ],
            [
              78.59925884685225,
              60.734825751470424
            ],
            [
              78.59940594966062,
              60.73477502057427
            ],
            [
              78.59954779097136,
              60.73472081641441
            ],
            [
              78.5996840290587,
              60.734663269590534
            ],
            [
              78.59981433570253,
              60.73460251875548
            ],
            [
              78.59993839697918,
              60.73453871028096
            ],
            [
              78.60005591401776,
              60.73447199790481
            ],
            [
              78.60016660372006,
              60.7344025423605
            ],
            [
              78.6002701994425,
              60.73433051098961
            ],
            [
              78.60036645163837,
              60.73425607733866
            ],
            [
              78.60045512845869,
              60.73417942074082
            ],
            [
              78.6005360163105,
              60.73410072588367
            ],
            [
              78.60060892037113,
              60.73402018236425
            ],
            [
              78.60067366505693,
              60.73393798423199
            ],
            [
              78.60073009444606,
              60.73385432952128
            ],
            [
              78.6007780726534,
              60.733769419774156
            ],
            [
              78.60081748415745,
              60.73368345955472
            ],
            [
              78.60084823407794,
              60.73359665595619
            ],
            [
              78.60087024840394,
              60.73350921810203
            ],
            [
              78.60088347417127,
              60.73342135664196
            ],
            [
              78.60088787958964,
              60.7333332832445
            ],
            [
              78.60088345411843,
              60.73324521008709
            ],
            [
              78.60087020849137,
              60.73315734934478
            ],
            [
              78.60084817469006,
              60.73306991267921
            ],
            [
              78.60081740586615,
              60.732983110728675
            ],
            [
              78.60077797621271,
              60.73289715260071
            ],
            [
              78.60072998078473,
              60.73281224536842
            ],
            [
              78.60067353526959,
              60.7327285935717
            ],
            [
              78.60060877570768,
              60.73264639872454
            ],
            [
              78.60053585816418,
              60.73256585882964
            ],
            [
              78.60045495835247,
              60.73248716790158
            ],
            [
              78.6003662712105,
              60.73241051549951
            ],
            [
              78.6002700104306,
              60.732336086270635
            ],
            [
              78.60016640794443,
              60.732264059505525
            ],
            [
              78.6000557133638,
              60.73219460870634
            ],
            [
              78.59993819337933,
              60.73212790116898
            ],
            [
              78.59981413111753,
              60.73206409758029
            ],
            [
              78.59968382545883,
              60.732003351631064
            ],
            [
              78.5995475903174,
              60.73194580964598
            ],
            [
              78.599405753885,
              60.731891610231244
            ],
            [
              78.59925865784037,
              60.73184088394086
            ],
            [
              78.59910665652636,
              60.7317937529623
            ],
            [
              78.59895011609645,
              60.731750330822216
            ],
            [
              78.59878941363299,
              60.73171072211322
            ],
            [
              78.59862493623909,
              60.73167502224199
            ],
            [
              78.59845708010653,
              60.73164331719953
            ],
            [
              78.59828624956174,
              60.73161568335421
            ],
            [
              78.5981128560922,
              60.73159218726789
            ],
            [
              78.59793731735586,
              60.73157288553559
            ],
            [
              78.59776005617533,
              60.73155782464933
            ],
            [
              78.5975814995201,
              60.73154704088617
            ],
            [
              78.59740207747849,
              60.731540560220836
            ],
            [
              78.5972222222222,
              60.73153839826323
            ],
            [
              78.59704236696592,
              60.731540560220836
            ],
            [
              78.5968629449243,
              60.73154704088617
            ],
            [
              78.59668438826908,
              60.73155782464933
            ],
            [
              78.59650712708856,
              60.73157288553559
            ],
            [
              78.5963315883522,
              60.73159218726789
            ],
            [
              78.59615819488268,
              60.73161568335421
            ],
            [
              78.59598736433787,
              60.73164331719953
            ],
            [
              78.59581950820531,
              60.73167502224199
            ],
            [
              78.5957896472943,
              60.73168150356233
            ],
            [
              78.59444444444443,
              60.730000000000004
            ],
            [
              78.13889193049893,
              60.50803643089065
            ],
            [
              78.17666666666668,
              60.613055555555555
            ]
          ]
        ],
        "meta": {
          "shape": "polygon"
        }
      },
      "properties": {
        "title": "L1401/26 for Novosibirsk Tolmachevo Airport",
        "text": "From: 2026-10-12 04:00:00+00:00\nTo: 2026-10-13 11:00:00+00:00\n\nAIRSPACE CLSD AS FLW:\n\n1. Within 0.5KM EITHER SIDE OF LINE JOINING POINTS:\n\n   604358N0783548E-603639N0781157E-603647N0781036E-\n\n   603015N0780815E-603007N0780735E-604348N0783540E.\n\n   320M AMSL-650M AMSL.\n\n2. Within CIRCLE RADIUS 0.2KM CENTRE 604400N0783550E\n\n   GND-390M AMSL."
      }
    },
    {
      "type": "Feature",
      "geometry": {
        "type": "Polygon",
        "coordinates": [
          [
            [
              82.96000000000001,
              55.0125
            ],
            [
              82.97333333333333,
              55.007222222222225
            ],
            [
              82.96472222222222,
              55.000277777777775
            ],
            [
              82.95111111111112,
              55.00555555555555
            ],
            [
              82.96000000000001,
              55.0125
            ]
          ]
        ],
        "meta": {
          "shape": "polygon"
        }
      },
      "properties": {
        "title": "L1403/26 for Novosibirsk Tolmachevo Airport",
        "text": "From: 2026-10-10 03:00:00+00:00\nTo: 2026-10-12 13:00:00+00:00\n\nAIRSPACE CLSD Within AREA:\n\n550045N0825736E-550026N0825824E-550001N0825753E-550020N0825704E-\n\n550045N0825736E."
      }
    },
    {
      "type": "Feature",
      "geometry": {
        "type": "Polygon",
        "coordinates": [
          [
            [
              84.71717400921916,
              56.352802014697836
            ],
            [
              84.71647192008355,
              56.35259651280576
            ],
            [
              84.71573693996919,
              56.35243020501376
            ],
            [
              84.714976145218,
              56.352304692439425
            ],
            [
              84.71419686045213,
              56.35222118343331
            ],
            [
              84.71340658812011,
              56.352180481957255
            ],
            [
              84.71261293633987,
              56.35218297985256
            ],
            [
              84.71182354572962,
              56.35222865307141
            ],
            [
              84.71104601592761,
              56.352317061908245
            ],
            [
              84.71028783250426,
              56.35244735522848
            ],
            [
              84.70955629496683,
              56.35261827865418
            ],
            [
              84.70885844654612,
              56.35282818662845
            ],
            [
              84.70820100643843,
              56.35307505824261
            ],
            [
              84.70759030515238,
              56.35335651667493
            ],
            [
              84.70703222358094,
              56.35366985205428
            ],
            [
              84.70653213638434,
              56.354012047529764
            ],
            [
              84.70609486022798,
              56.354379808296144
            ],
            [
              84.70572460737415,
              56.35476959329688
            ],
            [
              84.7054249450752,
              56.355177649300195
            ],
            [
              84.70519876116072,
              56.35560004702134
            ],
            [
              84.70504823615256,
              56.35603271894381
            ],
            [
              84.7049748221789,
              56.35647149847624
            ],
            [
              84.70497922889369,
              56.3569121600683
            ],
            [
              84.7050614165411,
              56.357350459899884
            ],
            [
              84.70522059623515,
              56.357782176751634
            ],
            [
              84.70545523745629,
              56.35820315266349
            ],
            [
              84.7057630826962,
              56.35860933298925
            ],
            [
              84.70614116911368,
              56.35899680546117
            ],
            [
              84.70658585699631,
              56.35936183788741
            ],
            [
              84.70709286475649,
              56.3597009141191
            ],
            [
              84.70765731012686,
              56.36001076793905
            ],
            [
              84.70827375716037,
              56.36028841454524
            ],
            [
              84.70893626858233,
              56.36053117932452
            ],
            [
              84.76227311298324,
              56.37803293952477
            ],
            [
              84.76297591617372,
              56.378238181076455
            ],
            [
              84.76371159863936,
              56.37840420800464
            ],
            [
              84.76447307343165,
              56.378529420862186
            ],
            [
              84.76525300487883,
              56.37861261337724
            ],
            [
              84.76604387931913,
              56.37865298408579
            ],
            [
              84.76683807755731,
              56.37865014406074
            ],
            [
              84.7676279483433,
              56.378604120662736
            ],
            [
              84.76840588216116,
              56.37851535727623
            ],
            [
              84.769164384614,
              56.37838470903359
            ],
            [
              84.76989614869403,
              56.37821343456842
            ],
            [
              84.77059412523808,
              56.378003183878135
            ],
            [
              84.77125159088708,
              56.377755982413134
            ],
            [
              84.77186221289189,
              56.377474211546755
            ],
            [
              84.77242011013936,
              56.37716058561489
            ],
            [
              84.77291990980946,
              56.376818125747434
            ],
            [
              84.77335679911708,
              56.37645013074469
            ],
            [
              84.77372657164027,
              56.37606014528026
            ],
            [
              84.77402566778959,
              56.37565192573777
            ],
            [
              84.77425120903031,
              56.37522940401136
            ],
            [
              84.77440102553034,
              56.37479664961954
            ],
            [
              84.77447367697019,
              56.37435783049801
            ],
            [
              84.77446846631817,
              56.37391717284963
            ],
            [
              84.77438544644166,
              56.37347892043863
            ],
            [
              84.77422541949474,
              56.373047293721186
            ],
            [
              84.77398992909205,
              56.37262644920603
            ],
            [
              84.77368124534817,
              56.37222043943637
            ],
            [
              84.77330234293011,
              56.371833173977635
            ],
            [
              84.77285687233768,
              56.37146838178678
            ],
            [
              84.77234912469103,
              56.371129575324126
            ],
            [
              84.77178399036667,
              56.37082001675301
            ],
            [
              84.77116691188166,
              56.370542686551225
            ],
            [
              84.7705038314806,
              56.370300254835925
            ],
            [
              84.71717400921916,
              56.352802014697836
            ]
          ]
        ],
        "meta": {
          "shape": "line_corridor"
        }
      },
      "properties": {
        "title": "L1410/26 for Novosibirsk Tolmachevo Airport",
        "text": "From: 2026-10-10 04:00:00+00:00\nTo: 2026-10-11 11:00:00+00:00\n\nAIRSPACE CLSD Within 0.5KM EITHER SIDE OF LINE JOINING POINTS:\n\n562227N0844559E-562124N0844247E."
      }
    },
    {
      "type": "Feature",
      "geometry": {
        "type": "Polygon",
        "coordinates": [
          [
            [
              84.7579802226253,
              53.099976595522854
            ],
            [
              84.75788649601465,
              53.09777212015185
            ],
            [
              84.75761319241573,
              53.09557306700812
            ],
            [
              84.75716099748084,
              53.0933847325754
            ],
            [
              84.75653102728728,
              53.09121238672363
            ],
            [
              84.75572482539188,
              53.08906126003303
            ],
            [
              84.75474435886359,
              53.08693653122017
            ],
            [
              84.7535920133057,
              53.084843314696435
            ],
            [
              84.75227058688269,
              53.08278664828782
            ],
            [
              84.75078328336733,
              53.080771481146
            ],
            [
              84.74913370422777,
              53.078802661878704
            ],
            [
              84.74732583977476,
              53.07688492692799
            ],
            [
              84.74536405939236,
              53.075022889223455
            ],
            [
              84.74325310087724,
              53.073221027137244
            ],
            [
              84.74099805891329,
              53.07148367376699
            ],
            [
              84.73860437271045,
              53.06981500657144
            ],
            [
              84.73607781283845,
              53.06821903738335
            ],
            [
              84.73342446728763,
              53.06669960282283
            ],
            [
              84.73065072679086,
              53.065260355133475
            ],
            [
              84.72776326944188,
              53.06390475346268
            ],
            [
              84.72476904464729,
              53.062636055606234
            ],
            [
              84.72167525644986,
              53.061457310236605
            ],
            [
              84.71848934626344,
              53.06037134963257
            ],
            [
              84.71521897505956,
              53.05938078292728
            ],
            [
              84.71187200504784,
              53.05848798989018
            ],
            [
              84.70845648089309,
              53.057695115257225
            ],
            [
              84.70498061051259,
              53.05700406362226
            ],
            [
              84.7014527454983,
              53.05641649490163
            ],
            [
              84.69788136120923,
              53.055933820382165
            ],
            [
              84.69427503657988,
              53.05555719936164
            ],
            [
              84.69064243369132,
              53.05528753638957
            ],
            [
              84.68699227715162,
              53.05512547911465
            ],
            [
              84.6833333333333,
              53.055071416743495
            ],
            [
              84.67967438951499,
              53.05512547911465
            ],
            [
              84.67602423297528,
              53.05528753638957
            ],
            [
              84.67239163008671,
              53.05555719936164
            ],
            [
              84.66878530545738,
              53.055933820382165
            ],
            [
              84.66521392116829,
              53.05641649490163
            ],
            [
              84.66168605615401,
              53.05700406362226
            ],
            [
              84.65821018577351,
              53.057695115257225
            ],
            [
              84.65479466161875,
              53.05848798989018
            ],
            [
              84.65144769160705,
              53.05938078292728
            ],
            [
              84.64817732040316,
              53.06037134963257
            ],
            [
              84.64499141021673,
              53.061457310236605
            ],
            [
              84.64189762201931,
              53.06263605560624
            ],
            [
              84.63890339722472,
              53.06390475346268
            ],
            [
              84.63601593987573,
              53.065260355133475
            ],
            [
              84.63324219937896,
              53.06669960282283
            ],
            [
              84.63058885382814,
              53.06821903738335
            ],
            [
              84.62806229395615,
              53.06981500657144
            ],
            [
              84.62566860775331,
              53.07148367376699
            ],
            [
              84.62341356578935,
              53.073221027137244
            ],
            [
              84.62130260727425,
              53.075022889223455
            ],
            [
              84.61934082689184,
              53.07688492692799
            ],
            [
              84.61753296243883,
              53.078802661878704
            ],
            [
              84.61588338329928,
              53.080771481146
            ],
            [
              84.61439607978392,
              53.08278664828782
            ],
            [
              84.61307465336088,
              53.084843314696435
            ],
            [
              84.61192230780301,
              53.08693653122017
            ],
            [
              84.61094184127471,
              53.08906126003303
            ],
            [
              84.61013563937932,
              53.09121238672363
            ],
            [
              84.60950566918576,
              53.0933847325754
            ],
            [
              84.60905347425087,
              53.09557306700812
            ],
            [
              84.60878017065195,
              53.09777212015185
            ],
            [
              84.6086864440413,
              53.099976595522854
            ],
            [
              84.60877254773224,
              53.10218118277116
            ],
            [
              84.60903830182401,
              53.10438057046939
            ],
            [
              84.60948309336995,
              53.10656945891182
            ],
            [
              84.61010587759114,
              53.108742572893185
            ],
            [
              84.61090518013533,
              53.110894674435784
            ],
            [
              84.61187910037796,
              53.1130205754347
            ],
            [
              84.61302531575986,
              53.115115150189844
            ],
            [
              84.61434108715342,
              53.117173347794754
            ],
            [
              84.61582326524686,
              53.11919020435156
            ],
            [
              84.61746829793267,
              53.1211608549826
            ],
            [
              84.61927223868506,
              53.12308054560883
            ],
            [
              84.62123075590746,
              53.12494464446651
            ],
            [
              84.6233391432294,
              53.12674865333347
            ],
            [
              84.62559233072926,
              53.128488218437475
            ],
            [
              84.62798489705683,
              53.13015914101959
            ],
            [
              84.63051108242773,
              53.13175738752647
            ],
            [
              84.63316480245855,
              53.13327909940619
            ],
            [
              84.63593966281026,
              53.13472060248331
            ],
            [
              84.6388289746046,
              53.13607841588982
            ],
            [
              84.64182577057596,
              53.13734926052965
            ],
            [
              84.64492282191995,
              53.13853006705562
            ],
            [
              84.64811265579698,
              53.13961798333884
            ],
            [
              84.65138757344846,
              53.14061038141183
            ],
            [
              84.65473966888001,
              53.14150486386806
            ],
            [
              84.6581608480663,
              53.14229926970144
            ],
            [
              84.66164284862896,
              53.14299167957178
            ],
            [
              84.66517725993891,
              53.143580420482124
            ],
            [
              84.66875554359265,
              53.14406406985678
            ],
            [
              84.67236905421076,
              53.144441459009535
            ],
            [
              84.67600906050701,
              53.14471167599328
            ],
            [
              84.67966676657414,
              53.1448740678239
            ],
            [
              84.6833333333333,
              53.14492824207276
            ],
            [
              84.68699990009245,
              53.1448740678239
            ],
            [
              84.69065760615958,
              53.144711675993285
            ],
            [
              84.69429761245583,
              53.144441459009535
            ],
            [
              84.69791112307395,
              53.144064069856775
            ],
            [
              84.70148940672769,
              53.143580420482124
            ],
            [
              84.70502381803765,
              53.14299167957178
            ],
            [
              84.7085058186003,
              53.14229926970143
            ],
            [
              84.71192699778659,
              53.14150486386806
            ],
            [
              84.71527909321813,
              53.14061038141183
            ],
            [
              84.7185540108696,
              53.13961798333885
            ],
            [
              84.72174384474665,
              53.13853006705562
            ],
            [
              84.72484089609063,
              53.13734926052966
            ],
            [
              84.72783769206198,
              53.13607841588983
            ],
            [
              84.73072700385634,
              53.13472060248331
            ],
            [
              84.73350186420805,
              53.13327909940618
            ],
            [
              84.73615558423887,
              53.13175738752647
            ],
            [
              84.73868176960976,
              53.13015914101959
            ],
            [
              84.74107433593734,
              53.128488218437475
            ],
            [
              84.74332752343719,
              53.12674865333347
            ],
            [
              84.74543591075914,
              53.1249446444665
            ],
            [
              84.74739442798155,
              53.12308054560883
            ],
            [
              84.74919836873393,
              53.12116085498259
            ],
            [
              84.75084340141973,
              53.11919020435156
            ],
            [
              84.75232557951317,
              53.117173347794754
            ],
            [
              84.75364135090675,
              53.115115150189844
            ],
            [
              84.75478756628863,
              53.1130205754347
            ],
            [
              84.75576148653126,
              53.11089467443579
            ],
            [
              84.75656078907545,
              53.10874257289319
            ],
            [
              84.75718357329664,
              53.10656945891183
            ],
            [
              84.75762836484257,
              53.10438057046939
            ],
            [
              84.75789411893435,
              53.10218118277116
            ],
            [
              84.7579802226253,
              53.099976595522854
            ]
          ]
        ],
        "meta": {
          "shape": "circle"
        }
      },
      "properties": {
        "title": "L1412/26 for Novosibirsk Tolmachevo Airport",
        "text": "From: 2026-10-09 06:00:00+00:00\nTo: 2026-10-09 12:00:00+00:00\n\nAIRSPACE CLSD Within CIRCLE RADIUS 5KM CENTRE 530600N0844100E."
      }
    },
    {
      "type": "Feature",
      "geometry": {
        "type": "Polygon",
        "coordinates": [
          [
            [
              82.92674068015677,
              55.05499995978139
            ],
            [
              82.92673690358669,
              55.05491180739463
            ],
            [
              82.9267255967584,
              55.054823867566384
            ],
            [
              82.92670678696012,
              55.05473635214932
            ],
            [
              82.9266805195545,
              55.05464947197228
            ],
            [
              82.92664685786872,
              55.05456343633249
            ],
            [
              82.92660588304163,
              55.054478452491225
            ],
            [
              82.92655769382777,
              55.05439472517479
            ],
            [
              82.92650240635906,
              55.05431245608115
            ],
            [
              82.9264401538646,
              55.054231843394255
            ],
            [
              82.92637108634948,
              55.054153081306644
            ],
            [
              82.9262953702329,
              55.054076359551715
            ],
            [
              82.92621318794721,
              55.05400186294676
            ],
            [
              82.92612473749791,
              55.05392977094783
            ],
            [
              82.92603023198664,
              55.0538602572175
            ],
            [
              82.92592989909745,
              55.05379348920675
            ],
            [
              82.92582398054842,
              55.05372962775154
            ],
            [
              82.92571273150895,
              55.05366882668556
            ],
            [
              82.92559641998535,
              55.05361123246981
            ],
            [
              82.92547532617496,
              55.05355698383974
            ],
            [
              82.9253497417913,
              55.05350621147137
            ],
            [
              82.92521996936142,
              55.053459037666414
            ],
            [
              82.92508632149725,
              55.05341557605793
            ],
            [
              82.92494912014267,
              55.05337593133659
            ],
            [
              82.9248086957982,
              55.05334019899863
            ],
            [
              82.92466538672504,
              55.05330846511591
            ],
            [
              82.9245195381305,
              55.053280806128605
            ],
            [
              82.92437150133674,
              55.05325728866123
            ],
            [
              82.9242216329348,
              55.053237969362115
            ],
            [
              82.92407029392591,
              55.05322289476712
            ],
            [
              82.92391784885223,
              55.053212101187476
            ],
            [
              82.92376466491916,
              55.05320561462244
            ],
            [
              82.9236111111111,
              55.053203450696635
            ],
            [
              82.92345755730304,
              55.05320561462244
            ],
            [
              82.92330437336997,
              55.053212101187476
            ],
            [
              82.92315192829629,
              55.05322289476712
            ],
            [
              82.9230005892874,
              55.053237969362115
            ],
            [
              82.92285072088546,
              55.05325728866123
            ],
            [
              82.9227026840917,
              55.0532808061286
            ],
            [
              82.92255683549716,
              55.05330846511591
            ],
            [
              82.922413526424,
              55.05334019899863
            ],
            [
              82.92227310207952,
              55.05337593133659
            ],
            [
              82.92213590072494,
              55.05341557605793
            ],
            [
              82.92200225286078,
              55.053459037666414
            ],
            [
              82.9218724804309,
              55.05350621147136
            ],
            [
              82.92174689604724,
              55.05355698383974
            ],
            [
              82.92162580223685,
              55.05361123246981
            ],
            [
              82.92150949071325,
              55.05366882668556
            ],
            [
              82.92139824167378,
              55.05372962775154
            ],
            [
              82.92129232312473,
              55.05379348920675
            ],
            [
              82.92119199023556,
              55.0538602572175
            ],
            [
              82.92109748472427,
              55.05392977094783
            ],
            [
              82.92100903427499,
              55.05400186294676
            ],
            [
              82.92092685198928,
              55.05407635955172
            ],
            [
              82.92085113587272,
              55.054153081306644
            ],
            [
              82.9207820683576,
              55.054231843394255
            ],
            [
              82.92071981586314,
              55.05431245608115
            ],
            [
              82.92066452839441,
              55.05439472517479
            ],
            [
              82.92061633918055,
              55.054478452491225
            ],
            [
              82.92057536435348,
              55.05456343633249
            ],
            [
              82.92054170266772,
              55.05464947197228
            ],
            [
              82.92051543526208,
              55.05473635214932
            ],
            [
              82.9204966254638,
              55.054823867566384
            ],
            [
              82.9204853186355,
              55.05491180739463
            ],
            [
              82.92048154206543,
              55.05499995978139
            ],
            [
              82.92048530490128,
              55.05508811236051
            ],
            [
              82.92049659812758,
              55.05517605276403
            ],
            [
              82.92051539458716,
              55.055263569133764
            ],
            [
              82.9205416490458,
              55.05535045063163
            ],
            [
              82.920575298301,
              55.055436487947745
            ],
            [
              82.9206162613336,
              55.05552147380463
            ],
            [
              82.92066443950272,
              55.05560520345663
            ],
            [
              82.92071971678278,
              55.05568747518325
            ],
            [
              82.92078196004275,
              55.05576809077516
            ],
            [
              82.92085101936655,
              55.0558468560119
            ],
            [
              82.92092672841378,
              55.055923581129704
            ],
            [
              82.92100890482025,
              55.05599808127892
            ],
            [
              82.92109735063704,
              55.056070176969364
            ],
            [
              82.92119185280715,
              55.056139694502875
            ],
            [
              82.92129218367867,
              55.05620646639187
            ],
            [
              82.921398101553,
              55.05627033176306
            ],
            [
              82.92150935126719,
              55.056331136744994
            ],
            [
              82.92162566480845,
              55.056388734839004
            ],
            [
              82.92174676196002,
              55.056442987272256
            ],
            [
              82.92187235097619,
              55.056493763332135
            ],
            [
              82.92200212928527,
              55.05654094068135
            ],
            [
              82.92213578421875,
              55.056584405652714
            ],
            [
              82.9222729937647,
              55.05662405352318
            ],
            [
              82.92241342734363,
              55.056659788766154
            ],
            [
              82.92255674660548,
              55.05669152528187
            ],
            [
              82.92270260624477,
              55.05671918660471
            ],
            [
              82.92285065483298,
              55.05674270608774
            ],
            [
              82.9230005356655,
              55.05676202706316
            ],
            [
              82.92315188762137,
              55.056777102978984
            ],
            [
              82.92330434603376,
              55.05678789751128
            ],
            [
              82.9234575435688,
              55.0567943846516
            ],
            [
              82.9236111111111,
              55.05679654876978
            ],
            [
              82.9237646786534,
              55.0567943846516
            ],
            [
              82.92391787618844,
              55.05678789751128
            ],
            [
              82.92407033460081,
              55.056777102978984
            ],
            [
              82.9242216865567,
              55.05676202706316
            ],
            [
              82.92437156738922,
              55.05674270608774
            ],
            [
              82.92451961597743,
              55.05671918660472
            ],
            [
              82.92466547561672,
              55.05669152528187
            ],
            [
              82.92480879487856,
              55.05665978876616
            ],
            [
              82.9249492284575,
              55.05662405352318
            ],
            [
              82.92508643800343,
              55.056584405652714
            ],
            [
              82.92522009293693,
              55.05654094068135
            ],
            [
              82.92534987124603,
              55.056493763332135
            ],
            [
              82.92547546026218,
              55.05644298727225
            ],
            [
              82.92559655741375,
              55.056388734839004
            ],
            [
              82.92571287095502,
              55.056331136744994
            ],
            [
              82.92582412066919,
              55.05627033176306
            ],
            [
              82.92593003854353,
              55.05620646639188
            ],
            [
              82.92603036941503,
              55.056139694502875
            ],
            [
              82.92612487158516,
              55.05607017696937
            ],
            [
              82.92621331740195,
              55.05599808127892
            ],
            [
              82.92629549380841,
              55.055923581129704
            ],
            [
              82.92637120285565,
              55.0558468560119
            ],
            [
              82.92644026217944,
              55.05576809077517
            ],
            [
              82.92650250543942,
              55.055687475183234
            ],
            [
              82.92655778271947,
              55.05560520345663
            ],
            [
              82.9266059608886,
              55.055521473804625
            ],
            [
              82.9266469239212,
              55.055436487947745
            ],
            [
              82.9266805731764,
              55.05535045063163
            ],
            [
              82.92670682763504,
              55.055263569133764
            ],
            [
              82.9267256240946,
              55.05517605276403
            ],
            [
              82.92673691732092,
              55.05508811236051
            ],
            [
              82.92674068015677,
              55.05499995978139
            ]
          ]
        ],
        "meta": {
          "shape": "circle"
        }
      },
      "properties": {
        "title": "L1414/26 for Novosibirsk Tolmachevo Airport",
        "text": "From: 2026-10-10 10:00:00+00:00\nTo: 2026-10-11 11:00:00+00:00\n\nAIRSPACE CLSD Within CIRCLE RADIUS 0.2KM CENTRE 550318N0825525E."
      }
    },
    {
      "type": "Feature",
      "geometry": {
        "type": "Polygon",
        "coordinates": [
          [
            [
              75.74361111111111,
              55.21611111111111
            ],
            [
              75.76138888888889,
              55.23277777777778
            ],
            [
              75.985,
              55.28583333333333
            ],
            [
              76.01361111111112,
              55.276944444444446
            ],
            [
              76.24666666666667,
              55.31666666666667
            ],
            [
              76.44333333333334,
              55.30444444444444
            ],
            [
              76.74805555555555,
              55.344166666666666
            ],
            [
              76.81138888888889,
              55.36194444444445
            ],
            [
              76.81666666666666,
              55.37138888888889
            ],
            [
              76.83611111111111,
              55.37583333333333
            ],
            [
              76.84777777777778,
              55.36805555555556
            ],
            [
              76.97805555555556,
              55.41277777777778
            ],
            [
              77.20194444444445,
              55.38916666666667
            ],
            [
              77.44305555555556,
              55.400277777777774
            ],
            [
              77.91888888888889,
              55.36333333333334
            ],
            [
              78.33,
              55.396388888888886
            ],
            [
              78.33027777777778,
              55.37388888888889
            ],
            [
              78.24972222222222,
              55.35722222222223
            ],
            [
              77.92222222222223,
              55.33027777777778
            ],
            [
              77.48611111111111,
              55.359722222222224
            ],
            [
              77.51916666666666,
              55.30916666666666
            ],
            [
              77.47166666666666,
              55.300555555555555
            ],
            [
              77.42750000000001,
              55.34111111111111
            ],
            [
              77.42027777777778,
              55.37555555555556
            ],
            [
              77.19972222222222,
              55.35611111111111
            ],
            [
              76.98305555555555,
              55.382777777777775
            ],
            [
              76.76555555555555,
              55.315555555555555
            ],
            [
              76.44500000000001,
              55.27972222222222
            ],
            [
              76.25166666666667,
              55.293055555555554
            ],
            [
              75.9413888888889,
              55.24194444444444
            ],
            [
              75.94416666666667,
              55.22416666666667
            ],
            [
              75.90805555555556,
              55.220555555555556
            ],
            [
              75.89916666666667,
              55.23833333333334
            ],
            [
              75.78944444444444,
              55.21527777777778
            ],
            [
              75.76888888888888,
              55.19499999999999
            ],
            [
              75.30222222222221,
              55.15611111111111
            ],
            [
              75.29638888888888,
              55.172777777777775
            ],
            [
              75.3111111111111,
              55.176944444444445
            ],
            [
              75.74361111111111,
              55.21611111111111
            ]
          ]
        ],
        "meta": {
          "shape": "polygon"
        }
      },
      "properties": {
        "title": "L1415/26 for Novosibirsk Tolmachevo Airport",
        "text": "From: 2026-10-11 02:00:00+00:00\nTo: 2026-10-16 13:00:00+00:00\n\nAIRSPACE CLSD AS FLW:\n\n1. AREA: 551022N0751747E-550922N0751808E-551142N0754608E-\n\n         551255N0754722E-551418N0755357E-551314N0755429E-\n\n         551327N0755639E-551431N0755629E-551735N0761506E-\n\n         551647N0762642E-551856N0764556E-552258N0765859E-\n\n         552122N0771159E-552232N0772513E-552028N0772539E-\n\n         551802N0772818E-551833N0773109E-552135N0772910E-\n\n         551949N0775520E-552126N0781459E-552226N0781949E-\n\n         552347N0781948E-552148N0775508E-552401N0772635E-\n\n         552321N0771207E-552446N0765841E-552205N0765052E-\n\n         552233N0765010E-552217N0764900E-552143N0764841E-\n\n         552039N0764453E-551816N0762636E-551900N0761448E-\n\n         551637N0760049E-551709N0755906E-551358N0754541E-\n\n         551258N0754437E-551037N0751840E-551022N0751747E,\n\n   450M AMSL-750M AMSL.\n\n2. Within CIRCLE RADIUS 1KM CENTRE 552200N0772623E,\n\n3. Within CIRCLE RADIUS 1KM CENTRE 552042N0772640E,\n\n4. Within CIRCLE RADIUS 1KM CENTRE 551627N0755903E,\n\n5. Within CIRCLE RADIUS 1KM CENTRE 552151N0764953E,\n\n   GND-750M AMSL."
      }
    },
    {
      "type": "Feature",
      "geometry": null,
      "properties": {
        "title": "L0520/26 for None",
        "text": "From: 2026-10-01 10:16:00+00:00\nTo: 2026-11-01 23:59:00+00:00\n\nCHECKLIST:\n\n  YEAR=2026 0001 0006 0008 0009 0010 0011 0012 0014 0016 0019 0020\n\n  0021 0022 0023 0025 0027 0028 0029 0031 0032 0033 0034 0036 0037\n\n  0038 0039 0040 0041 0042 0043 0044 0045 0046 0051 0063 0065 0067\n\n  0072 0073 0074 0077 0090 0091 0092 0097 0103 0106 0108 0109 0114\n\n  0120 0122 0129 0133 0137 0138 0142 0148 0153 0159 0169 0180 0181\n\n  0182 0186 0189 0191 0192 0193 0194 0197 0200 0206 0208 0224 0225\n\n  0230 0232 0234 0238 0246 0248 0249 0250 0251 0252 0254 0257 0259\n\n  0262 0264 0266 0268 0269 0274 0275 0282 0289 0291 0292 0301 0304\n\n  0306 0313 0316 0318 0319 0320 0321 0322 0325 0326 0327 0328 0331\n\n  0332 0333 0334 0336 0337 0338 0339 0340 0341 0342 0343 0344 0349\n\n  0351 0360 0362 0363 0368 0371 0372 0373 0374 0375 0380 0383 0385\n\n  0387 0389 0390 0391 0395 0396 0398 0400 0401 0402 0405 0406 0407\n\n  0408 0410 0411 0412 0413 0415 0417 0418 0421 0423 0425 0429 0430\n\n  0431 0433 0436 0437 0440 0442 0446 0448 0449 0452 0453 0456 0458\n\n  0459 0461 0463 0465 0467 0469 0471 0472 0473 0475 0476 0477 0478\n\n  0479 0480 0481 0482 0483 0484 0485 0488 0491 0492 0494 0495 0497\n\n  0501 0503 0505 0507 0508 0509 0510 0511 0513 0515 0516 0517 0518\n\n  0519\n\nLATEST PUBLICATIONS\n\nAIRAC Aeronautical Information Publication AMDT 11/26\n\nAeronautical Information Publication AMDT 365/11\n\nAeronautical Information Publication SUP:\n\nSUP 07/26\n\n1-SUP 03/26\n\n2-SUP 01/26\n\n4-SUP 02/26\n\nAIC 11/26"
      }
    }
  ]
}