{
  "type": "FeatureCollection",
  "features": [
    {
      "type": "Feature",
      "geometry": {
        "type": "Polygon",
        "coordinates": [
          [
            [
              30.379444444444445,
              60.58972222222222
            ],
            [
              30.74638888888889,
              60.59638888888889
            ],
            [
              30.759166666666665,
              60.50861111111111
            ],
            [
              30.389722222222222,
              60.49583333333334
            ],
            [
              30.379444444444445,
              60.58972222222222
            ]
          ]
        ],
        "meta": {
          "shape": "polygon"
        }
      },
      "properties": {
        "title": "X1485/26 for None",
        "text": "From: 2026-07-25 07:05:00+00:00\nTo: 2026-07-26 16:55:00+00:00\n\nAIRSPACE CLSD Within AREA:\n\n603523N0302246E-603547N0304447E-603031N0304533E-\n\n602945N0302323E-603523N0302246E."
      }
    },
    {
      "type": "Feature",
      "geometry": {
        "type": "Polygon",
        "coordinates": [
          [
            [
              32.36223861182709,
              61.156931821514945
            ],
            [
              32.35816579169821,
              61.15792076960261
            ],
            [
              32.35419804245375,
              61.15900496523077
            ],
            [
              32.350344898664275,
              61.16018180609366
            ],
            [
              32.346615622833276,
              61.1614484672158
            ],
            [
              32.34301918327637,
              61.162801907660395
            ],
            [
              32.33956423266905,
              61.16423887775399
            ],
            [
              32.33625908731285,
              61.16575592681072
            ],
            [
              32.33311170716907,
              61.16734941133882
            ],
            [
              32.3301296767074,
              61.1690155037104
            ],
            [
              32.32732018661517,
              61.17075020127483
            ],
            [
              32.324690016411665,
              61.17254933589473
            ],
            [
              32.32224551800973,
              61.17440858388244
            ],
            [
              32.319992600265415,
              61.1763234763145
            ],
            [
              32.31856546985087,
              61.17768816468782
            ],
            [
              31.72,
              61.44833333333333
            ],
            [
              31.918333333333333,
              61.52833333333333
            ],
            [
              32.38805555555555,
              61.31388888888888
            ],
            [
              32.53944444444444,
              61.38166666666667
            ],
            [
              32.777499999999996,
              61.28972222222222
            ],
            [
              32.60194444444445,
              61.211111111111116
            ],
            [
              33.01083333333333,
              61.01888888888889
            ],
            [
              33.19027777777777,
              61.0825
            ],
            [
              33.42361111111111,
              60.941111111111105
            ],
            [
              33.28777777777778,
              60.89666666666667
            ],
            [
              32.95666666666667,
              60.88916666666667
            ],
            [
              32.36646665594982,
              61.156029339975966
            ],
            [
              32.36640671894046,
              61.156040494426925
            ],
            [
              32.36223861182709,
              61.156931821514945
            ]
          ]
        ],
        "meta": {
          "shape": "polygon"
        }
      },
      "properties": {
        "title": "X1497/26 for None",
        "text": "From: 2026-07-25 07:05:00+00:00\nTo: 2026-07-26 16:55:00+00:00\n\nAIRSPACE CLSD AS FLW:\n\n1. AREA: 612654N0314312E-613142N0315506E-611850N0322317E-\n\n         612254N0323222E-611723N0324639E-611240N0323607E-\n\n         610108N0330039E-610457N0331125E-605628N0332525E-\n\n         605348N0331716E-605321N0325724E-612654N0314312E\n\n   800M AMSL-1500M AMSL.\n\n2. Within CIRCLE RADIUS 5KM CENTRE 611151N0322407E\n\n   SFC-800M AMSL.\n\n3. Within CIRCLE RADIUS 7.1KM CENTRE 605718N0330120E\n\n   SFC-800M AMSL."
      }
    },
    {
      "type": "Feature",
      "geometry": {
        "type": "Polygon",
        "coordinates": [
          [
            [
              29.01722222222222,
              59.733333333333334
            ],
            [
              29.083333333333332,
              59.733333333333334
            ],
            [
              29.083333333333332,
              59.62777777777778
            ],
            [
              29.023888888888887,
              59.62777777777778
            ],
            [
              28.866666666666667,
              59.62777777777778
            ],
            [
              28.866666666666667,
              59.733333333333334
            ],
            [
              29.01722222222222,
              59.733333333333334
            ]
          ]
        ],
        "meta": {
          "shape": "polygon"
        }
      },
      "properties": {
        "title": "X1936/26 for None",
        "text": "From: 2026-07-21 07:00:00+00:00\nTo: 2026-07-26 16:55:00+00:00\n\nAIRSPACE CLSD AS FLW:\n\n1. AREA: 594400N0285200E-594400N0290102E-593740N0290126E-\n\n         593740N0285200E-594400N0285200E\n\n   SFC-1500M AMSL.\n\n2. AREA: 594400N0290102E-594400N0290500E-593740N0290500E-\n\n         593740N0290126E-594400N0290102E\n\n   SFC-900M AMSL."
      }
    },
    {
      "type": "Feature",
      "geometry": {
        "type": "Polygon",
        "coordinates": [
          [
            [
              33.92164789438096,
              67.51708504810458
            ],
            [
              33.92135884201659,
              67.51312581410984
            ],
            [
              33.92056288502271,
              67.50917677409906
            ],
            [
              33.919262191604034,
              67.50524743420544
            ],
            [
              33.917460140721,
              67.50134724845361
            ],
            [
              33.915161311596236,
              67.4974855961044
            ],
            [
              33.91237147040601,
              67.49367175922315
            ],
            [
              33.9090975542104,
              67.48991490052383
            ],
            [
              33.90534765218123,
              67.48622404154035
            ],
            [
              33.90113098419276,
              67.48260804117518
            ],
            [
              33.896457876844316,
              67.47907557467423
            ],
            [
              33.89133973698934,
              67.47563511307547
            ],
            [
              33.88578902284929,
              67.47229490317764
            ],
            [
              33.87981921279486,
              67.4690629480734
            ],
            [
              33.87344477188082,
              67.46594698829009
            ],
            [
              33.866681116223965,
              67.46295448357948
            ],
            [
              33.85954457531705,
              67.4600925953963
            ],
            [
              33.85205235237397,
              67.45736817010324
            ],
            [
              33.84422248280433,
              67.45478772293866
            ],
            [
              33.836073790917936,
              67.45235742278132
            ],
            [
              33.827625844961474,
              67.45008307774434
            ],
            [
              33.818898910591585,
              67.44797012162874
            ],
            [
              33.80991390289051,
              67.44602360126532
            ],
            [
              33.80069233703156,
              67.4442481647707
            ],
            [
              33.79125627770294,
              67.44264805074256
            ],
            [
              33.78162828739995,
              67.44122707841606
            ],
            [
              33.771831373696116,
              67.43998863880157
            ],
            [
              33.761888935604894,
              67.43893568682226
            ],
            [
              33.75182470914418,
              67.4380707344674
            ],
            [
              33.74166271221648,
              67.43739584497524
            ],
            [
              33.73142718891817,
              67.43691262805757
            ],
            [
              33.72114255339147,
              67.43662223617515
            ],
            [
              33.7108333333333,
              67.4365253618723
            ],
            [
              33.70052411327512,
              67.43662223617515
            ],
            [
              33.69023947774842,
              67.43691262805757
            ],
            [
              33.68000395445011,
              67.43739584497524
            ],
            [
              33.66984195752241,
              67.4380707344674
            ],
            [
              33.659777731061695,
              67.43893568682226
            ],
            [
              33.64983529297047,
              67.43998863880157
            ],
            [
              33.64003837926665,
              67.44122707841606
            ],
            [
              33.630410388963654,
              67.44264805074256
            ],
            [
              33.620974329635025,
              67.4442481647707
            ],
            [
              33.61175276377608,
              67.44602360126532
            ],
            [
              33.602767756075,
              67.44797012162874
            ],
            [
              33.594040821705114,
              67.45008307774434
            ],
            [
              33.58559287574865,
              67.45235742278132
            ],
            [
              33.57744418386227,
              67.45478772293866
            ],
            [
              33.56961431429262,
              67.45736817010324
            ],
            [
              33.562122091349536,
              67.4600925953963
            ],
            [
              33.55498555044262,
              67.46295448357948
            ],
            [
              33.548221894785776,
              67.46594698829009
            ],
            [
              33.54184745387173,
              67.4690629480734
            ],
            [
              33.535877643817294,
              67.47229490317764
            ],
            [
              33.53032692967725,
              67.47563511307547
            ],
            [
              33.52520878982227,
              67.47907557467423
            ],
            [
              33.52053568247383,
              67.48260804117518
            ],
            [
              33.516319014485354,
              67.48622404154035
            ],
            [
              33.51256911245619,
              67.48991490052383
            ],
            [
              33.50929519626058,
              67.49367175922315
            ],
            [
              33.50650535507035,
              67.4974855961044
            ],
            [
              33.50420652594559,
              67.50134724845361
            ],
            [
              33.502404475062555,
              67.50524743420544
            ],
            [
              33.501103781643884,
              67.50917677409906
            ],
            [
              33.50030782465,
              67.51312581410984
            ],
            [
              33.500018772285635,
              67.51708504810458
            ],
            [
              33.50023757436902,
              67.52104494066675
            ],
            [
              33.50096395760525,
              67.52499595003778
            ],
            [
              33.502196423798644,
              67.52892855111932
            ],
            [
              33.503932251031856,
              67.53283325848122
            ],
            [
              33.50616749783258,
              67.53670064931899
            ],
            [
              33.50889701034097,
              67.5405213863049
            ],
            [
              33.51211443248318,
              67.5442862402759
            ],
            [
              33.51581221914861,
              67.54798611270218
            ],
            [
              33.51998165235998,
              67.55161205787999
            ],
            [
              33.524612860417164,
              67.55515530479249
            ],
            [
              33.52969483998716,
              67.5586072785834
            ],
            [
              33.5352154811038,
              67.56195962158796
            ],
            [
              33.54116159503214,
              67.56520421386749
            ],
            [
              33.547518944943704,
              67.56833319319368
            ],
            [
              33.55427227933976,
              67.57133897443089
            ],
            [
              33.56140536815125,
              67.57421426826505
            ],
            [
              33.56890104143509,
              67.57695209923007
            ],
            [
              33.5767412305783,
              67.57954582298332
            ],
            [
              33.5849070119122,
              67.58198914278434
            ],
            [
              33.59337865263182,
              67.58427612513228
            ],
            [
              33.60213565890658,
              67.58640121451992
            ],
            [
              33.61115682606149,
              67.5883592472641
            ],
            [
              33.62042029069989,
              67.59014546437491
            ],
            [
              33.62990358463279,
              67.5917555234285
            ],
            [
              33.639583690472335,
              67.59318550941063
            ],
            [
              33.649437098741394,
              67.59443194450147
            ],
            [
              33.659439866345586,
              67.59549179677401
            ],
            [
              33.66956767624888,
              67.59636248778274
            ],
            [
              33.67979589818934,
              67.59704189902061
            ],
            [
              33.69009965026789,
              67.59752837722704
            ],
            [
              33.70045386123947,
              67.59782073853178
            ],
            [
              33.7108333333333,
              67.59791827142303
            ],
            [
              33.72121280542713,
              67.59782073853178
            ],
            [
              33.73156701639869,
              67.59752837722704
            ],
            [
              33.74187076847725,
              67.59704189902061
            ],
            [
              33.75209899041771,
              67.59636248778274
            ],
            [
              33.76222680032101,
              67.59549179677401
            ],
            [
              33.7722295679252,
              67.59443194450145
            ],
            [
              33.78208297619426,
              67.59318550941065
            ],
            [
              33.791763082033796,
              67.5917555234285
            ],
            [
              33.801246375966706,
              67.59014546437494
            ],
            [
              33.81050984060511,
              67.5883592472641
            ],
            [
              33.819531007760006,
              67.58640121451992
            ],
            [
              33.828288014034776,
              67.58427612513228
            ],
            [
              33.83675965475438,
              67.58198914278434
            ],
            [
              33.84492543608829,
              67.57954582298332
            ],
            [
              33.8527656252315,
              67.57695209923007
            ],
            [
              33.86026129851534,
              67.57421426826505
            ],
            [
              33.867394387326826,
              67.57133897443089
            ],
            [
              33.874147721722885,
              67.56833319319368
            ],
            [
              33.880505071634445,
              67.56520421386749
            ],
            [
              33.88645118556279,
              67.56195962158796
            ],
            [
              33.89197182667944,
              67.5586072785834
            ],
            [
              33.897053806249424,
              67.55515530479249
            ],
            [
              33.90168501430661,
              67.55161205787999
            ],
            [
              33.90585444751798,
              67.54798611270218
            ],
            [
              33.909552234183415,
              67.5442862402759
            ],
            [
              33.91276965632562,
              67.5405213863049
            ],
            [
              33.91549916883401,
              67.53670064931899
            ],
            [
              33.91773441563474,
              67.53283325848122
            ],
            [
              33.919470242867945,
              67.52892855111932
            ],
            [
              33.92070270906134,
              67.52499595003778
            ],
            [
              33.92142909229758,
              67.52104494066675
            ],
            [
              33.92164789438096,
              67.51708504810458
            ]
          ]
        ],
        "meta": {
          "shape": "circle"
        }
      },
      "properties": {
        "title": "X1971/26 for None",
        "text": "From: 2026-07-20 00:00:00+00:00\nTo: 2026-07-25 23:59:00+00:00\n\nAIRSPACE CLSD Within CIRCLE RADIUS 9KM CENTRE 673102N0334239E."
      }
    },
    {
      "type": "Feature",
      "geometry": {
        "type": "Polygon",
        "coordinates": [
          [
            [
              30.349444444444444,
              58.92777777777778
            ],
            [
              30.16611111111111,
              58.82888888888889
            ],
            [
              30.209444444444443,
              58.763888888888886
            ],
            [
              30.35888888888889,
              58.74305555555556
            ],
            [
              30.47583333333333,
              58.772777777777776
            ],
            [
              30.531944444444445,
              58.835
            ],
            [
              30.492222222222225,
              58.905
            ],
            [
              30.349444444444444,
              58.92777777777778
            ]
          ]
        ],
        "meta": {
          "shape": "polygon"
        }
      },
      "properties": {
        "title": "X2014/26 for None",
        "text": "From: 2026-07-20 07:01:00+00:00\nTo: 2026-07-25 16:59:00+00:00\n\nAIRSPACE CLSD Within AREA:\n\n585540N0302058E-584944N0300958E-584550N0301234E-584435N0302132E-\n\n584622N0302833E-585006N0303155E-585418N0302932E-585540N0302058E"
      }
    },
    {
      "type": "Feature",
      "geometry": {
        "type": "Polygon",
        "coordinates": [
          [
            [
              41.07689711398247,
              62.71544263246814
            ],
            [
              41.0759296598526,
              62.702239016143956
            ],
            [
              41.07355420295855,
              62.689073047097466
            ],
            [
              41.06977832374685,
              62.6759763716258
            ],
            [
              41.06461293342077,
              62.66298042791181
            ],
            [
              41.05807223041001,
              62.65011637146748
            ],
            [
              41.050173649576436,
              62.63741500163687
            ],
            [
              41.04093780443083,
              62.624906689317974
            ],
            [
              41.030388422643504,
              62.61262130605821
            ],
            [
              41.0185522751374,
              62.60058815467075
            ],
            [
              41.005459099056154,
              62.58883590151297
            ],
            [
              40.99114151490207,
              62.577392510561666
            ],
            [
              40.97563493813986,
              62.566285179413164
            ],
            [
              40.958977485561356,
              62.55554027732957
            ],
            [
              40.94120987670443,
              62.545183285446605
            ],
            [
              40.9223753306171,
              62.53523873925084
            ],
            [
              40.90251945825331,
              62.52573017342906
            ],
            [
              40.88169015078218,
              62.51668006918487
            ],
            [
              40.859937464088006,
              62.508109804112514
            ],
            [
              40.83731349973127,
              62.500039604710956
            ],
            [
              40.81387228263543,
              62.49248850161581
            ],
            [
              40.78966963575728,
              62.485474287620534
            ],
            [
              40.76476305199216,
              62.479013478552986
            ],
            [
              40.73921156355835,
              62.473121277067236
            ],
            [
              40.71307560909838,
              62.467811539405844
            ],
            [
              40.68641689872839,
              62.463096745181986
            ],
            [
              40.659298277260625,
              62.458987970225884
            ],
            [
              40.631783585818006,
              62.455494862534756
            ],
            [
              40.60393752205461,
              62.45262562136093
            ],
            [
              40.57582549919052,
              62.45038697946761
            ],
            [
              40.54751350406591,
              62.448784188577314
            ],
            [
              40.51906795441468,
              62.44782100803287
            ],
            [
              40.4905555555556,
              62.44749969668724
            ],
            [
              40.46204315669653,
              62.44782100803287
            ],
            [
              40.43359760704529,
              62.448784188577314
            ],
            [
              40.40528561192069,
              62.45038697946761
            ],
            [
              40.3771735890566,
              62.45262562136093
            ],
            [
              40.3493275252932,
              62.455494862534756
            ],
            [
              40.32181283385058,
              62.458987970225884
            ],
            [
              40.294694212382815,
              62.463096745181986
            ],
            [
              40.26803550201283,
              62.467811539405844
            ],
            [
              40.241899547552855,
              62.473121277067236
            ],
            [
              40.21634805911905,
              62.479013478552986
            ],
            [
              40.191441475353926,
              62.485474287620534
            ],
            [
              40.167238828475774,
              62.49248850161581
            ],
            [
              40.14379761137993,
              62.500039604710956
            ],
            [
              40.121173647023205,
              62.508109804112514
            ],
            [
              40.09942096032903,
              62.51668006918487
            ],
            [
              40.0785916528579,
              62.52573017342906
            ],
            [
              40.0587357804941,
              62.53523873925084
            ],
            [
              40.03990123440678,
              62.545183285446605
            ],
            [
              40.02213362554985,
              62.55554027732957
            ],
            [
              40.00547617297134,
              62.566285179413164
            ],
            [
              39.989969596209136,
              62.577392510561666
            ],
            [
              39.97565201205505,
              62.58883590151297
            ],
            [
              39.9625588359738,
              62.60058815467075
            ],
            [
              39.9507226884677,
              62.61262130605821
            ],
            [
              39.94017330668038,
              62.624906689317974
            ],
            [
              39.93093746153477,
              62.63741500163687
            ],
            [
              39.9230388807012,
              62.65011637146748
            ],
            [
              39.91649817769044,
              62.66298042791181
            ],
            [
              39.91133278736436,
              62.6759763716258
            ],
            [
              39.907556908152664,
              62.689073047097466
            ],
            [
              39.905181451258606,
              62.702239016143956
            ],
            [
              39.904213997128736,
              62.71544263246814
            ],
            [
              39.90465875945221,
              62.72865211710786
            ],
            [
              39.90651655694365,
              62.74183563460611
            ],
            [
              39.90978479314943,
              62.75496136972452
            ],
            [
              39.91445744450165,
              62.76799760451744
            ],
            [
              39.9205250568256,
              62.7809127955787
            ],
            [
              39.92797475048618,
              62.793675651269695
            ],
            [
              39.93679023433622,
              62.806255208732196
            ],
            [
              39.94695182860472,
              62.81862091048679
            ],
            [
              39.958436496836,
              62.8307426804149
            ],
            [
              39.971217886962016,
              62.84259099891983
            ],
            [
              39.98526638155899,
              62.85413697706066
            ],
            [
              40.00054915730657,
              62.86535242945264
            ],
            [
              40.01703025363402,
              62.876209945726664
            ],
            [
              40.03467065050109,
              62.886682960342
            ],
            [
              40.05342835522507,
              62.896745820547125
            ],
            [
              40.0732584982267,
              62.9063738522867
            ],
            [
              40.09411343752895,
              62.91554342385534
            ],
            [
              40.11594287180345,
              62.92423200710289
            ],
            [
              40.13869396171912,
              62.9324182360018
            ],
            [
              40.162311459308704,
              62.94008196239154
            ],
            [
              40.18673784502904,
              62.947204308723684
            ],
            [
              40.211913472153,
              62.953767717637156
            ],
            [
              40.23777671809326,
              62.95975599820304
            ],
            [
              40.26426414222208,
              62.965154368686925
            ],
            [
              40.29131064971688,
              62.9699494956874
            ],
            [
              40.31884966092897,
              62.974129529520084
            ],
            [
              40.346813285742854,
              62.977684135728
            ],
            [
              40.3751325023655,
              62.980604522612204
            ],
            [
              40.40373733996078,
              62.98288346468852
            ],
            [
              40.4325570645222,
              62.98451532199058
            ],
            [
              40.461520367359064,
              62.98549605515265
            ],
            [
              40.4905555555556,
              62.98582323622044
            ],
            [
              40.51959074375214,
              62.98549605515265
            ],
            [
              40.548554046589,
              62.98451532199058
            ],
            [
              40.577373771150434,
              62.98288346468852
            ],
            [
              40.6059786087457,
              62.980604522612204
            ],
            [
              40.63429782536835,
              62.97768413572801
            ],
            [
              40.662261450182235,
              62.974129529520084
            ],
            [
              40.68980046139434,
              62.969949495687416
            ],
            [
              40.71684696888912,
              62.965154368686925
            ],
            [
              40.74333439301794,
              62.95975599820303
            ],
            [
              40.769197638958204,
              62.953767717637156
            ],
            [
              40.79437326608216,
              62.947204308723684
            ],
            [
              40.8187996518025,
              62.94008196239154
            ],
            [
              40.84241714939209,
              62.9324182360018
            ],
            [
              40.86516823930776,
              62.9242320071029
            ],
            [
              40.886997673582265,
              62.91554342385534
            ],
            [
              40.90785261288451,
              62.9063738522867
            ],
            [
              40.927682755886124,
              62.896745820547125
            ],
            [
              40.94644046061012,
              62.886682960342
            ],
            [
              40.96408085747719,
              62.876209945726664
            ],
            [
              40.98056195380464,
              62.86535242945263
            ],
            [
              40.99584472955221,
              62.85413697706065
            ],
            [
              41.009893224149174,
              62.84259099891982
            ],
            [
              41.0226746142752,
              62.8307426804149
            ],
            [
              41.034159282506494,
              62.81862091048678
            ],
            [
              41.04432087677498,
              62.806255208732196
            ],
            [
              41.053136360625025,
              62.793675651269695
            ],
            [
              41.0605860542856,
              62.780912795578686
            ],
            [
              41.066653666609554,
              62.76799760451744
            ],
            [
              41.07132631796178,
              62.75496136972452
            ],
            [
              41.07459455416756,
              62.74183563460611
            ],
            [
              41.07645235165899,
              62.72865211710786
            ],
            [
              41.07689711398247,
              62.71544263246814
            ]
          ]
        ],
        "meta": {
          "shape": "circle"
        }
      },
      "properties": {
        "title": "X2017/26 for None",
        "text": "From: 2026-07-20 00:00:00+00:00\nTo: 2026-07-25 23:59:00+00:00\n\nAIRSPACE CLSD Within CIRCLE RADIUS 30KM CENTRE 624300N0402926E."
      }
    },
    {
      "type": "Feature",
      "geometry": {
        "type": "Polygon",
        "coordinates": [
          [
            [
              43.75833333333333,
              60.32527777777778
            ],
            [
              44.010555555555555,
              60.376666666666665
            ],
            [
              44.07555555555556,
              60.40611111111111
            ],
            [
              44.02111111111111,
              60.47
            ],
            [
              44.05,
              60.47694444444445
            ],
            [
              44.14666666666667,
              60.4375
            ],
            [
              44.21083333333333,
              60.46527777777778
            ],
            [
              44.70055555555556,
              60.532222222222224
            ],
            [
              44.924166666666665,
              60.60305555555556
            ],
            [
              45.05555555555555,
              60.619166666666665
            ],
            [
              45.14972222222222,
              60.651111111111106
            ],
            [
              45.17666666666666,
              60.61611111111111
            ],
            [
              45.081388888888895,
              60.58416666666667
            ],
            [
              45.06805555555556,
              60.561388888888885
            ],
            [
              44.96,
              60.56805555555556
            ],
            [
              44.720555555555556,
              60.49388888888889
            ],
            [
              44.447222222222216,
              60.466944444444444
            ],
            [
              44.34805555555556,
              60.4375
            ],
            [
              44.20777777777778,
              60.393055555555556
            ],
            [
              44.047777777777775,
              60.343333333333334
            ],
            [
              43.788333333333334,
              60.28805555555555
            ],
            [
              43.565555555555555,
              60.21555555555556
            ],
            [
              43.32833333333333,
              60.16416666666667
            ],
            [
              43.27333333333333,
              60.14055555555556
            ],
            [
              43.21888888888889,
              60.16861111111111
            ],
            [
              43.28444444444444,
              60.19638888888888
            ],
            [
              43.53527777777778,
              60.249722222222225
            ],
            [
              43.75833333333333,
              60.32527777777778
            ]
          ]
        ],
        "meta": {
          "shape": "polygon"
        }
      },
      "properties": {
        "title": "X2117/26 for None",
        "text": "From: 2026-07-21 06:00:00+00:00\nTo: 2026-07-26 18:00:00+00:00\n\nAIRSPACE CLSD AS FLW:\n\n1. AREA: 601147N0431704E-601459N0433207E-601931N0434530E-\n\n         602236N0440038E-602422N0440432E-602812N0440116E-\n\n         602837N0440300E-602615N0440848E-602755N0441239E-\n\n         603156N0444202E-603611N0445527E-603709N0450320E-\n\n         603904N0450859E-603658N0451036E-603503N0450453E-\n\n         603341N0450405E-603405N0445736E-602938N0444314E-\n\n         602801N0442650E-602615N0442053E-602335N0441228E-\n\n         602036N0440252E-601717N0434718E-601256N0433356E-\n\n         600951N0431942E-600826N0431624E-601007N0431308E-\n\n         601147N0431704E\n\n   400M AMSL-800M AMSL.\n\n2. Within CIRCLE RADIUS 1KM CENTRE 602736N0442030E\n\n   SFC-800M AMSL.\n\n3. Within CIRCLE RADIUS 1KM CENTRE 603424N0450316E\n\n   SFC-800M AMSL.\n\n4. Within CIRCLE RADIUS 1KM CENTRE 602359N0440852E\n\n   SFC-800M AMSL.\n\n5. Within CIRCLE RADIUS 1KM CENTRE 602752N0440254E\n\n   SFC-800M AMSL."
      }
    },
    {
      "type": "Feature",
      "geometry": {
        "type": "Polygon",
        "coordinates": [
          [
            [
              30.34472222222222,
              67.58805555555556
            ],
            [
              30.479166666666664,
              67.58833333333332
            ],
            [
              30.479444444444443,
              67.53027777777778
            ],
            [
              30.345,
              67.53
            ],
            [
              30.34472222222222,
              67.58805555555556
            ]
          ]
        ],
        "meta": {
          "shape": "polygon"
        }
      },
      "properties": {
        "title": "X2178/26 for None",
        "text": "From: 2026-07-20 07:00:00+00:00\nTo: 2026-07-25 15:00:00+00:00\n\nAIRSPACE CLSD Within AREA:\n\n673517N0302041E-673518N0302845E-673149N0302846E-\n\n673148N0302042E-673517N0302041E."
      }
    },
    {
      "type": "Feature",
      "geometry": {
        "type": "MultiPolygon",
        "coordinates": [
          [
            [
              [
                28.33376698243536,
                60.84106528517861
              ],
              [
                28.393055555555556,
                60.87277777777778
              ],
              [
                28.824166666666667,
                60.82833333333333
              ],
              [
                28.759166666666665,
                60.796388888888885
              ],
              [
                28.546249999999997,
                60.81861111111111
              ],
              [
                28.759166666666665,
                60.79611111111111
              ],
              [
                28.383888888888887,
                60.611666666666665
              ],
              [
                28.073055555555555,
                60.50361111111111
              ],
              [
                27.844444444444445,
                60.54611111111111
              ],
              [
                27.840555555555554,
                60.544444444444444
              ],
              [
                28.333333333333332,
                60.84111111111111
              ],
              [
                28.33376698243536,
                60.84106528517861
              ]
            ]
          ],
          [
            [
              [
                28.657777777777778,
                60.94222222222222
              ],
              [
                28.761666666666667,
                61.06305555555555
              ],
              [
                28.92026631260663,
                60.98565760529497
              ],
              [
                29.128611111111113,
                61.081944444444446
              ],
              [
                28.976666666666667,
                61.153888888888886
              ],
              [
                29.149722222222223,
                61.22222222222222
              ],
              [
                29.247500000000002,
                61.26916666666666
              ],
              [
                29.270555555555553,
                61.29
              ],
              [
                29.343888888888888,
                61.33027777777778
              ],
              [
                29.686944444444446,
                61.17972222222222
              ],
              [
                29.032777777777778,
                60.93138888888889
              ],
              [
                28.98182636903917,
                60.955615784220484
              ],
              [
                29.028055555555554,
                60.933055555555555
              ],
              [
                28.828611111111112,
                60.82805555555556
              ],
              [
                28.3925,
                60.87305555555555
              ],
              [
                28.549722222222226,
                60.948611111111106
              ],
              [
                28.657777777777778,
                60.94222222222222
              ]
            ]
          ]
        ],
        "meta": {
          "shape": "polygon"
        }
      },
      "properties": {
        "title": "X2181/26 for None",
        "text": "From: 2026-07-20 07:00:00+00:00\nTo: 2026-07-25 16:59:00+00:00\n\nAIRSPACE CLSD AS FLW:\n\n1. AREA: 603240N0275026E-605028N0282000E-604746N0284533E-\n\n         603642N0282302E-603013N0280423E-603246N0275040E-\n\n         603240N0275026E\n\n   SFC-1500M AMSL.\n\n2. AREA: 605223N0282333E-605655N0283259E-605632N0283928E-\n\n         610347N0284542E-605559N0290141E-604941N0284943E-\n\n         605223N0282333E\n\n   SFC-1500M AMSL.\n\n3. AREA: 605907N0285510E-610455N0290743E-610914N0285836E-\n\n         611320N0290859E-611609N0291451E-611724N0291614E-\n\n         611949N0292038E-611047N0294113E-605553N0290158E-\n\n         605907N0285510E\n\n   SFC-1500M AMSL.\n\n4. AREA: 605027N0282000E-605222N0282335E-604942N0284927E-\n\n         604747N0284533E-605027N0282000E\n\n   650M AMSL-1500M AMSL."
      }
    },
    {
      "type": "Feature",
      "geometry": {
        "type": "Polygon",
        "coordinates": [
          [
            [
              32.16888888888889,
              59.23555555555556
            ],
            [
              32.10638888888889,
              59.09583333333334
            ],
            [
              31.835277777777776,
              59.13972222222222
            ],
            [
              31.83567100721379,
              59.14027846313353
            ],
            [
              31.833942479401152,
              59.140124920878
            ],
            [
              31.822027783393626,
              59.13937257980424
            ],
            [
              31.810055966232152,
              59.13892045684966
            ],
            [
              31.798055555555596,
              59.13876962939692
            ],
            [
              31.786055144879043,
              59.13892045684966
            ],
            [
              31.77408332771757,
              59.13937257980424
            ],
            [
              31.76216863171004,
              59.140124920878
            ],
            [
              31.750339452873465,
              59.14117568719271
            ],
            [
              31.738623990118533,
              59.14252237450805
            ],
            [
              31.727050180156592,
              59.14416177299704
            ],
            [
              31.715645632928428,
              59.14608997465172
            ],
            [
              31.704437567684693,
              59.14830238230461
            ],
            [
              31.6934527498476,
              59.15079372024732
            ],
            [
              31.682717428783075,
              59.15355804642572
            ],
            [
              31.672257276611894,
              59.1565887661865
            ],
            [
              31.66209732818792,
              59.15987864754747
            ],
            [
              31.652261922370474,
              59.16341983796084
            ],
            [
              31.642774644717143,
              59.167203882534864
            ],
            [
              31.633658271722332,
              59.17122174367688
            ],
            [
              31.624934716725306,
              59.17546382211693
            ],
            [
              31.616624977610275,
              59.179919979268455
            ],
            [
              31.608749086419444,
              59.184579560879605
            ],
            [
              31.60132606099772,
              59.189431421925335
            ],
            [
              31.594373858786074,
              59.19446395268744
            ],
            [
              31.58790933287774,
              59.199665105967554
            ],
            [
              31.58194819044909,
              59.20502242537436
            ],
            [
              31.576504953673602,
              59.21052307462394
            ],
            [
              31.571592923224383,
              59.216153867789586
            ],
            [
              31.567224144466792,
              59.22190130043468
            ],
            [
              31.563409376438788,
              59.22775158155966
            ],
            [
              31.560158063712063,
              59.23369066629186
            ],
            [
              31.557478311222447,
              59.2397042892448
            ],
            [
              31.55537686215269,
              59.245777998470984
            ],
            [
              31.553859078945237,
              59.251897189930816
            ],
            [
              31.552928927516522,
              59.25804714239778
            ],
            [
              31.55258896473806,
              59.2642130527189
            ],
            [
              31.552840329242635,
              59.270380071347425
            ],
            [
              31.553682735606753,
              59.27653333806366
            ],
            [
              31.555114471952855,
              59.28265801779849
            ],
            [
              31.557132401006914,
              59.28873933647352
            ],
            [
              31.55973196463842,
              59.294762616770186
            ],
            [
              31.562907191901328,
              59.30071331374074
            ],
            [
              31.566650710585193,
              59.30657705017232
            ],
            [
              31.570953762276673,
              59.31233965161676
            ],
            [
              31.57580622092137,
              59.31798718099732
            ],
            [
              31.581196614866954,
              59.323505972705114
            ],
            [
              31.587112152357495,
              59.32888266609805
            ],
            [
              31.593538750439176,
              59.33410423831605
            ],
            [
              31.60046106722719,
              59.33915803632742
            ],
            [
              31.60786253747272,
              59.3440318081228
            ],
            [
              31.615725411358838,
              59.34871373297469
            ],
            [
              31.624030796443378,
              59.35319245068227
            ],
            [
              31.63275870265636,
              59.35745708972391
            ],
            [
              31.641888090249505,
              59.361497294241495
            ],
            [
              31.65139692058482,
              59.36530324978421
            ],
            [
              31.661262209639734,
              59.36886570774154
            ],
            [
              31.671460084096193,
              59.372176008399514
            ],
            [
              31.681965839872312,
              59.375226102556134
            ],
            [
              31.692754002945765,
              59.37800857163734
            ],
            [
              31.70379839231018,
              59.38051664625729
            ],
            [
              31.715072184897238,
              59.38274422317184
            ],
            [
              31.726547982290494,
              59.38468588057773
            ],
            [
              31.738197879049437,
              59.38633689171478
            ],
            [
              31.74999353245665,
              59.38769323673299
            ],
            [
              31.7619062334951,
              59.38875161279123
            ],
            [
              31.773906978858186,
              59.389509442359
            ],
            [
              31.78596654379063,
              59.38996487969768
            ],
            [
              31.798055555555596,
              59.39011681550336
            ],
            [
              31.810144567320567,
              59.38996487969768
            ],
            [
              31.82220413225301,
              59.389509442359
            ],
            [
              31.834204877616095,
              59.38875161279124
            ],
            [
              31.846117578654553,
              59.38769323673299
            ],
            [
              31.857913232061758,
              59.38633689171478
            ],
            [
              31.8695631288207,
              59.38468588057773
            ],
            [
              31.881038926213957,
              59.38274422317184
            ],
            [
              31.892312718801023,
              59.38051664625729
            ],
            [
              31.903357108165427,
              59.37800857163734
            ],
            [
              31.914145271238883,
              59.375226102556134
            ],
            [
              31.924651027015003,
              59.37217600839953
            ],
            [
              31.934848901471458,
              59.36886570774154
            ],
            [
              31.94471419052637,
              59.36530324978418
            ],
            [
              31.954223020861686,
              59.361497294241495
            ],
            [
              31.963352408454835,
              59.35745708972391
            ],
            [
              31.972080314667817,
              59.35319245068227
            ],
            [
              31.980385699752365,
              59.34871373297469
            ],
            [
              31.988248573638476,
              59.3440318081228
            ],
            [
              31.995650043884,
              59.33915803632742
            ],
            [
              32.00257236067202,
              59.33410423831605
            ],
            [
              32.0089989587537,
              59.32888266609805
            ],
            [
              32.01491449624424,
              59.3235059727051
            ],
            [
              32.02030489018983,
              59.31798718099732
            ],
            [
              32.02515734883452,
              59.31233965161676
            ],
            [
              32.029460400526,
              59.30657705017232
            ],
            [
              32.03320391920987,
              59.30071331374074
            ],
            [
              32.036379146472775,
              59.294762616770186
            ],
            [
              32.03897871010428,
              59.28873933647352
            ],
            [
              32.04099663915834,
              59.28265801779849
            ],
            [
              32.04242837550444,
              59.27653333806366
            ],
            [
              32.04327078186856,
              59.270380071347425
            ],
            [
              32.043522146373135,
              59.2642130527189
            ],
            [
              32.04318218359467,
              59.25804714239778
            ],
            [
              32.042252032165955,
              59.251897189930816
            ],
            [
              32.0407342489585,
              59.245777998470984
            ],
            [
              32.03932738947992,
              59.241711825505874
            ],
            [
              32.16888888888889,
              59.23555555555556
            ]
          ]
        ],
        "meta": {
          "shape": "polygon"
        }
      },
      "properties": {
        "title": "X2182/26 for None",
        "text": "From: 2026-07-20 07:00:00+00:00\nTo: 2026-07-25 15:00:00+00:00\n\nAIRSPACE CLSD AS FLW:\n\n1. AREA: 591452N0315442E-591408N0321008E-590545N0320623E-\n\n         590823N0315007E-591452N0315442E\n\n   GND-1500M AMSL.\n\n2. Within CIRCLE RADIUS 14KM CENTRE 591552N0314753E\n\n   GND-900M AMSL."
      }
    },
    {
      "type": "Feature",
      "geometry": {
        "type": "Polygon",
        "coordinates": [
          [
            [
              29.91111111111111,
              60.706944444444446
            ],
            [
              29.874444444444446,
              60.72361111111111
            ],
            [
              29.87361111111111,
              60.728611111111114
            ],
            [
              29.83888888888889,
              60.75138888888889
            ],
            [
              29.84722222222222,
              60.76027777777778
            ],
            [
              29.90111111111111,
              60.73638888888889
            ],
            [
              29.90611111111111,
              60.731944444444444
            ],
            [
              29.938333333333333,
              60.715833333333336
            ],
            [
              29.91111111111111,
              60.706944444444446
            ]
          ]
        ],
        "meta": {
          "shape": "polygon"
        }
      },
      "properties": {
        "title": "X2198/26 for None",
        "text": "From: 2026-07-20 07:01:00+00:00\nTo: 2026-07-25 16:59:00+00:00\n\nAIRSPACE CLSD Within AREA:\n\n604225N0295440E-604325N0295228E-604343N0295225E-604505N0295020E-\n\n604537N0295050E-604411N0295404E-604355N0295422E-604257N0295618E-\n\n604225N0295440E"
      }
    },
    {
      "type": "Feature",
      "geometry": {
        "type": "Polygon",
        "coordinates": [
          [
            [
              59.602222222222224,
              67.76305555555555
            ],
            [
              59.55694444444444,
              67.7025
            ],
            [
              58.94472222222222,
              67.78694444444444
            ],
            [
              58.43555555555555,
              67.31444444444445
            ],
            [
              57.900555555555556,
              67.26583333333333
            ],
            [
              57.49111111111111,
              67.08416666666666
            ],
            [
              57.606944444444444,
              66.99111111111111
            ],
            [
              57.280277777777776,
              66.9888888888889
            ],
            [
              57.1175,
              66.91638888888889
            ],
            [
              57.3,
              66.71555555555555
            ],
            [
              56.9075,
              66.91638888888889
            ],
            [
              56.98972222222222,
              67.00194444444445
            ],
            [
              56.96055555555556,
              67.0436111111111
            ],
            [
              57.5475,
              67.315
            ],
            [
              58.200833333333335,
              67.36749999999999
            ],
            [
              58.812777777777775,
              67.84944444444444
            ],
            [
              59.03138888888889,
              67.86555555555555
            ],
            [
              59.602222222222224,
              67.76305555555555
            ]
          ]
        ],
        "meta": {
          "shape": "polygon"
        }
      },
      "properties": {
        "title": "X2278/26 for None",
        "text": "From: 2026-07-21 06:00:00+00:00\nTo: 2026-07-26 17:00:00+00:00\n\nAIRSPACE CLSD AS FLW:\n\n1. AREA: 675058N0584846E-675156N0590153E-674547N0593608E-\n\n         674209N0593325E-674713N0585641E-671852N0582608E-\n\n         671557N0575402E-670503N0572928E-665928N0573625E-\n\n         665920N0571649E-665459N0570703E-664256N0571800E-\n\n         665459N0565427E-670007N0565923E-670237N0565738E-\n\n         671854N0573251E-672203N0581203E-675058N0584846E\n\n   320M AMSL-400M AMSL.\n\n2. Within CIRCLE RADIUS 1.5KM CENTRE 674858N0585458E\n\n   SFC-400M AMSL.\n\n3. Within CIRCLE RADIUS 1.5KM CENTRE 671514N0573438E\n\n   SFC-400M AMSL."
      }
    },
    {
      "type": "Feature",
      "geometry": {
        "type": "Polygon",
        "coordinates": [
          [
            [
              57.41694444444444,
              66.64972222222222
            ],
            [
              57.51694444444444,
              66.40194444444445
            ],
            [
              57.434999999999995,
              66.3963888888889
            ],
            [
              57.367222222222225,
              66.44305555555556
            ],
            [
              57.41694444444444,
              66.64972222222222
            ]
          ]
        ],
        "meta": {
          "shape": "polygon"
        }
      },
      "properties": {
        "title": "X2280/26 for None",
        "text": "From: 2026-07-21 06:00:00+00:00\nTo: 2026-07-26 17:00:00+00:00\n\nAIRSPACE CLSD AS FLW:\n\n1. AREA: 662635N0572202E-663859N0572501E-662407N0573101E-\n\n         662347N0572606E-662635N0572202E\n\n   320M AMSL-400M AMSL.\n\n2. Within CIRCLE RADIUS 0.5KM CENTRE 662435N0572554E\n\n   SFC-400M AMSL."
      }
    },
    {
      "type": "Feature",
      "geometry": {
        "type": "Polygon",
        "coordinates": [
          [
            [
              57.68333333333333,
              68.03333333333333
            ],
            [
              58.583333333333336,
              67.85
            ],
            [
              58.03333333333333,
              67.68333333333334
            ],
            [
              57.416666666666664,
              67.76666666666667
            ],
            [
              57.68333333333333,
              68.03333333333333
            ]
          ]
        ],
        "meta": {
          "shape": "polygon"
        }
      },
      "properties": {
        "title": "X2281/26 for None",
        "text": "From: 2026-07-21 06:00:00+00:00\nTo: 2026-07-26 17:00:00+00:00\n\nAIRSPACE CLSD AS FLW:\n\n1. AREA: 674600N0572500E-680200N0574100E-675100N0583500E-\n\n         674100N0580200E-674600N0572500E\n\n   300M AMSL-450M AMSL.\n\n2. Within CIRCLE RADIUS 1.5KM CENTRE 675000N0582500E\n\n   SFC-400M AMSL."
      }
    },
    {
      "type": "Feature",
      "geometry": {
        "type": "Polygon",
        "coordinates": [
          [
            [
              35.92396555123857,
              68.27805492229695
            ],
            [
              35.923947892376056,
              68.27779097601686
            ],
            [
              35.923895294652425,
              68.27752766863625
            ],
            [
              35.923807885978384,
              68.27726563445273
            ],
            [
              35.92368587810395,
              68.27700550467512
            ],
            [
              35.923529566097024,
              68.27674790590336
            ],
            [
              35.9233393276216,
              68.27649345861971
            ],
            [
              35.923115622017335,
              68.27624277569481
            ],
            [
              35.922858989183055,
              68.27599646091245
            ],
            [
              35.92257004826665,
              68.27575510751619
            ],
            [
              35.922249496164916,
              68.27551929678167
            ],
            [
              35.92189810583682,
              68.27528959661781
            ],
            [
              35.92151672443447,
              68.27506656020054
            ],
            [
              35.921106271256264,
              68.27485072464185
            ],
            [
              35.920667735527225,
              68.27464260969782
            ],
            [
              35.920202174011955,
              68.27444271651858
            ],
            [
              35.91971070846603,
              68.27425152644302
            ],
            [
              35.91919452293184,
              68.27406949984137
            ],
            [
              35.91865486088558,
              68.27389707500822
            ],
            [
              35.91809302224223,
              68.27373466710885
            ],
            [
              35.917510360225606,
              68.27358266718113
            ],
            [
              35.9169082781112,
              68.27344144119567
            ],
            [
              35.916288225849485,
              68.27331132917604
            ],
            [
              35.915651696577896,
              68.27319264438165
            ],
            [
              35.91500022302966,
              68.27308567255497
            ],
            [
              35.9143353738483,
              68.2729906712348
            ],
            [
              35.91365874981646,
              68.27290786913746
            ],
            [
              35.912971980008095,
              68.27283746560727
            ],
            [
              35.912276717873254,
              68.2727796301375
            ],
            [
              35.91157463726482,
              68.27273450196328
            ],
            [
              35.910867428416495,
              68.27270218972703
            ],
            [
              35.91015679388194,
              68.27268277121738
            ],
            [
              35.9094444444444,
              68.27267629318243
            ],
            [
              35.908732095006854,
              68.27268277121738
            ],
            [
              35.9080214604723,
              68.27270218972703
            ],
            [
              35.90731425162397,
              68.27273450196328
            ],
            [
              35.90661217101554,
              68.2727796301375
            ],
            [
              35.9059169088807,
              68.27283746560727
            ],
            [
              35.90523013907233,
              68.27290786913746
            ],
            [
              35.90455351504049,
              68.2729906712348
            ],
            [
              35.903888665859135,
              68.27308567255497
            ],
            [
              35.9032371923109,
              68.27319264438165
            ],
            [
              35.90260066303931,
              68.27331132917602
            ],
            [
              35.90198061077759,
              68.27344144119567
            ],
            [
              35.90137852866318,
              68.27358266718113
            ],
            [
              35.90079586664656,
              68.27373466710885
            ],
            [
              35.90023402800321,
              68.27389707500822
            ],
            [
              35.899694365956954,
              68.27406949984137
            ],
            [
              35.899178180422766,
              68.27425152644302
            ],
            [
              35.89868671487684,
              68.27444271651858
            ],
            [
              35.89822115336157,
              68.27464260969782
            ],
            [
              35.89778261763253,
              68.27485072464185
            ],
            [
              35.897372164454325,
              68.27506656020054
            ],
            [
              35.896990783051976,
              68.27528959661781
            ],
            [
              35.89663939272388,
              68.27551929678167
            ],
            [
              35.89631884062214,
              68.27575510751619
            ],
            [
              35.89602989970574,
              68.27599646091247
            ],
            [
              35.89577326687146,
              68.27624277569481
            ],
            [
              35.895549561267195,
              68.27649345861971
            ],
            [
              35.89535932279177,
              68.27674790590336
            ],
            [
              35.89520301078484,
              68.27700550467513
            ],
            [
              35.89508100291041,
              68.27726563445273
            ],
            [
              35.89499359423637,
              68.27752766863625
            ],
            [
              35.89494099651274,
              68.27779097601686
            ],
            [
              35.894923337650226,
              68.27805492229695
            ],
            [
              35.89494066140051,
              68.2783188716179
            ],
            [
              35.894992927239215,
              68.27858218809185
            ],
            [
              35.895080010451885,
              68.27884423733354
            ],
            [
              35.89520170242286,
              68.27910438798921
            ],
            [
              35.89535771112657,
              68.27936201325781
            ],
            [
              35.89554766182,
              68.27961649240193
            ],
            [
              35.89577109793497,
              68.27986721224406
            ],
            [
              35.896027482168,
              68.28011356864492
            ],
            [
              35.896316197765366,
              68.28035496796011
            ],
            [
              35.896636550000224,
              68.28059082847177
            ],
            [
              35.896987767838404,
              68.28082058179159
            ],
            [
              35.897369005788995,
              68.28104367423174
            ],
            [
              35.89777934593512,
              68.28125956814071
            ],
            [
              35.89821780014031,
              68.28146774320042
            ],
            [
              35.89868331242507,
              68.28166769768185
            ],
            [
              35.899174761507965,
              68.28185894965571
            ],
            [
              35.899690963505144,
              68.28204103815567
            ],
            [
              35.90023067478186,
              68.28221352429101
            ],
            [
              35.900792594949024,
              68.2823759923061
            ],
            [
              35.90137536999771,
              68.28252805058406
            ],
            [
              35.90197759556385,
              68.2826693325924
            ],
            [
              35.90259782031545,
              68.28279949776802
            ],
            [
              35.90323454945393,
              68.28291823233954
            ],
            [
              35.90388624832119,
              68.28302525008516
            ],
            [
              35.9045513461038,
              68.28312029302381
            ],
            [
              35.90522823962495,
              68.28320313203841
            ],
            [
              35.90591529721533,
              68.28327356742908
            ],
            [
              35.90661086265341,
              68.28333142939569
            ],
            [
              35.90731325916534,
              68.28337657844796
            ],
            [
              35.90802079347507,
              68.28340890574242
            ],
            [
              35.908731759894586,
              68.2834283333454
            ],
            [
              35.9094444444444,
              68.2834348144212
            ],
            [
              35.91015712899421,
              68.2834283333454
            ],
            [
              35.910868095413726,
              68.28340890574242
            ],
            [
              35.91157562972345,
              68.28337657844796
            ],
            [
              35.912278026235384,
              68.28333142939569
            ],
            [
              35.912973591673456,
              68.28327356742908
            ],
            [
              35.91366064926384,
              68.28320313203841
            ],
            [
              35.91433754278499,
              68.28312029302383
            ],
            [
              35.91500264056761,
              68.28302525008516
            ],
            [
              35.91565433943487,
              68.28291823233955
            ],
            [
              35.916291068573344,
              68.28279949776802
            ],
            [
              35.916911293324944,
              68.2826693325924
            ],
            [
              35.917513518891084,
              68.28252805058406
            ],
            [
              35.918096293939776,
              68.2823759923061
            ],
            [
              35.91865821410693,
              68.28221352429101
            ],
            [
              35.91919792538365,
              68.28204103815567
            ],
            [
              35.91971412738082,
              68.28185894965571
            ],
            [
              35.920205576463715,
              68.28166769768185
            ],
            [
              35.92067108874847,
              68.28146774320042
            ],
            [
              35.92110954295367,
              68.28125956814071
            ],
            [
              35.9215198830998,
              68.28104367423174
            ],
            [
              35.9219011210504,
              68.28082058179159
            ],
            [
              35.922252338888576,
              68.28059082847177
            ],
            [
              35.92257269112342,
              68.28035496796011
            ],
            [
              35.92286140672079,
              68.28011356864491
            ],
            [
              35.923117790953825,
              68.27986721224406
            ],
            [
              35.923341227068796,
              68.27961649240194
            ],
            [
              35.92353117776222,
              68.27936201325781
            ],
            [
              35.92368718646593,
              68.27910438798921
            ],
            [
              35.92380887843691,
              68.27884423733354
            ],
            [
              35.92389596164958,
              68.27858218809185
            ],
            [
              35.92394822748828,
              68.2783188716179
            ],
            [
              35.92396555123857,
              68.27805492229695
            ]
          ]
        ],
        "meta": {
          "shape": "circle"
        }
      },
      "properties": {
        "title": "X2301/26 for None",
        "text": "From: 2026-07-23 05:00:00+00:00\nTo: 2026-07-26 17:00:00+00:00\n\nAIRSPACE CLSD Within CIRCLE RADIUS 0.6KM CENTRE 681641N0355434E."
      }
    },
    {
      "type": "Feature",
      "geometry": {
        "type": "Polygon",
        "coordinates": [
          [
            [
              31.071760366022477,
              60.33820781166923
            ],
            [
              31.069900194310797,
              60.33099788437296
            ],
            [
              31.067329702465443,
              60.3238418402587
            ],
            [
              31.06405553198327,
              60.316756877959406
            ],
            [
              31.060086000793756,
              60.30976001423276
            ],
            [
              31.055431079125047,
              60.30286804347377
            ],
            [
              31.050102361617725,
              60.296097497859094
            ],
            [
              31.04411303578965,
              60.289464608212974
            ],
            [
              31.037477846961185,
              60.282985265682676
            ],
            [
              31.030213059755525,
              60.276674984307526
            ],
            [
              31.022336416294202,
              60.27054886456393
            ],
            [
              31.013867091212028,
              60.26462155796504
            ],
            [
              31.004825643619814,
              60.258907232791024
            ],
            [
              30.99523396614693,
              60.25341954102261
            ],
            [
              30.98511523119851,
              60.24817158654737
            ],
            [
              30.97449383456508,
              60.243175894705075
            ],
            [
              30.963395336524666,
              60.23844438323462
            ],
            [
              30.951846400579136,
              60.23398833468238
            ],
            [
              30.93987472996852,
              60.22981837032724
            ],
            [
              30.9275090021081,
              60.22594442567561
            ],
            [
              30.91477880109439,
              60.222375727574395
            ],
            [
              30.90171454842672,
              60.21912077298804
            ],
            [
              30.888347432092218,
              60.216187309480766
            ],
            [
              30.87470933416197,
              60.21358231744259
            ],
            [
              30.860832757046996,
              60.211311994093485
            ],
            [
              30.84675074856261,
              60.20938173929654
            ],
            [
              30.832496825950052,
              60.20779614320761
            ],
            [
              30.818104899004307,
              60.2065589757848
            ],
            [
              30.80360919245705,
              60.205673178178195
            ],
            [
              30.78904416776385,
              60.20514085601584
            ],
            [
              30.7744444444444,
              60.20496327459903
            ],
            [
              30.759844721124946,
              60.20514085601584
            ],
            [
              30.745279696431744,
              60.205673178178195
            ],
            [
              30.730783989884486,
              60.2065589757848
            ],
            [
              30.71639206293874,
              60.20779614320761
            ],
            [
              30.702138140326184,
              60.20938173929654
            ],
            [
              30.6880561318418,
              60.211311994093485
            ],
            [
              30.674179554726823,
              60.21358231744259
            ],
            [
              30.66054145679658,
              60.216187309480766
            ],
            [
              30.647174340462072,
              60.219120772988056
            ],
            [
              30.634110087794404,
              60.222375727574395
            ],
            [
              30.621379886780698,
              60.22594442567561
            ],
            [
              30.60901415892028,
              60.22981837032724
            ],
            [
              30.597042488309658,
              60.23398833468238
            ],
            [
              30.585493552364127,
              60.23844438323462
            ],
            [
              30.574395054323716,
              60.243175894705075
            ],
            [
              30.563773657690284,
              60.24817158654737
            ],
            [
              30.553654922741867,
              60.25341954102261
            ],
            [
              30.544063245268983,
              60.258907232791024
            ],
            [
              30.53502179767677,
              60.26462155796504
            ],
            [
              30.526552472594595,
              60.27054886456393
            ],
            [
              30.518675829133272,
              60.276674984307526
            ],
            [
              30.51141104192761,
              60.282985265682676
            ],
            [
              30.504775853099144,
              60.289464608212974
            ],
            [
              30.49878652727108,
              60.296097497859094
            ],
            [
              30.49345780976375,
              60.30286804347377
            ],
            [
              30.488802888095037,
              60.30976001423276
            ],
            [
              30.484833356905526,
              60.31675687795942
            ],
            [
              30.481559186423354,
              60.3238418402587
            ],
            [
              30.478988694577996,
              60.33099788437296
            ],
            [
              30.47712852286632,
              60.33820781166923
            ],
            [
              30.475983616067232,
              60.34545428266621
            ],
            [
              30.475557205894482,
              60.35271985850565
            ],
            [
              30.475850798668827,
              60.359987042771905
            ],
            [
              30.476864167082734,
              60.367238323560684
            ],
            [
              30.478595346121583,
              60.37445621569704
            ],
            [
              30.48104063319584,
              60.38162330300074
            ],
            [
              30.4841945925284,
              60.38872228049605
            ],
            [
              30.488050063830908,
              60.395735996462555
            ],
            [
              30.492598175291217,
              60.40264749422169
            ],
            [
              30.497828360882906,
              60.40944005355502
            ],
            [
              30.503728381995362,
              60.41609723164854
            ],
            [
              30.50787068587992,
              60.420207754417504
            ],
            [
              30.506673106473926,
              60.42231166003358
            ],
            [
              30.503388058179272,
              60.42939647834209
            ],
            [
              30.500808959984987,
              60.436552383717995
            ],
            [
              30.498942477500034,
              60.44376217804242
            ],
            [
              30.497793574197775,
              60.45100852228696
            ],
            [
              30.497365494990365,
              60.45827397798254
            ],
            [
              30.49765975383499,
              60.465541049037185
            ],
            [
              30.49867612544542,
              60.47279222380357
            ],
            [
              30.500412641173398,
              60.48001001729633
            ],
            [
              30.502865589114695,
              60.4871770134576
            ],
            [
              30.506029518484542,
              60.49427590736747
            ],
            [
              30.50989724829646,
              60.50128954729607
            ],
            [
              30.514459880367145,
              60.508200976492255
            ],
            [
              30.519706816658417,
              60.5149934746043
            ],
            [
              30.525625780955185,
              60.52165059862731
            ],
            [
              30.532202844865434,
              60.52815622327274
            ],
            [
              30.539422458115673,
              60.53449458065529
            ],
            [
              30.547267483101653,
              60.54065029919391
            ],
            [
              30.555719233640957,
              60.546608441624315
            ],
            [
              30.564757517860116,
              60.55235454202187
            ],
            [
              30.574360685135023,
              60.557874641735886
            ],
            [
              30.58450567698973,
              60.56315532413813
            ],
            [
              30.595168081844744,
              60.568183748090746
            ],
            [
              30.606322193491845,
              60.57294768004211
            ],
            [
              30.617941073159447,
              60.577435524661595
            ],
            [
              30.62999661501851,
              60.58163635392816
            ],
            [
              30.635929124548458,
              60.583494496396426
            ],
            [
              30.63888888888889,
              60.64694444444444
            ],
            [
              30.74138888888889,
              60.64611111111111
            ],
            [
              30.81119500657246,
              60.60652831253635
            ],
            [
              30.812002846207033,
              60.60651851881841
            ],
            [
              30.826747372795477,
              60.605981384650654
            ],
            [
              30.84141979634549,
              60.60508761861778
            ],
            [
              30.85598429445474,
              60.60383940319983
            ],
            [
              30.87040531890942,
              60.602239786100725
            ],
            [
              30.884647685830778,
              60.600292672507315
            ],
            [
              30.89867666475755,
              60.598002815175754
            ],
            [
              30.912458066406565,
              60.59537580237406
            ],
            [
              30.925958328859565,
              60.59241804371594
            ],
            [
              30.939144601930852,
              60.589136753927136
            ],
            [
              30.95198482947798,
              60.58553993459134
            ],
            [
              30.964447829425893,
              60.58163635392816
            ],
            [
              30.976503371284952,
              60.57743552466159
            ],
            [
              30.988122250952557,
              60.57294768004211
            ],
            [
              30.999276362599662,
              60.56818374809076
            ],
            [
              31.009938767454667,
              60.56315532413813
            ],
            [
              31.02008375930938,
              60.5578746417359
            ],
            [
              31.02968692658428,
              60.55235454202187
            ],
            [
              31.038725210803435,
              60.54660844162433
            ],
            [
              31.047176961342746,
              60.54065029919391
            ],
            [
              31.05502198632873,
              60.53449458065529
            ],
            [
              31.062241599578964,
              60.52815622327274
            ],
            [
              31.068818663489218,
              60.52165059862731
            ],
            [
              31.074737627785986,
              60.5149934746043
            ],
            [
              31.079984564077257,
              60.508200976492255
            ],
            [
              31.08454719614794,
              60.50128954729607
            ],
            [
              31.08841492595986,
              60.49427590736747
            ],
            [
              31.091578855329708,
              60.4871770134576
            ],
            [
              31.094031803271,
              60.48001001729636
            ],
            [
              31.09576831899898,
              60.47279222380357
            ],
            [
              31.096784690609407,
              60.465541049037185
            ],
            [
              31.097078949454033,
              60.45827397798254
            ],
            [
              31.096650870246627,
              60.45100852228696
            ],
            [
              31.09550196694437,
              60.44376217804242
            ],
            [
              31.093635484459416,
              60.436552383717995
            ],
            [
              31.09105638626513,
              60.42939647834209
            ],
            [
              31.087771337970477,
              60.42231166003358
            ],
            [
              31.083788686944583,
              60.415314944977936
            ],
            [
              31.079118438081135,
              60.40842312694345
            ],
            [
              31.07377222579991,
              60.40165273742972
            ],
            [
              31.06776328238899,
              60.39502000653827
            ],
            [
              31.063508726383855,
              60.39087902098805
            ],
            [
              31.064694296360397,
              60.38872228049605
            ],
            [
              31.06784825569296,
              60.38162330300074
            ],
            [
              31.07029354276721,
              60.37445621569704
            ],
            [
              31.07202472180606,
              60.367238323560684
            ],
            [
              31.073038090219967,
              60.359987042771905
            ],
            [
              31.073331682994315,
              60.35271985850565
            ],
            [
              31.07290527282156,
              60.34545428266621
            ],
            [
              31.071760366022477,
              60.33820781166923
            ]
          ]
        ],
        "meta": {
          "shape": "polygon"
        }
      },
      "properties": {
        "title": "X2303/26 for None",
        "text": "From: 2026-07-21 07:05:00+00:00\nTo: 2026-07-26 16:55:00+00:00\n\nAIRSPACE CLSD AS FLW:\n\n1. AREA: 601818N0303722E-603000N0303756E-603006N0304300E-\n\n         603307N0304234E-603306N0303804E-603849N0303820E-\n\n         603846N0304429E-603200N0305625E-601818N0305728E-\n\n         601818N0303722E\n\n   SFC-900M AMSL.\n\n2. Within CIRCLE RADIUS 16.5KM CENTRE 602111N0304628E\n\n   SFC-400M AMSL.\n\n3. Within CIRCLE RADIUS 16.5KM CENTRE 602731N0304750E\n\n   SFC-400M AMSL.\n\n4. Within CIRCLE RADIUS 5KM CENTRE 602111N0304628E\n\n   SFC-1500M AMSL."
      }
    },
    {
      "type": "Feature",
      "geometry": {
        "type": "Polygon",
        "coordinates": [
          [
            [
              30.34954254124021,
              60.580802221355306
            ],
            [
              30.349426478109365,
              60.57860041574878
            ],
            [
              30.349091009574966,
              60.5764040629944
            ],
            [
              30.348536988099934,
              60.57421845265581
            ],
            [
              30.347765791777263,
              60.57204884736282
            ],
            [
              30.346779320592866,
              60.569900470159524
            ],
            [
              30.345579991443824,
              60.567778491957874
            ],
            [
              30.344170731928187,
              60.5656880191261
            ],
            [
              30.34255497292474,
              60.56363408124201
            ],
            [
              30.340736639984176,
              60.5616216190395
            ],
            [
              30.33872014355584,
              60.559655472577234
            ],
            [
              30.336510368076368,
              60.55774036965703
            ],
            [
              30.334112659949348,
              60.55588091451918
            ],
            [
              30.331532814447364,
              60.55408157684096
            ],
            [
              30.328777061569987,
              60.5523466810643
            ],
            [
              30.32585205089343,
              60.5506803960771
            ],
            [
              30.322764835449814,
              60.549086725272176
            ],
            [
              30.319522854675743,
              60.5475694970068
            ],
            [
              30.316133916471728,
              60.54613235548505
            ],
            [
              30.31260617841599,
              60.5447787520834
            ],
            [
              30.3089481281775,
              60.54351193714006
            ],
            [
              30.30516856317491,
              60.542334952226426
            ],
            [
              30.301276569529097,
              60.54125062291841
            ],
            [
              30.297281500359034,
              60.54026155208422
            ],
            [
              30.29319295347098,
              60.53937011370363
            ],
            [
              30.28902074849301,
              60.538578447233135
            ],
            [
              30.284774903507262,
              60.53788845252925
            ],
            [
              30.28046561123356,
              60.53730178534203
            ],
            [
              30.276103214818708,
              60.53681985338845
            ],
            [
              30.271698183286432,
              60.53644381301501
            ],
            [
              30.267261086703755,
              60.53617456645659
            ],
            [
              30.262802571119735,
              60.53601275969822
            ],
            [
              30.2583333333333,
              60.53595878094417
            ],
            [
              30.253864095546867,
              60.53601275969822
            ],
            [
              30.249405579962843,
              60.53617456645659
            ],
            [
              30.24496848338017,
              60.53644381301501
            ],
            [
              30.240563451847894,
              60.53681985338845
            ],
            [
              30.236201055433042,
              60.53730178534203
            ],
            [
              30.231891763159336,
              60.53788845252925
            ],
            [
              30.22764591817359,
              60.538578447233135
            ],
            [
              30.223473713195617,
              60.53937011370363
            ],
            [
              30.219385166307568,
              60.54026155208422
            ],
            [
              30.215390097137504,
              60.54125062291841
            ],
            [
              30.211498103491692,
              60.542334952226426
            ],
            [
              30.20771853848909,
              60.54351193714006
            ],
            [
              30.204060488250608,
              60.5447787520834
            ],
            [
              30.20053275019487,
              60.54613235548505
            ],
            [
              30.197143811990856,
              60.5475694970068
            ],
            [
              30.193901831216788,
              60.549086725272176
            ],
            [
              30.19081461577317,
              60.5506803960771
            ],
            [
              30.187889605096615,
              60.5523466810643
            ],
            [
              30.185133852219238,
              60.55408157684096
            ],
            [
              30.18255400671725,
              60.55588091451918
            ],
            [
              30.18015629859023,
              60.55774036965703
            ],
            [
              30.17794652311076,
              60.559655472577234
            ],
            [
              30.175930026682423,
              60.5616216190395
            ],
            [
              30.174111693741864,
              60.56363408124201
            ],
            [
              30.17249593473841,
              60.5656880191261
            ],
            [
              30.171086675222778,
              60.567778491957874
            ],
            [
              30.169887346073736,
              60.569900470159524
            ],
            [
              30.16890087488934,
              60.57204884736282
            ],
            [
              30.168129678566665,
              60.57421845265581
            ],
            [
              30.167575657091636,
              60.5764040629944
            ],
            [
              30.167240188557233,
              60.57860041574878
            ],
            [
              30.16712412542639,
              60.580802221355306
            ],
            [
              30.16722779205225,
              60.5830041760433
            ],
            [
              30.167550983465993,
              60.58520097460627
            ],
            [
              30.16809296543932,
              60.587387323187265
            ],
            [
              30.16885247582551,
              60.58955795204686
            ],
            [
              30.169827727180017,
              60.591707628283515
            ],
            [
              30.17101641065832,
              60.593831168475006
            ],
            [
              30.17241570118562,
              60.59592345121035
            ],
            [
              30.17402226388974,
              60.59797942948154
            ],
            [
              30.175832261785267,
              60.59999414290475
            ],
            [
              30.177841364694,
              60.60196272974094
            ],
            [
              30.18004475938316,
              60.60388043868628
            ],
            [
              30.18243716090003,
              60.605742640403165
            ],
            [
              30.185012825078086,
              60.60754483876335
            ],
            [
              30.187765562186815,
              60.609282681775035
            ],
            [
              30.190688751694193,
              60.610951972166895
            ],
            [
              30.193775358107718,
              60.61254867760251
            ],
            [
              30.197017947856875,
              60.61406894049939
            ],
            [
              30.200408707177196,
              60.61550908742836
            ],
            [
              30.20393946095285,
              60.61686563806914
            ],
            [
              30.207601692472544,
              60.618135313699966
            ],
            [
              30.211386564050247,
              60.61931504519936
            ],
            [
              30.215284938460325,
              60.62040198054018
            ],
            [
              30.219287401133958,
              60.621393491756635
            ],
            [
              30.22338428306162,
              60.622287181366566
            ],
            [
              30.227565684344338,
              60.62308088823283
            ],
            [
              30.231821498334448,
              60.62377269284863
            ],
            [
              30.23614143630494,
              60.62436092203336
            ],
            [
              30.240515052584755,
              60.624844153027034
            ],
            [
              30.244931770096212,
              60.625221216972584
            ],
            [
              30.24938090622933,
              60.62549120177752
            ],
            [
              30.25385169898689,
              60.62565345434702
            ],
            [
              30.2583333333333,
              60.62570758218335
            ],
            [
              30.262814967679713,
              60.62565345434702
            ],
            [
              30.267285760437268,
              60.62549120177752
            ],
            [
              30.271734896570386,
              60.625221216972584
            ],
            [
              30.276151614081844,
              60.624844153027034
            ],
            [
              30.28052523036166,
              60.62436092203336
            ],
            [
              30.28484516833215,
              60.62377269284863
            ],
            [
              30.28910098232226,
              60.62308088823283
            ],
            [
              30.293282383604982,
              60.622287181366566
            ],
            [
              30.297379265532644,
              60.621393491756635
            ],
            [
              30.301381728206277,
              60.62040198054018
            ],
            [
              30.305280102616347,
              60.61931504519936
            ],
            [
              30.309064974194058,
              60.618135313699966
            ],
            [
              30.312727205713745,
              60.61686563806914
            ],
            [
              30.3162579594894,
              60.61550908742836
            ],
            [
              30.319648718809727,
              60.61406894049939
            ],
            [
              30.322891308558887,
              60.61254867760251
            ],
            [
              30.32597791497241,
              60.61095197216691
            ],
            [
              30.32890110447979,
              60.609282681775035
            ],
            [
              30.331653841588523,
              60.60754483876335
            ],
            [
              30.334229505766572,
              60.605742640403165
            ],
            [
              30.336621907283437,
              60.60388043868628
            ],
            [
              30.338825301972598,
              60.60196272974094
            ],
            [
              30.340834404881335,
              60.59999414290475
            ],
            [
              30.342644402776862,
              60.59797942948154
            ],
            [
              30.34425096548098,
              60.59592345121035
            ],
            [
              30.345650256008287,
              60.593831168475006
            ],
            [
              30.346838939486585,
              60.59170762828351
            ],
            [
              30.34781419084109,
              60.58955795204686
            ],
            [
              30.34857370122728,
              60.587387323187265
            ],
            [
              30.34911568320061,
              60.58520097460627
            ],
            [
              30.34943887461435,
              60.5830041760433
            ],
            [
              30.34954254124021,
              60.580802221355306
            ]
          ]
        ],
        "meta": {
          "shape": "circle"
        }
      },
      "properties": {
        "title": "X2312/26 for None",
        "text": "From: 2026-07-20 07:01:00+00:00\nTo: 2026-07-25 16:59:00+00:00\n\nAIRSPACE CLSD Within CIRCLE RADIUS 5KM CENTRE 603451N0301530E."
      }
    },
    {
      "type": "Feature",
      "geometry": {
        "type": "Polygon",
        "coordinates": [
          [
            [
              32.566944444444445,
              67.12583333333333
            ],
            [
              32.5825,
              67.15722222222223
            ],
            [
              32.846944444444446,
              67.12944444444443
            ],
            [
              32.827222222222225,
              67.07777777777777
            ],
            [
              32.761944444444445,
              67.07916666666667
            ],
            [
              32.68416666666666,
              67.11138888888888
            ],
            [
              32.566944444444445,
              67.12583333333333
            ]
          ]
        ],
        "meta": {
          "shape": "polygon"
        }
      },
      "properties": {
        "title": "X2314/26 for None",
        "text": "From: 2026-07-22 09:00:00+00:00\nTo: 2026-07-30 15:00:00+00:00\n\nAIRSPACE CLSD Within AREA:\n\n670733N0323401E-670926N0323457E-670746N0325049E-670440N0324938E-\n\n670445N0324543E-670641N0324103E-670733N0323401E."
      }
    },
    {
      "type": "Feature",
      "geometry": {
        "type": "Polygon",
        "coordinates": [],
        "meta": {
          "shape": "arc"
        }
      },
      "properties": {
        "title": "X2350/26 for None",
        "text": "From: 2026-07-20 00:00:00+00:00\nTo: 2026-07-25 23:59:00+00:00\n\nAIRSPACE CLSD Within AREA:\n\nFM 585145N0273032E THEN ALONG STATE BORDER TO 614422N0295906E THEN\n\nCLOCKWISE ALONG ARC RADIUS 200KM CENTRE (595700N0301900E) TO\n\n585145N0273032E.\n\nCLOSURE NOT AFFECT:\n\n- VIP FLT AND ACFT FOR THEIR SUPPORT,\n\n- INTL AND DOM SKED FLT ALONG ATS RTE,\n\n- FLT ARR/DEP TO/FM PULKOVO Aerodrome/SANKT PETERSBURG.\n\n- FLT OF ACFT WO CONTINUOUS TWO-WAY COM WITH ATS (AFTM) UNIT\n\n  PROHIBITED.\n\n  CTC TEL.: 8-812-305-30-15."
      }
    },
    {
      "type": "Feature",
      "geometry": {
        "type": "Polygon",
        "coordinates": [
          [
            [
              37.91777777777777,
              59.14222222222222
            ],
            [
              37.91694444444444,
              59.14055555555556
            ],
            [
              37.896388888888886,
              59.13527777777778
            ],
            [
              37.87277777777778,
              59.13527777777778
            ],
            [
              37.873333333333335,
              59.130833333333335
            ],
            [
              37.86277777777778,
              59.12638888888889
            ],
            [
              37.885,
              59.120555555555555
            ],
            [
              37.879444444444445,
              59.11277777777778
            ],
            [
              37.82972222222222,
              59.114444444444445
            ],
            [
              37.80416666666667,
              59.11222222222222
            ],
            [
              37.783055555555556,
              59.10944444444445
            ],
            [
              37.76777777777777,
              59.13583333333333
            ],
            [
              37.81444444444444,
              59.144444444444446
            ],
            [
              37.855000000000004,
              59.15694444444444
            ],
            [
              37.85111111111111,
              59.15888888888889
            ],
            [
              37.84777777777778,
              59.160555555555554
            ],
            [
              37.85138888888889,
              59.16416666666667
            ],
            [
              37.86222222222222,
              59.16
            ],
            [
              37.89416666666666,
              59.159444444444446
            ],
            [
              37.890277777777776,
              59.15138888888889
            ],
            [
              37.914722222222224,
              59.144444444444446
            ],
            [
              37.91777777777777,
              59.14222222222222
            ]
          ]
        ],
        "meta": {
          "shape": "polygon"
        }
      },
      "properties": {
        "title": "X2355/26 for None",
        "text": "From: 2026-07-20 07:00:00+00:00\nTo: 2026-07-25 14:00:00+00:00\n\nAIRSPACE CLSD Within AREA:\n\n590832N0375504E-590826N0375501E-590807N0375347E-590807N0375222E-\n\n590751N0375224E-590735N0375146E-590714N0375306E-590646N0375246E-\n\n590652N0374947E-590644N0374815E-590634N0374659E-590809N0374604E-\n\n590840N0374852E-590925N0375118E-590932N0375104E-590938N0375052E-\n\n590951N0375105E-590936N0375144E-590934N0375339E-590905N0375325E-\n\n590840N0375453E-590832N0375504E."
      }
    },
    {
      "type": "Feature",
      "geometry": {
        "type": "Polygon",
        "coordinates": [
          [
            [
              56.6675,
              67.20027777777779
            ],
            [
              56.6,
              67.18333333333334
            ],
            [
              56.594722222222224,
              67.16388888888889
            ],
            [
              56.57972222222222,
              67.165
            ],
            [
              56.099444444444444,
              67.215
            ],
            [
              55.8,
              67.18194444444445
            ],
            [
              55.396388888888886,
              67.23194444444445
            ],
            [
              54.771388888888886,
              67.20722222222223
            ],
            [
              55.10111111111111,
              66.78694444444444
            ],
            [
              56.014722222222225,
              66.81722222222221
            ],
            [
              56.015277777777776,
              66.78527777777778
            ],
            [
              55.032777777777774,
              66.70305555555557
            ],
            [
              54.92666666666666,
              66.71722222222222
            ],
            [
              54.57805555555556,
              67.22888888888889
            ],
            [
              54.644444444444446,
              67.2713888888889
            ],
            [
              55.90472222222222,
              67.26888888888888
            ],
            [
              56.00833333333333,
              67.2936111111111
            ],
            [
              56.19194444444444,
              67.2538888888889
            ],
            [
              56.59277777777778,
              67.21666666666667
            ],
            [
              56.660555555555554,
              67.20861111111111
            ],
            [
              56.6675,
              67.20027777777779
            ]
          ]
        ],
        "meta": {
          "shape": "polygon"
        }
      },
      "properties": {
        "title": "X2367/26 for None",
        "text": "From: 2026-07-24 04:00:00+00:00\nTo: 2026-07-29 21:00:00+00:00\n\nAIRSPACE CLSD AS FLW:\n\n1. AREA: 671300N0563534E-671514N0561131E-671737N0560030E-\n\n         671608N0555417E-671617N0543840E-671344N0543441E-\n\n         664302N0545536E-664211N0550158E-664707N0560055E-\n\n         664902N0560053E-664713N0550604E-671226N0544617E-\n\n         671355N0552347E-671055N0554800E-671254N0560558E-\n\n         670954N0563447E-670950N0563541E-671100N0563600E-\n\n         671201N0564003E-671231N0563938E-671300N0563534E\n\n   220M AMSL-600M AMSL.\n\n2. Within CIRCLE RADIUS 1KM CENTRE 671438N0561114E\n\n   SFC-600M AMSL.\n\n3. Within CIRCLE RADIUS 1KM CENTRE 671651N0560039E\n\n   SFC-600M AMSL.\n\n4. Within CIRCLE RADIUS 1KM CENTRE 664800N0555900E\n\n   SFC-600M AMSL.\n\n5. Within CIRCLE RADIUS 1KM CENTRE 671500N0560000E\n\n   SFC-600M AMSL."
      }
    },
    {
      "type": "Feature",
      "geometry": {
        "type": "Polygon",
        "coordinates": [
          [
            [
              56.60027777777778,
              67.18333333333334
            ],
            [
              56.677499999999995,
              67.20277777777778
            ],
            [
              56.91638888888889,
              67.1
            ],
            [
              56.983333333333334,
              66.99972222222222
            ],
            [
              56.9,
              66.91638888888889
            ],
            [
              56.54972222222222,
              66.75
            ],
            [
              56.01638888888889,
              66.75
            ],
            [
              56.013888888888886,
              66.86444444444444
            ],
            [
              56.516666666666666,
              66.88305555555554
            ],
            [
              56.60027777777778,
              67.18333333333334
            ]
          ]
        ],
        "meta": {
          "shape": "polygon"
        }
      },
      "properties": {
        "title": "X2368/26 for None",
        "text": "From: 2026-07-24 04:00:00+00:00\nTo: 2026-07-29 21:00:00+00:00\n\nAIRSPACE CLSD AS FLW:\n\n1. AREA: 665152N0560050E-665259N0563100E-671100N0563601E-\n\n         671210N0564039E-670600N0565459E-665959N0565900E-\n\n         665459N0565400E-664500N0563259E-664500N0560059E-\n\n         665152N0560050E\n\n   220M AMSL-600M AMSL.\n\n2. Within CIRCLE RADIUS 1KM CENTRE 664643N0561500E\n\n   SFC-600M AMSL.\n\n3. Within CIRCLE RADIUS 1KM CENTRE 665000N0563900E\n\n   SFC-600M AMSL."
      }
    },
    {
      "type": "Feature",
      "geometry": {
        "type": "Polygon",
        "coordinates": [
          [
            [
              57.36638888888889,
              66.44305555555556
            ],
            [
              57.43472222222222,
              66.39611111111111
            ],
            [
              57.19555555555555,
              66.37944444444443
            ],
            [
              56.862500000000004,
              66.59777777777778
            ],
            [
              56.61527777777778,
              66.78111111111112
            ],
            [
              56.900277777777774,
              66.91638888888889
            ],
            [
              57.41638888888889,
              66.65
            ],
            [
              57.36638888888889,
              66.44305555555556
            ]
          ]
        ],
        "meta": {
          "shape": "polygon"
        }
      },
      "properties": {
        "title": "X2369/26 for None",
        "text": "From: 2026-07-24 04:00:00+00:00\nTo: 2026-07-29 21:00:00+00:00\n\nAIRSPACE CLSD AS FLW:\n\n1. AREA: 665459N0565401E-663900N0572459E-662635N0572159E-\n\n         662346N0572605E-662246N0571144E-663552N0565145E-\n\n         664652N0563655E-665459N0565401E\n\n   220M AMSL-600M AMSL.\n\n2. Within CIRCLE RADIUS 1KM CENTRE 663600N0565900E\n\n   SFC-600M AMSL.\n\n3. Within CIRCLE RADIUS 2KM CENTRE 662426N0571459E\n\n   SFC-600M AMSL.\n\n4. Within CIRCLE RADIUS 1KM CENTRE 664100N0565100E\n\n   SFC-600M AMSL."
      }
    },
    {
      "type": "Feature",
      "geometry": {
        "type": "Polygon",
        "coordinates": [
          [
            [
              56.580555555555556,
              67.4925
            ],
            [
              56.809444444444445,
              67.4625
            ],
            [
              56.84388888888889,
              67.44305555555556
            ],
            [
              56.82166666666667,
              67.41027777777778
            ],
            [
              56.61416666666667,
              67.32527777777777
            ],
            [
              56.757222222222225,
              67.22666666666667
            ],
            [
              56.72361111111111,
              67.18333333333334
            ],
            [
              56.66555555555556,
              67.20833333333334
            ],
            [
              56.593611111111116,
              67.21666666666667
            ],
            [
              56.510555555555555,
              67.27083333333333
            ],
            [
              56.46277777777778,
              67.33972222222222
            ],
            [
              56.650555555555556,
              67.41861111111112
            ],
            [
              56.58916666666667,
              67.42583333333334
            ],
            [
              56.513888888888886,
              67.45083333333334
            ],
            [
              56.580555555555556,
              67.4925
            ]
          ]
        ],
        "meta": {
          "shape": "polygon"
        }
      },
      "properties": {
        "title": "X2370/26 for None",
        "text": "From: 2026-07-24 04:00:00+00:00\nTo: 2026-07-29 21:00:00+00:00\n\nAIRSPACE CLSD AS FLW:\n\n1. AREA: 672703N0563050E-672933N0563450E-672745N0564834E-\n\n         672635N0565038E-672437N0564918E-671931N0563651E-\n\n         671336N0564526E-671100N0564325E-671230N0563956E-\n\n         671300N0563537E-671615N0563038E-672023N0562746E-\n\n         672507N0563902E-672533N0563521E-672703N0563050E\n\n   220M AMSL-450M AMSL.\n\n2. Within CIRCLE RADIUS 1KM CENTRE 671956N0563148E\n\n   SFC-450M AMSL."
      }
    },
    {
      "type": "Feature",
      "geometry": {
        "type": "Polygon",
        "coordinates": [
          [
            [
              28.266111111111112,
              59.63472222222222
            ],
            [
              28.331666666666667,
              59.61972222222222
            ],
            [
              28.29527777777778,
              59.57555555555556
            ],
            [
              28.20722222222222,
              59.57333333333334
            ],
            [
              28.201944444444443,
              59.58694444444445
            ],
            [
              28.193055555555556,
              59.61361111111111
            ],
            [
              28.266111111111112,
              59.63472222222222
            ]
          ]
        ],
        "meta": {
          "shape": "polygon"
        }
      },
      "properties": {
        "title": "X2377/26 for None",
        "text": "From: 2026-07-21 08:00:00+00:00\nTo: 2026-07-26 15:00:00+00:00\n\nAIRSPACE CLSD AS FLW:\n\n1. AREA: 593649N0281135E-593805N0281558E-593711N0281954E-\n\n         593432N0281743E-593424N0281226E-593513N0281207E-\n\n         593649N0281135E\n\n   100M AMSL-350M AMSL.\n\n2. Within CIRCLE RADIUS 0.9KM CENTRE 593522N0281611E\n\n   SFC-100M AMSL."
      }
    },
    {
      "type": "Feature",
      "geometry": {
        "type": "MultiPolygon",
        "coordinates": [
          [
            [
              [
                45.76722222222222,
                60.69305555555555
              ],
              [
                45.74055555555556,
                60.670833333333334
              ],
              [
                45.4075,
                60.711666666666666
              ],
              [
                45.507777777777775,
                60.763888888888886
              ],
              [
                45.76722222222222,
                60.69305555555555
              ]
            ]
          ],
          [
            [
              [
                46.2525,
                60.86083333333333
              ],
              [
                46.19305555555555,
                60.83388888888889
              ],
              [
                45.999188413796794,
                60.9287423402215
              ],
              [
                45.5225,
                60.7725
              ],
              [
                45.406666666666666,
                60.711666666666666
              ],
              [
                45.30583333333333,
                60.65833333333333
              ],
              [
                45.18111111111111,
                60.61694444444444
              ],
              [
                45.156666666666666,
                60.65333333333333
              ],
              [
                45.25972222222222,
                60.68888888888888
              ],
              [
                45.34166666666667,
                60.73527777777778
              ],
              [
                45.48555555555556,
                60.803888888888885
              ],
              [
                46.15555555555555,
                61.02638888888889
              ],
              [
                46.374722222222225,
                61.07055555555556
              ],
              [
                46.536944444444444,
                61.16861111111111
              ],
              [
                47.57833333333333,
                61.32805555555556
              ],
              [
                47.55361111111111,
                61.26638888888889
              ],
              [
                46.59277777777778,
                61.13055555555555
              ],
              [
                46.41555555555556,
                61.03805555555555
              ],
              [
                46.187777777777775,
                60.99055555555556
              ],
              [
                46.060135617415256,
                60.94871877230521
              ],
              [
                46.06666666666667,
                60.950833333333335
              ],
              [
                46.2525,
                60.86083333333333
              ]
            ]
          ]
        ],
        "meta": {
          "shape": "polygon"
        }
      },
      "properties": {
        "title": "X2380/26 for None",
        "text": "From: 2026-07-22 06:00:00+00:00\nTo: 2026-07-27 19:00:00+00:00\n\nAIRSPACE CLSD AS FLW:\n\n1. AREA: 605002N0461135E-605544N0455956E-605703N0460400E-\n\n         605139N0461509E-605002N0461135E\n\n   400M AMSL-800M AMSL.\n\n2. AREA: 604407N0452030E-604814N0452908E-610135N0460920E-\n\n         610414N0462229E-611007N0463213E-611941N0473442E-\n\n         611559N0473313E-610750N0463534E-610217N0462456E-\n\n         605926N0461116E-604621N0453121E-604242N0452424E-\n\n         603930N0451821E-603701N0451052E-603912N0450924E-\n\n         604120N0451535E-604407N0452030E\n\n   400M AMSL-800M AMSL.\n\n3. AREA: 604015N0454426E-604242N0452427E-604550N0453028E-\n\n         604135N0454602E-604015N0454426E\n\n   SFC-290M AMSL.\n\n4. Within CIRCLE RADIUS 1KM CENTRE 604405N0452840E\n\n   SFC-290M AMSL.\n\n5. Within CIRCLE RADIUS 1KM CENTRE 605141N0461142E\n\n   SFC-800M AMSL.\n\n6. Within CIRCLE RADIUS 1KM CENTRE 610529N0462652E\n\n   SFC-800M AMSL.\n\n7. Within CIRCLE RADIUS 1KM CENTRE 604116N0454401E\n\n   SFC-290M AMSL."
      }
    },
    {
      "type": "Feature",
      "geometry": {
        "type": "MultiPolygon",
        "coordinates": [
          [
            [
              [
                28.339166666666664,
                59.382222222222225
              ],
              [
                28.31277777777778,
                59.17833333333333
              ],
              [
                28.807222222222222,
                59.138888888888886
              ],
              [
                27.69388888888889,
                58.8975
              ],
              [
                27.9175,
                59.169444444444444
              ],
              [
                28.12472222222222,
                59.296388888888885
              ],
              [
                28.245,
                59.303888888888885
              ],
              [
                28.275555555555556,
                59.338055555555556
              ],
              [
                28.27361111111111,
                59.36972222222222
              ],
              [
                28.12777777777778,
                59.43555555555555
              ],
              [
                28.63277777777778,
                59.46083333333333
              ],
              [
                28.413055555555555,
                59.414722222222224
              ],
              [
                28.339166666666664,
                59.382222222222225
              ]
            ]
          ],
          [
            [
              [
                28.12777777777778,
                59.43555555555555
              ],
              [
                28.111111111111114,
                59.45638888888889
              ],
              [
                28.052777777777777,
                59.47638888888889
              ],
              [
                28.585833333333333,
                59.518055555555556
              ],
              [
                28.63,
                59.46138888888889
              ],
              [
                28.12777777777778,
                59.43555555555555
              ]
            ]
          ],
          [
            [
              [
                28.033611111111114,
                59.77583333333333
              ],
              [
                28.122777777777777,
                59.78805555555555
              ],
              [
                28.204722222222223,
                59.57083333333334
              ],
              [
                28.546666666666667,
                59.57944444444445
              ],
              [
                28.586666666666666,
                59.51861111111111
              ],
              [
                28.049722222222226,
                59.47638888888889
              ],
              [
                27.96472222222222,
                59.6975
              ],
              [
                28.033611111111114,
                59.77583333333333
              ]
            ]
          ]
        ],
        "meta": {
          "shape": "polygon"
        }
      },
      "properties": {
        "title": "X2383/26 for None",
        "text": "From: 2026-07-22 00:00:00+00:00\nTo: 2026-07-27 23:59:00+00:00\n\nAIRSPACE CLSD AS FLW:\n\n1. AREA: 593107N0283512E-593446N0283248E-593415N0281217E-\n\n         594717N0280722E-594633N0280201E-594151N0275753E-\n\n         592835N0280259E-593107N0283512E\n\n   300M AMSL-1500M AMSL.\n\n2. AREA: 592608N0280740E-592739N0283758E-592453N0282447E-\n\n         592256N0282021E-591042N0281846E-590820N0284826E-\n\n         585351N0274138E-591010N0275503E-591747N0280729E-\n\n         591814N0281442E-592017N0281632E-592211N0281625E-\n\n         592608N0280740E\n\n   300M AMSL-1500M AMSL.\n\n3. AREA: 592835N0280310E-592723N0280640E-592608N0280740E-\n\n         592741N0283748E-593105N0283509E-592835N0280310E\n\n   600M AMSL-1500M AMSL.\n\n4. Within CIRCLE RADIUS 0.5KM CENTRE 592346N0281442E\n\n   SFC-300M AMSL.\n\n5. Within CIRCLE RADIUS 0.5KM CENTRE 590744N0280308E\n\n   SFC-300M AMSL.\n\n6. Within CIRCLE RADIUS 2KM CENTRE 590454N0281230E\n\n   SFC-290M AMSL."
      }
    },
    {
      "type": "Feature",
      "geometry": {
        "type": "Polygon",
        "coordinates": [
          [
            [
              28.7425,
              60.716944444444444
            ],
            [
              28.758055555555554,
              60.715
            ],
            [
              28.75611111111111,
              60.708333333333336
            ],
            [
              28.745833333333334,
              60.70611111111111
            ],
            [
              28.735555555555557,
              60.71083333333333
            ],
            [
              28.724166666666665,
              60.715833333333336
            ],
            [
              28.728888888888886,
              60.717777777777776
            ],
            [
              28.736666666666668,
              60.7175
            ],
            [
              28.740000000000002,
              60.717222222222226
            ],
            [
              28.741111111111113,
              60.717222222222226
            ],
            [
              28.7425,
              60.716944444444444
            ]
          ]
        ],
        "meta": {
          "shape": "polygon"
        }
      },
      "properties": {
        "title": "X2385/26 for None",
        "text": "From: 2026-07-24 07:00:00+00:00\nTo: 2026-07-26 16:59:00+00:00\n\nAIRSPACE CLSD Within AREA:\n\n604301N0284433E-604254N0284529E-604230N0284522E-604222N0284445E-\n\n604239N0284408E-604257N0284327E-604304N0284344E-604303N0284412E-\n\n604302N0284424E-604302N0284428E-604301N0284433E"
      }
    },
    {
      "type": "Feature",
      "geometry": {
        "type": "Polygon",
        "coordinates": [
          [
            [
              38.88333333333333,
              67.81666666666666
            ],
            [
              38.86666666666667,
              67.9
            ],
            [
              38.93333333333333,
              67.95
            ],
            [
              39.21666666666667,
              67.93333333333334
            ],
            [
              39.38333333333333,
              67.98333333333333
            ],
            [
              39.445555555555565,
              67.97555555555556
            ],
            [
              38.88333333333333,
              67.81666666666666
            ]
          ]
        ],
        "meta": {
          "shape": "polygon"
        }
      },
      "properties": {
        "title": "X2396/26 for None",
        "text": "From: 2026-07-20 08:00:00+00:00\nTo: 2026-07-25 23:00:00+00:00\n\nAIRSPACE CLSD Within 0.75KM EITHER SIDE OF LINE JOINING POINTS:\n\n674900N0385300E-675400N0385200E-675700N0385600E-675600N0391300E-\n\n675900N0392300E-675700N0393900E-675700N0394300E-680000N0394300E-\n\n680200N0393900E"
      }
    },
    {
      "type": "Feature",
      "geometry": {
        "type": "MultiPolygon",
        "coordinates": [
          [
            [
              [
                34.09583333333334,
                60.473055555555554
              ],
              [
                34.38305555555556,
                60.52583333333333
              ],
              [
                34.34722222222222,
                60.46527777777778
              ],
              [
                34.11694444444444,
                60.43277777777777
              ],
              [
                34.15611111111111,
                60.35888888888889
              ],
              [
                33.86638888888889,
                60.31444444444444
              ],
              [
                33.770833333333336,
                60.49777777777778
              ],
              [
                33.77464498283816,
                60.4983653152737
              ],
              [
                33.80972222222222,
                60.64972222222222
              ],
              [
                33.81029761121621,
                60.658111764973214
              ],
              [
                33.809999999999995,
                60.658055555555556
              ],
              [
                33.81428315412185,
                60.71622355185557
              ],
              [
                33.818333333333335,
                60.775277777777774
              ],
              [
                33.80583333333333,
                60.899166666666666
              ],
              [
                33.79333333333333,
                60.9675
              ],
              [
                33.98861111111111,
                60.914722222222224
              ],
              [
                34.02333333333333,
                60.914722222222224
              ],
              [
                34.0225,
                60.89472222222222
              ],
              [
                34.11638888888889,
                60.89416666666666
              ],
              [
                34.151723300098794,
                60.86472132399174
              ],
              [
                34.151944444444446,
                60.86472222222223
              ],
              [
                34.157222222222224,
                60.86083333333333
              ],
              [
                34.20111111111111,
                60.86083333333333
              ],
              [
                34.00725321856765,
                60.53422014929752
              ],
              [
                34.05916666666666,
                60.54222222222222
              ],
              [
                34.09583333333334,
                60.473055555555554
              ]
            ]
          ],
          [
            [
              [
                35.94888888888889,
                60.40333333333333
              ],
              [
                35.764722222222225,
                60.44611111111111
              ],
              [
                36.316944444444445,
                60.54611111111111
              ],
              [
                36.358333333333334,
                60.45194444444445
              ],
              [
                35.94888888888889,
                60.40333333333333
              ]
            ]
          ],
          [
            [
              [
                35.11055555555556,
                60.56777777777778
              ],
              [
                34.349444444444444,
                60.46555555555556
              ],
              [
                34.38527777777778,
                60.52611111111111
              ],
              [
                35.473888888888894,
                60.725833333333334
              ],
              [
                35.6675,
                60.692499999999995
              ],
              [
                35.11055555555556,
                60.56777777777778
              ]
            ]
          ],
          [
            [
              [
                34.646388888888886,
                61.028055555555554
              ],
              [
                34.60138888888889,
                61.058055555555555
              ],
              [
                34.54,
                61.07694444444445
              ],
              [
                34.79083333333333,
                61.157222222222224
              ],
              [
                35.23444444444444,
                61.075833333333335
              ],
              [
                36.135555555555555,
                60.791666666666664
              ],
              [
                35.66833333333333,
                60.69277777777778
              ],
              [
                35.47361111111111,
                60.726111111111116
              ],
              [
                34.38861111111111,
                60.530277777777776
              ],
              [
                34.651666666666664,
                60.96194444444445
              ],
              [
                34.66111111111111,
                60.9925
              ],
              [
                34.646388888888886,
                61.028055555555554
              ]
            ]
          ]
        ],
        "meta": {
          "shape": "polygon"
        }
      },
      "properties": {
        "title": "X2406/26A02 for None",
        "text": "From: 2026-07-21 07:01:00+00:00\nTo: 2026-07-26 23:59:00+00:00\n\nAIRSPACE CLSD Within AREA:\n\n  1. 603134N0342307E-604333N0352826E-604133N0354003E-\n\n  603404N0350638E-602756N0342058E-603134N0342307E\n\n  GND-5200M AMSL\n\n  2. 602952N0334615E-601852N0335159E-602132N0340922E-\n\n  602558N0340701E-602755N0342050E-603133N0342259E-602823N0340545E-\n\n  603232N0340333E-602952N0334615E\n\n  GND-1500M AMSL\n\n  3. 605357N0334821E-605803N0334736E-605453N0335919E-\n\n  605453N0340124E-605341N0340121E-605339N0340659E-605139N0340923E-\n\n  605139N0341204E-602653N0335722E-602513N0334842E-602951N0334628E-\n\n  603859N0334835E-604631N0334906E-605357N0334821E\n\n  750M AMSL-5200M AMSL\n\n  4. 605148N0334836E-605153N0340907E-605139N0340926E-\n\n  605137N0341202E-604256N0340652E-603929N0334836E-604630N0334907E-\n\n  605148N0334836E\n\n  5200M AMSL-6100M AMSL\n\n  5. 602646N0354553E-603246N0361901E-602707N0362130E-\n\n  602412N0355656E-602646N0354553E\n\n  GND-5200M AMSL\n\n  6. 603149N0342319E-605743N0343906E-605933N0343940E-\n\n  610141N0343847E-610329N0343605E-610437N0343224E-610926N0344727E-\n\n  610433N0351404E-604730N0360808E-604134N0354006E-604334N0352825E-\n\n  603149N0342319E\n\n  550M AMSL-5200M AMSL"
      }
    },
    {
      "type": "Feature",
      "geometry": {
        "type": "MultiPolygon",
        "coordinates": [
          [
            [
              [
                35.25333333333333,
                60.59861111111111
              ],
              [
                35.62222222222222,
                60.68138888888889
              ],
              [
                36.314166666666665,
                60.54194444444444
              ],
              [
                35.79888888888889,
                60.445277777777775
              ],
              [
                35.25333333333333,
                60.59861111111111
              ]
            ]
          ],
          [
            [
              [
                34.64972222222222,
                60.962500000000006
              ],
              [
                34.385,
                60.52972222222222
              ],
              [
                34.096944444444446,
                60.47555555555556
              ],
              [
                34.06111111111111,
                60.54361111111111
              ],
              [
                34.00888888888889,
                60.535555555555554
              ],
              [
                34.20305555555556,
                60.86083333333333
              ],
              [
                34.26722222222222,
                60.86083333333333
              ],
              [
                34.31166666666666,
                60.88666666666666
              ],
              [
                34.316944444444445,
                60.91555555555556
              ],
              [
                34.31646604938272,
                60.916666666666664
              ],
              [
                34.31638888888889,
                60.916666666666664
              ],
              [
                34.31561965811963,
                60.918632478632546
              ],
              [
                34.30833333333333,
                60.93555555555555
              ],
              [
                34.29761839708552,
                60.94379781420771
              ],
              [
                34.28893274853804,
                60.949935672514606
              ],
              [
                34.25833333333333,
                60.961111111111116
              ],
              [
                34.21666666666667,
                60.96527777777778
              ],
              [
                34.187777777777775,
                60.962500000000006
              ],
              [
                34.188023219981815,
                60.96257948207558
              ],
              [
                34.17833333333333,
                60.961666666666666
              ],
              [
                34.146388888888886,
                60.95166666666667
              ],
              [
                34.138818501759665,
                60.946088486676715
              ],
              [
                34.138888888888886,
                60.94611111111111
              ],
              [
                34.125277777777775,
                60.93611111111111
              ],
              [
                34.11694444444444,
                60.916666666666664
              ],
              [
                34.11638888888889,
                60.89416666666666
              ],
              [
                34.0225,
                60.89472222222222
              ],
              [
                34.022777777777776,
                60.914722222222224
              ],
              [
                34.04416666666666,
                60.91583333333333
              ],
              [
                34.04941666666665,
                60.916666666666664
              ],
              [
                34.04722222222222,
                60.916666666666664
              ],
              [
                34.04722222222222,
                61.04222222222222
              ],
              [
                34.40138888888889,
                61.04222222222222
              ],
              [
                34.40138888888889,
                61.03167414445325
              ],
              [
                34.53861111111111,
                61.07611111111112
              ],
              [
                34.599722222222226,
                61.05722222222222
              ],
              [
                34.64416666666666,
                61.02777777777778
              ],
              [
                34.65888888888889,
                60.9925
              ],
              [
                34.64972222222222,
                60.962500000000006
              ]
            ]
          ]
        ],
        "meta": {
          "shape": "polygon"
        }
      },
      "properties": {
        "title": "X2406/26B02 for None",
        "text": "From: 2026-07-21 07:01:00+00:00\nTo: 2026-07-26 23:59:00+00:00\n\n7. 610232N0342405E-605500N0342405E-605500N0341859E-\n\n  605609N0341832E-605702N0341717E-605740N0341530E-605755N0341300E-\n\n  605742N0341042E-605706N0340847E-605610N0340731E-605500N0340701E-\n\n  605500N0340250E-610232N0340250E-610232N0342405E\n\n  GND-550M AMSL\n\n  8. 605646N0340820E-605610N0340731E-605500N0340701E-\n\n  605339N0340659E-605341N0340121E-605453N0340122E-605457N0340239E-\n\n  605507N0340342E-605523N0340432E-605544N0340520E-605552N0340532E-\n\n  605646N0340820E\n\n  300M AMSL-5200M AMSL\n\n  9. 610140N0343839E-605933N0343932E-605745N0343859E-\n\n  603147N0342306E-602832N0340549E-603237N0340340E-603208N0340032E-\n\n  605139N0341211E-605139N0341602E-605312N0341842E-605456N0341901E-\n\n  605608N0341830E-605658N0341725E-605740N0341530E-605755N0341300E-\n\n  605745N0341116E-610434N0343219E-610326N0343559E-610140N0343839E\n\n  300M AMSL-1500M AMSL\n\n  10. 603231N0361851E-604053N0353720E-603555N0351512E-\n\n  602643N0354756E-603231N0361851E\n\n  750M AMSL-1600M AMSL."
      }
    },
    {
      "type": "Feature",
      "geometry": {
        "type": "Polygon",
        "coordinates": [
          [
            [
              37.76782680140734,
              60.33538640753468
            ],
            [
              37.75819054285858,
              60.26539309824037
            ],
            [
              37.74171054954441,
              60.1957162638243
            ],
            [
              37.71846912929831,
              60.12652112701537
            ],
            [
              37.688563271438916,
              60.05797074784959
            ],
            [
              37.65210405410224,
              59.99022567660371
            ],
            [
              37.60921604373919,
              59.92344362085462
            ],
            [
              37.560036690374055,
              59.857779126769636
            ],
            [
              37.50471572186494,
              59.79338327465877
            ],
            [
              37.44341454005447,
              59.730403388755235
            ],
            [
              37.37630562135237,
              59.66898276113403
            ],
            [
              37.30357192395382,
              59.60926038963055
            ],
            [
              37.22540630357306,
              59.55137072958056
            ],
            [
              37.142010939260516,
              59.49544345917052
            ],
            [
              37.053596770578,
              59.44160325816052
            ],
            [
              36.9603829471297,
              59.38996959972272
            ],
            [
              36.86259629118805,
              59.34065655512391
            ],
            [
              36.760470773913944,
              59.293772610971864
            ],
            [
              36.65424700545005,
              59.24942049874083
            ],
            [
              36.544171738963115,
              59.20769703629211
            ],
            [
              36.43049738852726,
              59.168692981108144
            ],
            [
              36.313481560573386,
              59.13249289496667
            ],
            [
              36.19338659848005,
              59.09917501979007
            ],
            [
              36.07047913974679,
              59.06881116441827
            ],
            [
              35.94502968507214,
              59.041466602066976
            ],
            [
              35.817312178553955,
              59.017199978249245
            ],
            [
              35.68760359813695,
              58.99606322895626
            ],
            [
              35.55618355535383,
              58.97810150891177
            ],
            [
              35.4233339033373,
              58.96335312973398
            ],
            [
              35.28933835202296,
              58.95184950786025
            ],
            [
              35.154482089414614,
              58.94361512211038
            ],
            [
              35.01905140774488,
              58.93866748078694
            ],
            [
              34.8833333333333,
              58.93701709823248
            ],
            [
              34.74761525892172,
              58.93866748078694
            ],
            [
              34.61218457725198,
              58.943615122110366
            ],
            [
              34.477328314643636,
              58.95184950786025
            ],
            [
              34.34333276332929,
              58.96335312973398
            ],
            [
              34.21048311131276,
              58.97810150891177
            ],
            [
              34.07906306852964,
              58.99606322895626
            ],
            [
              33.94935448811265,
              59.017199978249245
            ],
            [
              33.82163698159445,
              59.041466602066976
            ],
            [
              33.696187526919815,
              59.06881116441827
            ],
            [
              33.57328006818654,
              59.09917501979007
            ],
            [
              33.453185106093215,
              59.13249289496667
            ],
            [
              33.33616927813934,
              59.168692981108144
            ],
            [
              33.22249492770348,
              59.20769703629211
            ],
            [
              33.11241966121654,
              59.24942049874083
            ],
            [
              33.00619589275266,
              59.293772610971864
            ],
            [
              32.904070375478554,
              59.34065655512391
            ],
            [
              32.8062837195369,
              59.38996959972272
            ],
            [
              32.713069896088605,
              59.44160325816052
            ],
            [
              32.624655727406086,
              59.49544345917052
            ],
            [
              32.541260363093535,
              59.55137072958056
            ],
            [
              32.46309474271278,
              59.60926038963055
            ],
            [
              32.39036104531422,
              59.66898276113403
            ],
            [
              32.323252126612125,
              59.730403388755235
            ],
            [
              32.26195094480166,
              59.79338327465877
            ],
            [
              32.20662997629254,
              59.857779126769636
            ],
            [
              32.15745062292741,
              59.92344362085462
            ],
            [
              32.11456261256436,
              59.99022567660371
            ],
            [
              32.078103395227686,
              60.05797074784959
            ],
            [
              32.04819753736829,
              60.12652112701537
            ],
            [
              32.02495611712219,
              60.1957162638243
            ],
            [
              32.008476123808016,
              60.26539309824037
            ],
            [
              31.99883986525926,
              60.33538640753468
            ],
            [
              31.99611438693824,
              60.40552916728956
            ],
            [
              32.00035090712245,
              60.475652926060235
            ],
            [
              32.011584272782,
              60.54558819331215
            ],
            [
              32.02983244107435,
              60.615164840142626
            ],
            [
              32.05509599166131,
              60.68421251217546
            ],
            [
              32.08735767529546,
              60.75256105389227
            ],
            [
              32.12658200432091,
              60.820040943528724
            ],
            [
              32.17271489087909,
              60.88648373752604
            ],
            [
              32.22568333869392,
              60.95172252338253
            ],
            [
              32.28539519432665,
              61.01559237960311
            ],
            [
              32.35173896372916,
              61.07793084129623
            ],
            [
              32.42458369977971,
              61.138578369818575
            ],
            [
              32.50377896625096,
              61.19737882472408
            ],
            [
              32.58915488333191,
              61.25417993613269
            ],
            [
              32.680522259398856,
              61.30883377550301
            ],
            [
              32.77767281320661,
              61.36119722267147
            ],
            [
              32.88037949004754,
              61.41113242691189
            ],
            [
              32.988396874707604,
              61.45850725967828
            ],
            [
              33.1014617032401,
              61.5031957566188
            ],
            [
              33.21929347468566,
              61.54507854639794
            ],
            [
              33.34159516290324,
              61.58404326383404
            ],
            [
              33.46805402765246,
              61.61998494485682
            ],
            [
              33.59834252299761,
              61.65280640081319
            ],
            [
              33.73211930000639,
              61.68241856970239
            ],
            [
              33.869030299607246,
              61.70874084200282
            ],
            [
              34.00870993037229,
              61.73170135886444
            ],
            [
              34.150782324924364,
              61.75123728058109
            ],
            [
              34.29486266765172,
              61.7672950234246
            ],
            [
              34.4405585854701,
              61.77983046311925
            ],
            [
              34.58747159252112,
              61.78880910345321
            ],
            [
              34.7351985789551,
              61.79420620876604
            ],
            [
              34.8833333333333,
              61.79600689931102
            ],
            [
              35.031468087711495,
              61.79420620876604
            ],
            [
              35.179195074145476,
              61.78880910345321
            ],
            [
              35.32610808119649,
              61.77983046311925
            ],
            [
              35.471803999014874,
              61.7672950234246
            ],
            [
              35.61588434174223,
              61.75123728058109
            ],
            [
              35.7579567362943,
              61.73170135886444
            ],
            [
              35.897636367059356,
              61.70874084200282
            ],
            [
              36.034547366660206,
              61.68241856970239
            ],
            [
              36.16832414366898,
              61.65280640081319
            ],
            [
              36.298612639014145,
              61.61998494485682
            ],
            [
              36.425071503763355,
              61.58404326383404
            ],
            [
              36.54737319198095,
              61.54507854639794
            ],
            [
              36.665204963426504,
              61.5031957566188
            ],
            [
              36.778269791958984,
              61.45850725967828
            ],
            [
              36.88628717661906,
              61.41113242691189
            ],
            [
              36.98899385345998,
              61.36119722267147
            ],
            [
              37.08614440726774,
              61.30883377550301
            ],
            [
              37.177511783334694,
              61.25417993613269
            ],
            [
              37.26288770041563,
              61.19737882472408
            ],
            [
              37.3420829668869,
              61.138578369818575
            ],
            [
              37.41492770293743,
              61.07793084129623
            ],
            [
              37.481271472339955,
              61.01559237960311
            ],
            [
              37.540983327972675,
              60.95172252338253
            ],
            [
              37.5939517757875,
              60.886483737526056
            ],
            [
              37.640084662345686,
              60.820040943528724
            ],
            [
              37.67930899137115,
              60.75256105389227
            ],
            [
              37.711570675005284,
              60.68421251217546
            ],
            [
              37.736834225592254,
              60.615164840142626
            ],
            [
              37.75508239388459,
              60.54558819331215
            ],
            [
              37.76631575954414,
              60.475652926060235
            ],
            [
              37.770552279728356,
              60.40552916728956
            ],
            [
              37.76782680140734,
              60.33538640753468
            ]
          ]
        ]
      },
      "properties": {
        "title": "X2407/26 for None",
        "text": "From: 2026-07-21 07:01:00+00:00\nTo: 2026-07-26 23:59:00+00:00\n\nATS RTE SEGMENTS CLSD:\n\nL870 NEPEN-MOGPI FL055-FL170,\n\nL870 RUROS-NEPEN FL055-FL170,\n\nN87  ROGID-OKDON FL125-FL170,\n\nN87  NEPEN-MIFAN FL055-FL170,\n\nP157 RUROS-OKDON FL055-FL170,\n\nT792 EGVOH-OKDON FL055-FL170."
      }
    },
    {
      "type": "Feature",
      "geometry": {
        "type": "MultiPolygon",
        "coordinates": [
          [
            [
              [
                34.19916666666666,
                60.967222222222226
              ],
              [
                34.0775,
                60.92722222222222
              ],
              [
                34.06111111111111,
                60.92194444444444
              ],
              [
                34.044999999999995,
                60.91861111111111
              ],
              [
                34.026944444444446,
                60.91694444444444
              ],
              [
                34.00833333333333,
                60.91694444444444
              ],
              [
                33.99027777777778,
                60.91888888888889
              ],
              [
                33.973055555555554,
                60.9225
              ],
              [
                33.94138888888889,
                60.93138888888889
              ],
              [
                33.980555555555554,
                60.961666666666666
              ],
              [
                34.00388888888889,
                60.9975
              ],
              [
                34.19916666666666,
                60.967222222222226
              ]
            ]
          ],
          [
            [
              [
                33.941111111111105,
                60.931666666666665
              ],
              [
                33.757777777777775,
                60.981944444444444
              ],
              [
                33.7425,
                61.03722222222222
              ],
              [
                34.00333333333333,
                60.9975
              ],
              [
                33.980000000000004,
                60.961666666666666
              ],
              [
                33.941111111111105,
                60.931666666666665
              ]
            ]
          ],
          [
            [
              [
                34.53444444444444,
                61.07611111111112
              ],
              [
                34.27916666666667,
                60.99333333333333
              ],
              [
                34.3125,
                61.049166666666665
              ],
              [
                34.43888888888888,
                61.088055555555556
              ],
              [
                34.53444444444444,
                61.07611111111112
              ]
            ]
          ],
          [
            [
              [
                34.278888888888886,
                60.99333333333333
              ],
              [
                34.19944444444444,
                60.967222222222226
              ],
              [
                34.00388888888889,
                60.99777777777778
              ],
              [
                34.07666666666667,
                61.11888888888889
              ],
              [
                34.38361111111111,
                61.07138888888889
              ],
              [
                34.31194444444444,
                61.049166666666665
              ],
              [
                34.278888888888886,
                60.99333333333333
              ]
            ]
          ],
          [
            [
              [
                33.742222222222225,
                61.0375
              ],
              [
                33.68694444444444,
                61.17833333333333
              ],
              [
                34.07666666666667,
                61.11888888888889
              ],
              [
                34.00361111111111,
                60.99777777777778
              ],
              [
                33.742222222222225,
                61.0375
              ]
            ]
          ],
          [
            [
              [
                33.68611111111111,
                61.17916666666667
              ],
              [
                33.675555555555555,
                61.202222222222225
              ],
              [
                34.43833333333333,
                61.088055555555556
              ],
              [
                34.385,
                61.07166666666667
              ],
              [
                33.68611111111111,
                61.17916666666667
              ]
            ]
          ]
        ],
        "meta": {
          "shape": "polygon"
        }
      },
      "properties": {
        "title": "X2408/26 for None",
        "text": "From: 2026-07-21 07:01:00+00:00\nTo: 2026-07-26 23:59:00+00:00\n\nAIRSPACE CLSD AS FLW:\n\n1. AREA: 610214N0334433E-605951N0340012E-605742N0335848E-\n\n         605554N0335628E-605855N0334528E-610214N0334433E\n\n   750M AMSL-FL170.\n\n2. AREA: 605936N0341645E-610257N0341845E-610517N0342620E-\n\n         610434N0343204E-605936N0341645E\n\n   560M AMSL-1500M AMSL.\n\n3. AREA: 611042N0334113E-610215N0334432E-605952N0340013E-\n\n         610708N0340436E-611042N0334113E\n\n   750M AMSL-3500M AMSL.\n\n4. AREA: 610708N0340436E-605952N0340014E-605802N0341158E-\n\n         605936N0341644E-610257N0341843E-610417N0342301E-\n\n         610708N0340436E\n\n   560M AMSL-3500M AMSL.\n\n5. AREA: 605742N0335850E-605951N0340014E-605802N0341157E-\n\n         605538N0340439E-605519N0340340E-605507N0340242E-\n\n         605501N0340137E-605501N0340030E-605508N0335925E-\n\n         605521N0335823E-605553N0335629E-605742N0335850E\n\n   560M AMSL-FL170.\n\n6. AREA: 611208N0334032E-610517N0342618E-610418N0342306E-\n\n         611045N0334110E-611208N0334032E\n\n   750M AMSL-FL170.\n\n7. Within CIRCLE RADIUS 0.5KM CENTRE 605819N0335950E\n\n   GND-560M AMSL."
      }
    },
    {
      "type": "Feature",
      "geometry": {
        "type": "Polygon",
        "coordinates": [
          [
            [
              35.756225323336885,
              60.424836969454915
            ],
            [
              35.748133489629716,
              60.36214979542415
            ],
            [
              35.733885825515834,
              60.299732735399914
            ],
            [
              35.71355118530406,
              60.23773411915292
            ],
            [
              35.68721184909243,
              60.17630045629579
            ],
            [
              35.65496302911326,
              60.11557611863641
            ],
            [
              35.61691236503867,
              60.05570303436563
            ],
            [
              35.5731794113664,
              59.99682039427688
            ],
            [
              35.52389511973921,
              59.93906437015079
            ],
            [
              35.469201318781025,
              59.88256784537762
            ],
            [
              35.40925019376296,
              59.82746015783891
            ],
            [
              35.34420376814629,
              59.773866855023506
            ],
            [
              35.274233388788936,
              59.72190946131377
            ],
            [
              35.1995192163503,
              59.67170525734396
            ],
            [
              35.1202497221865,
              59.623367071305374
            ],
            [
              35.03662119279827,
              59.577003082049444
            ],
            [
              34.9488372426746,
              59.53271663382305
            ],
            [
              34.857108336170775,
              59.49060606245638
            ],
            [
              34.76165131886756,
              59.45076453281516
            ],
            [
              34.66268895868068,
              59.41327988732331
            ],
            [
              34.56044949682609,
              59.37823450536038
            ],
            [
              34.4551662085959,
              59.34570517333934
            ],
            [
              34.347076973763755,
              59.31576296527368
            ],
            [
              34.23642385631369,
              59.28847313364964
            ],
            [
              34.12345269307614,
              59.26389501042692
            ],
            [
              34.00841269075438,
              59.24208191800219
            ],
            [
              33.891556030737625,
              59.22308108998051
            ],
            [
              33.77313748101887,
              59.206933601613954
            ],
            [
              33.65341401446936,
              59.19367430977968
            ],
            [
              33.53264443266366,
              59.18333180238605
            ],
            [
              33.41108899440161,
              59.17592835711049
            ],
            [
              33.28900904803382,
              59.171479909389966
            ],
            [
              33.1666666666667,
              59.16999602960177
            ],
            [
              33.044324285299574,
              59.171479909389966
            ],
            [
              32.92224433893179,
              59.17592835711049
            ],
            [
              32.80068890066973,
              59.18333180238605
            ],
            [
              32.67991931886404,
              59.19367430977968
            ],
            [
              32.560195852314536,
              59.206933601613954
            ],
            [
              32.441777302595774,
              59.223081089980504
            ],
            [
              32.324920642579016,
              59.24208191800219
            ],
            [
              32.20988064025725,
              59.26389501042692
            ],
            [
              32.09690947701971,
              59.28847313364964
            ],
            [
              31.986256359569644,
              59.31576296527368
            ],
            [
              31.878167124737498,
              59.34570517333934
            ],
            [
              31.772883836507315,
              59.37823450536039
            ],
            [
              31.67064437465271,
              59.41327988732331
            ],
            [
              31.571682014465843,
              59.45076453281516
            ],
            [
              31.476224997162618,
              59.49060606245638
            ],
            [
              31.384496090658796,
              59.53271663382305
            ],
            [
              31.296712140535124,
              59.577003082049444
            ],
            [
              31.213083611146896,
              59.623367071305374
            ],
            [
              31.133814116983093,
              59.67170525734396
            ],
            [
              31.059099944544457,
              59.72190946131377
            ],
            [
              30.989129565187103,
              59.773866855023506
            ],
            [
              30.924083139570442,
              59.82746015783891
            ],
            [
              30.86413201455237,
              59.88256784537762
            ],
            [
              30.80943821359419,
              59.93906437015079
            ],
            [
              30.760153921967,
              59.99682039427688
            ],
            [
              30.716420968294724,
              60.05570303436563
            ],
            [
              30.678370304220138,
              60.11557611863641
            ],
            [
              30.64612148424097,
              60.176300456295785
            ],
            [
              30.619782148029334,
              60.23773411915292
            ],
            [
              30.599447507817565,
              60.2997327353999
            ],
            [
              30.585199843703684,
              60.36214979542415
            ],
            [
              30.57710800999651,
              60.424836969454915
            ],
            [
              30.57522695598042,
              60.48764443677276
            ],
            [
              30.579597264727752,
              60.55042122613189
            ],
            [
              30.590244713818997,
              60.61301556695855
            ],
            [
              30.60717986204057,
              60.675275250797284
            ],
            [
              30.63039766631387,
              60.737048002377634
            ],
            [
              30.65987713325874,
              60.79818185957202
            ],
            [
              30.69558100990692,
              60.858525561406424
            ],
            [
              30.737455518147595,
              60.91792894317547
            ],
            [
              30.785430137504406,
              60.97624333759955
            ],
            [
              30.839417440804446,
              61.033321980847006
            ],
            [
              30.899312987200645,
              61.08902042213057
            ],
            [
              30.964995276844316,
              61.143196935474585
            ],
            [
              31.036325771272526,
              61.19571293214119
            ],
            [
              31.113148983270673,
              61.24643337210063
            ],
            [
              31.19529263959511,
              61.29522717283488
            ],
            [
              31.282567919492134,
              61.34196761367765
            ],
            [
              31.374769771430234,
              61.38653273381907
            ],
            [
              31.47167730987585,
              61.4288057220412
            ],
            [
              31.57305429329224,
              61.46867529620427
            ],
            [
              31.678649683834347,
              61.50603607047409
            ],
            [
              31.788198288456865,
              61.540788908269604
            ],
            [
              31.901421480358252,
              61.57284125891817
            ],
            [
              32.018027998861136,
              61.60210747603607
            ],
            [
              32.13771482499211,
              61.62850911570232
            ],
            [
              32.26016812918435,
              61.65197521256744
            ],
            [
              32.3850642867005,
              61.67244253213338
            ],
            [
              32.51207095557336,
              61.689855797558465
            ],
            [
              32.640848211105535,
              61.70416788947773
            ],
            [
              32.771049730268764,
              61.71534001748687
            ],
            [
              32.90232401871435,
              61.72334186211266
            ],
            [
              33.03431567255995,
              61.72815168628416
            ],
            [
              33.1666666666667,
              61.72975641552258
            ],
            [
              33.29901766077345,
              61.72815168628416
            ],
            [
              33.43100931461905,
              61.72334186211266
            ],
            [
              33.562283603064635,
              61.71534001748687
            ],
            [
              33.692485122227865,
              61.70416788947773
            ],
            [
              33.821262377760036,
              61.689855797558465
            ],
            [
              33.9482690466329,
              61.67244253213338
            ],
            [
              34.07316520414904,
              61.65197521256744
            ],
            [
              34.19561850834129,
              61.62850911570232
            ],
            [
              34.31530533447226,
              61.60210747603606
            ],
            [
              34.43191185297515,
              61.57284125891817
            ],
            [
              34.54513504487653,
              61.540788908269604
            ],
            [
              34.65468364949904,
              61.50603607047409
            ],
            [
              34.76027904004115,
              61.46867529620427
            ],
            [
              34.86165602345755,
              61.4288057220412
            ],
            [
              34.95856356190316,
              61.38653273381907
            ],
            [
              35.05076541384126,
              61.34196761367765
            ],
            [
              35.13804069373829,
              61.29522717283489
            ],
            [
              35.22018435006272,
              61.24643337210063
            ],
            [
              35.29700756206088,
              61.19571293214119
            ],
            [
              35.36833805648909,
              61.143196935474585
            ],
            [
              35.43402034613275,
              61.08902042213055
            ],
            [
              35.493915892528946,
              61.033321980847006
            ],
            [
              35.547903195828994,
              60.97624333759955
            ],
            [
              35.5958778151858,
              60.91792894317547
            ],
            [
              35.637752323426476,
              60.858525561406424
            ],
            [
              35.67345620007466,
              60.79818185957202
            ],
            [
              35.702935667019524,
              60.737048002377634
            ],
            [
              35.726153471292825,
              60.675275250797284
            ],
            [
              35.7430886195144,
              60.61301556695855
            ],
            [
              35.75373606860565,
              60.55042122613189
            ],
            [
              35.75810637735298,
              60.48764443677276
            ],
            [
              35.756225323336885,
              60.424836969454915
            ]
          ]
        ]
      },
      "properties": {
        "title": "X2409/26 for None",
        "text": "From: 2026-07-21 07:01:00+00:00\nTo: 2026-07-26 23:59:00+00:00\n\nATS RTE SEGMENTS CLSD:\n\n  N87  ROGID-OKDON FL125-FL170,\n\n  P157 NUSLU-OKDON FL055-FL115,\n\n  T792 EGVOH-OKDON FL055-FL170."
      }
    },
    {
      "type": "Feature",
      "geometry": {
        "type": "Polygon",
        "coordinates": [
          [
            [
              43.721114135130975,
              64.56939550634125
            ],
            [
              43.710544660984795,
              64.5061671548527
            ],
            [
              43.69285563895409,
              64.44323586576311
            ],
            [
              43.668137614238006,
              64.38075061671105
            ],
            [
              43.63649620636275,
              64.31885833272266
            ],
            [
              43.598051454552724,
              64.25770357795078
            ],
            [
              43.552937158528245,
              64.19742826089946
            ],
            [
              43.50130021860216,
              64.1381713531492
            ],
            [
              43.44329997853326,
              64.08006862153059
            ],
            [
              43.37910757418516,
              64.02325237363434
            ],
            [
              43.30890529064079,
              63.96785121649539
            ],
            [
              43.23288593003807,
              63.91398982824604
            ],
            [
              43.15125219202379,
              63.86178874249809
            ],
            [
              43.06421606837445,
              63.811364145186545
            ],
            [
              42.97199825300396,
              63.76282768358587
            ],
            [
              42.874827568271776,
              63.71628628719481
            ],
            [
              42.772940408220414,
              63.67184200017645
            ],
            [
              42.666580199109795,
              63.62959182503419
            ],
            [
              42.55599687737545,
              63.58962757720591
            ],
            [
              42.44144638491985,
              63.5520357502599
            ],
            [
              42.323190181449064,
              63.51689739138476
            ],
            [
              42.20149477338917,
              63.4842879868744
            ],
            [
              42.0766312587592,
              63.454277357322205
            ],
            [
              41.94887488723632,
              63.42692956225271
            ],
            [
              41.818504634525596,
              63.40230281393629
            ],
            [
              41.685802790037634,
              63.38044940014984
            ],
            [
              41.5510545567837,
              63.36141561566625
            ],
            [
              41.414547662316075,
              63.34524170227612
            ],
            [
              41.27657197947268,
              63.33196179716617
            ],
            [
              41.137419155626354,
              63.32160388950162
            ],
            [
              40.99738224909129,
              63.31418978508158
            ],
            [
              40.85675537129986,
              63.3097350789608
            ],
            [
              40.7158333333333,
              63.3082491359537
            ],
            [
              40.57491129536673,
              63.3097350789608
            ],
            [
              40.434284417575306,
              63.31418978508158
            ],
            [
              40.29424751104024,
              63.32160388950162
            ],
            [
              40.155094687193916,
              63.33196179716617
            ],
            [
              40.01711900435052,
              63.34524170227612
            ],
            [
              39.8806121098829,
              63.36141561566625
            ],
            [
              39.74586387662897,
              63.38044940014984
            ],
            [
              39.613162032141,
              63.40230281393629
            ],
            [
              39.48279177943027,
              63.42692956225271
            ],
            [
              39.355035407907394,
              63.454277357322205
            ],
            [
              39.23017189327742,
              63.4842879868744
            ],
            [
              39.10847648521754,
              63.51689739138476
            ],
            [
              38.99022028174675,
              63.5520357502599
            ],
            [
              38.87566978929115,
              63.58962757720591
            ],
            [
              38.7650864675568,
              63.62959182503419
            ],
            [
              38.65872625844618,
              63.67184200017645
            ],
            [
              38.556839098394825,
              63.71628628719481
            ],
            [
              38.459668413662634,
              63.76282768358587
            ],
            [
              38.36745059829215,
              63.811364145186545
            ],
            [
              38.28041447464281,
              63.86178874249809
            ],
            [
              38.19878073662853,
              63.91398982824604
            ],
            [
              38.12276137602581,
              63.96785121649539
            ],
            [
              38.05255909248145,
              64.02325237363434
            ],
            [
              37.98836668813333,
              64.0800686215306
            ],
            [
              37.93036644806443,
              64.1381713531492
            ],
            [
              37.87872950813835,
              64.19742826089946
            ],
            [
              37.83361521211387,
              64.25770357795078
            ],
            [
              37.79517046030385,
              64.31885833272267
            ],
            [
              37.76352905242859,
              64.38075061671105
            ],
            [
              37.7388110277125,
              64.44323586576311
            ],
            [
              37.721122005681806,
              64.5061671548527
            ],
            [
              37.710552531535626,
              64.56939550634125
            ],
            [
              37.70717743037805,
              64.63277021163049
            ],
            [
              37.7110551750082,
              64.69613916602769
            ],
            [
              37.72222727236246,
              64.75934921654701
            ],
            [
              37.74071767407982,
              64.82224652226549
            ],
            [
              37.76653221700925,
              64.884676926738
            ],
            [
              37.79965809978849,
              64.94648634185224
            ],
            [
              37.84006340188621,
              65.0075211423746
            ],
            [
              37.88769665170559,
              65.06762857030063
            ],
            [
              37.94248645048486,
              65.12665714798055
            ],
            [
              38.00434115879194,
              65.18445709884435
            ],
            [
              38.07314865238339,
              65.24088077440112
            ],
            [
              38.148776154076714,
              65.2957830860386
            ],
            [
              38.23107014805928,
              65.34902194000065
            ],
            [
              38.31985638272118,
              65.4004586737785
            ],
            [
              38.41493996764955,
              65.4499584920136
            ],
            [
              38.5161055698536,
              65.4973908998849
            ],
            [
              38.62311771360354,
              65.54263013183862
            ],
            [
              38.735721187466154,
              65.58555557341901
            ],
            [
              38.85364156120782,
              65.62605217387946
            ],
            [
              38.97658581422265,
              65.66401084719149
            ],
            [
              39.10424307603973,
              65.69932885903393
            ],
            [
              39.23628547828283,
              65.7319101973321
            ],
            [
              39.37236911621766,
              65.76166592393352
            ],
            [
              39.512135116742535,
              65.78851450505097
            ],
            [
              39.655210808384034,
              65.81238211817771
            ],
            [
              39.801210987570485,
              65.83320293328472
            ],
            [
              39.94973927419962,
              65.85091936624248
            ],
            [
              40.10038954831816,
              65.86548230257368
            ],
            [
              40.252747458614316,
              65.87685128983276
            ],
            [
              40.40639199241563,
              65.88499469712349
            ],
            [
              40.560897096004325,
              65.88988984050417
            ],
            [
              40.7158333333333,
              65.89152307328601
            ],
            [
              40.870769570662276,
              65.88988984050417
            ],
            [
              41.025274674250966,
              65.8849946971235
            ],
            [
              41.17891920805228,
              65.87685128983274
            ],
            [
              41.33127711834844,
              65.86548230257368
            ],
            [
              41.48192739246697,
              65.85091936624248
            ],
            [
              41.63045567909611,
              65.83320293328472
            ],
            [
              41.77645585828256,
              65.81238211817771
            ],
            [
              41.919531549924066,
              65.78851450505095
            ],
            [
              42.059297550448925,
              65.76166592393352
            ],
            [
              42.19538118838376,
              65.7319101973321
            ],
            [
              42.32742359062687,
              65.69932885903393
            ],
            [
              42.455080852443935,
              65.66401084719149
            ],
            [
              42.57802510545877,
              65.62605217387946
            ],
            [
              42.69594547920044,
              65.58555557341901
            ],
            [
              42.80854895306306,
              65.54263013183862
            ],
            [
              42.91556109681299,
              65.4973908998849
            ],
            [
              43.01672669901704,
              65.44995849201358
            ],
            [
              43.11181028394543,
              65.4004586737785
            ],
            [
              43.20059651860731,
              65.34902194000065
            ],
            [
              43.28289051258988,
              65.29578308603858
            ],
            [
              43.35851801428321,
              65.24088077440112
            ],
            [
              43.427325507874656,
              65.18445709884433
            ],
            [
              43.48918021618174,
              65.12665714798055
            ],
            [
              43.54397001496102,
              65.06762857030063
            ],
            [
              43.59160326478038,
              65.0075211423746
            ],
            [
              43.632008566878106,
              64.94648634185224
            ],
            [
              43.665134449657344,
              64.884676926738
            ],
            [
              43.69094899258678,
              64.82224652226549
            ],
            [
              43.70943939430414,
              64.75934921654701
            ],
            [
              43.7206114916584,
              64.69613916602769
            ],
            [
              43.72448923628855,
              64.63277021163049
            ],
            [
              43.721114135130975,
              64.56939550634125
            ]
          ]
        ],
        "meta": {
          "shape": "circle"
        }
      },
      "properties": {
        "title": "X2410/26A02 for None",
        "text": "From: 2026-07-21 00:00:00+00:00\nTo: 2026-07-26 23:59:00+00:00\n\nAIRSPACE CLSD Within CIRCLE RADIUS 144KM CENTRE 643600N0404257E.\n\nFLW FLT NOT AFFECTED:\n\n- SKED INTL AND SKED DOM FLT VIA ATS RTE,\n\n- VIP SPECIAL FLT AND ACFT FOR THEIR SUPPORT,\n\n- STATE AVIATION FLT,\n\n- ACFT TKOF/LDG FROM/TO ARKHANGELSK/TALAGI Aerodrome."
      }
    },
    {
      "type": "Feature",
      "geometry": {
        "type": "Polygon",
        "coordinates": [
          [
            [
              43.71478322249204,
              64.56920148844378
            ],
            [
              43.70415839804547,
              64.50577362744254
            ],
            [
              43.686392007982356,
              64.44264422069526
            ],
            [
              43.66157507961389,
              64.37996270324186
            ],
            [
              43.62981375203769,
              64.3178764470959
            ],
            [
              43.59122861800293,
              64.25653045225486
            ],
            [
              43.5459540613524,
              64.19606705126466
            ],
            [
              43.49413759392836,
              64.13662562734997
            ],
            [
              43.43593919541094,
              64.078342346054
            ],
            [
              43.371530659146224,
              64.02134990027237
            ],
            [
              43.30109494661922,
              63.965777268513975
            ],
            [
              43.22482555283998,
              63.911749486180646
            ],
            [
              43.14292588454076,
              63.859387429621044
            ],
            [
              43.055608652731216,
              63.80880761268778
            ],
            [
              42.96309528082839,
              63.76012199550495
            ],
            [
              42.86561532927048,
              63.713437805138454
            ],
            [
              42.76340593723739,
              63.66885736785231
            ],
            [
              42.656711281838405,
              63.62647795262863
            ],
            [
              42.545782054886395,
              63.58639162563001
            ],
            [
              42.430874957159226,
              63.54868511528541
            ],
            [
              42.31225220985161,
              63.5134396876889
            ],
            [
              42.19018108274229,
              63.48073103200996
            ],
            [
              42.06493343844389,
              63.45062915562705
            ],
            [
              41.93678529196104,
              63.42319828871084
            ],
            [
              41.80601638465944,
              63.39849679800064
            ],
            [
              41.67290977163903,
              63.376577109535255
            ],
            [
              41.53775142141073,
              63.35748564011988
            ],
            [
              41.400829826695144,
              63.34126273733061
            ],
            [
              41.26243562509177,
              63.32794262788056
            ],
            [
              41.122861228309866,
              63.31755337419302
            ],
            [
              40.98240045860359,
              63.31011683905088
            ],
            [
              40.84134819101519,
              63.30564865821411
            ],
            [
              40.70000000000001,
              63.30415822092116
            ],
            [
              40.55865180898482,
              63.30564865821411
            ],
            [
              40.41759954139642,
              63.31011683905088
            ],
            [
              40.27713877169015,
              63.31755337419302
            ],
            [
              40.137564374908244,
              63.32794262788056
            ],
            [
              39.99917017330487,
              63.34126273733061
            ],
            [
              39.86224857858928,
              63.35748564011988
            ],
            [
              39.727090228360986,
              63.376577109535255
            ],
            [
              39.59398361534057,
              63.39849679800064
            ],
            [
              39.463214708038976,
              63.42319828871084
            ],
            [
              39.335066561556125,
              63.45062915562705
            ],
            [
              39.20981891725772,
              63.48073103200996
            ],
            [
              39.087747790148406,
              63.5134396876889
            ],
            [
              38.96912504284079,
              63.54868511528541
            ],
            [
              38.85421794511362,
              63.58639162563001
            ],
            [
              38.74328871816161,
              63.62647795262863
            ],
            [
              38.636594062762626,
              63.66885736785231
            ],
            [
              38.53438467072953,
              63.713437805138454
            ],
            [
              38.43690471917162,
              63.76012199550495
            ],
            [
              38.3443913472688,
              63.80880761268778
            ],
            [
              38.257074115459254,
              63.859387429621044
            ],
            [
              38.17517444716003,
              63.911749486180646
            ],
            [
              38.09890505338079,
              63.965777268513975
            ],
            [
              38.02846934085379,
              64.02134990027237
            ],
            [
              37.964060804589074,
              64.078342346054
            ],
            [
              37.90586240607166,
              64.13662562734997
            ],
            [
              37.854045938647616,
              64.19606705126466
            ],
            [
              37.80877138199708,
              64.25653045225486
            ],
            [
              37.77018624796232,
              64.3178764470959
            ],
            [
              37.73842492038612,
              64.37996270324186
            ],
            [
              37.71360799201766,
              64.44264422069526
            ],
            [
              37.69584160195454,
              64.50577362744254
            ],
            [
              37.685216777507975,
              64.56920148844378
            ],
            [
              37.68180878479651,
              64.63277662808618
            ],
            [
              37.68567649278717,
              64.69634646592522
            ],
            [
              37.696861755903754,
              64.7597573654396
            ],
            [
              37.71538882070262,
              64.82285499542081
            ],
            [
              37.74126376246858,
              64.88548470350287
            ],
            [
              37.77447395789746,
              64.9474919012142
            ],
            [
              37.814987600298984,
              65.0087224598028
            ],
            [
              37.862753263962105,
              65.06902311594689
            ],
            [
              37.917699524467054,
              65.12824188632042
            ],
            [
              37.97973464179129,
              65.18622848983442
            ],
            [
              38.048746313033014,
              65.24283477622501
            ],
            [
              38.124601501455345,
              65.29791515950885
            ],
            [
              38.20714634832943,
              65.35132705467737
            ],
            [
              38.29620617371905,
              65.40293131585724
            ],
            [
              38.391585571897274,
              65.45259267402686
            ],
            [
              38.49306860651601,
              65.50018017225058
            ],
            [
              38.60041910995945,
              65.54556759627755
            ],
            [
              38.713381090507156,
              65.58863389825146
            ],
            [
              38.831679250015,
              65.6292636111962
            ],
            [
              38.95501961380213,
              65.66734725188132
            ],
            [
              39.08309027332017,
              65.70278170963368
            ],
            [
              39.21556224099156,
              65.73547061864994
            ],
            [
              39.35209041535555,
              65.7653247113802
            ],
            [
              39.49231465337089,
              65.79226215059747
            ],
            [
              39.635860945419125,
              65.81620883784205
            ],
            [
              39.78234268725194,
              65.83709869603514
            ],
            [
              39.9313620418595,
              65.8548739241895
            ],
            [
              40.082511383026315,
              65.8694852223098
            ],
            [
              40.23537481121502,
              65.88089198476601
            ],
            [
              40.38952973139991,
              65.88906246064013
            ],
            [
              40.544548481584414,
              65.89397387978615
            ],
            [
              40.70000000000001,
              65.8956125436019
            ],
            [
              40.8554515184156,
              65.89397387978615
            ],
            [
              41.0104702686001,
              65.88906246064013
            ],
            [
              41.164625188784996,
              65.88089198476601
            ],
            [
              41.3174886169737,
              65.8694852223098
            ],
            [
              41.46863795814051,
              65.8548739241895
            ],
            [
              41.61765731274807,
              65.83709869603516
            ],
            [
              41.76413905458088,
              65.81620883784205
            ],
            [
              41.907685346629115,
              65.79226215059747
            ],
            [
              42.047909584644465,
              65.7653247113802
            ],
            [
              42.18443775900845,
              65.73547061864994
            ],
            [
              42.316909726679846,
              65.70278170963368
            ],
            [
              42.44498038619788,
              65.66734725188132
            ],
            [
              42.56832074998502,
              65.6292636111962
            ],
            [
              42.68661890949285,
              65.58863389825146
            ],
            [
              42.79958089004056,
              65.54556759627755
            ],
            [
              42.906931393484,
              65.50018017225058
            ],
            [
              43.00841442810274,
              65.45259267402686
            ],
            [
              43.10379382628096,
              65.40293131585724
            ],
            [
              43.19285365167059,
              65.35132705467737
            ],
            [
              43.27539849854467,
              65.29791515950885
            ],
            [
              43.351253686967006,
              65.24283477622501
            ],
            [
              43.420265358208724,
              65.1862284898344
            ],
            [
              43.48230047553296,
              65.12824188632042
            ],
            [
              43.53724673603791,
              65.06902311594689
            ],
            [
              43.58501239970103,
              65.0087224598028
            ],
            [
              43.62552604210255,
              64.9474919012142
            ],
            [
              43.65873623753144,
              64.88548470350287
            ],
            [
              43.68461117929739,
              64.82285499542081
            ],
            [
              43.70313824409626,
              64.7597573654396
            ],
            [
              43.714323507212846,
              64.69634646592522
            ],
            [
              43.718191215203504,
              64.63277662808618
            ],
            [
              43.71478322249204,
              64.56920148844378
            ]
          ]
        ]
      },
      "properties": {
        "title": "X2410/26B02 for None",
        "text": "From: 2026-07-21 00:00:00+00:00\nTo: 2026-07-26 23:59:00+00:00\n\nOTHER ACFT FLT, INCLUDING UNMANNED ACFT, SUBJ COOR WITH DUTY\n\nOFFICER VIA TEL.: 8 (8182) 62-63-65."
      }
    },
    {
      "type": "Feature",
      "geometry": {
        "type": "Polygon",
        "coordinates": [
          [
            [
              32.63333333333333,
              69.38333333333334
            ],
            [
              33.233333333333334,
              69.22444444444444
            ],
            [
              32.78333333333333,
              69.01666666666667
            ],
            [
              32.72805555555556,
              69.03166666666667
            ],
            [
              32.400277777777774,
              69.28777777777778
            ],
            [
              32.63333333333333,
              69.38333333333334
            ]
          ]
        ],
        "meta": {
          "shape": "polygon"
        }
      },
      "properties": {
        "title": "X2411/26 for None",
        "text": "From: 2026-07-22 06:00:00+00:00\nTo: 2026-07-25 20:00:00+00:00\n\nAIRSPACE CLSD Within AREA:\n\n692300N0323800E-691328N0331400E-690100N0324700E-\n\n690154N0324341E-691716N0322401E-692300N0323800E"
      }
    },
    {
      "type": "Feature",
      "geometry": {
        "type": "Polygon",
        "coordinates": [
          [
            [
              55.583333333333336,
              64.28333333333333
            ],
            [
              55.88333333333333,
              64.26666666666667
            ],
            [
              56.65,
              63.18333333333333
            ],
            [
              56.083333333333336,
              63.166666666666664
            ],
            [
              55.35,
              63.55
            ],
            [
              55.083333333333336,
              63.583333333333336
            ],
            [
              55.21666666666667,
              63.28333333333333
            ],
            [
              55.03333333333333,
              63.28333333333333
            ],
            [
              54.833333333333336,
              63.61666666666667
            ],
            [
              54.68333333333333,
              63.68333333333333
            ],
            [
              54.82083333333334,
              63.700833333333335
            ],
            [
              55.9,
              63.833333333333336
            ],
            [
              55.7,
              63.983333333333334
            ],
            [
              55.583333333333336,
              64.28333333333333
            ]
          ]
        ],
        "meta": {
          "shape": "polygon"
        }
      },
      "properties": {
        "title": "X2412/26 for None",
        "text": "From: 2026-07-25 00:00:00+00:00\nTo: 2026-07-30 23:59:00+00:00\n\nAIRSPACE CLSD AS FLW:\n\n1. AREA: 634100N0544100E-634203N0544915E-635000N0555400E-\n\n         635900N0554200E-641700N0553500E-641600N0555300E-\n\n         631100N0563900E-631000N0560500E-633300N0552100E-\n\n         633500N0550500E-631700N0551300E-631700N0550200E-\n\n         633700N0545000E-634100N0544100E\n\n   350M AMSL-750M AMSL.\n\n2. Within CIRCLE RADIUS 1KM CENTRE 633850N0545217E\n\n   SFC-550M AMSL.\n\n3. Within CIRCLE RADIUS 1KM CENTRE 633928N0561244E\n\n   SFC-550M AMSL.\n\n4. Within CIRCLE RADIUS 1KM CENTRE 634100N0544800E\n\n   SFC-550M AMSL.\n\n5. Within CIRCLE RADIUS 1KM CENTRE 631800N0562600E\n\n   SFC-550M AMSL.\n\n6. Within CIRCLE RADIUS 1KM CENTRE 631200N0560600E\n\n   SFC-550M AMSL.\n\n7. Within CIRCLE RADIUS 1KM CENTRE 635800N0555100E\n\n   SFC-550M AMSL.\n\n8. Within CIRCLE RADIUS 1.5KM CENTRE 631841N0561847E\n\n   SFC-550M AMSL.\n\n9. Within CIRCLE RADIUS 0.5KM CENTRE 633956N0544952E\n\n   SFC-550M AMSL."
      }
    },
    {
      "type": "Feature",
      "geometry": {
        "type": "Polygon",
        "coordinates": [
          [
            [
              54.748333333333335,
              63.69166666666666
            ],
            [
              54.85,
              64.08333333333333
            ],
            [
              54.46666666666667,
              64.25
            ],
            [
              54.95111111111111,
              64.47194444444445
            ],
            [
              54.35,
              64.78277777777778
            ],
            [
              53.95,
              64.85194444444444
            ],
            [
              53.879987465796475,
              65.0253272853806
            ],
            [
              53.879580336734634,
              65.02557151072291
            ],
            [
              53.8790229274846,
              65.02594337301268
            ],
            [
              53.87850933923991,
              65.02632634718502
            ],
            [
              53.87804081057529,
              65.0267195110776
            ],
            [
              53.877618471719074,
              65.02712191795123
            ],
            [
              53.87724334181589,
              65.02753259876656
            ],
            [
              53.87691632645522,
              65.02795056451473
            ],
            [
              53.87663821547177,
              65.02837480859654
            ],
            [
              53.876409681023205,
              65.02880430924444
            ],
            [
              53.87623127595001,
              65.02923803198135
            ],
            [
              53.87610343242177,
              65.02967493211064
            ],
            [
              53.87602646087307,
              65.03011395723117
            ],
            [
              53.87600054923216,
              65.03055404977134
            ],
            [
              53.876025762444094,
              65.03099414953614
            ],
            [
              53.87610204229007,
              65.031433196261
            ],
            [
              53.876229207503314,
              65.03187013216626
            ],
            [
              53.87640695418177,
              65.03230390450624
            ],
            [
              53.876634856496565,
              65.0327334681066
            ],
            [
              53.87685865054008,
              65.03307565335629
            ],
            [
              53.849722222222226,
              65.10027777777778
            ],
            [
              53.33111111111111,
              65.27361111111111
            ],
            [
              53.41833333333333,
              65.31722222222221
            ],
            [
              54.231944444444444,
              65.30055555555555
            ],
            [
              54.25138888888889,
              65.04944444444445
            ],
            [
              55.08305555555556,
              64.55
            ],
            [
              55.28333333333333,
              64.43333333333334
            ],
            [
              54.96388888888889,
              63.719166666666666
            ],
            [
              54.748333333333335,
              63.69166666666666
            ]
          ]
        ],
        "meta": {
          "shape": "polygon"
        }
      },
      "properties": {
        "title": "X2413/26 for None",
        "text": "From: 2026-07-25 00:00:00+00:00\nTo: 2026-07-30 23:59:00+00:00\n\nAIRSPACE CLSD AS FLW:\n\n1. AREA: 643300N0550459E-642600N0551700E-634309N0545750E-\n\n         634130N0544454E-640500N0545100E-641500N0542800E-\n\n         642819N0545704E-644658N0542100E-645107N0535700E-\n\n         650601N0535059E-651625N0531952E-651902N0532506E-\n\n         651802N0541355E-650258N0541505E-643300N0550459E\n\n   350M AMSL-750M AMSL.\n\n2. Within CIRCLE RADIUS 1KM CENTRE 641700N0550300E\n\n   SFC-550M AMSL.\n\n3. Within CIRCLE RADIUS 1KM CENTRE 650150N0535350E\n\n   SFC-550M AMSL.\n\n4. Within CIRCLE RADIUS 1KM CENTRE 641030N0544657E\n\n   SFC-550M AMSL.\n\n5. Within CIRCLE RADIUS 1KM CENTRE 642431N0550708E\n\n   SFC-550M AMSL.\n\n6. Within CIRCLE RADIUS 1KM CENTRE 642132N0550721E\n\n   SFC-550M AMSL.\n\n7. Within CIRCLE RADIUS 1KM CENTRE 642317N0550315E\n\n   SFC-550M AMSL.\n\n8. Within CIRCLE RADIUS 1KM CENTRE 645326N0542257E\n\n   SFC-550M AMSL."
      }
    },
    {
      "type": "Feature",
      "geometry": {
        "type": "Polygon",
        "coordinates": [
          [
            [
              53.66638888888889,
              63.475
            ],
            [
              53.68555555555555,
              63.46527777777778
            ],
            [
              53.61472222222223,
              63.45055555555556
            ],
            [
              53.55027777777777,
              63.43861111111111
            ],
            [
              53.55277777777778,
              63.42194444444444
            ],
            [
              53.60027777777778,
              63.42194444444444
            ],
            [
              53.725,
              63.35805555555556
            ],
            [
              53.79972222222222,
              63.29944444444444
            ],
            [
              53.88305555555556,
              63.266666666666666
            ],
            [
              54.26638888888889,
              63.29972222222222
            ],
            [
              54.45583333333334,
              63.28777777777778
            ],
            [
              54.50138888888889,
              63.28194444444444
            ],
            [
              54.45305555555556,
              63.2475
            ],
            [
              54.294999999999995,
              63.23555555555556
            ],
            [
              54.26277777777778,
              63.24166666666667
            ],
            [
              54.23083333333334,
              63.26
            ],
            [
              54.07222222222222,
              63.24944444444444
            ],
            [
              53.80305555555555,
              63.22972222222222
            ],
            [
              53.73305555555556,
              63.283055555555556
            ],
            [
              53.50805555555556,
              63.40555555555555
            ],
            [
              53.52444444444444,
              63.45
            ],
            [
              53.55472222222222,
              63.47416666666667
            ],
            [
              53.581388888888895,
              63.47888888888889
            ],
            [
              53.66638888888889,
              63.475
            ]
          ]
        ],
        "meta": {
          "shape": "polygon"
        }
      },
      "properties": {
        "title": "X2414/26 for None",
        "text": "From: 2026-07-25 00:00:00+00:00\nTo: 2026-07-30 23:59:00+00:00\n\nAIRSPACE CLSD AS FLW:\n\n1. AREA: 632827N0533317E-632844N0533453E-632830N0533959E-\n\n         632755N0534108E-632702N0533653E-632619N0533301E-\n\n         632519N0533310E-632519N0533601E-632129N0534330E-\n\n         631758N0534759E-631600N0535259E-631759N0541559E-\n\n         631716N0542721E-631655N0543005E-631451N0542711E-\n\n         631408N0541742E-631430N0541546E-631536N0541351E-\n\n         631458N0540420E-631347N0534811E-631659N0534359E-\n\n         632420N0533029E-632700N0533128E-632827N0533317E\n\n   350M AMSL-600M AMSL.\n\n2. Within CIRCLE RADIUS 1KM CENTRE 632809N0533537E\n\n   SFC-600M AMSL.\n\n3. Within CIRCLE RADIUS 1KM CENTRE 631443N0541751E\n\n   SFC-600M AMSL.\n\n4. Within CIRCLE RADIUS 1KM CENTRE 631750N0534450E\n\n   SFC-600M AMSL."
      }
    },
    {
      "type": "Feature",
      "geometry": {
        "type": "Polygon",
        "coordinates": [
          [
            [
              52.78333333333333,
              65.55
            ],
            [
              53.2,
              65.51666666666667
            ],
            [
              53.25,
              65.6
            ],
            [
              53.36666666666667,
              65.6
            ],
            [
              53.38333333333333,
              65.3
            ],
            [
              53.16611111111111,
              65.19083333333333
            ],
            [
              52.6575,
              65.36277777777777
            ],
            [
              52.61666666666667,
              65.48333333333333
            ],
            [
              52.78333333333333,
              65.55
            ]
          ]
        ],
        "meta": {
          "shape": "polygon"
        }
      },
      "properties": {
        "title": "X2415/26 for None",
        "text": "From: 2026-07-25 00:00:00+00:00\nTo: 2026-07-30 23:59:00+00:00\n\nAIRSPACE CLSD AS FLW:\n\n1. AREA: 652146N0523927E-652900N0523700E-653300N0524700E-\n\n         653100N0531200E-653600N0531500E-653600N0532200E-\n\n         651800N0532300E-651127N0530958E-652146N0523927E\n\n   350M AMSL-550M AMSL.\n\n2. Within CIRCLE RADIUS 1KM CENTRE 652029N0530444E\n\n   SFC-550M AMSL.\n\n3. Within CIRCLE RADIUS 1KM CENTRE 651824N0531414E\n\n   SFC-550M AMSL.\n\n4. Within CIRCLE RADIUS 1KM CENTRE 651700N0525700E\n\n   SFC-550M AMSL."
      }
    },
    {
      "type": "Feature",
      "geometry": {
        "type": "Polygon",
        "coordinates": [
          [
            [
              53.666666666666664,
              63.475
            ],
            [
              53.680277777777775,
              63.47972222222222
            ],
            [
              53.70277777777778,
              63.48888888888889
            ],
            [
              53.80222222222222,
              63.513888888888886
            ],
            [
              53.86194444444445,
              63.526666666666664
            ],
            [
              53.85194444444445,
              63.53638888888889
            ],
            [
              53.88111111111111,
              63.55083333333333
            ],
            [
              53.875,
              63.56916666666667
            ],
            [
              53.82277777777778,
              63.57611111111112
            ],
            [
              53.82055555555556,
              63.589444444444446
            ],
            [
              53.816944444444445,
              63.58916666666667
            ],
            [
              53.81166666666666,
              63.58694444444445
            ],
            [
              53.75861111111111,
              63.57944444444445
            ],
            [
              53.74916666666667,
              63.580555555555556
            ],
            [
              53.713055555555556,
              63.595555555555556
            ],
            [
              53.73361111111111,
              63.60388888888889
            ],
            [
              53.76888888888889,
              63.591944444444444
            ],
            [
              53.79611111111111,
              63.59638888888889
            ],
            [
              53.816111111111105,
              63.62388888888889
            ],
            [
              53.845555555555556,
              63.620555555555555
            ],
            [
              53.834722222222226,
              63.60277777777778
            ],
            [
              53.84777777777778,
              63.599444444444444
            ],
            [
              53.84138888888889,
              63.59
            ],
            [
              53.8425,
              63.58388888888889
            ],
            [
              53.888333333333335,
              63.57888888888889
            ],
            [
              53.93583333333333,
              63.569722222222225
            ],
            [
              53.963055555555556,
              63.57277777777778
            ],
            [
              54.0,
              63.56055555555555
            ],
            [
              54.07611111111112,
              63.58166666666667
            ],
            [
              54.126666666666665,
              63.5775
            ],
            [
              54.24611111111111,
              63.60194444444445
            ],
            [
              54.45027777777778,
              63.61611111111111
            ],
            [
              54.530833333333334,
              63.60777777777778
            ],
            [
              54.66222222222222,
              63.638333333333335
            ],
            [
              54.756388888888885,
              63.65083333333333
            ],
            [
              54.780833333333334,
              63.64
            ],
            [
              54.674166666666665,
              63.62777777777778
            ],
            [
              54.61388888888889,
              63.61472222222223
            ],
            [
              54.53388888888889,
              63.594166666666666
            ],
            [
              54.4475,
              63.60388888888889
            ],
            [
              54.24861111111111,
              63.589444444444446
            ],
            [
              54.1275,
              63.56361111111111
            ],
            [
              54.07777777777778,
              63.569722222222225
            ],
            [
              53.99861111111111,
              63.54666666666667
            ],
            [
              53.95944444444445,
              63.559444444444445
            ],
            [
              53.93333333333333,
              63.55833333333333
            ],
            [
              53.90555555555555,
              63.5625
            ],
            [
              53.89833333333333,
              63.56027777777778
            ],
            [
              53.90333333333333,
              63.544444444444444
            ],
            [
              53.885555555555555,
              63.532777777777774
            ],
            [
              53.89222222222222,
              63.52638888888889
            ],
            [
              53.90611111111111,
              63.48277777777778
            ],
            [
              53.86472222222223,
              63.4775
            ],
            [
              53.85138888888889,
              63.509166666666665
            ],
            [
              53.68666666666666,
              63.465
            ],
            [
              53.666666666666664,
              63.475
            ]
          ]
        ],
        "meta": {
          "shape": "polygon"
        }
      },
      "properties": {
        "title": "X2416/26A02 for None",
        "text": "From: 2026-07-25 00:00:00+00:00\nTo: 2026-07-30 23:59:00+00:00\n\nAIRSPACE CLSD Within:\n\n  1. AREA:632830N0534000E-632847N0534049E-632920N0534210E-\n\n  633050N0534808E-633136N0535143E-633211N0535107E-633303N0535252E-\n\n  633409N0535230E-633434N0534922E-633522N0534914E-633521N0534901E-\n\n  633513N0534842E-633446N0534531E-633450N0534457E-633544N0534247E-\n\n  633614N0534401E-633531N0534608E-633547N0534746E-633726N0534858E-\n\n  633714N0535044E-633610N0535005E-633558N0535052E-633524N0535029E-\n\n  633502N0535033E-633444N0535318E-633411N0535609E-633422N0535747E-\n\n  633338N0540000E-633454N0540434E-633439N0540736E-633607N0541446E-\n\n  633658N0542701E-633628N0543151E-633818N0543944E-633903N0544523E-\n\n  633824N0544651E-633740N0544027E-633653N0543650E-633539N0543202E-\n\n  633614N0542651E-633522N0541455E-633349N0540739E-633411N0540440E-\n\n  633248N0535955E-633334N0535734E-633330N0535600E-633345N0535420E-\n\n  633337N0535354E-633240N0535412E-633158N0535308E-633135N0535332E-\n\n  632858N0535422E-632839N0535153E-633033N0535105E-632754N0534112E-\n\n  632830N0534000E\n\n  350M AMSL-550M AMSL.\n\n  2. CIRCLE RADIUS 0.5KM CENTRE 633840N0544500E\n\n  SFC-550M AMSL."
      }
    },
    {
      "type": "Feature",
      "geometry": {
        "type": "Polygon",
        "coordinates": [
          [
            [
              54.81300949882301,
              63.565427900948514
            ],
            [
              54.8120189782072,
              63.55238792147679
            ],
            [
              54.809596516794194,
              63.53938526658167
            ],
            [
              54.80574988642118,
              63.5264511880854
            ],
            [
              54.80049024493401,
              63.51361673092583
            ],
            [
              54.79383209134415,
              63.50091265956487
            ],
            [
              54.785793213622114,
              63.488369385455464
            ],
            [
              54.77639462941199,
              63.47601689572428
            ],
            [
              54.76566051995928,
              63.46388468322159
            ],
            [
              54.75361815754969,
              63.452001678083555
            ],
            [
              54.74029782676002,
              63.44039618094501
            ],
            [
              54.725732739824636,
              63.42909579793526
            ],
            [
              54.70995894642101,
              63.41812737758194
            ],
            [
              54.69301523817689,
              63.40751694974204
            ],
            [
              54.67494304819975,
              63.397289666672535
            ],
            [
              54.65578634592507,
              63.38746974634651
            ],
            [
              54.63559152757627,
              63.3780804181143
            ],
            [
              54.614407302523226,
              63.36914387080322
            ],
            [
              54.592284575821324,
              63.36068120334291
            ],
            [
              54.56927632720511,
              63.35271237799736
            ],
            [
              54.545437486805355,
              63.3452561762792
            ],
            [
              54.52082480784997,
              63.33833015761546
            ],
            [
              54.49549673660253,
              63.33195062082886
            ],
            [
              54.469513279784834,
              63.326132568493236
            ],
            [
              54.442935869722454,
              63.32088967421596
            ],
            [
              54.415827227445696,
              63.316234252895725
            ],
            [
              54.388251223971345,
              63.31217723399823
            ],
            [
              54.36027273998449,
              63.30872813788828
            ],
            [
              54.33195752413388,
              63.30589505525129
            ],
            [
              54.303372050149115,
              63.303684629632926
            ],
            [
              54.27458337298327,
              63.30210204312076
            ],
            [
              54.24565898418072,
              63.30115100518777
            ],
            [
              54.2166666666667,
              63.300833744712676
            ],
            [
              54.18767434915267,
              63.30115100518777
            ],
            [
              54.15874996035013,
              63.30210204312076
            ],
            [
              54.12996128318429,
              63.303684629632926
            ],
            [
              54.10137580919952,
              63.30589505525129
            ],
            [
              54.073060593348906,
              63.30872813788828
            ],
            [
              54.04508210936205,
              63.31217723399822
            ],
            [
              54.017506105887705,
              63.316234252895725
            ],
            [
              53.99039746361095,
              63.32088967421596
            ],
            [
              53.96382005354856,
              63.326132568493236
            ],
            [
              53.937836596730854,
              63.33195062082886
            ],
            [
              53.91250852548343,
              63.33833015761546
            ],
            [
              53.88789584652805,
              63.3452561762792
            ],
            [
              53.864057006128284,
              63.35271237799736
            ],
            [
              53.84104875751207,
              63.36068120334291
            ],
            [
              53.818926030810175,
              63.36914387080322
            ],
            [
              53.79774180575714,
              63.3780804181143
            ],
            [
              53.77754698740833,
              63.38746974634651
            ],
            [
              53.75839028513364,
              63.397289666672535
            ],
            [
              53.74031809515651,
              63.40751694974204
            ],
            [
              53.72337438691238,
              63.41812737758194
            ],
            [
              53.70760059350876,
              63.42909579793526
            ],
            [
              53.69303550657338,
              63.44039618094501
            ],
            [
              53.67971517578371,
              63.452001678083555
            ],
            [
              53.66767281337411,
              63.46388468322159
            ],
            [
              53.656938703921405,
              63.47601689572428
            ],
            [
              53.64754011971128,
              63.488369385455464
            ],
            [
              53.63950124198925,
              63.50091265956487
            ],
            [
              53.63284308839939,
              63.51361673092582
            ],
            [
              53.62758344691222,
              63.5264511880854
            ],
            [
              53.62373681653921,
              63.53938526658167
            ],
            [
              53.6213143551262,
              63.55238792147679
            ],
            [
              53.620323834510394,
              63.565427900948514
            ],
            [
              53.62076960331604,
              63.57847382077598
            ],
            [
              53.62265255765287,
              63.59149423955086
            ],
            [
              53.62597011996656,
              63.604457734438064
            ],
            [
              53.63071622627552,
              63.61733297730639
            ],
            [
              53.63688132200911,
              63.63008881104312
            ],
            [
              53.64445236664202,
              63.642694325863474
            ],
            [
              53.6534128472966,
              63.65511893542044
            ],
            [
              53.66374280145936,
              63.66733245251845
            ],
            [
              53.67541884893063,
              63.67930516423012
            ],
            [
              53.68841423309653,
              63.691007906213656
            ],
            [
              53.702698871580466,
              63.702412136026815
            ],
            [
              53.71823941629847,
              63.71349000523233
            ],
            [
              53.734999322906276,
              63.724214430089035
            ],
            [
              53.75293892959023,
              63.734559160624364
            ],
            [
              53.7720155451148,
              63.744498847884486
            ],
            [
              53.79218354600118,
              63.75400910916122
            ],
            [
              53.81339448267033,
              63.76306659099724
            ],
            [
              53.835597194343634,
              63.77164902977609
            ],
            [
              53.85873793245325,
              63.77973530970739
            ],
            [
              53.8827604922731,
              63.78730551802416
            ],
            [
              53.90760635244103,
              63.794340997215556
            ],
            [
              53.93321482200286,
              63.80082439412602
            ],
            [
              53.9595231945701,
              63.806739705760144
            ],
            [
              53.986466909145854,
              63.81207232164218
            ],
            [
              54.013979717137516,
              63.81680906258893
            ],
            [
              54.04199385504163,
              63.82093821576573
            ],
            [
              54.070440222254646,
              63.824449565907045
            ],
            [
              54.09924856343463,
              63.827334422595264
            ],
            [
              54.12834765481381,
              63.82958564350419
            ],
            [
              54.15766549383876,
              63.83119765352725
            ],
            [
              54.18712949149619,
              63.8321664597244
            ],
            [
              54.2166666666667,
              63.832489662035684
            ],
            [
              54.24620384183721,
              63.83216645972441
            ],
            [
              54.27566783949464,
              63.83119765352725
            ],
            [
              54.30498567851959,
              63.82958564350419
            ],
            [
              54.33408476989877,
              63.827334422595264
            ],
            [
              54.362893111078755,
              63.824449565907045
            ],
            [
              54.39133947829176,
              63.82093821576573
            ],
            [
              54.41935361619589,
              63.816809062588945
            ],
            [
              54.44686642418755,
              63.81207232164218
            ],
            [
              54.4738101387633,
              63.806739705760144
            ],
            [
              54.50011851133054,
              63.80082439412602
            ],
            [
              54.52572698089237,
              63.794340997215556
            ],
            [
              54.5505728410603,
              63.78730551802416
            ],
            [
              54.57459540088015,
              63.77973530970739
            ],
            [
              54.59773613898976,
              63.77164902977609
            ],
            [
              54.61993885066307,
              63.76306659099724
            ],
            [
              54.64114978733222,
              63.75400910916122
            ],
            [
              54.6613177882186,
              63.744498847884486
            ],
            [
              54.68039440374317,
              63.734559160624364
            ],
            [
              54.69833401042712,
              63.724214430089035
            ],
            [
              54.71509391703493,
              63.71349000523233
            ],
            [
              54.730634461752935,
              63.702412136026815
            ],
            [
              54.74491910023687,
              63.691007906213656
            ],
            [
              54.75791448440277,
              63.67930516423012
            ],
            [
              54.76959053187405,
              63.66733245251846
            ],
            [
              54.7799204860368,
              63.65511893542044
            ],
            [
              54.78888096669137,
              63.642694325863474
            ],
            [
              54.796452011324284,
              63.63008881104312
            ],
            [
              54.80261710705788,
              63.61733297730639
            ],
            [
              54.80736321336684,
              63.604457734438064
            ],
            [
              54.81068077568053,
              63.59149423955086
            ],
            [
              54.81256373001735,
              63.57847382077598
            ],
            [
              54.81300949882301,
              63.565427900948514
            ]
          ]
        ]
      },
      "properties": {
        "title": "X2416/26B02 for None",
        "text": "From: 2026-07-25 00:00:00+00:00\nTo: 2026-07-30 23:59:00+00:00\n\n3. CIRCLE RADIUS 1KM CENTRE 632923N0535256E\n\n  SFC-550M AMSL.\n\n  4. CIRCLE RADIUS 0.5KM CENTRE 632830N0534100E\n\n  SFC-550M AMSL."
      }
    },
    {
      "type": "Feature",
      "geometry": {
        "type": "Polygon",
        "coordinates": [
          [
            [
              56.61666666666667,
              65.4
            ],
            [
              56.55,
              65.33333333333333
            ],
            [
              56.7,
              65.15
            ],
            [
              56.69916666666666,
              65.15
            ],
            [
              57.0375,
              65.06944444444444
            ],
            [
              57.11666666666667,
              64.76666666666667
            ],
            [
              56.93333333333333,
              64.78333333333333
            ],
            [
              56.4,
              64.88333333333334
            ],
            [
              56.36555555555556,
              64.90611111111112
            ],
            [
              55.88333333333333,
              65.23333333333333
            ],
            [
              55.71666666666667,
              65.33333333333333
            ],
            [
              56.6,
              65.46666666666667
            ],
            [
              56.61666666666667,
              65.4
            ]
          ]
        ],
        "meta": {
          "shape": "polygon"
        }
      },
      "properties": {
        "title": "X2421/26 for None",
        "text": "From: 2026-07-25 00:00:00+00:00\nTo: 2026-07-30 23:59:00+00:00\n\nAIRSPACE CLSD AS FLW:\n\n1. AREA: 652000N0554300E-652800N0563600E-652400N0563700E-\n\n         652000N0563300E-650900N0564200E-650900N0564157E-\n\n         650410N0570215E-644600N0570700E-644700N0565600E-\n\n         645300N0562400E-645422N0562156E-651400N0555300E-\n\n         652000N0554300E\n\n   350M AMSL-550M AMSL.\n\n2. Within CIRCLE RADIUS 0.8KM CENTRE 645313N0562600E\n\n   SFC-550M AMSL.\n\n3. Within CIRCLE RADIUS 1KM CENTRE 650626N0563755E\n\n   SFC-550M AMSL.\n\n4. Within CIRCLE RADIUS 1KM CENTRE 651944N0562450E\n\n   SFC-550M AMSL."
      }
    },
    {
      "type": "Feature",
      "geometry": {
        "type": "MultiPolygon",
        "coordinates": [
          [
            [
              [
                57.37416666666667,
                65.13805555555557
              ],
              [
                57.37111111111111,
                65.12305555555555
              ],
              [
                57.4,
                65.1
              ],
              [
                57.38333333333333,
                65.075
              ],
              [
                57.325,
                65.06416666666667
              ],
              [
                57.30777777777777,
                65.05555555555556
              ],
              [
                57.19444444444444,
                65.08333333333333
              ],
              [
                57.10542506664734,
                65.07914418614287
              ],
              [
                57.359155119372055,
                65.14160902816032
              ],
              [
                57.35851153219113,
                65.14171347693197
              ],
              [
                57.35755523829395,
                65.1418918181163
              ],
              [
                57.35662087455468,
                65.14208968733584
              ],
              [
                57.355710690418746,
                65.14230660833529
              ],
              [
                57.35482687728849,
                65.14254205899107
              ],
              [
                57.35397156325655,
                65.14279547256476
              ],
              [
                57.35314680798962,
                65.14306623906381
              ],
              [
                57.352354597774784,
                65.1433537067062
              ],
              [
                57.35159684074035,
                65.1436571834856
              ],
              [
                57.35087536226269,
                65.14397593883353
              ],
              [
                57.35019190056996,
                65.14430920537407
              ],
              [
                57.34954810255337,
                65.14465618076753
              ],
              [
                57.34894551979615,
                65.14501602963809
              ],
              [
                57.348385604829716,
                65.14538788558156
              ],
              [
                57.34786970762617,
                65.1457708532476
              ],
              [
                57.34739907233566,
                65.14616401049201
              ],
              [
                57.34697483427653,
                65.14656641059403
              ],
              [
                57.34659801718567,
                65.14697708453275
              ],
              [
                57.34626953073579,
                65.14739504331781
              ],
              [
                57.3459901683258,
                65.1478192803686
              ],
              [
                57.34576060514975,
                65.14824877393592
              ],
              [
                57.34558139654918,
                65.14868248956104
              ],
              [
                57.345452976653185,
                65.14911938256546
              ],
              [
                57.34537565730931,
                65.1495584005659
              ],
              [
                57.345349627308586,
                65.14999848600834
              ],
              [
                57.34537495190643,
                65.15043857871504
              ],
              [
                57.345451572640826,
                65.15087761843827
              ],
              [
                57.345579307448745,
                65.15131454741481
              ],
              [
                57.3457578510804,
                65.15174831291499
              ],
              [
                57.34598677581074,
                65.15217786977996
              ],
              [
                57.346265532446786,
                65.15260218294135
              ],
              [
                57.34659345162841,
                65.15302022991706
              ],
              [
                57.34696974541981,
                65.15343100327709
              ],
              [
                57.347393509187945,
                65.15383351307364
              ],
              [
                57.347863723763595,
                65.15422678922938
              ],
              [
                57.34837925788013,
                65.15460988387832
              ],
              [
                57.34893887088415,
                65.15498187365341
              ],
              [
                57.34954121571158,
                65.15534186191543
              ],
              [
                57.35018484212246,
                65.15568898091769
              ],
              [
                57.35086820018616,
                65.15602239390144
              ],
              [
                57.35158964400951,
                65.15634129711663
              ],
              [
                57.35234743569808,
                65.1566449217633
              ],
              [
                57.35313974954178,
                65.15693253584888
              ],
              [
                57.353964676414286,
                65.1572034459568
              ],
              [
                57.35482022837583,
                65.15745699892193
              ],
              [
                57.35570434346841,
                65.15769258340933
              ],
              [
                57.35661489069126,
                65.15790963139172
              ],
              [
                57.357549675145336,
                65.1581076195226
              ],
              [
                57.35850644333349,
                65.15828607040149
              ],
              [
                57.35948288860407,
                65.15844455372813
              ],
              [
                57.36047665672432,
                65.15858268734299
              ],
              [
                57.36148535157013,
                65.15870013815135
              ],
              [
                57.362506540918325,
                65.15879662292883
              ],
              [
                57.36353776232716,
                65.15887190900635
              ],
              [
                57.36457652909081,
                65.15892581483288
              ],
              [
                57.365620336253244,
                65.15895821041454
              ],
              [
                57.36666666666671,
                65.15896901762903
              ],
              [
                57.36771299708017,
                65.15895821041455
              ],
              [
                57.3687568042426,
                65.15892581483288
              ],
              [
                57.36979557100625,
                65.15887190900635
              ],
              [
                57.37082679241509,
                65.15879662292882
              ],
              [
                57.37184798176328,
                65.15870013815136
              ],
              [
                57.372856676609096,
                65.15858268734299
              ],
              [
                57.37385044472934,
                65.15844455372813
              ],
              [
                57.374826889999916,
                65.15828607040149
              ],
              [
                57.37578365818808,
                65.1581076195226
              ],
              [
                57.37671844264215,
                65.15790963139172
              ],
              [
                57.377628989865016,
                65.15769258340933
              ],
              [
                57.37851310495757,
                65.15745699892193
              ],
              [
                57.379368656919134,
                65.1572034459568
              ],
              [
                57.38019358379163,
                65.15693253584888
              ],
              [
                57.380985897635334,
                65.1566449217633
              ],
              [
                57.381743689323905,
                65.15634129711663
              ],
              [
                57.38246513314725,
                65.15602239390144
              ],
              [
                57.38314849121096,
                65.15568898091769
              ],
              [
                57.38379211762184,
                65.15534186191543
              ],
              [
                57.384394462449265,
                65.15498187365341
              ],
              [
                57.38495407545328,
                65.15460988387832
              ],
              [
                57.38546960956982,
                65.15422678922938
              ],
              [
                57.385939824145474,
                65.15383351307364
              ],
              [
                57.3863635879136,
                65.15343100327709
              ],
              [
                57.38673988170501,
                65.15302022991706
              ],
              [
                57.38706780088663,
                65.15260218294135
              ],
              [
                57.38734655752268,
                65.15217786977996
              ],
              [
                57.38757548225301,
                65.15174831291499
              ],
              [
                57.387754025884654,
                65.15131454741481
              ],
              [
                57.387881760692586,
                65.15087761843827
              ],
              [
                57.387958381426984,
                65.15043857871504
              ],
              [
                57.387983706024826,
                65.14999848600834
              ],
              [
                57.38795767602411,
                65.1495584005659
              ],
              [
                57.387880356680235,
                65.14911938256546
              ],
              [
                57.387751936784234,
                65.14868248956104
              ],
              [
                57.38757272818368,
                65.14824877393592
              ],
              [
                57.387343165007614,
                65.1478192803686
              ],
              [
                57.38706380259762,
                65.14739504331781
              ],
              [
                57.38673531614774,
                65.14697708453275
              ],
              [
                57.38635849905688,
                65.14656641059403
              ],
              [
                57.38593426099775,
                65.14616401049201
              ],
              [
                57.385463625707246,
                65.1457708532476
              ],
              [
                57.3849477285037,
                65.14538788558156
              ],
              [
                57.38438781353726,
                65.14501602963809
              ],
              [
                57.38378523078004,
                65.14465618076753
              ],
              [
                57.38314143276345,
                65.14430920537407
              ],
              [
                57.38245797107072,
                65.14397593883353
              ],
              [
                57.38173649259306,
                65.1436571834856
              ],
              [
                57.38097873555863,
                65.1433537067062
              ],
              [
                57.380186525343795,
                65.14306623906381
              ],
              [
                57.37936177007686,
                65.14279547256476
              ],
              [
                57.37850645604493,
                65.14254205899105
              ],
              [
                57.377622642914666,
                65.14230660833529
              ],
              [
                57.376712458778734,
                65.14208968733584
              ],
              [
                57.37577809503947,
                65.1418918181163
              ],
              [
                57.37482180114228,
                65.14171347693197
              ],
              [
                57.373845879171185,
                65.14155509302668
              ],
              [
                57.37310523090357,
                65.14145214999748
              ],
              [
                57.37416666666667,
                65.13805555555557
              ]
            ]
          ],
          [
            [
              [
                57.87416666666667,
                65.58694444444444
              ],
              [
                57.88333333333333,
                65.51666666666667
              ],
              [
                57.96666666666667,
                65.4
              ],
              [
                57.916666666666664,
                65.32777777777777
              ],
              [
                57.6,
                65.2
              ],
              [
                57.869166666666665,
                65.61805555555554
              ],
              [
                57.87416666666667,
                65.58694444444444
              ]
            ]
          ]
        ],
        "meta": {
          "shape": "circle"
        }
      },
      "properties": {
        "title": "X2422/26 for None",
        "text": "From: 2026-07-25 06:00:00+00:00\nTo: 2026-07-26 20:00:00+00:00\n\nAIRSPACE CLSD AS FLW:\n\n1. Within CIRCLE RADIUS 0.8KM CENTRE 650547N0571705E\n\n   SFC-550M AMSL.\n\n2. Within CIRCLE RADIUS 1KM CENTRE 650900N0572200E\n\n   SFC-550M AMSL.\n\n3. Within 1.5KM EITHER SIDE OF LINE JOINING POINTS:\n\n   651200N0573600E-651940N0575500E-652400N0575800E-\n\n   653100N0575300E-653513N0575227E-653705N0575209E.\n\n   350M AMSL-550M AMSL.\n\n4. Within 1.5KM EITHER SIDE OF LINE JOINING POINTS:\n\n   650415N0570418E-650444N0570600E-650500N0571140E-650320N0571828E-\n\n   650529N0571719E-650320N0571828E-650351N0571930E-650430N0572300E-\n\n   650600N0572400E-650723N0572216E-650817N0572227E-650905N0572212E-\n\n   651000N0572440E-651203N0573559E.\n\n   350M AMSL-550M AMSL."
      }
    },
    {
      "type": "Feature",
      "geometry": {
        "type": "MultiPolygon",
        "coordinates": [
          [
            [
              [
                31.81781337853634,
                59.839558368966216
              ],
              [
                31.81774874785467,
                59.83911901260909
              ],
              [
                31.81764136227473,
                59.83868178142059
              ],
              [
                31.81749148214724,
                59.83824772862526
              ],
              [
                31.81729947014736,
                59.83781789975064
              ],
              [
                31.817065790385602,
                59.83739333010983
              ],
              [
                31.816791007274908,
                59.83697504230924
              ],
              [
                31.81647578415697,
                59.83656404378701
              ],
              [
                31.81612088169097,
                59.83616132438848
              ],
              [
                31.815727156009057,
                59.835767853984336
              ],
              [
                31.81529555664277,
                59.835384580137216
              ],
              [
                31.814827124225904,
                59.83501242582216
              ],
              [
                31.814322987979114,
                59.834652287206545
              ],
              [
                31.813784362982506,
                59.83430503149504
              ],
              [
                31.813212547242948,
                59.83397149484409
              ],
              [
                31.81260891856309,
                59.83365248035164
              ],
              [
                31.81197493121976,
                59.833348756126355
              ],
              [
                31.81131211245969,
                59.83306105344143
              ],
              [
                31.81062205882102,
                59.83279006497682
              ],
              [
                31.809906432289615,
                59.83253644315466
              ],
              [
                31.809166956299098,
                59.832300798571424
              ],
              [
                31.80840541158451,
                59.832083698530894
              ],
              [
                31.807623631899375,
                59.83188566568109
              ],
              [
                31.806823499606427,
                59.83170717675871
              ],
              [
                31.80600694115262,
                59.83154866144395
              ],
              [
                31.805175922439112,
                59.831410501328335
              ],
              [
                31.804332444097344,
                59.83129302899824
              ],
              [
                31.803478536682533,
                59.83119652723609
              ],
              [
                31.8026162557959,
                59.831121228341125
              ],
              [
                31.801747677147304,
                59.8310673135717
              ],
              [
                31.8008748915701,
                59.83103491270983
              ],
              [
                31.8,
                59.83102410374958
              ],
              [
                31.7991251084299,
                59.83103491270983
              ],
              [
                31.798252322852697,
                59.8310673135717
              ],
              [
                31.7973837442041,
                59.831121228341125
              ],
              [
                31.796521463317465,
                59.83119652723609
              ],
              [
                31.795667555902657,
                59.83129302899824
              ],
              [
                31.79482407756089,
                59.831410501328335
              ],
              [
                31.79399305884738,
                59.83154866144395
              ],
              [
                31.79317650039357,
                59.83170717675871
              ],
              [
                31.792376368100626,
                59.83188566568109
              ],
              [
                31.791594588415492,
                59.832083698530894
              ],
              [
                31.790833043700903,
                59.832300798571424
              ],
              [
                31.790093567710393,
                59.83253644315466
              ],
              [
                31.789377941178977,
                59.83279006497682
              ],
              [
                31.78868788754031,
                59.83306105344143
              ],
              [
                31.788025068780243,
                59.833348756126355
              ],
              [
                31.78739108143691,
                59.83365248035164
              ],
              [
                31.786787452757054,
                59.83397149484409
              ],
              [
                31.78621563701749,
                59.83430503149504
              ],
              [
                31.785677012020887,
                59.834652287206545
              ],
              [
                31.78517287577409,
                59.83501242582216
              ],
              [
                31.78470444335723,
                59.835384580137216
              ],
              [
                31.784272843990944,
                59.835767853984336
              ],
              [
                31.783879118309027,
                59.83616132438848
              ],
              [
                31.78352421584303,
                59.83656404378701
              ],
              [
                31.78320899272509,
                59.83697504230924
              ],
              [
                31.7829342096144,
                59.83739333010983
              ],
              [
                31.78270052985264,
                59.83781789975064
              ],
              [
                31.78250851785276,
                59.83824772862526
              ],
              [
                31.78235863772527,
                59.83868178142059
              ],
              [
                31.782251252145333,
                59.83911901260909
              ],
              [
                31.782186621463662,
                59.839558368966216
              ],
              [
                31.782164903063418,
                59.83999879210677
              ],
              [
                31.782186150964883,
                59.840439221033996
              ],
              [
                31.78225031567893,
                59.84087859469535
              ],
              [
                31.782357244309928,
                59.84131585453899
              ],
              [
                31.782506680907826,
                59.841749947064415
              ],
              [
                31.782698267068888,
                59.842179826361495
              ],
              [
                31.78293154278368,
                59.842604456631484
              ],
              [
                31.783205947530423,
                59.84302281468412
              ],
              [
                31.783520821611308,
                59.84343389240468
              ],
              [
                31.78387540772854,
                59.84383669918511
              ],
              [
                31.784268852796625,
                59.84423026431314
              ],
              [
                31.784700209986447,
                59.84461363931395
              ],
              [
                31.785168440996504,
                59.84498590023834
              ],
              [
                31.785672418545836,
                59.845346149892165
              ],
              [
                31.786210929082657,
                59.84569352000144
              ],
              [
                31.786782675702412,
                59.846027173308
              ],
              [
                31.787386281268088,
                59.84634630559049
              ],
              [
                31.788020291725516,
                59.84665014760576
              ],
              [
                31.78868317960532,
                59.846937966946314
              ],
              [
                31.789373347703712,
                59.8472090698087
              ],
              [
                31.790089132932515,
                59.8474628026691
              ],
              [
                31.79082881032978,
                59.84769855386166
              ],
              [
                31.791590597220797,
                59.8479157550559
              ],
              [
                31.79237265751975,
                59.84811388262962
              ],
              [
                31.79317310616144,
                59.8482924589339
              ],
              [
                31.793990013652316,
                59.84845105344701
              ],
              [
                31.794821410729796,
                59.84858928381466
              ],
              [
                31.795665293118574,
                59.84870681677394
              ],
              [
                31.796519626372238,
                59.84880336895857
              ],
              [
                31.797382350788528,
                59.848878707583644
              ],
              [
                31.798251386386134,
                59.84893265100823
              ],
              [
                31.799124637931037,
                59.84896506917434
              ],
              [
                31.8,
                59.848975883921234
              ],
              [
                31.800875362068965,
                59.84896506917434
              ],
              [
                31.801748613613864,
                59.84893265100823
              ],
              [
                31.802617649211474,
                59.848878707583644
              ],
              [
                31.80348037362776,
                59.84880336895857
              ],
              [
                31.804334706881427,
                59.84870681677394
              ],
              [
                31.805178589270206,
                59.84858928381466
              ],
              [
                31.806009986347686,
                59.84845105344701
              ],
              [
                31.806826893838558,
                59.8482924589339
              ],
              [
                31.807627342480252,
                59.84811388262962
              ],
              [
                31.808409402779205,
                59.8479157550559
              ],
              [
                31.80917118967022,
                59.847698553861655
              ],
              [
                31.809910867067487,
                59.847462802669114
              ],
              [
                31.81062665229629,
                59.8472090698087
              ],
              [
                31.81131682039468,
                59.846937966946314
              ],
              [
                31.811979708274496,
                59.84665014760576
              ],
              [
                31.812613718731914,
                59.84634630559049
              ],
              [
                31.81321732429759,
                59.84602717330801
              ],
              [
                31.813789070917352,
                59.84569352000144
              ],
              [
                31.814327581454165,
                59.845346149892165
              ],
              [
                31.81483155900349,
                59.84498590023834
              ],
              [
                31.815299790013555,
                59.84461363931395
              ],
              [
                31.815731147203376,
                59.844230264313154
              ],
              [
                31.816124592271454,
                59.84383669918511
              ],
              [
                31.816479178388693,
                59.84343389240468
              ],
              [
                31.81679405246958,
                59.84302281468412
              ],
              [
                31.817068457216322,
                59.842604456631484
              ],
              [
                31.817301732931114,
                59.842179826361495
              ],
              [
                31.817493319092172,
                59.841749947064415
              ],
              [
                31.817642755690073,
                59.84131585453899
              ],
              [
                31.81774968432107,
                59.84087859469535
              ],
              [
                31.817813849035126,
                59.840439221033996
              ],
              [
                31.817835096936584,
                59.83999879210677
              ],
              [
                31.81781337853634,
                59.839558368966216
              ]
            ]
          ],
          [
            [
              [
                31.804444444444446,
                59.88861111111111
              ],
              [
                31.858333333333334,
                59.870555555555555
              ],
              [
                32.21,
                59.88
              ],
              [
                32.22277777777778,
                59.82944444444445
              ],
              [
                31.784722222222225,
                59.809999999999995
              ],
              [
                31.76,
                59.839444444444446
              ],
              [
                31.776666666666667,
                59.843333333333334
              ],
              [
                31.790833333333335,
                59.8275
              ],
              [
                31.825833333333332,
                59.83583333333333
              ],
              [
                31.809722222222224,
                59.85277777777778
              ],
              [
                31.759166666666665,
                59.84027777777778
              ],
              [
                31.739722222222223,
                59.863055555555555
              ],
              [
                31.713055555555556,
                59.87694444444445
              ],
              [
                31.804444444444446,
                59.88861111111111
              ]
            ]
          ]
        ],
        "meta": {
          "shape": "polygon"
        }
      },
      "properties": {
        "title": "X2423/26 for None",
        "text": "From: 2026-07-22 08:00:00+00:00\nTo: 2026-07-27 16:45:00+00:00\n\nAIRSPACE CLSD AS FLW:\n\n1. AREA: 595237N0314247E-595319N0314816E-595214N0315130E-\n\n         595248N0321236E-594946N0321322E-594836N0314705E-\n\n         595022N0314536E-595036N0314636E-594939N0314727E-\n\n         595009N0314933E-595110N0314835E-595025N0314533E-\n\n         595147N0314423E-595237N0314247E\n\n   350M AMSL-850M AMSL.\n\n2. Within CIRCLE RADIUS 1KM CENTRE 595024N0314800E\n\n   SFC-850M AMSL."
      }
    },
    {
      "type": "Feature",
      "geometry": {
        "type": "Polygon",
        "coordinates": [
          [
            [
              31.713055555555556,
              59.87694444444445
            ],
            [
              31.804444444444446,
              59.88861111111111
            ],
            [
              31.858333333333334,
              59.870555555555555
            ],
            [
              32.21,
              59.88
            ],
            [
              32.22277777777778,
              59.82944444444445
            ],
            [
              31.784722222222225,
              59.809999999999995
            ],
            [
              31.76,
              59.839444444444446
            ],
            [
              31.776666666666667,
              59.843333333333334
            ],
            [
              31.790833333333335,
              59.8275
            ],
            [
              31.825833333333332,
              59.83583333333333
            ],
            [
              31.809722222222224,
              59.85277777777778
            ],
            [
              31.759166666666665,
              59.84027777777778
            ],
            [
              31.739722222222223,
              59.863055555555555
            ],
            [
              31.713055555555556,
              59.87694444444445
            ]
          ]
        ],
        "meta": {
          "shape": "polygon"
        }
      },
      "properties": {
        "title": "X2424/26 for None",
        "text": "From: 2026-07-23 08:00:00+00:00\nTo: 2026-07-28 16:45:00+00:00\n\nAIRSPACE CLSD Within AREA:\n\n595237N0314247E-595319N0314816E-595214N0315130E-595248N0321236E-\n\n594946N0321322E-594836N0314705E-595022N0314536E-595036N0314636E-\n\n594939N0314727E-595009N0314933E-595110N0314835E-595025N0314533E-\n\n595147N0314423E-595237N0314247E."
      }
    },
    {
      "type": "Feature",
      "geometry": {
        "type": "Polygon",
        "coordinates": [
          [
            [
              32.948611111111106,
              61.32777777777778
            ],
            [
              33.473055555555554,
              61.2475
            ],
            [
              33.42444444444444,
              61.172777777777775
            ],
            [
              32.89388888888889,
              61.249722222222225
            ],
            [
              32.948611111111106,
              61.32777777777778
            ]
          ]
        ],
        "meta": {
          "shape": "polygon"
        }
      },
      "properties": {
        "title": "X2425/26 for None",
        "text": "From: 2026-07-23 08:00:00+00:00\nTo: 2026-07-28 16:45:00+00:00\n\nAIRSPACE CLSD Within AREA:\n\n611940N0325655E-611451N0332823E-611022N0332528E-611459N0325338E-\n\n611940N0325655E."
      }
    },
    {
      "type": "Feature",
      "geometry": {
        "type": "Polygon",
        "coordinates": [
          [
            [
              40.37916666666667,
              58.91888888888889
            ],
            [
              40.55583333333333,
              59.00666666666667
            ],
            [
              40.819722222222225,
              59.1675
            ],
            [
              41.04361111111111,
              59.21944444444445
            ],
            [
              41.18277777777777,
              59.309444444444445
            ],
            [
              41.415277777777774,
              59.38194444444444
            ],
            [
              41.43472222222222,
              59.419444444444444
            ],
            [
              41.46222222222222,
              59.43333333333333
            ],
            [
              41.48361111111111,
              59.58166666666667
            ],
            [
              41.72888888888889,
              59.56472222222222
            ],
            [
              41.967777777777776,
              59.683055555555555
            ],
            [
              42.0575,
              59.70888888888889
            ],
            [
              42.0595260612265,
              59.710425710228506
            ],
            [
              42.0594328902643,
              59.710595640770045
            ],
            [
              42.059241608560946,
              59.71102547815292
            ],
            [
              42.059092298767524,
              59.71145953951145
            ],
            [
              42.05898532217105,
              59.71189677929674
            ],
            [
              42.05892093812232,
              59.712336144263006
            ],
            [
              42.05889930339545,
              59.71277657600398
            ],
            [
              42.05892047179406,
              59.71321701350209
            ],
            [
              42.05898439400553,
              59.71365639568424
            ],
            [
              42.059090917703486,
              59.714093663978375
            ],
            [
              42.05923978789877,
              59.71452776486418
            ],
            [
              42.05943064753797,
              59.71495765241209
            ],
            [
              42.059663038348255,
              59.715382290804406
            ],
            [
              42.05993640192673,
              59.71580065683242
            ],
            [
              42.0602500810717,
              59.716211742363555
            ],
            [
              42.060603321352914,
              59.71661455677231
            ],
            [
              42.060995272916955,
              59.717008129329685
            ],
            [
              42.06142499252371,
              59.717391511544704
            ],
            [
              42.061891445808975,
              59.71776377945263
            ],
            [
              42.06239350976804,
              59.7181240358445
            ],
            [
              42.06292997545399,
              59.718471412432145
            ],
            [
              42.063499550884856,
              59.718805071943876
            ],
            [
              42.06410086415199,
              59.719124210145495
            ],
            [
              42.06473246672275,
              59.71942805778186
            ],
            [
              42.06539283692938,
              59.719715882434066
            ],
            [
              42.06608038363554,
              59.719986990288014
            ],
            [
              42.066793450071906,
              59.72024072780996
            ],
            [
              42.06753031783137,
              59.72047648332489
            ],
            [
              42.06828921101437,
              59.72069368849385
            ],
            [
              42.069068300514004,
              59.72089181968699
            ],
            [
              42.069865708430996,
              59.721070399248354
            ],
            [
              42.07067951260729,
              59.72122899665001
            ],
            [
              42.071507751267646,
              59.721367229532184
            ],
            [
              42.072348427757774,
              59.72148476462718
            ],
            [
              42.073199515367506,
              59.72158131856468
            ],
            [
              42.07405896222725,
              59.72165665855651
            ],
            [
              42.07435679551123,
              59.721675216725515
            ],
            [
              42.26111111111111,
              59.86333333333334
            ],
            [
              42.68333333333333,
              60.02722222222222
            ],
            [
              42.774166666666666,
              60.032777777777774
            ],
            [
              43.157777777777774,
              60.14194444444444
            ],
            [
              43.218333333333334,
              60.168055555555554
            ],
            [
              43.272777777777776,
              60.140277777777776
            ],
            [
              43.09777777777778,
              60.083333333333336
            ],
            [
              43.05694444444444,
              60.02638888888889
            ],
            [
              42.92805555555555,
              60.035555555555554
            ],
            [
              42.782777777777774,
              59.99472222222222
            ],
            [
              42.70527777777778,
              59.98861111111111
            ],
            [
              42.30305555555555,
              59.83277777777778
            ],
            [
              42.11277777777778,
              59.68111111111111
            ],
            [
              42.004444444444445,
              59.64722222222222
            ],
            [
              41.49166666666667,
              59.39388888888889
            ],
            [
              41.48027777777778,
              59.356944444444444
            ],
            [
              41.22638888888889,
              59.282222222222224
            ],
            [
              41.08277777777778,
              59.18833333333333
            ],
            [
              40.85916666666667,
              59.13666666666666
            ],
            [
              40.54611111111111,
              58.950833333333335
            ],
            [
              40.549166666666665,
              58.92222222222222
            ],
            [
              40.43611111111111,
              58.897777777777776
            ],
            [
              40.388333333333335,
              58.82277777777778
            ],
            [
              40.318333333333335,
              58.75666666666667
            ],
            [
              40.24638888888889,
              58.75472222222222
            ],
            [
              40.233333333333334,
              58.79527777777778
            ],
            [
              40.32805555555556,
              58.84722222222222
            ],
            [
              40.37916666666667,
              58.91888888888889
            ]
          ]
        ],
        "meta": {
          "shape": "polygon"
        }
      },
      "properties": {
        "title": "X2426/26 for None",
        "text": "From: 2026-07-23 06:00:00+00:00\nTo: 2026-07-28 20:00:00+00:00\n\nAIRSPACE CLSD AS FLW:\n\n1. AREA: 584517N0401447E-584743N0401400E-585050N0401941E-\n\n         585508N0402245E-590024N0403321E-591003N0404911E-\n\n         591310N0410237E-591834N0411058E-592255N0412455E-\n\n         592510N0412605E-592600N0412744E-593454N0412901E-\n\n         593353N0414344E-594059N0415804E-594232N0420327E-\n\n         595148N0421540E-600138N0424100E-600158N0424627E-\n\n         600831N0430928E-601005N0431306E-600825N0431622E-\n\n         600500N0430552E-600135N0430325E-600208N0425541E-\n\n         595941N0424658E-595919N0424219E-594958N0421811E-\n\n         594052N0420646E-593850N0420016E-592338N0412930E-\n\n         592125N0412849E-591656N0411335E-591118N0410458E-\n\n         590812N0405133E-585703N0403246E-585520N0403257E-\n\n         585352N0402610E-584922N0402318E-584524N0401906E-\n\n         584517N0401447E\n\n   400M AMSL-800M AMSL.\n\n2. Within CIRCLE RADIUS 1KM CENTRE 594246N0420436E\n\n   SFC-800M AMSL.\n\n3. Within CIRCLE RADIUS 1KM CENTRE 600216N0430226E\n\n   SFC-800M AMSL.\n\n4. Within CIRCLE RADIUS 1KM CENTRE 600031N0424227E\n\n   SFC-800M AMSL.\n\n5. Within CIRCLE RADIUS 1KM CENTRE 585547N0403137E\n\n   SFC-800M AMSL.\n\n6. Within CIRCLE RADIUS 1KM CENTRE 593409N0413015E\n\n   SFC-800M AMSL."
      }
    },
    {
      "type": "Feature",
      "geometry": {
        "type": "Polygon",
        "coordinates": [
          [
            [
              31.65,
              59.83694444444445
            ],
            [
              31.64962613968765,
              59.83655812212169
            ],
            [
              31.649686846681732,
              59.83516878618369
            ],
            [
              31.649461565810903,
              59.830985011847474
            ],
            [
              31.64882886725655,
              59.826811836626774
            ],
            [
              31.647790426785033,
              59.82265930821539
            ],
            [
              31.6463488945335,
              59.81853742087845
            ],
            [
              31.644507887200998,
              59.814456091469665
            ],
            [
              31.642271977956305,
              59.81042513566953
            ],
            [
              31.639646684100008,
              59.80645424450038
            ],
            [
              31.636638452523123,
              59.80255296117337
            ],
            [
              31.633254643009078,
              59.798730658321105
            ],
            [
              31.62950350943022,
              59.79499651566878
            ],
            [
              31.625394178894346,
              59.791359498195064
            ],
            [
              31.620936628900452,
              59.78782833483261
            ],
            [
              31.616141662566612,
              59.78441149775679
            ],
            [
              31.6110208819968,
              59.78111718230943
            ],
            [
              31.60558665985586,
              59.77795328760256
            ],
            [
              31.599852109225864,
              59.774927397845765
            ],
            [
              31.59383105181924,
              59.77204676443877
            ],
            [
              31.58753798462679,
              59.769318288868504
            ],
            [
              31.580988045081565,
              59.766748506449
            ],
            [
              31.574196974821227,
              59.76434357093909
            ],
            [
              31.567181082133803,
              59.76210924007229
            ],
            [
              31.55995720317392,
              59.76005086202967
            ],
            [
              31.552542662037716,
              59.75817336288547
            ],
            [
              31.54495522978666,
              59.7564812350525
            ],
            [
              31.537213082511574,
              59.754978526752005
            ],
            [
              31.52933475852964,
              59.75366883253101
            ],
            [
              31.521339114807947,
              59.75255528484686
            ],
            [
              31.513245282708393,
              59.751640546737676
            ],
            [
              31.50507262314932,
              59.75092680559351
            ],
            [
              31.496840681280194,
              59.75041576804214
            ],
            [
              31.488569140765858,
              59.75010865596002
            ],
            [
              31.48359468816387,
              59.75004718906663
            ],
            [
              31.483333333333334,
              59.75
            ],
            [
              31.483189179338332,
              59.750042178391126
            ],
            [
              31.4802777777778,
              59.750006203616884
            ],
            [
              31.47198641478974,
              59.75010865596002
            ],
            [
              31.463714874275407,
              59.75041576804214
            ],
            [
              31.455482932406277,
              59.75092680559351
            ],
            [
              31.447310272847208,
              59.751640546737676
            ],
            [
              31.43921644074765,
              59.75255528484686
            ],
            [
              31.43122079702596,
              59.75366883253101
            ],
            [
              31.423342473044027,
              59.754978526752005
            ],
            [
              31.415600325768942,
              59.7564812350525
            ],
            [
              31.408012893517885,
              59.75817336288547
            ],
            [
              31.400598352381678,
              59.76005086202967
            ],
            [
              31.393374473421794,
              59.76210924007229
            ],
            [
              31.38635858073437,
              59.76434357093909
            ],
            [
              31.379567510474033,
              59.766748506449
            ],
            [
              31.373017570928813,
              59.769318288868504
            ],
            [
              31.366724503736357,
              59.77204676443877
            ],
            [
              31.360703446329733,
              59.774927397845765
            ],
            [
              31.35496889569974,
              59.77795328760256
            ],
            [
              31.3495346735588,
              59.78111718230943
            ],
            [
              31.344413892988985,
              59.78441149775679
            ],
            [
              31.33961892665515,
              59.78782833483261
            ],
            [
              31.335161376661258,
              59.791359498195064
            ],
            [
              31.331052046125382,
              59.79499651566878
            ],
            [
              31.32730091254652,
              59.798730658321105
            ],
            [
              31.323917103032475,
              59.80255296117337
            ],
            [
              31.32090887145559,
              59.80645424450038
            ],
            [
              31.318283577599292,
              59.81042513566953
            ],
            [
              31.316047668354603,
              59.814456091469665
            ],
            [
              31.314206661022098,
              59.818537420878435
            ],
            [
              31.312765128770568,
              59.82265930821539
            ],
            [
              31.311726688299046,
              59.826811836626774
            ],
            [
              31.311093989744695,
              59.830985011847474
            ],
            [
              31.31086870887387,
              59.83516878618369
            ],
            [
              31.311051541588732,
              59.83935308265982
            ],
            [
              31.311642200776767,
              59.843527819271976
            ],
            [
              31.312639415524778,
              59.84768293328974
            ],
            [
              31.314040932713596,
              59.85180840554785
            ],
            [
              31.3158435210039,
              59.85589428466882
            ],
            [
              31.31804297721737,
              59.85993071115711
            ],
            [
              31.320634135111643,
              59.86390794130598
            ],
            [
              31.323610876540958,
              59.867816370857895
            ],
            [
              31.326966144988294,
              59.87164655835972
            ],
            [
              31.330691961448306,
              59.87538924815421
            ],
            [
              31.334779442633597,
              59.879035392950534
            ],
            [
              31.339218821470777,
              59.88257617591626
            ],
            [
              31.34399946984585,
              59.886003032235124
            ],
            [
              31.349109923551847,
              59.88930767007548
            ],
            [
              31.354537909385503,
              59.892482090915756
            ],
            [
              31.360270374332707,
              59.89551860917429
            ],
            [
              31.366293516776633,
              59.8984098710933
            ],
            [
              31.372592819655697,
              59.90114887282729
            ],
            [
              31.379153085492717,
              59.90372897768915
            ],
            [
              31.38595847321043,
              59.906143932508485
            ],
            [
              31.392992536643103,
              59.90838788305944
            ],
            [
              31.400238264647815,
              59.91045538851696
            ],
            [
              31.40767812271459,
              59.91234143490347
            ],
            [
              31.415294095968783,
              59.91404144749014
            ],
            [
              31.423067733455014,
              59.915551302119674
            ],
            [
              31.43098019358726,
              59.91686733542055
            ],
            [
              31.439012290645916,
              59.917986353885134
            ],
            [
              31.447144542199133,
              59.9189056417874
            ],
            [
              31.45535721732229,
              59.91962296791913
            ],
            [
              31.463630385486965,
              59.92013659112618
            ],
            [
              31.47194396598829,
              59.92044526463012
            ],
            [
              31.4802777777778,
              59.92054823912347
            ],
            [
              31.48861158956731,
              59.92044526463012
            ],
            [
              31.496925170068632,
              59.92013659112618
            ],
            [
              31.505198338233306,
              59.91962296791913
            ],
            [
              31.513411013356468,
              59.9189056417874
            ],
            [
              31.521543264909685,
              59.917986353885134
            ],
            [
              31.529575361968348,
              59.91686733542055
            ],
            [
              31.537487822100587,
              59.915551302119674
            ],
            [
              31.54526145958682,
              59.91404144749014
            ],
            [
              31.55287743284101,
              59.91234143490347
            ],
            [
              31.560317290907783,
              59.91045538851696
            ],
            [
              31.56756301891249,
              59.90838788305944
            ],
            [
              31.574597082345164,
              59.906143932508485
            ],
            [
              31.58140247006289,
              59.90372897768915
            ],
            [
              31.587962735899893,
              59.90114887282729
            ],
            [
              31.594262038778954,
              59.8984098710933
            ],
            [
              31.600285181222887,
              59.89551860917429
            ],
            [
              31.606017646170095,
              59.892482090915756
            ],
            [
              31.611445632003754,
              59.88930767007548
            ],
            [
              31.616556085709746,
              59.886003032235124
            ],
            [
              31.621336734084814,
              59.88257617591626
            ],
            [
              31.625776112922008,
              59.879035392950534
            ],
            [
              31.629863594107295,
              59.87538924815421
            ],
            [
              31.633589410567307,
              59.87164655835972
            ],
            [
              31.63694467901464,
              59.867816370857895
            ],
            [
              31.639921420443958,
              59.86390794130598
            ],
            [
              31.642512578338224,
              59.85993071115711
            ],
            [
              31.6447120345517,
              59.85589428466882
            ],
            [
              31.64651462284201,
              59.85180840554785
            ],
            [
              31.64791614003083,
              59.84768293328974
            ],
            [
              31.64891335477883,
              59.843527819271976
            ],
            [
              31.649504013966865,
              59.83935308265982
            ],
            [
              31.649583960465304,
              59.8375234327969
            ],
            [
              31.65,
              59.83694444444445
            ]
          ]
        ],
        "meta": {
          "shape": "polygon"
        }
      },
      "properties": {
        "title": "X2444/26 for None",
        "text": "From: 2026-07-24 07:05:00+00:00\nTo: 2026-07-29 16:55:00+00:00\n\nAIRSPACE CLSD AS FLW:\n\n1. AREA: 595142N0312800E-595300N0313700E-595013N0313900E-\n\n         594605N0313500E-594500N0312900E-594738N0312000E-\n\n         595000N0311840E-595142N0312800E\n\n   270M AMSL-330M AMSL.\n\n2. Within CIRCLE RADIUS 9.5KM CENTRE 595007N0312849E\n\n   330M AMSL-900M AMSL.\n\n3. Within CIRCLE RADIUS 9.5KM CENTRE 595007N0312849E\n\n   SFC-270M AMSL."
      }
    },
    {
      "type": "Feature",
      "geometry": {
        "type": "Polygon",
        "coordinates": [
          [
            [
              30.0,
              60.036944444444444
            ],
            [
              30.0875,
              60.05
            ],
            [
              30.11388888888889,
              60.035555555555554
            ],
            [
              30.025555555555556,
              60.021388888888886
            ],
            [
              30.0,
              60.036944444444444
            ]
          ]
        ],
        "meta": {
          "shape": "polygon"
        }
      },
      "properties": {
        "title": "X2473/26 for None",
        "text": "From: 2026-07-27 07:05:00+00:00\nTo: 2026-07-31 16:55:00+00:00\n\nAIRSPACE CLSD Within AREA:\n\n600213N0300000E-600300N0300515E-600208N0300650E-\n\n600117N0300132E-600213N0300000E"
      }
    },
    {
      "type": "Feature",
      "geometry": {
        "type": "Polygon",
        "coordinates": [
          [
            [
              30.379722222222224,
              60.25083333333333
            ],
            [
              30.360277777777778,
              60.250277777777775
            ],
            [
              30.32138888888889,
              60.21416666666667
            ],
            [
              30.318055555555556,
              60.191111111111105
            ],
            [
              30.33611111111111,
              60.18444444444444
            ],
            [
              30.35,
              60.18694444444444
            ],
            [
              30.379722222222224,
              60.25083333333333
            ]
          ]
        ],
        "meta": {
          "shape": "polygon"
        }
      },
      "properties": {
        "title": "X2474/26 for None",
        "text": "From: 2026-07-27 07:05:00+00:00\nTo: 2026-08-01 16:55:00+00:00\n\nAIRSPACE CLSD Within AREA:\n\n601503N0302247E-601501N0302137E-601251N0301917E-601128N0301905E-\n\n601104N0302010E-601113N0302100E-601503N0302247E"
      }
    },
    {
      "type": "Feature",
      "geometry": {
        "type": "MultiPolygon",
        "coordinates": [
          [
            [
              [
                32.62229333459513,
                60.010647295113586
              ],
              [
                32.62214320556318,
                60.00963682835536
              ],
              [
                32.621894244832504,
                60.008631266529584
              ],
              [
                32.62154706099944,
                60.00763303156868
              ],
              [
                32.62110249902675,
                60.0066445275413
              ],
              [
                32.62056163812564,
                60.00566813486786
              ],
              [
                32.61992578907683,
                60.00470620459561
              ],
              [
                32.61919649099773,
                60.003761052745816
              ],
              [
                32.61837550756448,
                60.00283495474739
              ],
              [
                32.61746482269837,
                60.00193013996991
              ],
              [
                32.616466635727875,
                60.001048786369
              ],
              [
                32.6153833560384,
                60.00019301525704
              ],
              [
                32.61421759722307,
                59.99936488621155
              ],
              [
                32.61297217074924,
                59.99856639213311
              ],
              [
                32.611650079156256,
                59.997799454464875
              ],
              [
                32.610254508801006,
                59.99706591858487
              ],
              [
                32.60878882216917,
                59.99636754938182
              ],
              [
                32.6072565497707,
                59.99570602702515
              ],
              [
                32.60566138163904,
                59.99508294293911
              ],
              [
                32.604007158454486,
                59.99449979599045
              ],
              [
                32.60229786231319,
                59.99395798889863
              ],
              [
                32.60053760716358,
                59.993458824877
              ],
              [
                32.59873062893299,
                59.99300350451304
              ],
              [
                32.596881275368055,
                59.99259312289458
              ],
              [
                32.59499399561278,
                59.99222866698921
              ],
              [
                32.593073329548986,
                59.99191101328268
              ],
              [
                32.591123896924074,
                59.99164092568195
              ],
              [
                32.58915038629201,
                59.99141905368786
              ],
              [
                32.587157543793076,
                59.991245930841636
              ],
              [
                32.585150161799035,
                59.99112197344876
              ],
              [
                32.5831330674502,
                59.99104747958342
              ],
              [
                32.5811111111111,
                59.99102262837575
              ],
              [
                32.579089154772,
                59.99104747958342
              ],
              [
                32.57707206042316,
                59.99112197344876
              ],
              [
                32.57506467842913,
                59.991245930841636
              ],
              [
                32.57307183593019,
                59.99141905368786
              ],
              [
                32.571098325298124,
                59.99164092568195
              ],
              [
                32.56914889267322,
                59.99191101328268
              ],
              [
                32.567228226609416,
                59.99222866698921
              ],
              [
                32.56534094685414,
                59.99259312289458
              ],
              [
                32.563491593289214,
                59.99300350451304
              ],
              [
                32.56168461505862,
                59.993458824877
              ],
              [
                32.559924359909004,
                59.99395798889863
              ],
              [
                32.55821506376771,
                59.99449979599045
              ],
              [
                32.55656084058316,
                59.99508294293911
              ],
              [
                32.554965672451495,
                59.99570602702515
              ],
              [
                32.55343340005304,
                59.99636754938182
              ],
              [
                32.5519677134212,
                59.99706591858487
              ],
              [
                32.55057214306594,
                59.997799454464875
              ],
              [
                32.54925005147296,
                59.99856639213311
              ],
              [
                32.54800462499914,
                59.99936488621155
              ],
              [
                32.546838866183805,
                60.00019301525704
              ],
              [
                32.54575558649433,
                60.001048786369
              ],
              [
                32.54475739952383,
                60.00193013996991
              ],
              [
                32.54384671465772,
                60.00283495474739
              ],
              [
                32.54302573122447,
                60.003761052745816
              ],
              [
                32.542296433145374,
                60.00470620459561
              ],
              [
                32.541660584096554,
                60.00566813486786
              ],
              [
                32.54111972319546,
                60.00664452754128
              ],
              [
                32.54067516122276,
                60.00763303156868
              ],
              [
                32.540327977389694,
                60.008631266529584
              ],
              [
                32.54007901665903,
                60.00963682835536
              ],
              [
                32.53992888762707,
                60.010647295113586
              ],
              [
                32.539877960972575,
                60.01166023283723
              ],
              [
                32.53992636847707,
                60.01267320138503
              ],
              [
                32.54007400261978,
                60.01368376031884
              ],
              [
                32.540320516749084,
                60.01468947478394
              ],
              [
                32.540665325830744,
                60.01568792137786
              ],
              [
                32.541107607772105,
                60.01667669399394
              ],
              [
                32.541646305319894,
                60.01765340962498
              ],
              [
                32.54228012852765,
                60.01861571411352
              ],
              [
                32.54300755778792,
                60.0195612878344
              ],
              [
                32.5438268474223,
                60.02048785129587
              ],
              [
                32.54473602982171,
                60.02139317064568
              ],
              [
                32.545732920127264,
                60.0222750630689
              ],
              [
                32.54681512144117,
                60.02313140206402
              ],
              [
                32.547980030555664,
                60.023960122584484
              ],
              [
                32.54922484418648,
                60.024759226033495
              ],
              [
                32.550546565696365,
                60.025526785099316
              ],
              [
                32.55194201229253,
                60.02626094841954
              ],
              [
                32.55340782268117,
                60.02695994506286
              ],
              [
                32.554940465160556,
                60.02762208881724
              ],
              [
                32.55653624613321,
                60.028245782274
              ],
              [
                32.55819131901685,
                60.02882952069785
              ],
              [
                32.55990169353226,
                60.02937189567313
              ],
              [
                32.56166324534574,
                60.029871598517396
              ],
              [
                32.563471726042366,
                60.03032742345404
              ],
              [
                32.565322773405946,
                60.030738270535906
              ],
              [
                32.567211921980274,
                60.03110314831273
              ],
              [
                32.569134613885794,
                60.03142117623591
              ],
              [
                32.571086209865086,
                60.031691586794565
              ],
              [
                32.57306200052993,
                60.03191372737759
              ],
              [
                32.57505721778205,
                60.0320870618571
              ],
              [
                32.57706704637946,
                60.03221117188947
              ],
              [
                32.579086635619724,
                60.032285757930474
              ],
              [
                32.5811111111111,
                60.03231063996234
              ],
              [
                32.583135586602474,
                60.032285757930474
              ],
              [
                32.585155175842736,
                60.03221117188947
              ],
              [
                32.58716500444015,
                60.0320870618571
              ],
              [
                32.58916022169227,
                60.03191372737759
              ],
              [
                32.59113601235711,
                60.031691586794565
              ],
              [
                32.59308760833641,
                60.03142117623591
              ],
              [
                32.59501030024193,
                60.03110314831273
              ],
              [
                32.59689944881625,
                60.030738270535906
              ],
              [
                32.59875049617983,
                60.03032742345404
              ],
              [
                32.600558976876464,
                60.029871598517396
              ],
              [
                32.60232052868994,
                60.02937189567313
              ],
              [
                32.60403090320535,
                60.02882952069785
              ],
              [
                32.605685976088985,
                60.028245782274
              ],
              [
                32.60728175706164,
                60.027622088817225
              ],
              [
                32.608814399541025,
                60.02695994506286
              ],
              [
                32.61028020992968,
                60.02626094841954
              ],
              [
                32.61167565652583,
                60.025526785099316
              ],
              [
                32.612997378035715,
                60.024759226033495
              ],
              [
                32.614242191666534,
                60.023960122584484
              ],
              [
                32.61540710078102,
                60.02313140206402
              ],
              [
                32.616489302094934,
                60.02227506306892
              ],
              [
                32.61748619240049,
                60.02139317064568
              ],
              [
                32.6183953747999,
                60.02048785129587
              ],
              [
                32.61921466443429,
                60.0195612878344
              ],
              [
                32.61994209369455,
                60.01861571411352
              ],
              [
                32.620575916902304,
                60.01765340962496
              ],
              [
                32.62111461445009,
                60.01667669399394
              ],
              [
                32.62155689639147,
                60.01568792137786
              ],
              [
                32.621901705473114,
                60.01468947478394
              ],
              [
                32.622148219602416,
                60.01368376031884
              ],
              [
                32.622295853745136,
                60.01267320138503
              ],
              [
                32.62234426124962,
                60.01166023283723
              ],
              [
                32.62229333459513,
                60.010647295113586
              ]
            ]
          ],
          [
            [
              [
                32.64309891044151,
                60.07161431419761
              ],
              [
                32.642968262546965,
                60.07073565041244
              ],
              [
                32.642751513129085,
                60.069861248375524
              ],
              [
                32.6424491910608,
                60.06899321417823
              ],
              [
                32.64206203116861,
                60.06813363840995
              ],
              [
                32.64159097239968,
                60.06728459112721
              ],
              [
                32.641037155499866,
                60.066448116874
              ],
              [
                32.64040192020851,
                60.06562622976462
              ],
              [
                32.639686801977625,
                60.064820908641515
              ],
              [
                32.638893528223726,
                60.06403409231921
              ],
              [
                32.638024014121804,
                60.06326767492584
              ],
              [
                32.63708035795209,
                60.0625235013532
              ],
              [
                32.63606483601107,
                60.061803362826616
              ],
              [
                32.634979897099456,
                60.0611089926046
              ],
              [
                32.63382815660062,
                60.06044206181885
              ],
              [
                32.63261239016391,
                60.059804175464386
              ],
              [
                32.63133552700833,
                60.05919686854944
              ],
              [
                32.63000064286262,
                60.05862160241382
              ],
              [
                32.62861095255909,
                60.05807976122506
              ],
              [
                32.62716980229863,
                60.05757264866014
              ],
              [
                32.62568066160572,
                60.05710148478076
              ],
              [
                32.624147114992525,
                60.05666740310979
              ],
              [
                32.622572853352025,
                60.056271447915336
              ],
              [
                32.62096166510053,
                60.0559145717092
              ],
              [
                32.619317427090735,
                60.055597632965416
              ],
              [
                32.61764409531665,
                60.05532139406439
              ],
              [
                32.615945695432515,
                60.055086519467324
              ],
              [
                32.61422631310805,
                60.05489357412527
              ],
              [
                32.61249008424261,
                60.054743022126615
              ],
              [
                32.61074118506155,
                60.054635225586104
              ],
              [
                32.608983822117786,
                60.05457044377802
              ],
              [
                32.6072222222222,
                60.05454883251559
              ],
              [
                32.60546062232661,
                60.05457044377802
              ],
              [
                32.60370325938284,
                60.054635225586104
              ],
              [
                32.60195436020179,
                60.054743022126615
              ],
              [
                32.60021813133635,
                60.05489357412527
              ],
              [
                32.59849874901188,
                60.055086519467324
              ],
              [
                32.59680034912775,
                60.05532139406439
              ],
              [
                32.595127017353654,
                60.055597632965416
              ],
              [
                32.59348277934386,
                60.0559145717092
              ],
              [
                32.59187159109237,
                60.056271447915336
              ],
              [
                32.590297329451865,
                60.05666740310979
              ],
              [
                32.588763782838676,
                60.05710148478076
              ],
              [
                32.58727464214576,
                60.05757264866014
              ],
              [
                32.5858334918853,
                60.05807976122506
              ],
              [
                32.58444380158178,
                60.05862160241382
              ],
              [
                32.583108917436064,
                60.05919686854944
              ],
              [
                32.58183205428048,
                60.059804175464386
              ],
              [
                32.58061628784377,
                60.06044206181885
              ],
              [
                32.57946454734494,
                60.0611089926046
              ],
              [
                32.57837960843332,
                60.061803362826616
              ],
              [
                32.5773640864923,
                60.0625235013532
              ],
              [
                32.576420430322585,
                60.06326767492584
              ],
              [
                32.57555091622067,
                60.06403409231921
              ],
              [
                32.57475764246677,
                60.064820908641515
              ],
              [
                32.57404252423588,
                60.06562622976462
              ],
              [
                32.57340728894453,
                60.066448116874
              ],
              [
                32.572853472044706,
                60.06728459112721
              ],
              [
                32.57238241327579,
                60.06813363840993
              ],
              [
                32.57199525338359,
                60.06899321417823
              ],
              [
                32.57169293131531,
                60.069861248375524
              ],
              [
                32.57147618189743,
                60.07073565041244
              ],
              [
                32.57134553400288,
                60.07161431419761
              ],
              [
                32.571301309212416,
                60.0724951232073
              ],
              [
                32.571343620974034,
                60.07337595558188
              ],
              [
                32.57147237426324,
                60.074254689236724
              ],
              [
                32.571687265745325,
                60.075129206975234
              ],
              [
                32.5719877844403,
                60.075997401591756
              ],
              [
                32.57237321288914,
                60.07685718095199
              ],
              [
                32.572842628819366,
                60.077706473038646
              ],
              [
                32.57339490730657,
                60.078543230950245
              ],
              [
                32.57402872342719,
                60.07936543784065
              ],
              [
                32.57474255539656,
                60.080171111787735
              ],
              [
                32.57553468818559,
                60.080958310579106
              ],
              [
                32.576403217607385,
                60.08172513640327
              ],
              [
                32.57734605486477,
                60.082469740434966
              ],
              [
                32.57836093154781,
                60.08319032730337
              ],
              [
                32.57944540507001,
                60.083885159432185
              ],
              [
                32.580596864529966,
                60.0845525612413
              ],
              [
                32.581812536984906,
                60.08519092319945
              ],
              [
                32.58308949412096,
                60.08579870571812
              ],
              [
                32.584424659304275,
                60.086374442877144
              ],
              [
                32.585814814996056,
                60.086916745972786
              ],
              [
                32.58725661051347,
                60.08742430687968
              ],
              [
                32.588746570117884,
                60.087895901218296
              ],
              [
                32.59028110141058,
                60.08833039132022
              ],
              [
                32.59185650401557,
                60.088726728983964
              ],
              [
                32.59346897852844,
                60.08908395801431
              ],
              [
                32.59511463570912,
                60.0894012165393
              ],
              [
                32.59678950589619,
                60.08967773909891
              ],
              [
                32.59848954861964,
                60.0899128585001
              ],
              [
                32.600210662388314,
                60.09010600743426
              ],
              [
                32.60194869462807,
                60.09025671985226
              ],
              [
                32.603699451746074,
                60.09036463209447
              ],
              [
                32.60545870929646,
                60.09042948377231
              ],
              [
                32.6072222222222,
                60.09045111839968
              ],
              [
                32.60898573514793,
                60.09042948377231
              ],
              [
                32.61074499269832,
                60.09036463209447
              ],
              [
                32.61249574981632,
                60.09025671985226
              ],
              [
                32.614233782056075,
                60.09010600743426
              ],
              [
                32.61595489582475,
                60.0899128585001
              ],
              [
                32.6176549385482,
                60.08967773909891
              ],
              [
                32.61932980873527,
                60.0894012165393
              ],
              [
                32.62097546591595,
                60.08908395801431
              ],
              [
                32.62258794042882,
                60.088726728983964
              ],
              [
                32.62416334303382,
                60.08833039132022
              ],
              [
                32.62569787432651,
                60.08789590121829
              ],
              [
                32.62718783393092,
                60.08742430687968
              ],
              [
                32.62862962944834,
                60.086916745972786
              ],
              [
                32.63001978514012,
                60.086374442877144
              ],
              [
                32.63135495032344,
                60.08579870571812
              ],
              [
                32.6326319074595,
                60.08519092319945
              ],
              [
                32.63384757991443,
                60.0845525612413
              ],
              [
                32.634999039374385,
                60.083885159432185
              ],
              [
                32.63608351289658,
                60.083190327303384
              ],
              [
                32.63709838957962,
                60.082469740434966
              ],
              [
                32.63804122683701,
                60.08172513640327
              ],
              [
                32.638909756258805,
                60.080958310579106
              ],
              [
                32.63970188904783,
                60.080171111787735
              ],
              [
                32.6404157210172,
                60.07936543784065
              ],
              [
                32.64104953713782,
                60.078543230950245
              ],
              [
                32.64160181562503,
                60.077706473038646
              ],
              [
                32.642071231555256,
                60.07685718095199
              ],
              [
                32.642456660004086,
                60.075997401591756
              ],
              [
                32.642757178699064,
                60.075129206975234
              ],
              [
                32.64297207018115,
                60.074254689236724
              ],
              [
                32.64310082347035,
                60.07337595558188
              ],
              [
                32.64314313523198,
                60.0724951232073
              ],
              [
                32.64309891044151,
                60.07161431419761
              ]
            ]
          ]
        ],
        "meta": {
          "shape": "circle"
        }
      },
      "properties": {
        "title": "X2475/26 for None",
        "text": "From: 2026-07-27 07:05:00+00:00\nTo: 2026-07-31 16:55:00+00:00\n\nAIRSPACE CLSD AS FLW:\n\n1. Within CIRCLE RADIUS 2KM CENTRE 600421N0323626E\n\n   SFC-900M AMSL.\n\n2. Within CIRCLE RADIUS 2.3KM CENTRE 600042N0323452E\n\n   SFC-1650M AMSL.\n\n3. Within 1KM EITHER SIDE OF LINE JOINING POINTS:\n\n   595255N0313836E-600000N0321929E.\n\n   610M AMSL-900M AMSL.\n\n4. Within 0.4KM EITHER SIDE OF LINE JOINING POINTS:\n\n   595255N0313836E-600000N0321929E.\n\n   400M AMSL-610M AMSL.\n\n5. Within 1KM EITHER SIDE OF LINE JOINING POINTS:\n\n   600000N0321929E-601400N0334417E.\n\n   900M AMSL-1650M AMSL."
      }
    },
    {
      "type": "Feature",
      "geometry": {
        "type": "Polygon",
        "coordinates": [
          [
            [
              31.47083333333333,
              59.925555555555555
            ],
            [
              31.57027777777778,
              60.27055555555555
            ],
            [
              31.88888888888889,
              60.26222222222222
            ],
            [
              31.84638888888889,
              60.03722222222222
            ],
            [
              31.803333333333335,
              60.03361111111111
            ],
            [
              31.84111111111111,
              60.00361111111111
            ],
            [
              31.833333333333332,
              59.96027777777778
            ],
            [
              31.47083333333333,
              59.925555555555555
            ]
          ]
        ],
        "meta": {
          "shape": "polygon"
        }
      },
      "properties": {
        "title": "X2476/26 for None",
        "text": "From: 2026-07-27 07:05:00+00:00\nTo: 2026-07-31 16:55:00+00:00\n\nAIRSPACE CLSD Within AREA:\n\n595532N0312815E-601614N0313413E-601544N0315320E-600214N0315047E-\n\n600201N0314812E-600013N0315028E-595737N0315000E-595532N0312815E."
      }
    },
    {
      "type": "Feature",
      "geometry": {
        "type": "Polygon",
        "coordinates": [
          [
            [
              30.379444444444445,
              60.58972222222222
            ],
            [
              30.74638888888889,
              60.59638888888889
            ],
            [
              30.759166666666665,
              60.50861111111111
            ],
            [
              30.389722222222222,
              60.49583333333334
            ],
            [
              30.379444444444445,
              60.58972222222222
            ]
          ]
        ],
        "meta": {
          "shape": "polygon"
        }
      },
      "properties": {
        "title": "X2477/26 for None",
        "text": "From: 2026-07-27 07:05:00+00:00\nTo: 2026-07-31 16:55:00+00:00\n\nAIRSPACE CLSD Within AREA:\n\n603523N0302246E-603547N0304447E-603031N0304533E-\n\n602945N0302323E-603523N0302246E."
      }
    },
    {
      "type": "Feature",
      "geometry": {
        "type": "Polygon",
        "coordinates": [
          [
            [
              32.36223861182709,
              61.156931821514945
            ],
            [
              32.35816579169821,
              61.15792076960261
            ],
            [
              32.35419804245375,
              61.15900496523077
            ],
            [
              32.350344898664275,
              61.16018180609366
            ],
            [
              32.346615622833276,
              61.1614484672158
            ],
            [
              32.34301918327637,
              61.162801907660395
            ],
            [
              32.33956423266905,
              61.16423887775399
            ],
            [
              32.33625908731285,
              61.16575592681072
            ],
            [
              32.33311170716907,
              61.16734941133882
            ],
            [
              32.3301296767074,
              61.1690155037104
            ],
            [
              32.32732018661517,
              61.17075020127483
            ],
            [
              32.324690016411665,
              61.17254933589473
            ],
            [
              32.32224551800973,
              61.17440858388244
            ],
            [
              32.319992600265415,
              61.1763234763145
            ],
            [
              32.31856546985087,
              61.17768816468782
            ],
            [
              31.72,
              61.44833333333333
            ],
            [
              31.918333333333333,
              61.52833333333333
            ],
            [
              32.38805555555555,
              61.31388888888888
            ],
            [
              32.53944444444444,
              61.38166666666667
            ],
            [
              32.777499999999996,
              61.28972222222222
            ],
            [
              32.60194444444445,
              61.211111111111116
            ],
            [
              33.01083333333333,
              61.01888888888889
            ],
            [
              33.19027777777777,
              61.0825
            ],
            [
              33.42361111111111,
              60.941111111111105
            ],
            [
              33.28777777777778,
              60.89666666666667
            ],
            [
              32.95666666666667,
              60.88916666666667
            ],
            [
              32.36646665594982,
              61.156029339975966
            ],
            [
              32.36640671894046,
              61.156040494426925
            ],
            [
              32.36223861182709,
              61.156931821514945
            ]
          ]
        ],
        "meta": {
          "shape": "polygon"
        }
      },
      "properties": {
        "title": "X2479/26 for None",
        "text": "From: 2026-07-27 07:05:00+00:00\nTo: 2026-07-31 16:55:00+00:00\n\nAIRSPACE CLSD AS FLW:\n\n1. AREA: 612654N0314312E-613142N0315506E-611850N0322317E-\n\n         612254N0323222E-611723N0324639E-611240N0323607E-\n\n         610108N0330039E-610457N0331125E-605628N0332525E-\n\n         605348N0331716E-605321N0325724E-612654N0314312E\n\n   800M AMSL-1650M AMSL.\n\n2. Within CIRCLE RADIUS 5KM CENTRE 611151N0322407E\n\n   SFC-800M AMSL.\n\n3. Within CIRCLE RADIUS 7.1KM CENTRE 605718N0330120E\n\n   SFC-800M AMSL."
      }
    },
    {
      "type": "Feature",
      "geometry": {
        "type": "Polygon",
        "coordinates": [
          [
            [
              32.43138888888889,
              57.902499999999996
            ],
            [
              32.58888888888889,
              57.64527777777778
            ],
            [
              32.499722222222225,
              57.46472222222223
            ],
            [
              32.10305555555556,
              57.228611111111114
            ],
            [
              31.173055555555557,
              56.93555555555555
            ],
            [
              31.078888888888887,
              57.14861111111111
            ],
            [
              30.943333333333335,
              57.46138888888889
            ],
            [
              31.9075,
              57.507777777777775
            ],
            [
              32.07083333333334,
              57.93083333333333
            ],
            [
              32.43138888888889,
              57.902499999999996
            ]
          ]
        ],
        "meta": {
          "shape": "polygon"
        }
      },
      "properties": {
        "title": "X2482/26 for None",
        "text": "From: 2026-07-24 06:00:00+00:00\nTo: 2026-07-29 23:00:00+00:00\n\nAIRSPACE CLSD Within AREA:\n\n575409N0322553E-573843N0323520E-572753N0322959E-571343N0320611E-\n\n565608N0311023E-570855N0310444E-572741N0305636E-573028N0315427E-\n\n575551N0320415E-575409N0322553E"
      }
    },
    {
      "type": "Feature",
      "geometry": {
        "type": "Polygon",
        "coordinates": [
          [
            [
              41.07689711398247,
              62.71544263246814
            ],
            [
              41.0759296598526,
              62.702239016143956
            ],
            [
              41.07355420295855,
              62.689073047097466
            ],
            [
              41.06977832374685,
              62.6759763716258
            ],
            [
              41.06461293342077,
              62.66298042791181
            ],
            [
              41.05807223041001,
              62.65011637146748
            ],
            [
              41.050173649576436,
              62.63741500163687
            ],
            [
              41.04093780443083,
              62.624906689317974
            ],
            [
              41.030388422643504,
              62.61262130605821
            ],
            [
              41.0185522751374,
              62.60058815467075
            ],
            [
              41.005459099056154,
              62.58883590151297
            ],
            [
              40.99114151490207,
              62.577392510561666
            ],
            [
              40.97563493813986,
              62.566285179413164
            ],
            [
              40.958977485561356,
              62.55554027732957
            ],
            [
              40.94120987670443,
              62.545183285446605
            ],
            [
              40.9223753306171,
              62.53523873925084
            ],
            [
              40.90251945825331,
              62.52573017342906
            ],
            [
              40.88169015078218,
              62.51668006918487
            ],
            [
              40.859937464088006,
              62.508109804112514
            ],
            [
              40.83731349973127,
              62.500039604710956
            ],
            [
              40.81387228263543,
              62.49248850161581
            ],
            [
              40.78966963575728,
              62.485474287620534
            ],
            [
              40.76476305199216,
              62.479013478552986
            ],
            [
              40.73921156355835,
              62.473121277067236
            ],
            [
              40.71307560909838,
              62.467811539405844
            ],
            [
              40.68641689872839,
              62.463096745181986
            ],
            [
              40.659298277260625,
              62.458987970225884
            ],
            [
              40.631783585818006,
              62.455494862534756
            ],
            [
              40.60393752205461,
              62.45262562136093
            ],
            [
              40.57582549919052,
              62.45038697946761
            ],
            [
              40.54751350406591,
              62.448784188577314
            ],
            [
              40.51906795441468,
              62.44782100803287
            ],
            [
              40.4905555555556,
              62.44749969668724
            ],
            [
              40.46204315669653,
              62.44782100803287
            ],
            [
              40.43359760704529,
              62.448784188577314
            ],
            [
              40.40528561192069,
              62.45038697946761
            ],
            [
              40.3771735890566,
              62.45262562136093
            ],
            [
              40.3493275252932,
              62.455494862534756
            ],
            [
              40.32181283385058,
              62.458987970225884
            ],
            [
              40.294694212382815,
              62.463096745181986
            ],
            [
              40.26803550201283,
              62.467811539405844
            ],
            [
              40.241899547552855,
              62.473121277067236
            ],
            [
              40.21634805911905,
              62.479013478552986
            ],
            [
              40.191441475353926,
              62.485474287620534
            ],
            [
              40.167238828475774,
              62.49248850161581
            ],
            [
              40.14379761137993,
              62.500039604710956
            ],
            [
              40.121173647023205,
              62.508109804112514
            ],
            [
              40.09942096032903,
              62.51668006918487
            ],
            [
              40.0785916528579,
              62.52573017342906
            ],
            [
              40.0587357804941,
              62.53523873925084
            ],
            [
              40.03990123440678,
              62.545183285446605
            ],
            [
              40.02213362554985,
              62.55554027732957
            ],
            [
              40.00547617297134,
              62.566285179413164
            ],
            [
              39.989969596209136,
              62.577392510561666
            ],
            [
              39.97565201205505,
              62.58883590151297
            ],
            [
              39.9625588359738,
              62.60058815467075
            ],
            [
              39.9507226884677,
              62.61262130605821
            ],
            [
              39.94017330668038,
              62.624906689317974
            ],
            [
              39.93093746153477,
              62.63741500163687
            ],
            [
              39.9230388807012,
              62.65011637146748
            ],
            [
              39.91649817769044,
              62.66298042791181
            ],
            [
              39.91133278736436,
              62.6759763716258
            ],
            [
              39.907556908152664,
              62.689073047097466
            ],
            [
              39.905181451258606,
              62.702239016143956
            ],
            [
              39.904213997128736,
              62.71544263246814
            ],
            [
              39.90465875945221,
              62.72865211710786
            ],
            [
              39.90651655694365,
              62.74183563460611
            ],
            [
              39.90978479314943,
              62.75496136972452
            ],
            [
              39.91445744450165,
              62.76799760451744
            ],
            [
              39.9205250568256,
              62.7809127955787
            ],
            [
              39.92797475048618,
              62.793675651269695
            ],
            [
              39.93679023433622,
              62.806255208732196
            ],
            [
              39.94695182860472,
              62.81862091048679
            ],
            [
              39.958436496836,
              62.8307426804149
            ],
            [
              39.971217886962016,
              62.84259099891983
            ],
            [
              39.98526638155899,
              62.85413697706066
            ],
            [
              40.00054915730657,
              62.86535242945264
            ],
            [
              40.01703025363402,
              62.876209945726664
            ],
            [
              40.03467065050109,
              62.886682960342
            ],
            [
              40.05342835522507,
              62.896745820547125
            ],
            [
              40.0732584982267,
              62.9063738522867
            ],
            [
              40.09411343752895,
              62.91554342385534
            ],
            [
              40.11594287180345,
              62.92423200710289
            ],
            [
              40.13869396171912,
              62.9324182360018
            ],
            [
              40.162311459308704,
              62.94008196239154
            ],
            [
              40.18673784502904,
              62.947204308723684
            ],
            [
              40.211913472153,
              62.953767717637156
            ],
            [
              40.23777671809326,
              62.95975599820304
            ],
            [
              40.26426414222208,
              62.965154368686925
            ],
            [
              40.29131064971688,
              62.9699494956874
            ],
            [
              40.31884966092897,
              62.974129529520084
            ],
            [
              40.346813285742854,
              62.977684135728
            ],
            [
              40.3751325023655,
              62.980604522612204
            ],
            [
              40.40373733996078,
              62.98288346468852
            ],
            [
              40.4325570645222,
              62.98451532199058
            ],
            [
              40.461520367359064,
              62.98549605515265
            ],
            [
              40.4905555555556,
              62.98582323622044
            ],
            [
              40.51959074375214,
              62.98549605515265
            ],
            [
              40.548554046589,
              62.98451532199058
            ],
            [
              40.577373771150434,
              62.98288346468852
            ],
            [
              40.6059786087457,
              62.980604522612204
            ],
            [
              40.63429782536835,
              62.97768413572801
            ],
            [
              40.662261450182235,
              62.974129529520084
            ],
            [
              40.68980046139434,
              62.969949495687416
            ],
            [
              40.71684696888912,
              62.965154368686925
            ],
            [
              40.74333439301794,
              62.95975599820303
            ],
            [
              40.769197638958204,
              62.953767717637156
            ],
            [
              40.79437326608216,
              62.947204308723684
            ],
            [
              40.8187996518025,
              62.94008196239154
            ],
            [
              40.84241714939209,
              62.9324182360018
            ],
            [
              40.86516823930776,
              62.9242320071029
            ],
            [
              40.886997673582265,
              62.91554342385534
            ],
            [
              40.90785261288451,
              62.9063738522867
            ],
            [
              40.927682755886124,
              62.896745820547125
            ],
            [
              40.94644046061012,
              62.886682960342
            ],
            [
              40.96408085747719,
              62.876209945726664
            ],
            [
              40.98056195380464,
              62.86535242945263
            ],
            [
              40.99584472955221,
              62.85413697706065
            ],
            [
              41.009893224149174,
              62.84259099891982
            ],
            [
              41.0226746142752,
              62.8307426804149
            ],
            [
              41.034159282506494,
              62.81862091048678
            ],
            [
              41.04432087677498,
              62.806255208732196
            ],
            [
              41.053136360625025,
              62.793675651269695
            ],
            [
              41.0605860542856,
              62.780912795578686
            ],
            [
              41.066653666609554,
              62.76799760451744
            ],
            [
              41.07132631796178,
              62.75496136972452
            ],
            [
              41.07459455416756,
              62.74183563460611
            ],
            [
              41.07645235165899,
              62.72865211710786
            ],
            [
              41.07689711398247,
              62.71544263246814
            ]
          ]
        ],
        "meta": {
          "shape": "circle"
        }
      },
      "properties": {
        "title": "X2488/26 for None",
        "text": "From: 2026-07-26 00:00:00+00:00\nTo: 2026-07-31 23:59:00+00:00\n\nAIRSPACE CLSD Within CIRCLE RADIUS 30KM CENTRE 624300N0402926E."
      }
    },
    {
      "type": "Feature",
      "geometry": {
        "type": "Polygon",
        "coordinates": [
          [
            [
              30.349444444444444,
              58.92777777777778
            ],
            [
              30.16611111111111,
              58.82888888888889
            ],
            [
              30.209444444444443,
              58.763888888888886
            ],
            [
              30.35888888888889,
              58.74305555555556
            ],
            [
              30.47583333333333,
              58.772777777777776
            ],
            [
              30.531944444444445,
              58.835
            ],
            [
              30.492222222222225,
              58.905
            ],
            [
              30.349444444444444,
              58.92777777777778
            ]
          ]
        ],
        "meta": {
          "shape": "polygon"
        }
      },
      "properties": {
        "title": "X2490/26 for None",
        "text": "From: 2026-07-26 07:01:00+00:00\nTo: 2026-07-31 16:59:00+00:00\n\nAIRSPACE CLSD Within AREA:\n\n585540N0302058E-584944N0300958E-584550N0301234E-584435N0302132E-\n\n584622N0302833E-585006N0303155E-585418N0302932E-585540N0302058E."
      }
    },
    {
      "type": "Feature",
      "geometry": {
        "type": "Polygon",
        "coordinates": [
          [
            [
              28.800833333333333,
              59.44444444444444
            ],
            [
              28.79416666666667,
              59.46138888888889
            ],
            [
              29.366388888888892,
              59.51833333333333
            ],
            [
              29.38888888888889,
              59.43888888888888
            ],
            [
              29.25,
              59.43333333333333
            ],
            [
              29.104166666666668,
              59.33888888888889
            ],
            [
              28.855555555555558,
              59.45277777777778
            ],
            [
              28.800833333333333,
              59.44444444444444
            ]
          ]
        ],
        "meta": {
          "shape": "polygon"
        }
      },
      "properties": {
        "title": "X2491/26 for None",
        "text": "From: 2026-07-23 07:01:00+00:00\nTo: 2026-07-30 16:55:00+00:00\n\nAIRSPACE CLSD Within AREA:\n\n592640N0284803E-592741N0284739E-593106N0292159E-592620N0292320E-\n\n592600N0291500E-592020N0290615E-592710N0285120E-592640N0284803E."
      }
    },
    {
      "type": "Feature",
      "geometry": {
        "type": "Polygon",
        "coordinates": [
          [
            [
              32.34722222222222,
              59.76444444444444
            ],
            [
              32.29666666666667,
              59.776666666666664
            ],
            [
              32.31194444444444,
              59.82944444444445
            ],
            [
              32.3775,
              59.81583333333333
            ],
            [
              32.34722222222222,
              59.76444444444444
            ]
          ]
        ],
        "meta": {
          "shape": "polygon"
        }
      },
      "properties": {
        "title": "X2492/26 for None",
        "text": "From: 2026-07-24 07:01:00+00:00\nTo: 2026-07-26 16:59:00+00:00\n\nAIRSPACE CLSD Within AREA:\n\n594552N0322050E-594636N0321748E-594946N0321843E-\n\n594857N0322239E-594552N0322050E"
      }
    },
    {
      "type": "Feature",
      "geometry": {
        "type": "Polygon",
        "coordinates": [
          [
            [
              50.7189278412563,
              61.615277570022634
            ],
            [
              50.718918717487966,
              61.61510144708433
            ],
            [
              50.71889145401256,
              61.61492574943384
            ],
            [
              50.71884611681603,
              61.61475090033138
            ],
            [
              50.71878281541961,
              61.61457732098599
            ],
            [
              50.718701702613004,
              61.61440542954075
            ],
            [
              50.71860297408356,
              61.61423564006592
            ],
            [
              50.71848686794212,
              61.61406836156147
            ],
            [
              50.71835366414684,
              61.613903996972354
            ],
            [
              50.71820368382637,
              61.61374294221804
            ],
            [
              50.718037288504014,
              61.613585585239214
            ],
            [
              50.71785487922479,
              61.61343230506376
            ],
            [
              50.71765689558751,
              61.6132834708942
            ],
            [
              50.71744381468421,
              61.613139441218856
            ],
            [
              50.71721614994952,
              61.61300056294882
            ],
            [
              50.71697444992277,
              61.612867170582945
            ],
            [
              50.71671929692582,
              61.61273958540263
            ],
            [
              50.71645130565963,
              61.61261811469859
            ],
            [
              50.71617112172344,
              61.6125030510312
            ],
            [
              50.715879420059444,
              61.61239467152646
            ],
            [
              50.71557690332732,
              61.612293237209
            ],
            [
              50.71526430021216,
              61.612198992374026
            ],
            [
              50.71494236367003,
              61.612112163999335
            ],
            [
              50.71461186911529,
              61.612032961199304
            ],
            [
              50.71427361255407,
              61.61196157472151
            ],
            [
              50.713928408668394,
              61.61189817648802
            ],
            [
              50.71357708885561,
              61.61184291918149
            ],
            [
              50.71322049922756,
              61.61179593587799
            ],
            [
              50.712859498574744,
              61.61175733972675
            ],
            [
              50.71249495629989,
              61.61172722367796
            ],
            [
              50.71212775032618,
              61.611705660259155
            ],
            [
              50.71175876498511,
              61.611692701400685
            ],
            [
              50.7113888888889,
              61.61168837831082
            ],
            [
              50.711019012792676,
              61.611692701400685
            ],
            [
              50.710650027451614,
              61.611705660259155
            ],
            [
              50.710282821477904,
              61.61172722367796
            ],
            [
              50.709918279203045,
              61.61175733972675
            ],
            [
              50.709557278550236,
              61.61179593587799
            ],
            [
              50.709200688922195,
              61.61184291918149
            ],
            [
              50.7088493691094,
              61.61189817648802
            ],
            [
              50.70850416522373,
              61.61196157472151
            ],
            [
              50.70816590866251,
              61.612032961199304
            ],
            [
              50.707835414107755,
              61.612112163999335
            ],
            [
              50.707513477565634,
              61.612198992374026
            ],
            [
              50.70720087445047,
              61.612293237209
            ],
            [
              50.706898357718345,
              61.61239467152646
            ],
            [
              50.706606656054355,
              61.6125030510312
            ],
            [
              50.706326472118164,
              61.61261811469859
            ],
            [
              50.70605848085198,
              61.61273958540263
            ],
            [
              50.705803327855016,
              61.61286717058293
            ],
            [
              50.705561627828274,
              61.61300056294882
            ],
            [
              50.70533396309359,
              61.613139441218856
            ],
            [
              50.705120882190286,
              61.6132834708942
            ],
            [
              50.70492289855301,
              61.61343230506376
            ],
            [
              50.704740489273775,
              61.613585585239214
            ],
            [
              50.70457409395142,
              61.61374294221804
            ],
            [
              50.70442411363095,
              61.613903996972354
            ],
            [
              50.70429090983567,
              61.61406836156147
            ],
            [
              50.70417480369424,
              61.61423564006592
            ],
            [
              50.704076075164785,
              61.61440542954075
            ],
            [
              50.70399496235818,
              61.61457732098599
            ],
            [
              50.70393166096176,
              61.61475090033138
            ],
            [
              50.70388632376524,
              61.61492574943384
            ],
            [
              50.70385906028982,
              61.61510144708433
            ],
            [
              50.70384993652149,
              61.615277570022634
            ],
            [
              50.703858974749046,
              61.615453693956745
            ],
            [
              50.70388615350749,
              61.61562939458514
            ],
            [
              50.70393140762672,
              61.61580424861885
            ],
            [
              50.703994628385594,
              61.61597783480143
            ],
            [
              50.70407566377099,
              61.61614973492387
            ],
            [
              50.704174318841176,
              61.616319534832414
            ],
            [
              50.704290356192764,
              61.616486825426556
            ],
            [
              50.704423496530076,
              61.61665120364492
            ],
            [
              50.704573419335595,
              61.61681227343683
            ],
            [
              50.704739763639914,
              61.61696964671672
            ],
            [
              50.70492212888934,
              61.61712294429975
            ],
            [
              50.705120075909136,
              61.617271796815736
            ],
            [
              50.705333127959854,
              61.6174158455997
            ],
            [
              50.70556077188476,
              61.61755474355649
            ],
            [
              50.70580245934492,
              61.61768815599767
            ],
            [
              50.70605760813954,
              61.6178157614485
            ],
            [
              50.70632560360806,
              61.61793725242306
            ],
            [
              50.70660580011083,
              61.61805233616575
            ],
            [
              50.706897522584605,
              61.61816073535726
            ],
            [
              50.70720006816931,
              61.618262188783305
            ],
            [
              50.707512707901955,
              61.61835645196473
            ],
            [
              50.70783468847387,
              61.61844329774698
            ],
            [
              50.70816523404666,
              61.61852251684809
            ],
            [
              50.708503548122835,
              61.61859391836344
            ],
            [
              50.70884881546648,
              61.61865733022622
            ],
            [
              50.709200204069134,
              61.61871259962245
            ],
            [
              50.70955686715644,
              61.61875959335964
            ],
            [
              50.70991794523045,
              61.6187981981881
            ],
            [
              50.71028256814285,
              61.61882832107405
            ],
            [
              50.71064985719385,
              61.61884988942414
            ],
            [
              50.7110189272519,
              61.61886285126051
            ],
            [
              50.7113888888889,
              61.6188671753462
            ],
            [
              50.7117588505259,
              61.61886285126051
            ],
            [
              50.71212792058394,
              61.61884988942414
            ],
            [
              50.71249520963494,
              61.61882832107406
            ],
            [
              50.712859832547345,
              61.6187981981881
            ],
            [
              50.71322091062137,
              61.61875959335964
            ],
            [
              50.71357757370866,
              61.61871259962245
            ],
            [
              50.713928962311314,
              61.61865733022622
            ],
            [
              50.714274229654954,
              61.61859391836344
            ],
            [
              50.714612543731135,
              61.61852251684809
            ],
            [
              50.714943089303915,
              61.61844329774698
            ],
            [
              50.715265069875834,
              61.61835645196473
            ],
            [
              50.71557770960848,
              61.618262188783305
            ],
            [
              50.715880255193184,
              61.61816073535726
            ],
            [
              50.71617197766697,
              61.61805233616575
            ],
            [
              50.71645217416974,
              61.61793725242306
            ],
            [
              50.71672016963825,
              61.6178157614485
            ],
            [
              50.716975318432866,
              61.61768815599767
            ],
            [
              50.71721700589303,
              61.61755474355649
            ],
            [
              50.71744464981794,
              61.6174158455997
            ],
            [
              50.71765770186866,
              61.61727179681574
            ],
            [
              50.71785564888845,
              61.61712294429975
            ],
            [
              50.71803801413788,
              61.61696964671672
            ],
            [
              50.7182043584422,
              61.61681227343684
            ],
            [
              50.71835428124772,
              61.616651203644935
            ],
            [
              50.718487421585024,
              61.616486825426556
            ],
            [
              50.71860345893661,
              61.616319534832414
            ],
            [
              50.7187021140068,
              61.61614973492387
            ],
            [
              50.7187831493922,
              61.61597783480143
            ],
            [
              50.718846370151084,
              61.61580424861885
            ],
            [
              50.7188916242703,
              61.61562939458514
            ],
            [
              50.71891880302874,
              61.615453693956745
            ],
            [
              50.7189278412563,
              61.615277570022634
            ]
          ]
        ],
        "meta": {
          "shape": "circle"
        }
      },
      "properties": {
        "title": "X2493/26 for None",
        "text": "From: 2026-07-22 05:30:00+00:00\nTo: 2026-07-26 15:00:00+00:00\n\nAIRSPACE CLSD Within CIRCLE RADIUS 0.4KM CENTRE 613655N0504241E."
      }
    },
    {
      "type": "Feature",
      "geometry": {
        "type": "Polygon",
        "coordinates": [
          [
            [
              33.92164789438096,
              67.51708504810458
            ],
            [
              33.92135884201659,
              67.51312581410984
            ],
            [
              33.92056288502271,
              67.50917677409906
            ],
            [
              33.919262191604034,
              67.50524743420544
            ],
            [
              33.917460140721,
              67.50134724845361
            ],
            [
              33.915161311596236,
              67.4974855961044
            ],
            [
              33.91237147040601,
              67.49367175922315
            ],
            [
              33.9090975542104,
              67.48991490052383
            ],
            [
              33.90534765218123,
              67.48622404154035
            ],
            [
              33.90113098419276,
              67.48260804117518
            ],
            [
              33.896457876844316,
              67.47907557467423
            ],
            [
              33.89133973698934,
              67.47563511307547
            ],
            [
              33.88578902284929,
              67.47229490317764
            ],
            [
              33.87981921279486,
              67.4690629480734
            ],
            [
              33.87344477188082,
              67.46594698829009
            ],
            [
              33.866681116223965,
              67.46295448357948
            ],
            [
              33.85954457531705,
              67.4600925953963
            ],
            [
              33.85205235237397,
              67.45736817010324
            ],
            [
              33.84422248280433,
              67.45478772293866
            ],
            [
              33.836073790917936,
              67.45235742278132
            ],
            [
              33.827625844961474,
              67.45008307774434
            ],
            [
              33.818898910591585,
              67.44797012162874
            ],
            [
              33.80991390289051,
              67.44602360126532
            ],
            [
              33.80069233703156,
              67.4442481647707
            ],
            [
              33.79125627770294,
              67.44264805074256
            ],
            [
              33.78162828739995,
              67.44122707841606
            ],
            [
              33.771831373696116,
              67.43998863880157
            ],
            [
              33.761888935604894,
              67.43893568682226
            ],
            [
              33.75182470914418,
              67.4380707344674
            ],
            [
              33.74166271221648,
              67.43739584497524
            ],
            [
              33.73142718891817,
              67.43691262805757
            ],
            [
              33.72114255339147,
              67.43662223617515
            ],
            [
              33.7108333333333,
              67.4365253618723
            ],
            [
              33.70052411327512,
              67.43662223617515
            ],
            [
              33.69023947774842,
              67.43691262805757
            ],
            [
              33.68000395445011,
              67.43739584497524
            ],
            [
              33.66984195752241,
              67.4380707344674
            ],
            [
              33.659777731061695,
              67.43893568682226
            ],
            [
              33.64983529297047,
              67.43998863880157
            ],
            [
              33.64003837926665,
              67.44122707841606
            ],
            [
              33.630410388963654,
              67.44264805074256
            ],
            [
              33.620974329635025,
              67.4442481647707
            ],
            [
              33.61175276377608,
              67.44602360126532
            ],
            [
              33.602767756075,
              67.44797012162874
            ],
            [
              33.594040821705114,
              67.45008307774434
            ],
            [
              33.58559287574865,
              67.45235742278132
            ],
            [
              33.57744418386227,
              67.45478772293866
            ],
            [
              33.56961431429262,
              67.45736817010324
            ],
            [
              33.562122091349536,
              67.4600925953963
            ],
            [
              33.55498555044262,
              67.46295448357948
            ],
            [
              33.548221894785776,
              67.46594698829009
            ],
            [
              33.54184745387173,
              67.4690629480734
            ],
            [
              33.535877643817294,
              67.47229490317764
            ],
            [
              33.53032692967725,
              67.47563511307547
            ],
            [
              33.52520878982227,
              67.47907557467423
            ],
            [
              33.52053568247383,
              67.48260804117518
            ],
            [
              33.516319014485354,
              67.48622404154035
            ],
            [
              33.51256911245619,
              67.48991490052383
            ],
            [
              33.50929519626058,
              67.49367175922315
            ],
            [
              33.50650535507035,
              67.4974855961044
            ],
            [
              33.50420652594559,
              67.50134724845361
            ],
            [
              33.502404475062555,
              67.50524743420544
            ],
            [
              33.501103781643884,
              67.50917677409906
            ],
            [
              33.50030782465,
              67.51312581410984
            ],
            [
              33.500018772285635,
              67.51708504810458
            ],
            [
              33.50023757436902,
              67.52104494066675
            ],
            [
              33.50096395760525,
              67.52499595003778
            ],
            [
              33.502196423798644,
              67.52892855111932
            ],
            [
              33.503932251031856,
              67.53283325848122
            ],
            [
              33.50616749783258,
              67.53670064931899
            ],
            [
              33.50889701034097,
              67.5405213863049
            ],
            [
              33.51211443248318,
              67.5442862402759
            ],
            [
              33.51581221914861,
              67.54798611270218
            ],
            [
              33.51998165235998,
              67.55161205787999
            ],
            [
              33.524612860417164,
              67.55515530479249
            ],
            [
              33.52969483998716,
              67.5586072785834
            ],
            [
              33.5352154811038,
              67.56195962158796
            ],
            [
              33.54116159503214,
              67.56520421386749
            ],
            [
              33.547518944943704,
              67.56833319319368
            ],
            [
              33.55427227933976,
              67.57133897443089
            ],
            [
              33.56140536815125,
              67.57421426826505
            ],
            [
              33.56890104143509,
              67.57695209923007
            ],
            [
              33.5767412305783,
              67.57954582298332
            ],
            [
              33.5849070119122,
              67.58198914278434
            ],
            [
              33.59337865263182,
              67.58427612513228
            ],
            [
              33.60213565890658,
              67.58640121451992
            ],
            [
              33.61115682606149,
              67.5883592472641
            ],
            [
              33.62042029069989,
              67.59014546437491
            ],
            [
              33.62990358463279,
              67.5917555234285
            ],
            [
              33.639583690472335,
              67.59318550941063
            ],
            [
              33.649437098741394,
              67.59443194450147
            ],
            [
              33.659439866345586,
              67.59549179677401
            ],
            [
              33.66956767624888,
              67.59636248778274
            ],
            [
              33.67979589818934,
              67.59704189902061
            ],
            [
              33.69009965026789,
              67.59752837722704
            ],
            [
              33.70045386123947,
              67.59782073853178
            ],
            [
              33.7108333333333,
              67.59791827142303
            ],
            [
              33.72121280542713,
              67.59782073853178
            ],
            [
              33.73156701639869,
              67.59752837722704
            ],
            [
              33.74187076847725,
              67.59704189902061
            ],
            [
              33.75209899041771,
              67.59636248778274
            ],
            [
              33.76222680032101,
              67.59549179677401
            ],
            [
              33.7722295679252,
              67.59443194450145
            ],
            [
              33.78208297619426,
              67.59318550941065
            ],
            [
              33.791763082033796,
              67.5917555234285
            ],
            [
              33.801246375966706,
              67.59014546437494
            ],
            [
              33.81050984060511,
              67.5883592472641
            ],
            [
              33.819531007760006,
              67.58640121451992
            ],
            [
              33.828288014034776,
              67.58427612513228
            ],
            [
              33.83675965475438,
              67.58198914278434
            ],
            [
              33.84492543608829,
              67.57954582298332
            ],
            [
              33.8527656252315,
              67.57695209923007
            ],
            [
              33.86026129851534,
              67.57421426826505
            ],
            [
              33.867394387326826,
              67.57133897443089
            ],
            [
              33.874147721722885,
              67.56833319319368
            ],
            [
              33.880505071634445,
              67.56520421386749
            ],
            [
              33.88645118556279,
              67.56195962158796
            ],
            [
              33.89197182667944,
              67.5586072785834
            ],
            [
              33.897053806249424,
              67.55515530479249
            ],
            [
              33.90168501430661,
              67.55161205787999
            ],
            [
              33.90585444751798,
              67.54798611270218
            ],
            [
              33.909552234183415,
              67.5442862402759
            ],
            [
              33.91276965632562,
              67.5405213863049
            ],
            [
              33.91549916883401,
              67.53670064931899
            ],
            [
              33.91773441563474,
              67.53283325848122
            ],
            [
              33.919470242867945,
              67.52892855111932
            ],
            [
              33.92070270906134,
              67.52499595003778
            ],
            [
              33.92142909229758,
              67.52104494066675
            ],
            [
              33.92164789438096,
              67.51708504810458
            ]
          ]
        ],
        "meta": {
          "shape": "circle"
        }
      },
      "properties": {
        "title": "X2494/26 for None",
        "text": "From: 2026-07-26 00:00:00+00:00\nTo: 2026-07-31 23:59:00+00:00\n\nAIRSPACE CLSD Within CIRCLE RADIUS 9KM CENTRE 673102N0334239E."
      }
    },
    {
      "type": "Feature",
      "geometry": {
        "type": "Polygon",
        "coordinates": [
          [
            [
              57.00527777777778,
              66.37277777777777
            ],
            [
              56.888333333333335,
              66.39861111111112
            ],
            [
              56.650555555555556,
              66.39861111111112
            ],
            [
              56.608333333333334,
              66.3436111111111
            ],
            [
              56.92583333333333,
              66.13416666666667
            ],
            [
              56.933611111111105,
              66.0675
            ],
            [
              56.88805555555555,
              66.06694444444445
            ],
            [
              56.57416666666667,
              66.24305555555556
            ],
            [
              56.50611111111111,
              66.35083333333333
            ],
            [
              56.56166666666666,
              66.39611111111111
            ],
            [
              56.33833333333334,
              66.40527777777778
            ],
            [
              56.340833333333336,
              66.42833333333334
            ],
            [
              56.598333333333336,
              66.44638888888889
            ],
            [
              56.91166666666666,
              66.43333333333334
            ],
            [
              57.07472222222223,
              66.39888888888889
            ],
            [
              57.144999999999996,
              66.33305555555555
            ],
            [
              57.125277777777775,
              66.31194444444444
            ],
            [
              57.00527777777778,
              66.37277777777777
            ]
          ]
        ],
        "meta": {
          "shape": "polygon"
        }
      },
      "properties": {
        "title": "X2496/26 for None",
        "text": "From: 2026-07-24 04:00:00+00:00\nTo: 2026-07-26 21:00:00+00:00\n\nAIRSPACE CLSD AS FLW:\n\n1. AREA: 661959N0570842E-662356N0570429E-662600N0565442E-\n\n         662647N0563554E-662542N0562027E-662419N0562018E-\n\n         662346N0563342E-662103N0563022E-661435N0563427E-\n\n         660401N0565317E-660403N0565601E-660803N0565533E-\n\n         662037N0563630E-662355N0563902E-662355N0565318E-\n\n         662222N0570019E-661843N0570731E-661959N0570842E\n\n   340M AMSL-450M AMSL.\n\n2. Within CIRCLE RADIUS 1KM CENTRE 660713N0565419E\n\n   SFC-450M AMSL.\n\n3. Within CIRCLE RADIUS 1KM CENTRE 662500N0563600E\n\n   SFC-450M AMSL."
      }
    },
    {
      "type": "Feature",
      "geometry": {
        "type": "Polygon",
        "coordinates": [
          [
            [
              57.481388888888894,
              66.25055555555555
            ],
            [
              57.60416666666667,
              66.11722222222221
            ],
            [
              57.50083333333333,
              66.11055555555555
            ],
            [
              57.503055555555555,
              66.09138888888889
            ],
            [
              57.45333333333333,
              66.0786111111111
            ],
            [
              57.40972222222222,
              66.07722222222222
            ],
            [
              57.325,
              66.09444444444443
            ],
            [
              57.24722222222222,
              66.13777777777779
            ],
            [
              57.34027777777778,
              66.14111111111112
            ],
            [
              57.336111111111116,
              66.13666666666667
            ],
            [
              57.34027777777778,
              66.13222222222221
            ],
            [
              57.35,
              66.13083333333333
            ],
            [
              57.359722222222224,
              66.13222222222221
            ],
            [
              57.36416666666667,
              66.135
            ],
            [
              57.36416666666667,
              66.13944444444445
            ],
            [
              57.353611111111114,
              66.14250000000001
            ],
            [
              57.34027777777778,
              66.1413888888889
            ],
            [
              57.246944444444445,
              66.13805555555557
            ],
            [
              57.11194444444445,
              66.22305555555556
            ],
            [
              57.092222222222226,
              66.22444444444444
            ],
            [
              57.06638888888889,
              66.25
            ],
            [
              57.19583333333333,
              66.37944444444443
            ],
            [
              57.51722222222222,
              66.40166666666667
            ],
            [
              57.59,
              66.33611111111111
            ],
            [
              57.481388888888894,
              66.25055555555555
            ]
          ]
        ],
        "meta": {
          "shape": "polygon"
        }
      },
      "properties": {
        "title": "X2497/26 for None",
        "text": "From: 2026-07-24 04:00:00+00:00\nTo: 2026-07-26 21:00:00+00:00\n\nAIRSPACE CLSD AS FLW:\n\n1. AREA: 662406N0573102E-662010N0573524E-661502N0572853E-\n\n         660702N0573615E-660638N0573003E-660529N0573011E-\n\n         660443N0572712E-660438N0572435E-660540N0571930E-\n\n         660816N0571450E-660828N0572025E-660812N0572010E-\n\n         660756N0572025E-660751N0572100E-660756N0572135E-\n\n         660806N0572151E-660822N0572151E-660833N0572113E-\n\n         660829N0572025E-660817N0571449E-661323N0570643E-\n\n         661328N0570532E-661500N0570359E-662246N0571145E-\n\n         662406N0573102E\n\n   340M AMSL-450M AMSL.\n\n2. Within CIRCLE RADIUS 1KM CENTRE 661400N0570630E\n\n   SFC-450M AMSL.\n\n3. Within CIRCLE RADIUS 1KM CENTRE 661407N0571212E\n\n   SFC-450M AMSL."
      }
    },
    {
      "type": "Feature",
      "geometry": {
        "type": "Polygon",
        "coordinates": [
          [
            [
              57.87277777777778,
              66.09972222222221
            ],
            [
              58.11138888888889,
              66.00666666666666
            ],
            [
              58.12916666666667,
              65.9875
            ],
            [
              58.1325,
              65.97722222222222
            ],
            [
              58.086111111111116,
              65.91388888888889
            ],
            [
              58.13111111111111,
              65.89305555555556
            ],
            [
              58.221944444444446,
              65.88194444444444
            ],
            [
              58.269444444444446,
              65.8436111111111
            ],
            [
              58.224444444444444,
              65.83638888888889
            ],
            [
              58.17111111111111,
              65.84888888888888
            ],
            [
              58.09777777777778,
              65.86027777777777
            ],
            [
              58.01277777777778,
              65.89583333333334
            ],
            [
              57.67055555555555,
              65.95611111111111
            ],
            [
              57.64361111111111,
              66.01138888888889
            ],
            [
              57.62777777777778,
              66.02277777777778
            ],
            [
              57.60777777777778,
              66.03333333333333
            ],
            [
              57.45722222222223,
              66.07944444444443
            ],
            [
              57.50472222222222,
              66.09166666666667
            ],
            [
              57.57888888888889,
              66.07583333333334
            ],
            [
              57.87277777777778,
              66.09972222222221
            ]
          ]
        ],
        "meta": {
          "shape": "polygon"
        }
      },
      "properties": {
        "title": "X2498/26 for None",
        "text": "From: 2026-07-24 04:00:00+00:00\nTo: 2026-07-26 21:00:00+00:00\n\nAIRSPACE CLSD AS FLW:\n\n1. AREA: 660530N0573017E-660433N0573444E-660559N0575222E-\n\n         660024N0580641E-655915N0580745E-655838N0580757E-\n\n         655450N0580510E-655335N0580752E-655255N0581319E-\n\n         655037N0581610E-655011N0581328E-655056N0581016E-\n\n         655137N0580552E-655345N0580046E-655722N0574014E-\n\n         660041N0573837E-660122N0573740E-660200N0573628E-\n\n         660446N0572726E-660530N0573017E\n\n   340M AMSL-450M AMSL.\n\n2. Within CIRCLE RADIUS 1KM CENTRE 660111N0574044E\n\n   SFC-450M AMSL.\n\n3. Within CIRCLE RADIUS 1KM CENTRE 655747N0574123E\n\n   SFC-450M AMSL.\n\n4. Within CIRCLE RADIUS 1KM CENTRE 655936N0574926E\n\n   SFC-450M AMSL.\n\n5. Within CIRCLE RADIUS 0.8KM CENTRE 660145N0573839E\n\n   SFC-450M AMSL."
      }
    },
    {
      "type": "Feature",
      "geometry": {
        "type": "Polygon",
        "coordinates": [
          [
            [
              58.011944444444445,
              65.89555555555556
            ],
            [
              58.08277777777778,
              65.86611111111111
            ],
            [
              58.07555555555556,
              65.84638888888888
            ],
            [
              58.04222222222222,
              65.80055555555555
            ],
            [
              57.98972222222222,
              65.78305555555555
            ],
            [
              57.97916666666667,
              65.68666666666667
            ],
            [
              57.962500000000006,
              65.66166666666668
            ],
            [
              57.92833333333333,
              65.62527777777777
            ],
            [
              57.7825,
              65.64333333333335
            ],
            [
              57.84666666666667,
              65.68916666666667
            ],
            [
              57.84861111111111,
              65.76361111111112
            ],
            [
              57.87111111111111,
              65.80777777777777
            ],
            [
              57.93388888888889,
              65.83333333333333
            ],
            [
              57.94444444444444,
              65.86
            ],
            [
              57.97277777777778,
              65.9025
            ],
            [
              58.011944444444445,
              65.89555555555556
            ]
          ]
        ],
        "meta": {
          "shape": "polygon"
        }
      },
      "properties": {
        "title": "X2499/26 for None",
        "text": "From: 2026-07-24 04:00:00+00:00\nTo: 2026-07-26 21:00:00+00:00\n\nAIRSPACE CLSD AS FLW:\n\n1. AREA: 655409N0575822E-655136N0575640E-655000N0575602E-\n\n         654828N0575216E-654549N0575055E-654121N0575048E-\n\n         653836N0574657E-653731N0575542E-653942N0575745E-\n\n         654112N0575845E-654659N0575923E-654802N0580232E-\n\n         655047N0580432E-655158N0580458E-655344N0580043E-\n\n         655409N0575822E\n\n   340M AMSL-450M AMSL.\n\n2. Within CIRCLE RADIUS 1KM CENTRE 653936N0575249E\n\n   SFC-450M AMSL."
      }
    },
    {
      "type": "Feature",
      "geometry": {
        "type": "Polygon",
        "coordinates": [
          [
            [
              29.383888888888887,
              58.43888888888888
            ],
            [
              29.447222222222223,
              58.49111111111111
            ],
            [
              29.4525,
              58.494166666666665
            ],
            [
              29.541666666666668,
              58.54333333333333
            ],
            [
              29.54361111111111,
              58.5425
            ],
            [
              29.455555555555556,
              58.49444444444445
            ],
            [
              29.447777777777777,
              58.48972222222222
            ],
            [
              29.384999999999998,
              58.43833333333333
            ],
            [
              29.383888888888887,
              58.43888888888888
            ]
          ]
        ],
        "meta": {
          "shape": "polygon"
        }
      },
      "properties": {
        "title": "X2502/26 for None",
        "text": "From: 2026-07-25 09:00:00+00:00\nTo: 2026-07-26 23:59:00+00:00\n\nAIRSPACE CLSD Within AREA:\n\n582620N0292302E-582928N0292650E-582939N0292709E-583236N0293230E-\n\n583233N0293237E-582940N0292720E-582923N0292652E-582618N0292306E-\n\n582620N0292302E"
      }
    },
    {
      "type": "Feature",
      "geometry": {
        "type": "Polygon",
        "coordinates": [
          [
            [
              36.51888888888889,
              63.80305555555555
            ],
            [
              35.028055555555554,
              63.86944444444445
            ],
            [
              35.013888888888886,
              63.96138888888889
            ],
            [
              36.135555555555555,
              64.0261111111111
            ],
            [
              36.50055555555556,
              63.940555555555555
            ],
            [
              36.51888888888889,
              63.80305555555555
            ]
          ]
        ],
        "meta": {
          "shape": "polygon"
        }
      },
      "properties": {
        "title": "X2513/26 for None",
        "text": "From: 2026-07-23 06:00:00+00:00\nTo: 2026-07-28 17:00:00+00:00\n\nAIRSPACE CLSD AS FLW:\n\n1. AREA: 640134N0360808E-635741N0350050E-635210N0350141E-\n\n         634811N0363108E-635626N0363002E-640134N0360808E\n\n   300M AMSL-600M AMSL.\n\n2. Within CIRCLE RADIUS 0.3KM CENTRE 635336N0351456E\n\n   SFC-300M AMSL.\n\n3. Within CIRCLE RADIUS 0.2KM CENTRE 635553N0361602E\n\n   SFC-300M AMSL."
      }
    },
    {
      "type": "Feature",
      "geometry": {
        "type": "Polygon",
        "coordinates": [
          [
            [
              31.2738449237321,
              58.12776394457458
            ],
            [
              31.273770810387365,
              58.12622207661991
            ],
            [
              31.273553793459786,
              58.12468398914647
            ],
            [
              31.273194414082187,
              58.123153386817044
            ],
            [
              31.272693555989527,
              58.12163395579343
            ],
            [
              31.272052443217163,
              58.120129354867565
            ],
            [
              31.271272636984495,
              58.11864320666335
            ],
            [
              31.27035603177318,
              58.117179088929554
            ],
            [
              31.269304850610823,
              58.11574052594502
            ],
            [
              31.268121639573028,
              58.11433098005642
            ],
            [
              31.26680926151834,
              58.11295384336885
            ],
            [
              31.265370889072493,
              58.111612429608705
            ],
            [
              31.26380999688003,
              58.11030996617839
            ],
            [
              31.26213035314279,
              58.10904958642153
            ],
            [
              31.260336010466762,
              58.107834322116844
            ],
            [
              31.25843129603984,
              58.10666709621846
            ],
            [
              31.25642080116481,
              58.10555071585969
            ],
            [
              31.25430937017322,
              58.10448786563681
            ],
            [
              31.252102088746927,
              58.10348110118828
            ],
            [
              31.249804271675746,
              58.10253284308473
            ],
            [
              31.247421450080346,
              58.10164537104391
            ],
            [
              31.24495935813104,
              58.10082081848389
            ],
            [
              31.24242391929414,
              58.100061167427555
            ],
            [
              31.23982123213818,
              58.099368243769916
            ],
            [
              31.23715755573367,
              58.09874371291945
            ],
            [
              31.234439294680573,
              58.09818907582347
            ],
            [
              31.231672983798614,
              58.09770566538672
            ],
            [
              31.22886527251607,
              58.097294643291775
            ],
            [
              31.226022908993464,
              58.0969569972281
            ],
            [
              31.223152724019045,
              58.09669353853666
            ],
            [
              31.220261614713323,
              58.096504900275306
            ],
            [
              31.217356528080447,
              58.09639153570929
            ],
            [
              31.214444444444403,
              58.09635371723076
            ],
            [
              31.21153236080836,
              58.09639153570929
            ],
            [
              31.20862727417548,
              58.096504900275306
            ],
            [
              31.20573616486976,
              58.09669353853666
            ],
            [
              31.202865979895343,
              58.0969569972281
            ],
            [
              31.200023616372732,
              58.097294643291775
            ],
            [
              31.19721590509019,
              58.09770566538672
            ],
            [
              31.194449594208233,
              58.09818907582347
            ],
            [
              31.191731333155133,
              58.09874371291945
            ],
            [
              31.189067656750623,
              58.099368243769916
            ],
            [
              31.186464969594663,
              58.100061167427555
            ],
            [
              31.183929530757762,
              58.10082081848389
            ],
            [
              31.181467438808465,
              58.10164537104391
            ],
            [
              31.179084617213057,
              58.10253284308473
            ],
            [
              31.176786800141876,
              58.10348110118828
            ],
            [
              31.174579518715586,
              58.10448786563681
            ],
            [
              31.172468087723995,
              58.10555071585969
            ],
            [
              31.17045759284897,
              58.10666709621846
            ],
            [
              31.16855287842204,
              58.107834322116844
            ],
            [
              31.166758535746013,
              58.10904958642153
            ],
            [
              31.165078892008786,
              58.11030996617839
            ],
            [
              31.163517999816303,
              58.111612429608705
            ],
            [
              31.162079627370463,
              58.11295384336885
            ],
            [
              31.160767249315775,
              58.11433098005642
            ],
            [
              31.15958403827798,
              58.11574052594502
            ],
            [
              31.158532857115624,
              58.117179088929554
            ],
            [
              31.15761625190431,
              58.11864320666335
            ],
            [
              31.156836445671633,
              58.120129354867565
            ],
            [
              31.156195332899276,
              58.12163395579343
            ],
            [
              31.155694474806616,
              58.123153386817044
            ],
            [
              31.155335095429017,
              58.12468398914647
            ],
            [
              31.155118078501438,
              58.12622207661991
            ],
            [
              31.155043965156704,
              58.12776394457458
            ],
            [
              31.155112952445585,
              58.12930587876432
            ],
            [
              31.155324892683907,
              58.13084416430513
            ],
            [
              31.155679293629987,
              58.13237509462672
            ],
            [
              31.15617531949377,
              58.13389498040855
            ],
            [
              31.15681179277681,
              58.13540015847913
            ],
            [
              31.157587196940426,
              58.136887000656365
            ],
            [
              31.158499679897222,
              58.138351922508186
            ],
            [
              31.15954705831912,
              58.13979139201163
            ],
            [
              31.160726822752988,
              58.14120193808979
            ],
            [
              31.162036143532973,
              58.14258015900526
            ],
            [
              31.16347187747659,
              58.143922730589935
            ],
            [
              31.165030575349594,
              58.145226414290924
            ],
            [
              31.166708490082716,
              58.14648806501278
            ],
            [
              31.16850158572133,
              58.14770463873669
            ],
            [
              31.170405547087324,
              58.14887319989815
            ],
            [
              31.17241579013043,
              58.149990928504465
            ],
            [
              31.174527472944526,
              58.15105512697505
            ],
            [
              31.176735507422656,
              58.1520632266871
            ],
            [
              31.179034571522877,
              58.153012794210646
            ],
            [
              31.181419122115063,
              58.15390153721749
            ],
            [
              31.183883408377813,
              58.15472731004944
            ],
            [
              31.186421485712476,
              58.15548811893171
            ],
            [
              31.189027230140397,
              58.15618212681876
            ],
            [
              31.191694353147902,
              58.1568076578604
            ],
            [
              31.194416416942367,
              58.15736320147693
            ],
            [
              31.1971868500816,
              58.15784741603323
            ],
            [
              31.199998963437675,
              58.15825913210263
            ],
            [
              31.20284596645563,
              58.15859735531227
            ],
            [
              31.20572098366625,
              58.15886126876296
            ],
            [
              31.208617071411858,
              58.15905023501723
            ],
            [
              31.21152723474307,
              58.15916379765106
            ],
            [
              31.214444444444403,
              58.15920168236483
            ],
            [
              31.217361654145733,
              58.15916379765106
            ],
            [
              31.220271817476952,
              58.15905023501723
            ],
            [
              31.223167905222557,
              58.15886126876296
            ],
            [
              31.226042922433173,
              58.158597355312274
            ],
            [
              31.228889925451128,
              58.15825913210263
            ],
            [
              31.231702038807203,
              58.15784741603323
            ],
            [
              31.234472471946436,
              58.15736320147695
            ],
            [
              31.2371945357409,
              58.1568076578604
            ],
            [
              31.239861658748406,
              58.15618212681876
            ],
            [
              31.242467403176327,
              58.15548811893171
            ],
            [
              31.245005480510986,
              58.15472731004944
            ],
            [
              31.24746976677374,
              58.15390153721748
            ],
            [
              31.249854317365926,
              58.153012794210646
            ],
            [
              31.252153381466147,
              58.1520632266871
            ],
            [
              31.254361415944278,
              58.15105512697505
            ],
            [
              31.256473098758367,
              58.149990928504465
            ],
            [
              31.25848334180148,
              58.148873199898134
            ],
            [
              31.260387303167477,
              58.14770463873669
            ],
            [
              31.26218039880609,
              58.14648806501278
            ],
            [
              31.263858313539217,
              58.14522641429094
            ],
            [
              31.265417011412207,
              58.143922730589935
            ],
            [
              31.266852745355823,
              58.14258015900526
            ],
            [
              31.26816206613581,
              58.14120193808981
            ],
            [
              31.269341830569683,
              58.13979139201163
            ],
            [
              31.270389208991585,
              58.138351922508186
            ],
            [
              31.271301691948377,
              58.136887000656365
            ],
            [
              31.272077096111992,
              58.13540015847913
            ],
            [
              31.272713569395034,
              58.13389498040856
            ],
            [
              31.273209595258816,
              58.13237509462672
            ],
            [
              31.273563996204896,
              58.13084416430513
            ],
            [
              31.27377593644322,
              58.12930587876432
            ],
            [
              31.2738449237321,
              58.12776394457458
            ]
          ]
        ],
        "meta": {
          "shape": "circle"
        }
      },
      "properties": {
        "title": "X2530/26 for None",
        "text": "From: 2026-07-23 08:00:00+00:00\nTo: 2026-07-28 17:00:00+00:00\n\nAIRSPACE CLSD Within CIRCLE RADIUS 3.5KM CENTRE 580740N0311252E."
      }
    },
    {
      "type": "Feature",
      "geometry": {
        "type": "Polygon",
        "coordinates": [
          [
            [
              31.677827226656767,
              58.08178675742616
            ],
            [
              31.676785000365488,
              58.06547341038906
            ],
            [
              31.674235237804048,
              58.04920672960739
            ],
            [
              31.67018611512849,
              58.033025811865045
            ],
            [
              31.664649373134758,
              58.01696949540879
            ],
            [
              31.657640270116485,
              58.00107626788654
            ],
            [
              31.649177526973833,
              57.98538417560646
            ],
            [
              31.639283264872063,
              57.96993073431363
            ],
            [
              31.627982935756453,
              57.95475284167415
            ],
            [
              31.615305246035703,
              57.93988669164766
            ],
            [
              31.601282073750035,
              57.925367690921675
            ],
            [
              31.585948379541943,
              57.91123037757309
            ],
            [
              31.56934211174836,
              57.89750834211387
            ],
            [
              31.55150410593146,
              57.88423415106987
            ],
            [
              31.53247797916358,
              57.87143927323359
            ],
            [
              31.512310019377573,
              57.85915400872384
            ],
            [
              31.49104907008972,
              57.84740742097708
            ],
            [
              31.46874641079699,
              57.83622727178748
            ],
            [
              31.4454556333439,
              57.82563995950555
            ],
            [
              31.421232514548073,
              57.81567046049659
            ],
            [
              31.396134885365957,
              57.80634227395431
            ],
            [
              31.370222496873364,
              57.79767737015631
            ],
            [
              31.343556883327583,
              57.789696142242384
            ],
            [
              31.31620122257034,
              57.78241736158896
            ],
            [
              31.288220194023825,
              57.775858136846715
            ],
            [
              31.25967983452426,
              57.77003387670161
            ],
            [
              31.23064739223113,
              57.76495825641397
            ],
            [
              31.2011911788434,
              57.76064318818316
            ],
            [
              31.171380420348296,
              57.75709879537989
            ],
            [
              31.14128510652273,
              57.75433339068275
            ],
            [
              31.110975839402755,
              57.752353458148484
            ],
            [
              31.080523680932394,
              57.7511636392415
            ],
            [
              31.05,
              57.7507667228413
            ],
            [
              31.01947631906761,
              57.7511636392415
            ],
            [
              30.98902416059725,
              57.752353458148484
            ],
            [
              30.95871489347727,
              57.75433339068275
            ],
            [
              30.92861957965171,
              57.75709879537989
            ],
            [
              30.898808821156607,
              57.76064318818316
            ],
            [
              30.869352607768874,
              57.76495825641397
            ],
            [
              30.840320165475745,
              57.77003387670161
            ],
            [
              30.81177980597618,
              57.775858136846715
            ],
            [
              30.783798777429666,
              57.78241736158896
            ],
            [
              30.756443116672422,
              57.789696142242384
            ],
            [
              30.729777503126638,
              57.79767737015631
            ],
            [
              30.70386511463405,
              57.80634227395431
            ],
            [
              30.67876748545193,
              57.81567046049659
            ],
            [
              30.654544366656104,
              57.82563995950555
            ],
            [
              30.631253589203016,
              57.83622727178748
            ],
            [
              30.608950929910286,
              57.84740742097708
            ],
            [
              30.587689980622432,
              57.85915400872384
            ],
            [
              30.567522020836424,
              57.87143927323359
            ],
            [
              30.548495894068544,
              57.88423415106987
            ],
            [
              30.530657888251653,
              57.89750834211387
            ],
            [
              30.514051620458062,
              57.91123037757309
            ],
            [
              30.49871792624997,
              57.925367690921675
            ],
            [
              30.484694753964302,
              57.93988669164766
            ],
            [
              30.472017064243552,
              57.95475284167415
            ],
            [
              30.460716735127942,
              57.96993073431363
            ],
            [
              30.45082247302617,
              57.98538417560646
            ],
            [
              30.442359729883513,
              58.00107626788654
            ],
            [
              30.435350626865247,
              58.01696949540879
            ],
            [
              30.429813884871514,
              58.033025811865045
            ],
            [
              30.425764762195957,
              58.04920672960739
            ],
            [
              30.423214999634517,
              58.06547341038906
            ],
            [
              30.422172773343238,
              58.08178675742616
            ],
            [
              30.422642655734034,
              58.098107508575545
            ],
            [
              30.42462558468515,
              58.114396330416845
            ],
            [
              30.428118841328676,
              58.13061391301983
            ],
            [
              30.433116036660724,
              58.146721065171775
            ],
            [
              30.439607107200672,
              58.16267880983315
            ],
            [
              30.44757831990394,
              58.17844847958469
            ],
            [
              30.45701228650922,
              58.19399181182355
            ],
            [
              30.467887987473947,
              58.2092710434622
            ],
            [
              30.48018080562342,
              58.224249004879645
            ],
            [
              30.493862569607597,
              58.23888921287221
            ],
            [
              30.508901607226516,
              58.253155962348266
            ],
            [
              30.5252628086497,
              58.267014416511
            ],
            [
              30.542907699518068,
              58.2804306952721
            ],
            [
              30.56179452387796,
              58.29337196164073
            ],
            [
              30.58187833685662,
              58.30580650583323
            ],
            [
              30.603111106947082,
              58.317703826852515
            ],
            [
              30.62544182772837,
              58.329034711289026
            ],
            [
              30.648816638803464,
              58.339771309101096
            ],
            [
              30.673178955695057,
              58.34988720613798
            ],
            [
              30.69846960839527,
              58.35935749317628
            ],
            [
              30.72462698822327,
              58.36815883124896
            ],
            [
              30.751587202602185,
              58.37626951305536
            ],
            [
              30.779284237326515,
              58.38366952025148
            ],
            [
              30.807650125850994,
              58.39034057643125
            ],
            [
              30.83661512509475,
              58.396266195622076
            ],
            [
              30.866107897218765,
              58.40143172613188
            ],
            [
              30.89605569680193,
              58.40582438959917
            ],
            [
              30.92638456281037,
              58.40943331511272
            ],
            [
              30.95701951472803,
              58.41224956828448
            ],
            [
              30.98788475219226,
              58.414266175174994
            ],
            [
              31.018903857458298,
              58.41547814098895
            ],
            [
              31.05,
              58.41588246347584
            ],
            [
              31.081096142541707,
              58.41547814098895
            ],
            [
              31.112115247807743,
              58.414266175174994
            ],
            [
              31.142980485271973,
              58.41224956828448
            ],
            [
              31.173615437189635,
              58.40943331511272
            ],
            [
              31.203944303198075,
              58.40582438959917
            ],
            [
              31.23389210278124,
              58.40143172613188
            ],
            [
              31.263384874905256,
              58.396266195622076
            ],
            [
              31.29234987414901,
              58.39034057643125
            ],
            [
              31.32071576267349,
              58.38366952025148
            ],
            [
              31.34841279739782,
              58.37626951305536
            ],
            [
              31.375373011776734,
              58.36815883124896
            ],
            [
              31.401530391604727,
              58.35935749317627
            ],
            [
              31.42682104430495,
              58.34988720613798
            ],
            [
              31.45118336119654,
              58.339771309101096
            ],
            [
              31.474558172271635,
              58.329034711289026
            ],
            [
              31.496888893052915,
              58.317703826852515
            ],
            [
              31.518121663143393,
              58.305806505833246
            ],
            [
              31.538205476122045,
              58.29337196164073
            ],
            [
              31.557092300481937,
              58.2804306952721
            ],
            [
              31.57473719135031,
              58.267014416511
            ],
            [
              31.59109839277349,
              58.253155962348266
            ],
            [
              31.606137430392405,
              58.23888921287221
            ],
            [
              31.619819194376586,
              58.22424900487966
            ],
            [
              31.632112012526058,
              58.209271043462216
            ],
            [
              31.642987713490786,
              58.193991811823565
            ],
            [
              31.652421680096065,
              58.17844847958469
            ],
            [
              31.66039289279934,
              58.16267880983315
            ],
            [
              31.666883963339277,
              58.146721065171775
            ],
            [
              31.67188115867133,
              58.13061391301983
            ],
            [
              31.675374415314856,
              58.114396330416845
            ],
            [
              31.67735734426597,
              58.098107508575545
            ],
            [
              31.677827226656767,
              58.08178675742616
            ]
          ]
        ]
      },
      "properties": {
        "title": "X2531/26 for None",
        "text": "From: 2026-07-23 08:00:00+00:00\nTo: 2026-07-28 17:00:00+00:00\n\nFLW ATS RTE SEGMENTS CLSD:\n\nM856 OSDIR-GILAP,\n\nT272 RILKA-GILAP,\n\nW787 OSDIR-DIPAD."
      }
    },
    {
      "type": "Feature",
      "geometry": {
        "type": "Polygon",
        "coordinates": [
          [
            [
              29.932177334366,
              59.6283002960614
            ],
            [
              29.929820767449815,
              59.59976775274324
            ],
            [
              29.924711603233387,
              59.5713278911072
            ],
            [
              29.91686902918547,
              59.54304889879933
            ],
            [
              29.90631863431914,
              59.5149984084303
            ],
            [
              29.893092284889235,
              59.48724334013781
            ],
            [
              29.877227987859346,
              59.459849747364515
            ],
            [
              29.858769742987807,
              59.43288266614217
            ],
            [
              29.837767384367822,
              59.40640596815138
            ],
            [
              29.814276412236897,
              59.38048221780734
            ],
            [
              29.78835781584654,
              59.355172533601596
            ],
            [
              29.7600778881549,
              59.33053645391247
            ],
            [
              29.729508033073724,
              59.30663180747769
            ],
            [
              29.696724565966452,
              59.28351458870676
            ],
            [
              29.661808508058147,
              59.261238837993645
            ],
            [
              29.624845375379923,
              59.239856527175625
            ],
            [
              29.58592496283119,
              59.21941745026946
            ],
            [
              29.545141123903626,
              59.199969119602635
            ],
            [
              29.502591546570645,
              59.181556667445
            ],
            [
              29.458377525806412,
              59.164222753234796
            ],
            [
              29.412603733159948,
              59.14800747648164
            ],
            [
              29.365377983771033,
              59.13294829541999
            ],
            [
              29.316811001178536,
              59.11907995147743
            ],
            [
              29.267016180236396,
              59.106434399613434
            ],
            [
              29.21610934841917,
              59.095040744577844
            ],
            [
              29.164208525767958,
              59.08492518313052
            ],
            [
              29.11143368369836,
              59.07611095225845
            ],
            [
              29.05790650286596,
              59.068618283420626
            ],
            [
              29.00375013026056,
              59.06246436284637
            ],
            [
              28.949088935679494,
              59.05766329790823
            ],
            [
              28.894048267711835,
              59.0542260895869
            ],
            [
              28.83875420935008,
              59.05216061104119
            ],
            [
              28.783333333333303,
              59.05147159229403
            ],
            [
              28.727912457316528,
              59.05216061104119
            ],
            [
              28.67261839895477,
              59.0542260895869
            ],
            [
              28.617577730987108,
              59.05766329790823
            ],
            [
              28.562916536406043,
              59.06246436284637
            ],
            [
              28.50876016380064,
              59.068618283420626
            ],
            [
              28.455232982968244,
              59.07611095225844
            ],
            [
              28.402458140898645,
              59.08492518313052
            ],
            [
              28.350557318247432,
              59.095040744577844
            ],
            [
              28.29965048643021,
              59.106434399613434
            ],
            [
              28.249855665488074,
              59.11907995147743
            ],
            [
              28.201288682895573,
              59.13294829541999
            ],
            [
              28.15406293350666,
              59.14800747648164
            ],
            [
              28.10828914086019,
              59.164222753234796
            ],
            [
              28.06407512009596,
              59.181556667445
            ],
            [
              28.021525542762976,
              59.199969119602635
            ],
            [
              27.980741703835417,
              59.21941745026946
            ],
            [
              27.941821291286683,
              59.239856527175625
            ],
            [
              27.904858158608462,
              59.261238837993645
            ],
            [
              27.86994210070015,
              59.28351458870676
            ],
            [
              27.83715863359288,
              59.30663180747769
            ],
            [
              27.806588778511706,
              59.33053645391247
            ],
            [
              27.778308850820068,
              59.355172533601596
            ],
            [
              27.75239025442971,
              59.38048221780734
            ],
            [
              27.728899282298784,
              59.40640596815138
            ],
            [
              27.707896923678803,
              59.43288266614217
            ],
            [
              27.68943867880726,
              59.459849747364515
            ],
            [
              27.673574381777367,
              59.48724334013781
            ],
            [
              27.660348032347468,
              59.5149984084303
            ],
            [
              27.649797637481132,
              59.54304889879933
            ],
            [
              27.64195506343322,
              59.57132789110722
            ],
            [
              27.63684589921679,
              59.59976775274324
            ],
            [
              27.634489332300607,
              59.6283002960614
            ],
            [
              27.63489803739567,
              59.65685693872308
            ],
            [
              27.63807807919203,
              59.68536886661273
            ],
            [
              27.64402882990263,
              59.71376719897368
            ],
            [
              27.65274290245942,
              59.741983155390315
            ],
            [
              27.66420610018716,
              59.76994822422203
            ],
            [
              27.678397383752852,
              59.79759433207443
            ],
            [
              27.695288856151627,
              59.824854013873924
            ],
            [
              27.714845766445052,
              59.85166058309253
            ],
            [
              27.737026532912772,
              59.877948301653646
            ],
            [
              27.76178278621499,
              59.90365254903208
            ],
            [
              27.789059433090273,
              59.928709990048134
            ],
            [
              27.81879474103128,
              59.95305874084265
            ],
            [
              27.850920444290672,
              59.976638532509554
            ],
            [
              27.88536187147059,
              59.99939087185375
            ],
            [
              27.92203809484245,
              60.02125919873724
            ],
            [
              27.960862101430724,
              60.04218903947277
            ],
            [
              28.001740985774234,
              60.06212815572447
            ],
            [
              28.04457616415404,
              60.08102668837804
            ],
            [
              28.089263609947725,
              60.09883729584869
            ],
            [
              28.135694109638052,
              60.115515286305275
            ],
            [
              28.183753538870437,
              60.131018743301055
            ],
            [
              28.233323157819633,
              60.145308644318355
            ],
            [
              28.28427992499353,
              60.15834897175381
            ],
            [
              28.33649682847184,
              60.17010681589384
            ],
            [
              28.389843233451412,
              60.18055246945635
            ],
            [
              28.444185244849876,
              60.189659513304335
            ],
            [
              28.49938608360595,
              60.19740489296913
            ],
            [
              28.55530647521013,
              60.203768985657035
            ],
            [
              28.61180504890483,
              60.20873565745025
            ],
            [
              28.668738745908925,
              60.21229231045408
            ],
            [
              28.72596323495058,
              60.21442991968387
            ],
            [
              28.783333333333303,
              60.215143059530064
            ],
            [
              28.840703431716026,
              60.21442991968387
            ],
            [
              28.897927920757674,
              60.21229231045408
            ],
            [
              28.95486161776177,
              60.20873565745026
            ],
            [
              29.011360191456475,
              60.203768985657035
            ],
            [
              29.067280583060665,
              60.19740489296913
            ],
            [
              29.122481421816737,
              60.189659513304335
            ],
            [
              29.17682343321519,
              60.18055246945635
            ],
            [
              29.23016983819476,
              60.17010681589384
            ],
            [
              29.282386741673076,
              60.15834897175381
            ],
            [
              29.33334350884697,
              60.145308644318355
            ],
            [
              29.382913127796172,
              60.13101874330107
            ],
            [
              29.430972557028557,
              60.115515286305275
            ],
            [
              29.477403056718877,
              60.09883729584869
            ],
            [
              29.52209050251256,
              60.08102668837804
            ],
            [
              29.564925680892372,
              60.06212815572447
            ],
            [
              29.605804565235882,
              60.04218903947277
            ],
            [
              29.644628571824157,
              60.02125919873724
            ],
            [
              29.681304795196013,
              59.99939087185375
            ],
            [
              29.715746222375937,
              59.976638532509554
            ],
            [
              29.74787192563532,
              59.95305874084265
            ],
            [
              29.777607233576326,
              59.92870999004812
            ],
            [
              29.804883880451616,
              59.90365254903211
            ],
            [
              29.829640133753827,
              59.877948301653646
            ],
            [
              29.851820900221554,
              59.85166058309253
            ],
            [
              29.87137781051498,
              59.824854013873924
            ],
            [
              29.888269282913754,
              59.79759433207443
            ],
            [
              29.902460566479444,
              59.76994822422203
            ],
            [
              29.91392376420719,
              59.74198315539033
            ],
            [
              29.92263783676397,
              59.71376719897368
            ],
            [
              29.92858858747457,
              59.68536886661273
            ],
            [
              29.931768629270934,
              59.65685693872308
            ],
            [
              29.932177334366,
              59.6283002960614
            ]
          ]
        ]
      },
      "properties": {
        "title": "X2538/26 for None",
        "text": "From: 2026-07-23 07:01:00+00:00\nTo: 2026-07-30 16:55:00+00:00\n\nFLW ATS RTE SEGMENTS CLSD:\n\nL870 TURAL-RANVA FL055-FL200,\n\nM60  UTETA-ATLUM FL055-FL200,\n\nM60  UMODI-UTETA FL055-FL100,\n\nT561 TURAL-ATLUM FL055-FL200,\n\nT561 OKBOR-TURAL FL055-FL100."
      }
    },
    {
      "type": "Feature",
      "geometry": {
        "type": "Polygon",
        "coordinates": [
          [
            [
              28.60058339930786,
              59.59737030533387
            ],
            [
              28.534546419205952,
              59.60877182333524
            ],
            [
              28.534444444444446,
              59.60861111111111
            ],
            [
              28.38888888888889,
              59.634166666666665
            ],
            [
              28.248055555555556,
              59.698055555555555
            ],
            [
              28.251666666666665,
              59.70416666666667
            ],
            [
              28.511349488799933,
              59.67076913836082
            ],
            [
              28.511388888888888,
              59.670833333333334
            ],
            [
              28.539299591001527,
              59.66717450579421
            ],
            [
              28.569166666666668,
              59.663333333333334
            ],
            [
              28.569123249495153,
              59.663264907871024
            ],
            [
              28.628708088370384,
              59.65545390231081
            ],
            [
              28.6375,
              59.67361111111111
            ],
            [
              28.67612583996838,
              59.6649495591182
            ],
            [
              28.679722222222225,
              59.67333333333333
            ],
            [
              28.680166216399346,
              59.67321200159124
            ],
            [
              28.679722222222225,
              59.67361111111111
            ],
            [
              28.858611111111113,
              59.68083333333333
            ],
            [
              28.8649929955744,
              59.62277877144145
            ],
            [
              29.016111111111112,
              59.623333333333335
            ],
            [
              29.015197132616485,
              59.62277777777778
            ],
            [
              29.024166666666666,
              59.62277777777778
            ],
            [
              29.084722222222222,
              59.62583333333333
            ],
            [
              29.169722222222223,
              59.660555555555554
            ],
            [
              29.32472222222222,
              59.66638888888889
            ],
            [
              29.351111111111113,
              59.57194444444445
            ],
            [
              28.89177023419321,
              59.56146916788987
            ],
            [
              28.89176382473613,
              59.56146404389346
            ],
            [
              29.351666666666667,
              59.57166666666667
            ],
            [
              29.366388888888892,
              59.51888888888889
            ],
            [
              28.79388888888889,
              59.461666666666666
            ],
            [
              28.800555555555555,
              59.44444444444444
            ],
            [
              28.666666666666668,
              59.42361111111111
            ],
            [
              28.57361111111111,
              59.541666666666664
            ],
            [
              28.60058339930786,
              59.59737030533387
            ]
          ]
        ],
        "meta": {
          "shape": "polygon"
        }
      },
      "properties": {
        "title": "X2539/26 for None",
        "text": "From: 2026-07-23 07:01:00+00:00\nTo: 2026-07-30 16:55:00+00:00\n\nAIRSPACE CLSD AS FLW:\n\n1. AREA: 594215N0281506E-593948N0283409E-593631N0283204E-\n\n         593803N0282320E-594153N0281453E-594215N0281506E\n\n   FL110-FL200.\n\n2. AREA: 594015N0283041E-593822N0284503E-593437N0284308E-\n\n         593706N0282845E-594015N0283041E\n\n   750M AMSL-FL130.\n\n3. AREA: 592525N0284000E-593230N0283425E-594025N0283815E-\n\n         593720N0285200E-593722N0285754E-593339N0285148E-\n\n         593418N0292106E-593108N0292159E-592742N0284738E-\n\n         592640N0284802E-592525N0284000E\n\n   650M AMSL-1500M AMSL.\n\n4. AREA: 594024N0284047E-593722N0285153E-593724N0290058E-\n\n         593347N0285501E-593320N0284355E-593425N0283813E-\n\n         594024N0284047E\n\n   450M AMSL-FL100.\n\n5. AREA: 594025N0284047E-594051N0285131E-593609N0285202E-\n\n         593456N0284653E-594025N0284047E\n\n   GND-FL100.\n\n6. AREA: 593722N0285756E-593722N0290127E-593733N0290505E-\n\n         593938N0291011E-593959N0291929E-593419N0292104E-\n\n         593339N0285150E-593722N0285756E\n\n   GND-1500M AMSL.\n\n7. Within CIRCLE RADIUS 5KM CENTRE 593505N0284858E\n\n   450M AMSL-FL100."
      }
    },
    {
      "type": "Feature",
      "geometry": {
        "type": "Polygon",
        "coordinates": [
          [
            [
              29.01722222222222,
              59.733333333333334
            ],
            [
              29.083333333333332,
              59.733333333333334
            ],
            [
              29.083333333333332,
              59.62777777777778
            ],
            [
              29.023888888888887,
              59.62777777777778
            ],
            [
              28.866666666666667,
              59.62777777777778
            ],
            [
              28.866666666666667,
              59.733333333333334
            ],
            [
              29.01722222222222,
              59.733333333333334
            ]
          ]
        ],
        "meta": {
          "shape": "polygon"
        }
      },
      "properties": {
        "title": "X2541/26 for None",
        "text": "From: 2026-07-27 07:00:00+00:00\nTo: 2026-08-01 16:55:00+00:00\n\nAIRSPACE CLSD AS FLW:\n\n1. AREA: 594400N0285200E-594400N0290102E-593740N0290126E-\n\n         593740N0285200E-594400N0285200E\n\n   SFC-1500M AMSL.\n\n2. AREA: 594400N0290102E-594400N0290500E-593740N0290500E-\n\n         593740N0290126E-594400N0290102E\n\n   SFC-900M AMSL."
      }
    },
    {
      "type": "Feature",
      "geometry": {
        "type": "Polygon",
        "coordinates": [
          [
            [
              30.20098688499543,
              60.51027776536857
            ],
            [
              30.20098468999592,
              60.510233727280166
            ],
            [
              30.200978115236797,
              60.51018979534262
            ],
            [
              30.20096717657487,
              60.51014607539116
            ],
            [
              30.200951900379643,
              60.510102672749944
            ],
            [
              30.20093232346958,
              60.510059691978235
            ],
            [
              30.20090849302331,
              60.510017236618644
            ],
            [
              30.20088046646575,
              60.50997540894756
            ],
            [
              30.200848311329676,
              60.509934309728926
            ],
            [
              30.200812105092837,
              60.5098940379714
            ],
            [
              30.200771934991177,
              60.50985469068995
            ],
            [
              30.20072789780865,
              60.5098163626721
            ],
            [
              30.20068009964383,
              60.50977914624965
            ],
            [
              30.20062865565432,
              60.50974313107626
            ],
            [
              30.2005736897792,
              60.50970840391153
            ],
            [
              30.200515334440407,
              60.50967504841198
            ],
            [
              30.20045373022368,
              60.509643144929626
            ],
            [
              30.200389025539845,
              60.50961277031837
            ],
            [
              30.20032137626728,
              60.509583997748926
            ],
            [
              30.2002509453764,
              60.50955689653263
            ],
            [
              30.200177902537032,
              60.509531531954444
            ],
            [
              30.200102423709787,
              60.5095079651157
            ],
            [
              30.20002469072213,
              60.50948625278707
            ],
            [
              30.19994489083048,
              60.50946644727166
            ],
            [
              30.19986321626914,
              60.50944859627921
            ],
            [
              30.1997798637873,
              60.50943274281107
            ],
            [
              30.199695034175164,
              60.5094189250567
            ],
            [
              30.19960893178039,
              60.50940717630166
            ],
            [
              30.19952176401589,
              60.509397524847486
            ],
            [
              30.19943374086031,
              60.50938999394353
            ],
            [
              30.199345074352372,
              60.50938460173089
            ],
            [
              30.19925597808014,
              60.509381361198834
            ],
            [
              30.1991666666667,
              60.50938028015344
            ],
            [
              30.19907735525326,
              60.509381361198834
            ],
            [
              30.198988258981025,
              60.50938460173089
            ],
            [
              30.198899592473087,
              60.50938999394353
            ],
            [
              30.198811569317506,
              60.509397524847486
            ],
            [
              30.198724401553008,
              60.50940717630166
            ],
            [
              30.198638299158233,
              60.5094189250567
            ],
            [
              30.1985534695461,
              60.50943274281107
            ],
            [
              30.198470117064257,
              60.50944859627921
            ],
            [
              30.198388442502917,
              60.50946644727166
            ],
            [
              30.198308642611266,
              60.50948625278707
            ],
            [
              30.19823090962361,
              60.5095079651157
            ],
            [
              30.198155430796366,
              60.509531531954444
            ],
            [
              30.198082387956998,
              60.50955689653263
            ],
            [
              30.198011957066118,
              60.509583997748926
            ],
            [
              30.197944307793552,
              60.50961277031837
            ],
            [
              30.19787960310972,
              60.509643144929626
            ],
            [
              30.19781799889299,
              60.50967504841198
            ],
            [
              30.197759643554196,
              60.50970840391153
            ],
            [
              30.197704677679077,
              60.50974313107626
            ],
            [
              30.197653233689568,
              60.50977914624965
            ],
            [
              30.197605435524746,
              60.5098163626721
            ],
            [
              30.19756139834222,
              60.50985469068995
            ],
            [
              30.197521228240564,
              60.5098940379714
            ],
            [
              30.197485022003715,
              60.509934309728926
            ],
            [
              30.197452866867646,
              60.50997540894756
            ],
            [
              30.197424840310088,
              60.510017236618644
            ],
            [
              30.197401009863817,
              60.510059691978235
            ],
            [
              30.19738143295376,
              60.510102672749944
            ],
            [
              30.197366156758527,
              60.51014607539116
            ],
            [
              30.197355218096593,
              60.51018979534262
            ],
            [
              30.197348643337477,
              60.510233727280166
            ],
            [
              30.197346448337967,
              60.51027776536857
            ],
            [
              30.197348638403838,
              60.510321803516455
            ],
            [
              30.197355208276832,
              60.51036573563181
            ],
            [
              30.19736614214721,
              60.510409455877706
            ],
            [
              30.197381413691602,
              60.51045285892718
            ],
            [
              30.197400986136334,
              60.51049584021699
            ],
            [
              30.19742481234578,
              60.510538296199606
            ],
            [
              30.197452834935813,
              60.51058012459255
            ],
            [
              30.197484986411897,
              60.51062122462501
            ],
            [
              30.19752118933153,
              60.51066149728042
            ],
            [
              30.197561356490663,
              60.51070084553522
            ],
            [
              30.197605391133738,
              60.51073917459249
            ],
            [
              30.19765318718661,
              60.5107763921104
            ],
            [
              30.197704629512028,
              60.51081240842477
            ],
            [
              30.19775959418693,
              60.510847136765
            ],
            [
              30.197817948800942,
              60.51088049346325
            ],
            [
              30.197879552775284,
              60.510912398155966
            ],
            [
              30.197944257701497,
              60.510942773977575
            ],
            [
              30.19801190769884,
              60.51097154774571
            ],
            [
              30.198082339789952,
              60.5109986501375
            ],
            [
              30.19815538429341,
              60.511024015856684
            ],
            [
              30.19823086523261,
              60.5110475837909
            ],
            [
              30.198308600759713,
              60.51106929715893
            ],
            [
              30.19838840359387,
              60.511089103647684
            ],
            [
              30.198470081472443,
              60.51110695553804
            ],
            [
              30.198553437614283,
              60.51112280981998
            ],
            [
              30.19863827119392,
              60.51113662829624
            ],
            [
              30.198724377825517,
              60.51114837767427
            ],
            [
              30.198811550055353,
              60.51115802964655
            ],
            [
              30.198899577861763,
              60.51116556095877
            ],
            [
              30.198988249161268,
              60.511170953465864
            ],
            [
              30.199077350319627,
              60.51117419417572
            ],
            [
              30.1991666666667,
              60.51117527528057
            ],
            [
              30.19925598301377,
              60.51117419417572
            ],
            [
              30.19934508417213,
              60.511170953465864
            ],
            [
              30.199433755471635,
              60.51116556095877
            ],
            [
              30.199521783278044,
              60.51115802964655
            ],
            [
              30.19960895550788,
              60.511148377674274
            ],
            [
              30.199695062139476,
              60.51113662829624
            ],
            [
              30.199779895719114,
              60.51112280981998
            ],
            [
              30.19986325186096,
              60.51110695553804
            ],
            [
              30.199944929739527,
              60.511089103647684
            ],
            [
              30.200024732573684,
              60.51106929715893
            ],
            [
              30.200102468100795,
              60.5110475837909
            ],
            [
              30.200177949039986,
              60.511024015856684
            ],
            [
              30.200250993543442,
              60.5109986501375
            ],
            [
              30.200321425634556,
              60.51097154774571
            ],
            [
              30.200389075631897,
              60.510942773977575
            ],
            [
              30.200453780558114,
              60.510912398155966
            ],
            [
              30.200515384532462,
              60.51088049346325
            ],
            [
              30.200573739146467,
              60.510847136765
            ],
            [
              30.20062870382137,
              60.51081240842477
            ],
            [
              30.200680146146787,
              60.510776392110415
            ],
            [
              30.20072794219966,
              60.51073917459249
            ],
            [
              30.200771976842734,
              60.51070084553522
            ],
            [
              30.20081214400187,
              60.51066149728042
            ],
            [
              30.200848346921493,
              60.51062122462501
            ],
            [
              30.200880498397584,
              60.51058012459255
            ],
            [
              30.200908520987618,
              60.510538296199606
            ],
            [
              30.200932347197064,
              60.51049584021699
            ],
            [
              30.200951919641795,
              60.510452858927174
            ],
            [
              30.200967191186194,
              60.510409455877706
            ],
            [
              30.200978125056565,
              60.51036573563181
            ],
            [
              30.20098469492956,
              60.510321803516455
            ],
            [
              30.20098688499543,
              60.51027776536857
            ]
          ]
        ],
        "meta": {
          "shape": "circle"
        }
      },
      "properties": {
        "title": "X2585/26 for None",
        "text": "From: 2026-07-26 09:00:00+00:00\nTo: 2026-07-26 16:30:00+00:00\n\nAIRSPACE CLSD Within CIRCLE RADIUS 0.1KM CENTRE 603037N0301157E."
      }
    },
    {
      "type": "Feature",
      "geometry": {
        "type": "Polygon",
        "coordinates": [
          [
            [
              30.832693902719964,
              60.006234111537765
            ],
            [
              30.83120821859752,
              60.005141749359744
            ],
            [
              30.829617387076446,
              60.004087188925
            ],
            [
              30.827925244832514,
              60.00307296705241
            ],
            [
              30.826135871128457,
              60.00210152329672
            ],
            [
              30.82425357796064,
              60.001175194107695
            ],
            [
              30.82228289965949,
              60.00029620723867
            ],
            [
              30.820228581968852,
              59.999466676416496
            ],
            [
              30.81809557063066,
              59.99868859628639
            ],
            [
              30.815888999501997,
              59.99796383764277
            ],
            [
              30.813614178233177,
              59.997294142957585
            ],
            [
              30.811276579535814,
              59.99668112221658
            ],
            [
              30.808881826071136,
              59.996126249073
            ],
            [
              30.806435676989402,
              59.995630857327875
            ],
            [
              30.80394401415193,
              59.995196137744934
            ],
            [
              30.801412828068223,
              59.99482313520774
            ],
            [
              30.79884820358079,
              59.9945127462254
            ],
            [
              30.79625630533123,
              59.99426571679282
            ],
            [
              30.793643363041273,
              59.99408264061055
            ],
            [
              30.791015656643037,
              59.993963957667894
            ],
            [
              30.78837950129299,
              59.99390995319321
            ],
            [
              30.785741232304275,
              59.993920756973424
            ],
            [
              30.78310719003251,
              59.993996343044245
            ],
            [
              30.780483704749724,
              59.99413652975223
            ],
            [
              30.777877081541803,
              59.994340980188134
            ],
            [
              30.775293585264162,
              59.99460920299071
            ],
            [
              30.772739425590597,
              59.99494055351925
            ],
            [
              30.77022074219001,
              59.99533423539172
            ],
            [
              30.767743590065354,
              59.995789302385546
            ],
            [
              30.76531392508886,
              59.99630466069596
            ],
            [
              30.762937589767326,
              59.9968790715472
            ],
            [
              30.760620299270506,
              59.997511154150224
            ],
            [
              30.75836762775548,
              59.9981993890003
            ],
            [
              30.75618499501881,
              59.99894212150633
            ],
            [
              30.754077653508098,
              59.99973756594417
            ],
            [
              30.752050675723392,
              60.00058380972404
            ],
            [
              30.750108942038406,
              60.001478817962585
            ],
            [
              30.748257128970334,
              60.0024204383486
            ],
            [
              30.746499697926456,
              60.003406406291234
            ],
            [
              30.74484088445428,
              60.00443435033849
            ],
            [
              30.743284688021397,
              60.005501797853434
            ],
            [
              30.741834862349492,
              60.00660618093469
            ],
            [
              30.740494906326436,
              60.00774484256746
            ],
            [
              30.739268055518558,
              60.00891504299032
            ],
            [
              30.73815727430406,
              60.01011396626312
            ],
            [
              30.73716524864748,
              60.01133872702024
            ],
            [
              30.73629437953304,
              60.0125863773933
            ],
            [
              30.735546777073946,
              60.01385391408689
            ],
            [
              30.734924255312635,
              60.015138285590545
            ],
            [
              30.734428327725716,
              60.016436399510006
            ],
            [
              30.734060203445537,
              60.017745129999774
            ],
            [
              30.733820784208866,
              60.01906132527988
            ],
            [
              30.733710662041272,
              60.02038181521843
            ],
            [
              30.733730117684207,
              60.021703418961856
            ],
            [
              30.73387911976994,
              60.02302295259488
            ],
            [
              30.73415732474784,
              60.024337236811
            ],
            [
              30.73456407756354,
              60.02564310457613
            ],
            [
              30.73509841309084,
              60.0269374087657
            ],
            [
              30.73575905831426,
              60.0282170297578
            ],
            [
              30.736544435258434,
              60.02947888296316
            ],
            [
              30.73745266465849,
              60.03071992627421
            ],
            [
              30.738481570364012,
              60.03193716741481
            ],
            [
              30.73962868446702,
              60.033127671172906
            ],
            [
              30.74089125314281,
              60.03428856649837
            ],
            [
              30.74226624319056,
              60.03541705344865
            ],
            [
              30.743750349258914,
              60.03651040996545
            ],
            [
              30.745340001739795,
              60.03756599846532
            ],
            [
              30.747031375312307,
              60.03858127222853
            ],
            [
              30.748820398116536,
              60.03955378157013
            ],
            [
              30.750702761535575,
              60.040481179778105
            ],
            [
              30.752673930562526,
              60.04136122880393
            ],
            [
              30.754729154727666,
              60.04219180469158
            ],
            [
              30.75686347955935,
              60.0429709027313
            ],
            [
              30.75907175855086,
              60.04369664232563
            ],
            [
              30.761348665604316,
              60.0443672715555
            ],
            [
              30.76368870792092,
              60.04498117143498
            ],
            [
              30.766086239306066,
              60.04553685984424
            ],
            [
              30.76853547385664,
              60.046032995130794
            ],
            [
              30.77103049999655,
              60.04646837937015
            ],
            [
              30.773565294825836,
              60.04684196127775
            ],
            [
              30.77613373874775,
              60.047152838764816
            ],
            [
              30.778729630337416,
              60.04740026113184
            ],
            [
              30.781346701414968,
              60.047583630894145
            ],
            [
              30.78397863228573,
              60.04770250523502
            ],
            [
              30.786619067109186,
              60.047756597082845
            ],
            [
              30.789261629358386,
              60.04774577580929
            ],
            [
              30.79189993733121,
              60.047670067547045
            ],
            [
              30.794527619674483,
              60.04752965512638
            ],
            [
              30.797138330882255,
              60.047324877630274
            ],
            [
              30.799725766729363,
              60.04705622956972
            ],
            [
              30.802283679601732,
              60.04672435968096
            ],
            [
              30.804805893685042,
              60.04633006934769
            ],
            [
              30.807286319973933,
              60.045874310652344
            ],
            [
              30.809718971064136,
              60.045358184061215
            ],
            [
              30.812097975690968,
              60.04478293574898
            ],
            [
              30.814417592977808,
              60.04414995456992
            ],
            [
              30.816672226359376,
              60.04346076868256
            ],
            [
              30.81885643714531,
              60.042717041837044
            ],
            [
              30.8209649576906,
              60.04192056933351
            ],
            [
              30.82299270414053,
              60.04107327366263
            ],
            [
              30.824934788718814,
              60.04017719983802
            ],
            [
              30.826786531529056,
              60.03923451043309
            ],
            [
              30.828543471840682,
              60.03824748033388
            ],
            [
              30.83020137883231,
              60.037218491221594
            ],
            [
              30.83175626176633,
              60.03615002579765
            ],
            [
              30.833204379570862,
              60.03504466176646
            ],
            [
              30.834542249805775,
              60.033905065589934
            ],
            [
              30.835766656992096,
              60.032733986029584
            ],
            [
              30.836874660285044,
              60.03153424749215
            ],
            [
              30.837863600473007,
              60.03030874319467
            ],
            [
              30.83873110628652,
              60.02906042816621
            ],
            [
              30.839475100002765,
              60.02779231210319
            ],
            [
              30.840093802333435,
              60.02650745209566
            ],
            [
              30.84058573658508,
              60.02520894524248
            ],
            [
              30.840949732083285,
              60.02389992117325
            ],
            [
              30.84118492685362,
              60.02258353449531
            ],
            [
              30.841290769554348,
              60.02126295718378
            ],
            [
              30.841267020657536,
              60.019941370933644
            ],
            [
              30.84111375287719,
              60.01862195949181
            ],
            [
              30.84083135084483,
              60.017307900987916
            ],
            [
              30.840420510034654,
              60.01600236028239
            ],
            [
              30.839882234942408,
              60.01470848135003
            ],
            [
              30.839217836523684,
              60.013429379717266
            ],
            [
              30.838428928899113,
              60.0121681349717
            ],
            [
              30.837517425335907,
              60.0109277833611
            ],
            [
              30.836485533516463,
              60.00971131050017
            ],
            [
              30.835335750106665,
              60.00852164420204
            ],
            [
              30.834070854638117,
              60.00736164745164
            ],
            [
              30.832693902719964,
              60.006234111537765
            ]
          ]
        ],
        "meta": {
          "shape": "sector"
        }
      },
      "properties": {
        "title": "X2589/26 for None",
        "text": "From: 2026-07-23 07:05:00+00:00\nTo: 2026-07-28 16:55:00+00:00\n\nAIRSPACE CLSD AS FLW:\n\n1. Within SECTOR CENTRE 600115N0304715E AZM 120-300 DEG RADIUS 3KM\n\n   SFC-300M\n\n2. Within SECTOR CENTRE 600115N0304715E AZM 300-120 DEG RADIUS 3KM\n\n   SFC-900M."
      }
    },
    {
      "type": "Feature",
      "geometry": {
        "type": "Polygon",
        "coordinates": [
          [
            [
              27.50888888888889,
              58.862500000000004
            ],
            [
              29.985,
              61.739444444444445
            ],
            [
              30.316666666666666,
              59.95
            ],
            [
              27.50888888888889,
              58.862500000000004
            ]
          ]
        ],
        "meta": {
          "shape": "polygon"
        }
      },
      "properties": {
        "title": "X2600/26 for None",
        "text": "From: 2026-07-24 21:00:00+00:00\nTo: 2026-07-26 21:00:00+00:00\n\nAIRSPACE CLSD Within AREA:\n\n585145N0273032E THEN ALONG STATE BORDER TO 614422N0295906E THEN\n\nCLOCKWISE ALONG ARC RADIUS 200KM CENTRE 595700N0301900E\n\n(SANKT PETERSBURG) TO 585145N0273032E.\n\nCLOSURE NOT AFFECT:\n\n- VIP FLT AND ACFT FOR THEIR SUPPORT,\n\n- INTL AND DOM SKED FLT ALONG ATS RTE."
      }
    },
    {
      "type": "Feature",
      "geometry": {
        "type": "Polygon",
        "coordinates": [
          [
            [
              34.16888888888889,
              61.91694444444444
            ],
            [
              34.125,
              61.925
            ],
            [
              34.09166666666667,
              61.88472222222222
            ],
            [
              34.134166666666665,
              61.876666666666665
            ],
            [
              34.16888888888889,
              61.91694444444444
            ]
          ]
        ],
        "meta": {
          "shape": "polygon"
        }
      },
      "properties": {
        "title": "X2602/26 for None",
        "text": "From: 2026-07-24 00:00:00+00:00\nTo: 2026-07-29 23:59:00+00:00\n\nAIRSPACE CLSD Within AREA:\n\n615501N0341008E-615530N0340730E-615305N0340530E-\n\n615236N0340803E-615501N0341008E"
      }
    },
    {
      "type": "Feature",
      "geometry": {
        "type": "Polygon",
        "coordinates": [
          [
            [
              33.8370919497602,
              58.002321911203495
            ],
            [
              33.83629416735155,
              57.98910818978315
            ],
            [
              33.83427755613899,
              57.97593112006901
            ],
            [
              33.83104830298493,
              57.962822388607215
            ],
            [
              33.826615486124524,
              57.94981348328455
            ],
            [
              33.82099104092789,
              57.9369356184261
            ],
            [
              33.81418971923312,
              57.92421966086528
            ],
            [
              33.806229042458426,
              57.911696057151325
            ],
            [
              33.79712924871086,
              57.899394762052815
            ],
            [
              33.78691323411587,
              57.88734516851101
            ],
            [
              33.77560648859824,
              57.875576039190385
            ],
            [
              33.76323702634946,
              57.86411543976773
            ],
            [
              33.749835311219755,
              57.85299067409564
            ],
            [
              33.73543417727617,
              57.842228221369474
            ],
            [
              33.72006874476837,
              57.83185367542063
            ],
            [
              33.7037763317451,
              57.82189168625329
            ],
            [
              33.68659636156349,
              57.81236590393497
            ],
            [
              33.668570266532264,
              57.80329892494536
            ],
            [
              33.64974138792837,
              57.79471224108125
            ],
            [
              33.630154872624146,
              57.78662619100981
            ],
            [
              33.60985756655931,
              57.77905991455593
            ],
            [
              33.588897905289656,
              57.77203130980336
            ],
            [
              33.56732580184007,
              57.765556993083564
            ],
            [
              33.54519253208725,
              57.75965226192017
            ],
            [
              33.52255061789283,
              57.754331060991156
            ],
            [
              33.49945370820526,
              57.749605951165115
            ],
            [
              33.47595645834434,
              57.745488081662515
            ],
            [
              33.452114407679915,
              57.741987165386696
            ],
            [
              33.42798385591261,
              57.73911145746481
            ],
            [
              33.40362173816185,
              57.73686773703253
            ],
            [
              33.379085499064125,
              57.73526129229146
            ],
            [
              33.35443296608189,
              57.734295908862805
            ],
            [
              33.3297222222222,
              57.733973861455695
            ],
            [
              33.305011478362516,
              57.734295908862805
            ],
            [
              33.28035894538028,
              57.73526129229146
            ],
            [
              33.25582270628255,
              57.73686773703253
            ],
            [
              33.231460588531796,
              57.73911145746481
            ],
            [
              33.207330036764496,
              57.741987165386696
            ],
            [
              33.18348798610006,
              57.7454880816625
            ],
            [
              33.159990736239145,
              57.749605951165115
            ],
            [
              33.13689382655157,
              57.754331060991156
            ],
            [
              33.11425191235716,
              57.75965226192017
            ],
            [
              33.09211864260433,
              57.765556993083564
            ],
            [
              33.07054653915475,
              57.77203130980336
            ],
            [
              33.04958687788509,
              57.77905991455593
            ],
            [
              33.02928957182026,
              57.78662619100981
            ],
            [
              33.00970305651603,
              57.79471224108125
            ],
            [
              32.99087417791214,
              57.80329892494536
            ],
            [
              32.972848082880915,
              57.81236590393497
            ],
            [
              32.95566811269931,
              57.82189168625329
            ],
            [
              32.939375699676035,
              57.83185367542063
            ],
            [
              32.92401026716824,
              57.842228221369474
            ],
            [
              32.90960913322465,
              57.85299067409564
            ],
            [
              32.896207418094946,
              57.86411543976773
            ],
            [
              32.883837955846154,
              57.875576039190385
            ],
            [
              32.87253121032854,
              57.88734516851101
            ],
            [
              32.862315195733544,
              57.899394762052815
            ],
            [
              32.853215401985985,
              57.911696057151325
            ],
            [
              32.845254725211284,
              57.92421966086528
            ],
            [
              32.83845340351651,
              57.936935618426084
            ],
            [
              32.83282895831988,
              57.94981348328455
            ],
            [
              32.82839614145947,
              57.962822388607215
            ],
            [
              32.82516688830541,
              57.97593112006901
            ],
            [
              32.82315027709286,
              57.98910818978315
            ],
            [
              32.82235249468421,
              58.002321911203495
            ],
            [
              32.82277680895907,
              58.01554047482969
            ],
            [
              32.824423548018515,
              58.02873202454054
            ],
            [
              32.82729008637728,
              58.04186473437548
            ],
            [
              32.831370838302476,
              58.054906885581254
            ],
            [
              32.836657258441214,
              58.06782694373527
            ],
            [
              32.84313784986145,
              58.08059363575531
            ],
            [
              32.85079817961096,
              58.09317602660075
            ],
            [
              32.85962090187817,
              58.10554359546922
            ],
            [
              32.869585788816295,
              58.11766631129004
            ],
            [
              32.88066976906812,
              58.129514707314456
            ],
            [
              32.89284697400389,
              58.14105995460243
            ],
            [
              32.90608879165811,
              58.15227393420531
            ],
            [
              32.92036392832379,
              58.16312930784456
            ],
            [
              32.935638477734436,
              58.173599586888166
            ],
            [
              32.951875997734724,
              58.183659199428256
            ],
            [
              32.969037594311295,
              58.193283555266795
            ],
            [
              32.98708201282497,
              58.20244910861941
            ],
            [
              33.00596573625543,
              58.21113341835217
            ],
            [
              33.02564309023876,
              58.21931520557149
            ],
            [
              33.04606635464872,
              58.22697440839309
            ],
            [
              33.06718588144259,
              58.23409223372293
            ],
            [
              33.08895021846323,
              58.24065120589096
            ],
            [
              33.111306238861644,
              58.24663521198606
            ],
            [
              33.13419927577628,
              58.25202954375088
            ],
            [
              33.15757326188086,
              58.25682093590365
            ],
            [
              33.18137087338718,
              58.26099760076566
            ],
            [
              33.20553367806809,
              58.26454925908362
            ],
            [
              33.23000228684459,
              58.26746716694754
            ],
            [
              33.254716508463304,
              58.269744138717556
            ],
            [
              33.27961550677439,
              58.271374565884926
            ],
            [
              33.30463796010614,
              58.27235443180617
            ],
            [
              33.3297222222222,
              58.27268132226193
            ],
            [
              33.35480648433826,
              58.27235443180617
            ],
            [
              33.37982893767002,
              58.271374565884926
            ],
            [
              33.4047279359811,
              58.269744138717556
            ],
            [
              33.42944215759982,
              58.26746716694754
            ],
            [
              33.45391076637631,
              58.26454925908362
            ],
            [
              33.47807357105722,
              58.26099760076566
            ],
            [
              33.50187118256354,
              58.25682093590365
            ],
            [
              33.52524516866812,
              58.25202954375088
            ],
            [
              33.54813820558277,
              58.24663521198606
            ],
            [
              33.570494225981165,
              58.24065120589096
            ],
            [
              33.59225856300181,
              58.23409223372295
            ],
            [
              33.61337808979568,
              58.22697440839309
            ],
            [
              33.63380135420565,
              58.21931520557149
            ],
            [
              33.65347870818897,
              58.21113341835217
            ],
            [
              33.672362431619426,
              58.20244910861941
            ],
            [
              33.690406850133115,
              58.193283555266795
            ],
            [
              33.70756844670968,
              58.183659199428256
            ],
            [
              33.72380596670997,
              58.17359958688815
            ],
            [
              33.739080516120616,
              58.16312930784456
            ],
            [
              33.753355652786304,
              58.15227393420531
            ],
            [
              33.76659747044051,
              58.14105995460243
            ],
            [
              33.77877467537629,
              58.129514707314456
            ],
            [
              33.78985865562811,
              58.11766631129004
            ],
            [
              33.79982354256623,
              58.10554359546922
            ],
            [
              33.80864626483344,
              58.09317602660075
            ],
            [
              33.816306594582954,
              58.08059363575531
            ],
            [
              33.82278718600319,
              58.06782694373527
            ],
            [
              33.82807360614193,
              58.054906885581254
            ],
            [
              33.83215435806712,
              58.041864734375494
            ],
            [
              33.83502089642589,
              58.02873202454054
            ],
            [
              33.836667635485334,
              58.01554047482969
            ],
            [
              33.8370919497602,
              58.002321911203495
            ]
          ]
        ],
        "meta": {
          "shape": "circle"
        }
      },
      "properties": {
        "title": "X2604/26 for None",
        "text": "From: 2026-07-24 21:00:00+00:00\nTo: 2026-07-30 20:59:00+00:00\n\nAIRSPACE CLSD Within CIRCLE RADIUS 30KM CENTRE 580012N0331947E.\n\nCLOSURE NOT AFFECT:\n\n- STATE AVIATION.\n\n- VIP FLTS AND SUPPORTING ACFT."
      }
    },
    {
      "type": "Feature",
      "geometry": {
        "type": "Polygon",
        "coordinates": [
          [
            [
              34.52195391271893,
              58.506837848978726
            ],
            [
              34.518203017567586,
              58.46608228148642
            ],
            [
              34.510653447979415,
              58.42547157205254
            ],
            [
              34.499336320502174,
              58.385102869737594
            ],
            [
              34.48429144767155,
              58.34507241640373
            ],
            [
              34.465567126279694,
              58.30547532654132
            ],
            [
              34.4432199112957,
              58.26640537264915
            ],
            [
              34.417314376888385,
              58.22795477650944
            ],
            [
              34.3879228659438,
              58.1902140066639
            ],
            [
              34.35512522940423,
              58.153271582363914
            ],
            [
              34.319008556684835,
              58.11721388423614
            ],
            [
              34.27966689834792,
              58.08212497187598
            ],
            [
              34.237200982135846,
              58.048086408553345
            ],
            [
              34.191717923381994,
              58.01517709319033
            ],
            [
              34.14333093073631,
              57.98347309974631
            ],
            [
              34.092159008058644,
              57.95304752412567
            ],
            [
              34.03832665325026,
              57.92397033870318
            ],
            [
              33.98196355471219,
              57.89630825454524
            ],
            [
              33.92320428603913,
              57.87012459138994
            ],
            [
              33.862187999480454,
              57.84547915543485
            ],
            [
              33.799058118624984,
              57.8224281249701
            ],
            [
              33.73396203069538,
              57.801023943883855
            ],
            [
              33.667050778770616,
              57.78131522305907
            ],
            [
              33.59847875419137,
              57.76334664967284
            ],
            [
              33.52840338934447,
              57.74715890440396
            ],
            [
              33.45698485096771,
              57.73278858655025
            ],
            [
              33.38438573406658,
              57.720268147052906
            ],
            [
              33.31077075648939,
              57.70962582942342
            ],
            [
              33.23630645416676,
              57.700885618566716
            ],
            [
              33.16116087698652,
              57.6940671974934
            ],
            [
              33.08550328524439,
              57.689185911914294
            ],
            [
              33.00950384658573,
              57.68625274271051
            ],
            [
              32.9333333333333,
              57.685274286273405
            ],
            [
              32.85716282008087,
              57.68625274271051
            ],
            [
              32.78116338142221,
              57.689185911914294
            ],
            [
              32.705505789680075,
              57.6940671974934
            ],
            [
              32.63036021249984,
              57.700885618566716
            ],
            [
              32.555895910177206,
              57.70962582942342
            ],
            [
              32.48228093260001,
              57.7202681470529
            ],
            [
              32.409681815698896,
              57.73278858655025
            ],
            [
              32.33826327732213,
              57.74715890440396
            ],
            [
              32.26818791247523,
              57.76334664967284
            ],
            [
              32.19961588789599,
              57.78131522305907
            ],
            [
              32.132704635971216,
              57.801023943883855
            ],
            [
              32.06760854804162,
              57.8224281249701
            ],
            [
              32.00447866718614,
              57.84547915543485
            ],
            [
              31.943462380627466,
              57.87012459138994
            ],
            [
              31.88470311195441,
              57.89630825454524
            ],
            [
              31.828340013416337,
              57.92397033870318
            ],
            [
              31.774507658607952,
              57.95304752412567
            ],
            [
              31.723335735930284,
              57.98347309974631
            ],
            [
              31.674948743284606,
              58.01517709319033
            ],
            [
              31.629465684530754,
              58.048086408553345
            ],
            [
              31.586999768318687,
              58.08212497187598
            ],
            [
              31.547658109981768,
              58.11721388423614
            ],
            [
              31.51154143726237,
              58.153271582363914
            ],
            [
              31.4787438007228,
              58.1902140066639
            ],
            [
              31.44935228977821,
              58.22795477650944
            ],
            [
              31.423446755370904,
              58.26640537264915
            ],
            [
              31.4010995403869,
              58.30547532654132
            ],
            [
              31.382375218995048,
              58.34507241640373
            ],
            [
              31.367330346164426,
              58.385102869737594
            ],
            [
              31.356013218687185,
              58.42547157205254
            ],
            [
              31.34846364909901,
              58.46608228148642
            ],
            [
              31.34471275394767,
              58.506837848978726
            ],
            [
              31.34478275790972,
              58.54764044362021
            ],
            [
              31.348686815295057,
              58.588391782762784
            ],
            [
              31.356428850507967,
              58.62899336643578
            ],
            [
              31.36800341904875,
              58.669346715573916
            ],
            [
              31.38339559064272,
              58.70935361352256
            ],
            [
              31.402580856069793,
              58.74891635024574
            ],
            [
              31.425525059239014,
              58.78793796862123
            ],
            [
              31.452184356005528,
              58.826322512168346
            ],
            [
              31.48250520116268,
              58.86397527351557
            ],
            [
              31.516424364958553,
              58.90080304287813
            ],
            [
              31.553868980383175,
              58.936714355780914
            ],
            [
              31.594756622350232,
              58.97161973923069
            ],
            [
              31.638995419755588,
              59.00543195551227
            ],
            [
              31.686484201233814,
              59.038066242758106
            ],
            [
              31.737112675254803,
              59.06944055142074
            ],
            [
              31.790761645006764,
              59.09947577576015
            ],
            [
              31.84730325829847,
              59.128095979448354
            ],
            [
              31.906601292488165,
              59.15522861438787
            ],
            [
              31.968511474207286,
              59.180804731841164
            ],
            [
              32.03288183339883,
              59.20475918497602
            ],
            [
              32.09955309093465,
              59.22703082194558
            ],
            [
              32.1683590788161,
              59.24756266864204
            ],
            [
              32.23912719170157,
              59.26630210029103
            ],
            [
              32.31167886824565,
              59.28320100108901
            ],
            [
              32.38583010048156,
              59.29821591112625
            ],
            [
              32.46139196923454,
              59.31130815988759
            ],
            [
              32.53817120332193,
              59.32244398567754
            ],
            [
              32.61597076008042,
              59.33159464037712
            ],
            [
              32.69459042456373,
              59.33873647900674
            ],
            [
              32.773827424579565,
              59.34385103364063
            ],
            [
              32.85347705858462,
              59.34692507129564
            ],
            [
              32.9333333333333,
              59.347950635495366
            ],
            [
              33.01318960808198,
              59.34692507129564
            ],
            [
              33.09283924208704,
              59.34385103364065
            ],
            [
              33.17207624210287,
              59.33873647900674
            ],
            [
              33.250695906586174,
              59.33159464037713
            ],
            [
              33.328495463344666,
              59.32244398567754
            ],
            [
              33.40527469743206,
              59.31130815988759
            ],
            [
              33.48083656618504,
              59.29821591112625
            ],
            [
              33.55498779842095,
              59.28320100108901
            ],
            [
              33.62753947496503,
              59.26630210029103
            ],
            [
              33.6983075878505,
              59.24756266864204
            ],
            [
              33.76711357573195,
              59.22703082194561
            ],
            [
              33.83378483326776,
              59.204759184976034
            ],
            [
              33.898155192459306,
              59.180804731841164
            ],
            [
              33.96006537417843,
              59.15522861438788
            ],
            [
              34.01936340836813,
              59.128095979448354
            ],
            [
              34.07590502165983,
              59.09947577576015
            ],
            [
              34.12955399141179,
              59.06944055142074
            ],
            [
              34.18018246543279,
              59.03806624275812
            ],
            [
              34.22767124691101,
              59.00543195551227
            ],
            [
              34.27191004431637,
              58.971619739230704
            ],
            [
              34.31279768628343,
              58.936714355780914
            ],
            [
              34.35024230170804,
              58.90080304287813
            ],
            [
              34.384161465503915,
              58.86397527351557
            ],
            [
              34.41448231066107,
              58.826322512168346
            ],
            [
              34.44114160742758,
              58.78793796862123
            ],
            [
              34.464085810596806,
              58.74891635024574
            ],
            [
              34.483271076023875,
              58.70935361352256
            ],
            [
              34.49866324761784,
              58.6693467155739
            ],
            [
              34.51023781615863,
              58.62899336643579
            ],
            [
              34.51797985137154,
              58.588391782762784
            ],
            [
              34.521883908756884,
              58.54764044362021
            ],
            [
              34.52195391271893,
              58.506837848978726
            ]
          ]
        ]
      },
      "properties": {
        "title": "X2605/26 for None",
        "text": "From: 2026-07-24 21:00:00+00:00\nTo: 2026-07-30 20:59:00+00:00\n\nATS RTE SEGMENTS CLSD:\n\nKR213 NINGO-SOZIN 400M AMSL-400M AMSL\n\nKR213 SOZIN-USOMA 350M AMSL-800M AMSL\n\nN50  NINGO-TULPA FL055-FL270\n\nP145 ODATI-ROBGA FL265-FL270\n\nT561 ODATI-UDAPI FL135-FL270\n\nT561 UDAPI-INBAP FL055-FL270\n\nT875 ODATI-BOKRU FL195-FL270\n\nT875 BOKRU-DITOT FL055-FL270."
      }
    },
    {
      "type": "Feature",
      "geometry": {
        "type": "Polygon",
        "coordinates": [
          [
            [
              29.09722222222222,
              60.73916666666667
            ],
            [
              29.040555555555557,
              60.770833333333336
            ],
            [
              29.041111111111114,
              60.81722222222223
            ],
            [
              29.098888888888887,
              60.87111111111111
            ],
            [
              29.3175,
              60.88055555555555
            ],
            [
              29.325,
              60.87305555555555
            ],
            [
              29.198333333333334,
              60.836111111111116
            ],
            [
              29.22722222222222,
              60.809999999999995
            ],
            [
              29.22721776383102,
              60.80999757074838
            ],
            [
              29.29388888888889,
              60.749722222222225
            ],
            [
              29.241666666666667,
              60.7025
            ],
            [
              29.15611111111111,
              60.705555555555556
            ],
            [
              29.09722222222222,
              60.73916666666667
            ]
          ]
        ],
        "meta": {
          "shape": "polygon"
        }
      },
      "properties": {
        "title": "X2607/26 for None",
        "text": "From: 2026-07-23 08:00:00+00:00\nTo: 2026-07-28 16:45:00+00:00\n\nAIRSPACE CLSD AS FLW:\n\n1. AREA: 604421N0290550E-604615N0290226E-604902N0290228E-\n\n         605216N0290556E-605250N0291903E-605223N0291930E-\n\n         605010N0291154E-604836N0291338E-604421N0290550E\n\n   800M AMSL-4500M AMSL.\n\n2. AREA: 604220N0290922E-604421N0290550E-605010N0291154E-\n\n         604459N0291738E-604209N0291430E-604220N0290922E\n\n   GND-850M AMSL."
      }
    },
    {
      "type": "Feature",
      "geometry": {
        "type": "Polygon",
        "coordinates": [
          [
            [
              30.69487751209631,
              60.89439624952311
            ],
            [
              30.692272296997558,
              60.865055940103986
            ],
            [
              30.686725562332267,
              60.835812976536616
            ],
            [
              30.67825862448348,
              60.80673743882859
            ],
            [
              30.666899618400592,
              60.777898817386074
            ],
            [
              30.652683357602122,
              60.749365851829495
            ],
            [
              30.635651181513612,
              60.721206373278534
            ],
            [
              30.615850791101874,
              60.69348715039409
            ],
            [
              30.593336073745068,
              60.666273739442246
            ],
            [
              30.568166918251002,
              60.639630338624656
            ],
            [
              30.54040902090333,
              60.61361964689817
            ],
            [
              30.510133683379287,
              60.58830272748772
            ],
            [
              30.47741760334279,
              60.56373887627668
            ],
            [
              30.44234265847346,
              60.53998549524159
            ],
            [
              30.404995684648082,
              60.51709797108139
            ],
            [
              30.365468248944005,
              60.49512955917471
            ],
            [
              30.323856418087395,
              60.47413127298506
            ],
            [
              30.280260522920788,
              60.454151779019334
            ],
            [
              30.234784919417656,
              60.43523729743289
            ],
            [
              30.18753774672415,
              60.417431508362675
            ],
            [
              30.138630682662466,
              60.400775464059436
            ],
            [
              30.088178697085567,
              60.38530750688079
            ],
            [
              30.036299803430236,
              60.37106319319769
            ],
            [
              29.983114808774257,
              60.35807522326004
            ],
            [
              29.928747062665437,
              60.346373377059216
            ],
            [
              29.873322204953396,
              60.33598445622081
            ],
            [
              29.816967912822488,
              60.32693223195361
            ],
            [
              29.75981364719304,
              60.319237399077885
            ],
            [
              29.7019903986313,
              60.31291753615119
            ],
            [
              29.64363043288379,
              60.30798707170626
            ],
            [
              29.5848670361311,
              60.304457256612935
            ],
            [
              29.52583426003853,
              60.302336142573026
            ],
            [
              29.4666666666667,
              60.301628566754985
            ],
            [
              29.40749907329487,
              60.302336142573026
            ],
            [
              29.348466297202297,
              60.304457256612935
            ],
            [
              29.289702900449612,
              60.30798707170626
            ],
            [
              29.2313429347021,
              60.31291753615119
            ],
            [
              29.173519686140356,
              60.319237399077885
            ],
            [
              29.11636542051091,
              60.32693223195361
            ],
            [
              29.06001112838,
              60.33598445622081
            ],
            [
              29.004586270667964,
              60.346373377059216
            ],
            [
              28.95021852455914,
              60.35807522326004
            ],
            [
              28.897033529903165,
              60.37106319319769
            ],
            [
              28.84515463624783,
              60.38530750688079
            ],
            [
              28.79470265067093,
              60.400775464059436
            ],
            [
              28.745795586609248,
              60.417431508362675
            ],
            [
              28.698548413915745,
              60.43523729743289
            ],
            [
              28.653072810412613,
              60.454151779019334
            ],
            [
              28.609476915246006,
              60.47413127298506
            ],
            [
              28.567865084389393,
              60.49512955917471
            ],
            [
              28.528337648685323,
              60.51709797108139
            ],
            [
              28.490990674859933,
              60.53998549524159
            ],
            [
              28.455915729990608,
              60.56373887627668
            ],
            [
              28.42319964995412,
              60.58830272748772
            ],
            [
              28.392924312430075,
              60.61361964689817
            ],
            [
              28.365166415082392,
              60.639630338624656
            ],
            [
              28.339997259588326,
              60.666273739442246
            ],
            [
              28.317482542231527,
              60.69348715039408
            ],
            [
              28.29768215181979,
              60.721206373278534
            ],
            [
              28.280649975731272,
              60.749365851829495
            ],
            [
              28.266433714932806,
              60.777898817386074
            ],
            [
              28.255074708849925,
              60.80673743882859
            ],
            [
              28.246607771001138,
              60.835812976536616
            ],
            [
              28.241061036335843,
              60.865055940103986
            ],
            [
              28.23845582123709,
              60.89439624952311
            ],
            [
              28.238806497165957,
              60.923763399528504
            ],
            [
              28.24212037893247,
              60.95308662676686
            ],
            [
              28.248397628578537,
              60.982295079436966
            ],
            [
              28.257631175850666,
              61.01131798902054
            ],
            [
              28.269806656223086,
              61.04008484370134
            ],
            [
              28.2849023674058,
              61.06852556304753
            ],
            [
              28.302889245235246,
              61.09657067351037
            ],
            [
              28.323730859798633,
              61.124151484270875
            ],
            [
              28.34738343258533,
              61.151200262946546
            ],
            [
              28.37379587539024,
              61.17765041065088
            ],
            [
              28.40290985161499,
              61.203436635882454
            ],
            [
              28.434659860522775,
              61.22849512670433
            ],
            [
              28.468973344902132,
              61.25276372066227
            ],
            [
              28.50577082248489,
              61.276182071879695
            ],
            [
              28.54496604134329,
              61.29869181475977
            ],
            [
              28.586466159363486,
              61.32023672371986
            ],
            [
              28.630171947755837,
              61.340762868382505
            ],
            [
              28.67597801842051,
              61.360218763648604
            ],
            [
              28.723773074838487,
              61.378555514083764
            ],
            [
              28.773440186006045,
              61.3957269520576
            ],
            [
              28.824857082777214,
              61.41168976908883
            ],
            [
              28.87789647582267,
              61.42640363986508
            ],
            [
              28.932426394260236,
              61.43983133842668
            ],
            [
              28.988310543860088,
              61.451938846028
            ],
            [
              29.04540868358128,
              61.462695450217545
            ],
            [
              29.10357701905519,
              61.472073834709235
            ],
            [
              29.16266861149927,
              61.48005015965229
            ],
            [
              29.222533800421385,
              61.48660413194503
            ],
            [
              29.283020638363862,
              61.49171906527882
            ],
            [
              29.343975335837758,
              61.49538192964197
            ],
            [
              29.405242714513715,
              61.497583390059184
            ],
            [
              29.4666666666667,
              61.49831783439
            ],
            [
              29.528090618819686,
              61.497583390059184
            ],
            [
              29.589357997495636,
              61.49538192964199
            ],
            [
              29.650312694969536,
              61.49171906527882
            ],
            [
              29.710799532912006,
              61.48660413194503
            ],
            [
              29.770664721834127,
              61.48005015965229
            ],
            [
              29.829756314278207,
              61.472073834709235
            ],
            [
              29.887924649752122,
              61.462695450217545
            ],
            [
              29.945022789473313,
              61.451938846028
            ],
            [
              30.00090693907317,
              61.43983133842668
            ],
            [
              30.055436857510728,
              61.42640363986508
            ],
            [
              30.108476250556187,
              61.411689769088845
            ],
            [
              30.159893147327356,
              61.3957269520576
            ],
            [
              30.209560258494914,
              61.378555514083764
            ],
            [
              30.25735531491289,
              61.360218763648604
            ],
            [
              30.30316138557757,
              61.340762868382505
            ],
            [
              30.34686717396991,
              61.32023672371986
            ],
            [
              30.388367291990107,
              61.29869181475977
            ],
            [
              30.427562510848507,
              61.276182071879695
            ],
            [
              30.464359988431276,
              61.25276372066226
            ],
            [
              30.49867347281063,
              61.22849512670433
            ],
            [
              30.53042348171841,
              61.203436635882454
            ],
            [
              30.559537457943154,
              61.17765041065088
            ],
            [
              30.585949900748066,
              61.151200262946546
            ],
            [
              30.609602473534775,
              61.124151484270875
            ],
            [
              30.630444088098155,
              61.09657067351037
            ],
            [
              30.64843096592761,
              61.06852556304753
            ],
            [
              30.663526677110315,
              61.04008484370134
            ],
            [
              30.675702157482732,
              61.01131798902054
            ],
            [
              30.68493570475486,
              60.982295079436966
            ],
            [
              30.691212954400935,
              60.95308662676686
            ],
            [
              30.694526836167444,
              60.923763399528504
            ],
            [
              30.69487751209631,
              60.89439624952311
            ]
          ]
        ]
      },
      "properties": {
        "title": "X2609/26 for None",
        "text": "From: 2026-07-23 08:00:00+00:00\nTo: 2026-07-28 16:45:00+00:00\n\nFLW ATS RTE SEGMENTS CLSD:\n\nL254 PETAP-VULEZ,\n\nP157 MASIS-RATLA,\n\nT562 VEKIL-RATLA."
      }
    },
    {
      "type": "Feature",
      "geometry": {
        "type": "Polygon",
        "coordinates": [
          [
            [
              33.57699415866765,
              58.224147613102716
            ],
            [
              33.57690657569882,
              58.22234145952282
            ],
            [
              33.576651143101685,
              58.220539748013614
            ],
            [
              33.57622850153559,
              58.21874681805553
            ],
            [
              33.57563969398003,
              58.21696698732801
            ],
            [
              33.574886162983574,
              58.215204541323786
            ],
            [
              33.57396974695738,
              58.21346372304691
            ],
            [
              33.5728926755245,
              58.21174872281877
            ],
            [
              33.57165756393834,
              58.21006366821689
            ],
            [
              33.57026740658567,
              58.2084126141698
            ],
            [
              33.56872556959175,
              58.20679953323197
            ],
            [
              33.56703578254711,
              58.2052283060616
            ],
            [
              33.56520212937743,
              58.203702712123786
            ],
            [
              33.56322903838,
              58.202226420640855
            ],
            [
              33.56112127145178,
              58.20080298181138
            ],
            [
              33.5588839125362,
              58.19943581831814
            ],
            [
              33.556522355317085,
              58.19812821714522
            ],
            [
              33.554042290190075,
              58.19688332172313
            ],
            [
              33.5514496905431,
              58.19570412442031
            ],
            [
              33.54875079837918,
              58.19459345939872
            ],
            [
              33.5459521093159,
              58.193553995849584
            ],
            [
              33.54306035699752,
              58.1925882316256
            ],
            [
              33.54008249695647,
              58.19169848728388
            ],
            [
              33.537025689962476,
              58.190886900553735
            ],
            [
              33.5338972848983,
              58.19015542124169
            ],
            [
              33.530704801202184,
              58.1895058065859
            ],
            [
              33.52745591091788,
              58.18893961707037
            ],
            [
              33.52415842039385,
              58.18845821270876
            ],
            [
              33.52082025167421,
              58.188062749806186
            ],
            [
              33.51744942362396,
              58.18775417820664
            ],
            [
              33.51405403283247,
              58.187533239032106
            ],
            [
              33.51064223433862,
              58.18740046291876
            ],
            [
              33.5072222222222,
              58.18735616875422
            ],
            [
              33.503802210105775,
              58.18740046291876
            ],
            [
              33.50039041161193,
              58.187533239032106
            ],
            [
              33.496995020820435,
              58.18775417820664
            ],
            [
              33.49362419277019,
              58.188062749806186
            ],
            [
              33.49028602405054,
              58.18845821270876
            ],
            [
              33.486988533526514,
              58.18893961707037
            ],
            [
              33.48373964324221,
              58.1895058065859
            ],
            [
              33.48054715954609,
              58.19015542124169
            ],
            [
              33.47741875448192,
              58.190886900553735
            ],
            [
              33.47436194748792,
              58.19169848728388
            ],
            [
              33.47138408744688,
              58.1925882316256
            ],
            [
              33.468492335128495,
              58.193553995849584
            ],
            [
              33.46569364606522,
              58.19459345939872
            ],
            [
              33.4629947539013,
              58.19570412442031
            ],
            [
              33.46040215425432,
              58.19688332172313
            ],
            [
              33.45792208912731,
              58.19812821714522
            ],
            [
              33.45556053190819,
              58.19943581831814
            ],
            [
              33.45332317299261,
              58.20080298181138
            ],
            [
              33.45121540606439,
              58.202226420640855
            ],
            [
              33.44924231506696,
              58.203702712123786
            ],
            [
              33.447408661897285,
              58.2052283060616
            ],
            [
              33.445718874852645,
              58.20679953323197
            ],
            [
              33.44417703785872,
              58.2084126141698
            ],
            [
              33.44278688050606,
              58.21006366821689
            ],
            [
              33.441551768919894,
              58.21174872281877
            ],
            [
              33.44047469748701,
              58.21346372304691
            ],
            [
              33.43955828146082,
              58.215204541323786
            ],
            [
              33.43880475046437,
              58.21696698732801
            ],
            [
              33.43821594290881,
              58.21874681805553
            ],
            [
              33.43779330134271,
              58.220539748013614
            ],
            [
              33.43753786874557,
              58.22234145952282
            ],
            [
              33.43745028577674,
              58.224147613102716
            ],
            [
              33.437530788988525,
              58.225953857916174
            ],
            [
              33.43777921001028,
              58.22775584224746
            ],
            [
              33.438194975707724,
              58.2295492239887
            ],
            [
              33.4387771093195,
              58.23132968110958
            ],
            [
              33.43952423257056,
              58.23309292208488
            ],
            [
              33.4404345687597,
              58.23483469625457
            ],
            [
              33.441505946815866,
              58.23655080409152
            ],
            [
              33.44273580631592,
              58.238237107351395
            ],
            [
              33.44412120345353,
              58.239889539080444
            ],
            [
              33.44565881794692,
              58.2415041134564
            ],
            [
              33.44734496087064,
              58.24307693543849
            ],
            [
              33.44917558339401,
              58.24460421020273
            ],
            [
              33.45114628640668,
              58.246082252339576
            ],
            [
              33.45325233100947,
              58.2475074947907
            ],
            [
              33.45548864984617,
              58.24887649750352
            ],
            [
              33.45784985924967,
              58.25018595578125
            ],
            [
              33.460330272174296,
              58.25143270830845
            ],
            [
              33.46292391188284,
              58.2526137448317
            ],
            [
              33.46562452635623,
              58.25372621347642
            ],
            [
              33.46842560339029,
              58.254767427681415
            ],
            [
              33.471320386343514,
              58.255734872734195
            ],
            [
              33.474301890496946,
              58.25662621189033
            ],
            [
              33.47736291998621,
              58.257439292061534
            ],
            [
              33.480496085263674,
              58.25817214905858
            ],
            [
              33.48369382104766,
              58.25882301237543
            ],
            [
              33.486948404713935,
              58.25939030950272
            ],
            [
              33.49025197508356,
              58.25987266975985
            ],
            [
              33.493596551560074,
              58.26026892763586
            ],
            [
              33.49697405356809,
              58.26057812563071
            ],
            [
              33.500376320244186,
              58.260799516589856
            ],
            [
              33.503795130330715,
              58.26093256552618
            ],
            [
              33.5072222222222,
              58.26097695092457
            ],
            [
              33.51064931411368,
              58.26093256552618
            ],
            [
              33.51406812420021,
              58.260799516589856
            ],
            [
              33.517470390876305,
              58.26057812563071
            ],
            [
              33.52084789288432,
              58.26026892763586
            ],
            [
              33.524192469360834,
              58.25987266975985
            ],
            [
              33.52749603973046,
              58.25939030950272
            ],
            [
              33.53075062339673,
              58.25882301237543
            ],
            [
              33.53394835918072,
              58.25817214905858
            ],
            [
              33.53708152445819,
              58.257439292061534
            ],
            [
              33.54014255394745,
              58.25662621189033
            ],
            [
              33.54312405810089,
              58.255734872734195
            ],
            [
              33.546018841054114,
              58.254767427681415
            ],
            [
              33.548819918088164,
              58.25372621347642
            ],
            [
              33.551520532561554,
              58.2526137448317
            ],
            [
              33.554114172270104,
              58.25143270830845
            ],
            [
              33.55659458519472,
              58.25018595578125
            ],
            [
              33.55895579459822,
              58.24887649750352
            ],
            [
              33.56119211343491,
              58.24750749479072
            ],
            [
              33.56329815803772,
              58.246082252339576
            ],
            [
              33.56526886105039,
              58.24460421020273
            ],
            [
              33.567099483573756,
              58.24307693543849
            ],
            [
              33.56878562649748,
              58.2415041134564
            ],
            [
              33.57032324099087,
              58.239889539080444
            ],
            [
              33.57170863812847,
              58.238237107351395
            ],
            [
              33.57293849762853,
              58.23655080409152
            ],
            [
              33.5740098756847,
              58.23483469625459
            ],
            [
              33.57492021187383,
              58.233092922084865
            ],
            [
              33.57566733512489,
              58.23132968110958
            ],
            [
              33.57624946873667,
              58.2295492239887
            ],
            [
              33.57666523443412,
              58.22775584224746
            ],
            [
              33.57691365545587,
              58.225953857916174
            ],
            [
              33.57699415866765,
              58.224147613102716
            ]
          ]
        ],
        "meta": {
          "shape": "circle"
        }
      },
      "properties": {
        "title": "X2610/26 for None",
        "text": "From: 2026-07-23 07:00:00+00:00\nTo: 2026-07-28 16:00:00+00:00\n\nAIRSPACE CLSD Within CIRCLE RADIUS 4.1KM CENTRE 581327N0333026E."
      }
    },
    {
      "type": "Feature",
      "geometry": {
        "type": "Polygon",
        "coordinates": [
          [
            [
              51.737807234736515,
              61.8499881989735
            ],
            [
              51.7377361592248,
              61.84866734759597
            ],
            [
              51.737528017797956,
              61.84734973462224
            ],
            [
              51.737183329385765,
              61.84603853367879
            ],
            [
              51.736702941526545,
              61.8447369025446
            ],
            [
              51.73608802816038,
              61.84344797555375
            ],
            [
              51.73534008664092,
              61.842174856058165
            ],
            [
              51.73446093397469,
              61.84092060896861
            ],
            [
              51.73345270229815,
              61.83968825339186
            ],
            [
              51.73231783360518,
              61.83848075538128
            ],
            [
              51.73105907373853,
              61.83730102081849
            ],
            [
              51.72967946566139,
              61.83615188844245
            ],
            [
              51.72818234202593,
              61.835036123042975
            ],
            [
              51.72657131705806,
              61.83395640883458
            ],
            [
              51.724850277778415,
              61.83291534302606
            ],
            [
              51.72302337458176,
              61.83191542960139
            ],
            [
              51.72109501119773,
              61.830959073326135
            ],
            [
              51.719069834057684,
              61.830048573993835
            ],
            [
              51.71695272109336,
              61.82918612092545
            ],
            [
              51.71474876999457,
              61.82837378773496
            ],
            [
              51.71246328595388,
              61.82761352737353
            ],
            [
              51.710101768927736,
              61.82690716746322
            ],
            [
              51.70766990044433,
              61.82625640593173
            ],
            [
              51.705173529989224,
              61.825662806958086
            ],
            [
              51.702618661001104,
              61.825127797238515
            ],
            [
              51.70001143651031,
              61.82465266258146
            ],
            [
              51.697358124453906,
              61.824238544839524
            ],
            [
              51.69466510270158,
              61.82388643918539
            ],
            [
              51.69193884382713,
              61.82359719173811
            ],
            [
              51.68918589966104,
              61.82337149754523
            ],
            [
              51.686412885659884,
              61.82320989892536
            ],
            [
              51.68362646512876,
              61.823112784175144
            ],
            [
              51.6808333333333,
              61.82308038664347
            ],
            [
              51.67804020153783,
              61.823112784175144
            ],
            [
              51.67525378100671,
              61.82320989892536
            ],
            [
              51.67248076700555,
              61.82337149754523
            ],
            [
              51.66972782283946,
              61.82359719173811
            ],
            [
              51.667001563965016,
              61.82388643918539
            ],
            [
              51.66430854221269,
              61.824238544839524
            ],
            [
              51.66165523015629,
              61.82465266258146
            ],
            [
              51.65904800566549,
              61.825127797238515
            ],
            [
              51.65649313667737,
              61.825662806958086
            ],
            [
              51.653996766222264,
              61.82625640593173
            ],
            [
              51.65156489773886,
              61.82690716746322
            ],
            [
              51.64920338071272,
              61.82761352737353
            ],
            [
              51.64691789667202,
              61.82837378773496
            ],
            [
              51.64471394557324,
              61.82918612092545
            ],
            [
              51.64259683260891,
              61.830048573993835
            ],
            [
              51.64057165546886,
              61.830959073326135
            ],
            [
              51.638643292084836,
              61.83191542960139
            ],
            [
              51.636816388888185,
              61.83291534302606
            ],
            [
              51.635095349608534,
              61.83395640883458
            ],
            [
              51.63348432464066,
              61.835036123042975
            ],
            [
              51.6319872010052,
              61.83615188844245
            ],
            [
              51.630607592928065,
              61.83730102081849
            ],
            [
              51.62934883306142,
              61.83848075538128
            ],
            [
              51.628213964368435,
              61.83968825339185
            ],
            [
              51.627205732691905,
              61.84092060896861
            ],
            [
              51.626326580025676,
              61.842174856058165
            ],
            [
              51.62557863850621,
              61.84344797555375
            ],
            [
              51.62496372514005,
              61.8447369025446
            ],
            [
              51.624483337280836,
              61.84603853367879
            ],
            [
              51.62413864886864,
              61.84734973462224
            ],
            [
              51.62393050744179,
              61.84866734759597
            ],
            [
              51.62385943193008,
              61.8499881989735
            ],
            [
              51.623925611236196,
              61.85130910692043
            ],
            [
              51.624128903610455,
              61.85262688905751
            ],
            [
              51.62446883682198,
              61.85393837012916
            ],
            [
              51.624944609127525,
              61.855240389658576
            ],
            [
              51.625555091037235,
              61.856529809571285
            ],
            [
              51.62629882787469,
              61.85780352176826
            ],
            [
              51.627174043126736,
              61.8590584556307
            ],
            [
              51.62817864257629,
              61.86029158543786
            ],
            [
              51.62931021920983,
              61.861499937680094
            ],
            [
              51.6305660588889,
              61.86268059824915
            ],
            [
              51.63194314677341,
              61.86383071948809
            ],
            [
              51.633438174482016,
              61.86494752708383
            ],
            [
              51.635047547973876,
              61.86602832678496
            ],
            [
              51.63676739613301,
              61.86707051092882
            ],
            [
              51.63859358003594,
              61.868071564761244
            ],
            [
              51.64052170288032,
              61.86902907253392
            ],
            [
              51.642547120551455,
              61.869940723363776
            ],
            [
              51.644664952801264,
              61.8708043168403
            ],
            [
              51.646870095012964,
              61.87161776836672
            ],
            [
              51.649157230523045,
              61.87237911422172
            ],
            [
              51.65152084347056,
              61.87308651632931
            ],
            [
              51.65395523214256,
              61.87373826672484
            ],
            [
              51.65645452278272,
              61.874332791705974
            ],
            [
              51.65901268382944,
              61.87486865565852
            ],
            [
              51.66162354054805,
              61.87534456454726
            ],
            [
              51.66428079002115,
              61.87575936906334
            ],
            [
              51.666978016459524,
              61.87611206742
            ],
            [
              51.6697087067959,
              61.87640180779014
            ],
            [
              51.672466266522314,
              61.8766278903791
            ],
            [
              51.67524403573173,
              61.876789769127754
            ],
            [
              51.67803530532367,
              61.876887053041706
            ],
            [
              51.6808333333333,
              61.87691950714289
            ],
            [
              51.683631361342925,
              61.876887053041706
            ],
            [
              51.686422630934864,
              61.876789769127754
            ],
            [
              51.68920040014428,
              61.8766278903791
            ],
            [
              51.69195795987069,
              61.876401807790124
            ],
            [
              51.69468865020707,
              61.87611206742
            ],
            [
              51.69738587664544,
              61.87575936906334
            ],
            [
              51.700043126118544,
              61.87534456454726
            ],
            [
              51.70265398283716,
              61.87486865565852
            ],
            [
              51.70521214388388,
              61.874332791705974
            ],
            [
              51.70771143452404,
              61.87373826672484
            ],
            [
              51.71014582319604,
              61.87308651632931
            ],
            [
              51.712509436143556,
              61.87237911422172
            ],
            [
              51.71479657165363,
              61.87161776836672
            ],
            [
              51.71700171386533,
              61.870804316840314
            ],
            [
              51.719119546115145,
              61.869940723363776
            ],
            [
              51.72114496378628,
              61.86902907253392
            ],
            [
              51.72307308663066,
              61.868071564761244
            ],
            [
              51.724899270533584,
              61.86707051092882
            ],
            [
              51.72661911869272,
              61.86602832678496
            ],
            [
              51.72822849218458,
              61.86494752708383
            ],
            [
              51.729723519893184,
              61.86383071948809
            ],
            [
              51.73110060777769,
              61.86268059824915
            ],
            [
              51.732356447456766,
              61.861499937680094
            ],
            [
              51.7334880240903,
              61.86029158543786
            ],
            [
              51.73449262353986,
              61.8590584556307
            ],
            [
              51.73536783879191,
              61.85780352176826
            ],
            [
              51.736111575629366,
              61.856529809571285
            ],
            [
              51.73672205753907,
              61.855240389658576
            ],
            [
              51.73719782984461,
              61.85393837012916
            ],
            [
              51.73753776305614,
              61.85262688905751
            ],
            [
              51.7377410554304,
              61.85130910692043
            ],
            [
              51.737807234736515,
              61.8499881989735
            ]
          ]
        ],
        "meta": {
          "shape": "circle"
        }
      },
      "properties": {
        "title": "X2615/26 for None",
        "text": "From: 2026-07-23 08:00:00+00:00\nTo: 2026-07-30 15:00:00+00:00\n\nAIRSPACE CLSD Within CIRCLE RADIUS 3KM CENTRE 615100N0514051E."
      }
    },
    {
      "type": "Feature",
      "geometry": {
        "type": "Polygon",
        "coordinates": [
          [
            [
              28.89533821207659,
              58.123698527318425
            ],
            [
              29.051111111111112,
              58.224444444444444
            ],
            [
              29.039722222222224,
              58.21638888888889
            ],
            [
              29.029444444444444,
              58.20944444444445
            ],
            [
              29.01861111111111,
              58.20194444444445
            ],
            [
              29.00777777777778,
              58.19444444444444
            ],
            [
              28.997500000000002,
              58.1875
            ],
            [
              28.987222222222222,
              58.180277777777775
            ],
            [
              28.979999999999997,
              58.17527777777777
            ],
            [
              28.97,
              58.16833333333333
            ],
            [
              28.960833333333333,
              58.1625
            ],
            [
              28.933611111111112,
              58.146388888888886
            ],
            [
              28.89533821207659,
              58.123698527318425
            ]
          ]
        ],
        "meta": {
          "shape": "polygon"
        }
      },
      "properties": {
        "title": "X2616/26 for None",
        "text": "From: 2026-07-28 09:00:00+00:00\nTo: 2026-07-28 23:59:00+00:00\n\nAIRSPACE CLSD Within 0.05KM EITHER SIDE OF LINE JOINING POINTS:\n\n581328N0290304E-581259N0290223E-581234N0290146E-581207N0290107E-\n\n581140N0290028E-581115N0285951E-581049N0285914E-581031N0285848E-\n\n581006N0285812E-580945N0285739E-580847N0285601E-580724N0285341E-\n\n580720N0285335E"
      }
    },
    {
      "type": "Feature",
      "geometry": {
        "type": "Polygon",
        "coordinates": [
          [
            [
              48.58948016286259,
              61.826659737038945
            ],
            [
              48.58942615196917,
              61.82564707560073
            ],
            [
              48.589267132664396,
              61.82463688684672
            ],
            [
              48.58900349830863,
              61.82363160404795
            ],
            [
              48.588635894087425,
              61.82263364842143
            ],
            [
              48.58816521536035,
              61.82164542330306
            ],
            [
              48.58759260541,
              61.82066930836579
            ],
            [
              48.58691945259763,
              61.81970765389685
            ],
            [
              48.58614738693291,
              61.8187627751479
            ],
            [
              48.58527827606723,
              61.817836946771465
            ],
            [
              48.5843142207205,
              61.81693239735689
            ],
            [
              48.58325754955367,
              61.816051304079
            ],
            [
              48.5821108134996,
              61.81519578747197
            ],
            [
              48.580876779566594,
              61.814367906341005
            ],
            [
              48.579558424130184,
              61.81356965282372
            ],
            [
              48.57815892572944,
              61.81280294761311
            ],
            [
              48.576681657385706,
              61.812069635353176
            ],
            [
              48.57513017846237,
              61.81137148021828
            ],
            [
              48.573508226085494,
              61.81071016168661
            ],
            [
              48.571819706145874,
              61.810087270517535
            ],
            [
              48.570068683904374,
              61.8095043049426
            ],
            [
              48.56825937422281,
              61.80896266707893
            ],
            [
              48.5663961314438,
              61.80846365957342
            ],
            [
              48.56448343894354,
              61.80800848248588
            ],
            [
              48.56252589838247,
              61.80759823041796
            ],
            [
              48.56052821867885,
              61.80723388989505
            ],
            [
              48.55849520473169,
              61.806916337007074
            ],
            [
              48.55643174591923,
              61.806646335313545
            ],
            [
              48.55434280440004,
              61.80642453401818
            ],
            [
              48.5522334032443,
              61.8062514664168
            ],
            [
              48.55010861442283,
              61.8061275486227
            ],
            [
              48.54797354668207,
              61.806053078572056
            ],
            [
              48.5458333333333,
              61.806028235311864
            ],
            [
              48.54369311998453,
              61.806053078572056
            ],
            [
              48.54155805224377,
              61.8061275486227
            ],
            [
              48.5394332634223,
              61.8062514664168
            ],
            [
              48.53732386226656,
              61.80642453401818
            ],
            [
              48.53523492074737,
              61.806646335313545
            ],
            [
              48.53317146193491,
              61.80691633700706
            ],
            [
              48.53113844798776,
              61.80723388989505
            ],
            [
              48.52914076828414,
              61.80759823041796
            ],
            [
              48.527183227723064,
              61.80800848248588
            ],
            [
              48.5252705352228,
              61.80846365957342
            ],
            [
              48.52340729244379,
              61.80896266707893
            ],
            [
              48.52159798276222,
              61.8095043049426
            ],
            [
              48.51984696052073,
              61.810087270517535
            ],
            [
              48.51815844058111,
              61.81071016168661
            ],
            [
              48.51653648820423,
              61.81137148021828
            ],
            [
              48.5149850092809,
              61.812069635353176
            ],
            [
              48.513507740937165,
              61.81280294761311
            ],
            [
              48.512108242536414,
              61.81356965282372
            ],
            [
              48.51078988710002,
              61.814367906341005
            ],
            [
              48.50955585316701,
              61.81519578747197
            ],
            [
              48.50840911711293,
              61.816051304079
            ],
            [
              48.507352445946104,
              61.81693239735689
            ],
            [
              48.506388390599376,
              61.817836946771465
            ],
            [
              48.50551927973369,
              61.8187627751479
            ],
            [
              48.50474721406898,
              61.81970765389685
            ],
            [
              48.5040740612566,
              61.82066930836579
            ],
            [
              48.503501451306256,
              61.82164542330306
            ],
            [
              48.50303077257917,
              61.82263364842143
            ],
            [
              48.50266316835797,
              61.82363160404795
            ],
            [
              48.50239953400221,
              61.82463688684672
            ],
            [
              48.50224051469743,
              61.82564707560073
            ],
            [
              48.50218650380401,
              61.826659737038945
            ],
            [
              48.502237641810666,
              61.82767243169482
            ],
            [
              48.5023938158961,
              61.82868271978184
            ],
            [
              48.50265466010093,
              61.82968816707237
            ],
            [
              48.503019556110246,
              61.830686350765255
            ],
            [
              48.50348763464601,
              61.83167486532818
            ],
            [
              48.50405777746685,
              61.83265132830072
            ],
            [
              48.504728619971324,
              61.83361338604385
            ],
            [
              48.505498554399225,
              61.834558719422176
            ],
            [
              48.50636573362419,
              61.83548504940487
            ],
            [
              48.50732807552905,
              61.83639014257182
            ],
            [
              48.50838326795424,
              61.83727181651158
            ],
            [
              48.50952877420803,
              61.83812794509791
            ],
            [
              48.51076183912578,
              61.83895646363192
            ],
            [
              48.51207949566413,
              61.839755373837406
            ],
            [
              48.513478572014826,
              61.84052274869716
            ],
            [
              48.514955699221126,
              61.841256737118115
            ],
            [
              48.51650731927894,
              61.84195556841404
            ],
            [
              48.518129693703024,
              61.84261755659498
            ],
            [
              48.51981891253809,
              61.843241104452495
            ],
            [
              48.521570903792565,
              61.84382470743074
            ],
            [
              48.52338144327255,
              61.844366957274055
            ],
            [
              48.525246164791795,
              61.84486654544183
            ],
            [
              48.52716057073305,
              61.84532226628219
            ],
            [
              48.529120042934565,
              61.84573301995682
            ],
            [
              48.53111985387527,
              61.84609781510956
            ],
            [
              48.533155178131196,
              61.84641577127215
            ],
            [
              48.53522110407456,
              61.84668612100131
            ],
            [
              48.53731264578695,
              61.84690821174159
            ],
            [
              48.53942475515686,
              61.847081507409634
            ],
            [
              48.54155233413188,
              61.84720558969569
            ],
            [
              48.543690247094816,
              61.84728015907948
            ],
            [
              48.5458333333333,
              61.847305035557355
            ],
            [
              48.54797641957179,
              61.84728015907948
            ],
            [
              48.55011433253472,
              61.847205589695704
            ],
            [
              48.55224191150974,
              61.847081507409634
            ],
            [
              48.55435402087965,
              61.84690821174159
            ],
            [
              48.55644556259204,
              61.84668612100131
            ],
            [
              48.55851148853541,
              61.84641577127215
            ],
            [
              48.56054681279134,
              61.84609781510956
            ],
            [
              48.56254662373204,
              61.84573301995682
            ],
            [
              48.56450609593355,
              61.84532226628219
            ],
            [
              48.56642050187481,
              61.84486654544183
            ],
            [
              48.568285223394064,
              61.844366957274055
            ],
            [
              48.57009576287403,
              61.84382470743074
            ],
            [
              48.571847754128505,
              61.843241104452495
            ],
            [
              48.57353697296358,
              61.84261755659498
            ],
            [
              48.57515934738767,
              61.84195556841403
            ],
            [
              48.57671096744547,
              61.841256737118115
            ],
            [
              48.57818809465177,
              61.84052274869716
            ],
            [
              48.57958717100247,
              61.839755373837406
            ],
            [
              48.580904827540834,
              61.83895646363192
            ],
            [
              48.58213789245857,
              61.83812794509791
            ],
            [
              48.58328339871236,
              61.83727181651158
            ],
            [
              48.58433859113755,
              61.83639014257182
            ],
            [
              48.58530093304241,
              61.83548504940487
            ],
            [
              48.58616811226738,
              61.834558719422176
            ],
            [
              48.58693804669528,
              61.83361338604385
            ],
            [
              48.58760888919975,
              61.832651328300706
            ],
            [
              48.5881790320206,
              61.83167486532818
            ],
            [
              48.58864711055636,
              61.830686350765255
            ],
            [
              48.589012006565675,
              61.82968816707237
            ],
            [
              48.589272850770506,
              61.82868271978184
            ],
            [
              48.58942902485594,
              61.82767243169482
            ],
            [
              48.58948016286259,
              61.826659737038945
            ]
          ]
        ],
        "meta": {
          "shape": "circle"
        }
      },
      "properties": {
        "title": "X2617/26 for None",
        "text": "From: 2026-07-27 06:00:00+00:00\nTo: 2026-07-27 12:00:00+00:00\n\nAIRSPACE CLSD Within CIRCLE RADIUS 2.3KM CENTRE 614936N0483245E."
      }
    },
    {
      "type": "Feature",
      "geometry": {
        "type": "Polygon",
        "coordinates": [
          [
            [
              29.13361111111111,
              58.28138888888889
            ],
            [
              29.141944444444444,
              58.286944444444444
            ],
            [
              29.147777777777776,
              58.29111111111111
            ],
            [
              29.15583333333333,
              58.29666666666667
            ],
            [
              29.16111111111111,
              58.30027777777777
            ],
            [
              29.165555555555553,
              58.30333333333333
            ],
            [
              29.175,
              58.30972222222222
            ],
            [
              29.18166666666667,
              58.314166666666665
            ],
            [
              29.185,
              58.31638888888889
            ],
            [
              29.18861111111111,
              58.31888888888889
            ],
            [
              29.19361111111111,
              58.32222222222222
            ],
            [
              29.196666666666665,
              58.32416666666667
            ],
            [
              29.20111111111111,
              58.327222222222225
            ],
            [
              29.203611111111112,
              58.32888888888889
            ],
            [
              29.20611111111111,
              58.330555555555556
            ],
            [
              29.209166666666665,
              58.3325
            ],
            [
              29.21972222222222,
              58.33972222222222
            ],
            [
              29.228055555555553,
              58.34527777777778
            ],
            [
              29.232499999999998,
              58.348333333333336
            ],
            [
              29.236944444444447,
              58.35111111111111
            ],
            [
              29.243333333333336,
              58.355555555555554
            ],
            [
              29.250555555555554,
              58.36027777777778
            ],
            [
              29.258055555555554,
              58.36527777777778
            ],
            [
              29.264166666666668,
              58.36944444444445
            ],
            [
              29.269166666666667,
              58.3725
            ],
            [
              29.275277777777777,
              58.37583333333333
            ],
            [
              29.283055555555556,
              58.38
            ],
            [
              29.290277777777778,
              58.38388888888889
            ],
            [
              29.342777777777776,
              58.41222222222222
            ],
            [
              29.13361111111111,
              58.28138888888889
            ]
          ]
        ],
        "meta": {
          "shape": "polygon"
        }
      },
      "properties": {
        "title": "X2618/26 for None",
        "text": "From: 2026-07-27 09:00:00+00:00\nTo: 2026-07-27 23:59:00+00:00\n\nAIRSPACE CLSD Within 0.05KM EITHER SIDE OF LINE JOINING POINTS:\n\n581653N0290801E-581713N0290831E-581728N0290852E-581748N0290921E-\n\n581801N0290940E-581812N0290956E-581835N0291030E-581851N0291054E-\n\n581859N0291106E-581908N0291119E-581920N0291137E-581927N0291148E-\n\n581938N0291204E-581944N0291213E-581950N0291222E-581957N0291233E-\n\n582023N0291311E-582043N0291341E-582054N0291357E-582104N0291413E-\n\n582120N0291436E-582137N0291502E-582155N0291529E-582210N0291551E-\n\n582221N0291609E-582233N0291631E-582248N0291659E-582302N0291725E-\n\n582444N0292034E"
      }
    },
    {
      "type": "Feature",
      "geometry": {
        "type": "Polygon",
        "coordinates": [
          [
            [
              28.366944444444446,
              59.63472222222222
            ],
            [
              28.38,
              59.64055555555556
            ],
            [
              28.449722222222224,
              59.647777777777776
            ],
            [
              28.445833333333333,
              59.65416666666667
            ],
            [
              28.41472222222222,
              59.650555555555556
            ],
            [
              28.411388888888887,
              59.66138888888889
            ],
            [
              28.43111111111111,
              59.66611111111111
            ],
            [
              28.429166666666667,
              59.67611111111111
            ],
            [
              28.412499999999998,
              59.675
            ],
            [
              28.41638888888889,
              59.66416666666667
            ],
            [
              28.410555555555554,
              59.66305555555555
            ],
            [
              28.409166666666664,
              59.6675
            ],
            [
              28.380555555555556,
              59.665277777777774
            ],
            [
              28.38138888888889,
              59.65694444444444
            ],
            [
              28.406666666666666,
              59.66138888888889
            ],
            [
              28.40972222222222,
              59.650277777777774
            ],
            [
              28.379166666666666,
              59.64472222222222
            ],
            [
              28.341666666666665,
              59.64416666666666
            ],
            [
              28.366944444444446,
              59.63472222222222
            ]
          ]
        ],
        "meta": {
          "shape": "polygon"
        }
      },
      "properties": {
        "title": "X2623/26 for None",
        "text": "From: 2026-07-27 07:00:00+00:00\nTo: 2026-07-31 15:00:00+00:00\n\nAIRSPACE CLSD Within AREA:\n\n593805N0282201E-593826N0282248E-593852N0282659E-593915N0282645E-\n\n593902N0282453E-593941N0282441E-593958N0282552E-594034N0282545E-\n\n594030N0282445E-593951N0282459E-593947N0282438E-594003N0282433E-\n\n593955N0282250E-593925N0282253E-593941N0282424E-593901N0282435E-\n\n593841N0282245E-593839N0282030E-593805N0282201E"
      }
    },
    {
      "type": "Feature",
      "geometry": {
        "type": "Polygon",
        "coordinates": [
          [
            [
              30.34472222222222,
              67.58805555555556
            ],
            [
              30.479166666666664,
              67.58833333333332
            ],
            [
              30.479444444444443,
              67.53027777777778
            ],
            [
              30.345,
              67.53
            ],
            [
              30.34472222222222,
              67.58805555555556
            ]
          ]
        ],
        "meta": {
          "shape": "polygon"
        }
      },
      "properties": {
        "title": "X2624/26 for None",
        "text": "From: 2026-07-27 07:00:00+00:00\nTo: 2026-07-31 15:00:00+00:00\n\nAIRSPACE CLSD Within AREA:\n\n673517N0302041E-673518N0302845E-673149N0302846E-\n\n673148N0302042E-673517N0302041E."
      }
    },
    {
      "type": "Feature",
      "geometry": {
        "type": "Polygon",
        "coordinates": [
          [
            [
              29.650555555555552,
              59.74888888888889
            ],
            [
              29.690833333333334,
              59.705555555555556
            ],
            [
              29.654166666666665,
              59.7025
            ],
            [
              29.5625,
              59.6875
            ],
            [
              29.546111111111113,
              59.708333333333336
            ],
            [
              29.609166666666667,
              59.72416666666667
            ],
            [
              29.650555555555552,
              59.74888888888889
            ]
          ]
        ],
        "meta": {
          "shape": "polygon"
        }
      },
      "properties": {
        "title": "X2625/26 for None",
        "text": "From: 2026-07-25 07:05:00+00:00\nTo: 2026-07-26 16:55:00+00:00\n\nAIRSPACE CLSD Within AREA:\n\n594456N0293902E-594220N0294127E-594209N0293915E-594115N0293345E-\n\n594230N0293246E-594327N0293633E-594456N0293902E"
      }
    },
    {
      "type": "Feature",
      "geometry": {
        "type": "Polygon",
        "coordinates": [
          [
            [
              28.88713776506577,
              59.55796719547709
            ],
            [
              28.884463956967053,
              59.55623197806787
            ],
            [
              28.881625897824804,
              59.554565380719744
            ],
            [
              28.878630430765586,
              59.552971408005604
            ],
            [
              28.875484774060045,
              59.55145388944164
            ],
            [
              28.872196503716467,
              59.55001647036247
            ],
            [
              28.868773535251368,
              59.54866260324018
            ],
            [
              28.865224104681335,
              59.547395539466734
            ],
            [
              28.861556748780718,
              59.54621832161893
            ],
            [
              28.857780284652435,
              59.545133776223444
            ],
            [
              28.85390378865902,
              59.544144507038595
            ],
            [
              28.849936574763706,
              59.54325288886797
            ],
            [
              28.845888172331257,
              59.54246106192018
            ],
            [
              28.84176830343995,
              59.54177092672748
            ],
            [
              28.837586859756787,
              59.541184139634666
            ],
            [
              28.833353879028653,
              59.54070210886885
            ],
            [
              28.82907952124316,
              59.54032599119845
            ],
            [
              28.824774044513322,
              59.54005668918953
            ],
            [
              28.820447780740523,
              59.53989484906516
            ],
            [
              28.8161111111111,
              59.53984085917315
            ],
            [
              28.811774441481678,
              59.53989484906516
            ],
            [
              28.807448177708874,
              59.54005668918953
            ],
            [
              28.803142700979038,
              59.54032599119845
            ],
            [
              28.798868343193547,
              59.54070210886885
            ],
            [
              28.79463536246541,
              59.541184139634666
            ],
            [
              28.79045391878225,
              59.54177092672748
            ],
            [
              28.786334049890943,
              59.54246106192018
            ],
            [
              28.782285647458494,
              59.54325288886797
            ],
            [
              28.778318433563175,
              59.544144507038595
            ],
            [
              28.77444193756976,
              59.545133776223444
            ],
            [
              28.77066547344148,
              59.54621832161893
            ],
            [
              28.76699811754087,
              59.547395539466734
            ],
            [
              28.76344868697083,
              59.54866260324018
            ],
            [
              28.760025718505734,
              59.55001647036247
            ],
            [
              28.756737448162156,
              59.55145388944164
            ],
            [
              28.75359179145661,
              59.552971408005604
            ],
            [
              28.750596324397396,
              59.554565380719744
            ],
            [
              28.74781453038624,
              59.55619893741805
            ],
            [
              28.731944444444444,
              59.55555555555555
            ],
            [
              28.636944444444445,
              59.57361111111111
            ],
            [
              28.64392630206951,
              59.58988699999032
            ],
            [
              28.534546419205952,
              59.60877182333524
            ],
            [
              28.534444444444446,
              59.60861111111111
            ],
            [
              28.38888888888889,
              59.634166666666665
            ],
            [
              28.248055555555556,
              59.698055555555555
            ],
            [
              28.251666666666665,
              59.70416666666667
            ],
            [
              28.511349488799933,
              59.67076913836082
            ],
            [
              28.511388888888888,
              59.670833333333334
            ],
            [
              28.539299591001758,
              59.66717450579418
            ],
            [
              28.569166666666668,
              59.663333333333334
            ],
            [
              28.569123249495153,
              59.663264907871024
            ],
            [
              28.669744841488374,
              59.65007437434987
            ],
            [
              28.679722222222225,
              59.67333333333333
            ],
            [
              28.680166216399346,
              59.67321200159124
            ],
            [
              28.679722222222225,
              59.67361111111111
            ],
            [
              28.858611111111113,
              59.68083333333333
            ],
            [
              28.8649929955744,
              59.62277877144145
            ],
            [
              29.016111111111112,
              59.623333333333335
            ],
            [
              29.015197132616485,
              59.62277777777778
            ],
            [
              29.024166666666666,
              59.62277777777778
            ],
            [
              29.084722222222222,
              59.62583333333333
            ],
            [
              29.169722222222223,
              59.660555555555554
            ],
            [
              29.32472222222222,
              59.66638888888889
            ],
            [
              29.351111111111113,
              59.57194444444445
            ],
            [
              28.89177023419321,
              59.56146916788987
            ],
            [
              28.889640870680335,
              59.559766862865075
            ],
            [
              28.88713776506577,
              59.55796719547709
            ]
          ]
        ],
        "meta": {
          "shape": "polygon"
        }
      },
      "properties": {
        "title": "X2634/26 for None",
        "text": "From: 2026-08-01 07:01:00+00:00\nTo: 2026-08-02 16:55:00+00:00\n\nAIRSPACE CLSD AS FLW:\n\n1. AREA: 594024N0284047E-593722N0285153E-593724N0290058E-\n\n         593347N0285501E-593320N0284355E-593425N0283813E-\n\n         594024N0284047E,\n\n   450M AMSL-FL100.\n\n2. AREA: 594215N0281506E-593948N0283409E-593631N0283204E-\n\n         593803N0282320E-594153N0281453E-594215N0281506E,\n\n   FL110-FL200.\n\n3. AREA: 594015N0283041E-593822N0284503E-593437N0284308E-\n\n         593706N0282845E-594015N0283041E,\n\n   750M AMSL-FL130.\n\n4. AREA: 594025N0284047E-594051N0285131E-593609N0285202E-\n\n         593456N0284653E-594025N0284047E,\n\n   GND-FL100.\n\n5. AREA: 593722N0285756E-593722N0290127E-593733N0290505E-\n\n         593938N0291011E-593959N0291929E-593419N0292104E-\n\n         593339N0285150E-593722N0285756E,\n\n   GND-1500M AMSL.\n\n6. Within CIRCLE RADIUS 5KM CENTRE 593505N0284858E,\n\n   450M AMSL-FL100."
      }
    },
    {
      "type": "Feature",
      "geometry": {
        "type": "Polygon",
        "coordinates": [
          [
            [
              29.932177334366,
              59.6283002960614
            ],
            [
              29.929820767449815,
              59.59976775274324
            ],
            [
              29.924711603233387,
              59.5713278911072
            ],
            [
              29.91686902918547,
              59.54304889879933
            ],
            [
              29.90631863431914,
              59.5149984084303
            ],
            [
              29.893092284889235,
              59.48724334013781
            ],
            [
              29.877227987859346,
              59.459849747364515
            ],
            [
              29.858769742987807,
              59.43288266614217
            ],
            [
              29.837767384367822,
              59.40640596815138
            ],
            [
              29.814276412236897,
              59.38048221780734
            ],
            [
              29.78835781584654,
              59.355172533601596
            ],
            [
              29.7600778881549,
              59.33053645391247
            ],
            [
              29.729508033073724,
              59.30663180747769
            ],
            [
              29.696724565966452,
              59.28351458870676
            ],
            [
              29.661808508058147,
              59.261238837993645
            ],
            [
              29.624845375379923,
              59.239856527175625
            ],
            [
              29.58592496283119,
              59.21941745026946
            ],
            [
              29.545141123903626,
              59.199969119602635
            ],
            [
              29.502591546570645,
              59.181556667445
            ],
            [
              29.458377525806412,
              59.164222753234796
            ],
            [
              29.412603733159948,
              59.14800747648164
            ],
            [
              29.365377983771033,
              59.13294829541999
            ],
            [
              29.316811001178536,
              59.11907995147743
            ],
            [
              29.267016180236396,
              59.106434399613434
            ],
            [
              29.21610934841917,
              59.095040744577844
            ],
            [
              29.164208525767958,
              59.08492518313052
            ],
            [
              29.11143368369836,
              59.07611095225845
            ],
            [
              29.05790650286596,
              59.068618283420626
            ],
            [
              29.00375013026056,
              59.06246436284637
            ],
            [
              28.949088935679494,
              59.05766329790823
            ],
            [
              28.894048267711835,
              59.0542260895869
            ],
            [
              28.83875420935008,
              59.05216061104119
            ],
            [
              28.783333333333303,
              59.05147159229403
            ],
            [
              28.727912457316528,
              59.05216061104119
            ],
            [
              28.67261839895477,
              59.0542260895869
            ],
            [
              28.617577730987108,
              59.05766329790823
            ],
            [
              28.562916536406043,
              59.06246436284637
            ],
            [
              28.50876016380064,
              59.068618283420626
            ],
            [
              28.455232982968244,
              59.07611095225844
            ],
            [
              28.402458140898645,
              59.08492518313052
            ],
            [
              28.350557318247432,
              59.095040744577844
            ],
            [
              28.29965048643021,
              59.106434399613434
            ],
            [
              28.249855665488074,
              59.11907995147743
            ],
            [
              28.201288682895573,
              59.13294829541999
            ],
            [
              28.15406293350666,
              59.14800747648164
            ],
            [
              28.10828914086019,
              59.164222753234796
            ],
            [
              28.06407512009596,
              59.181556667445
            ],
            [
              28.021525542762976,
              59.199969119602635
            ],
            [
              27.980741703835417,
              59.21941745026946
            ],
            [
              27.941821291286683,
              59.239856527175625
            ],
            [
              27.904858158608462,
              59.261238837993645
            ],
            [
              27.86994210070015,
              59.28351458870676
            ],
            [
              27.83715863359288,
              59.30663180747769
            ],
            [
              27.806588778511706,
              59.33053645391247
            ],
            [
              27.778308850820068,
              59.355172533601596
            ],
            [
              27.75239025442971,
              59.38048221780734
            ],
            [
              27.728899282298784,
              59.40640596815138
            ],
            [
              27.707896923678803,
              59.43288266614217
            ],
            [
              27.68943867880726,
              59.459849747364515
            ],
            [
              27.673574381777367,
              59.48724334013781
            ],
            [
              27.660348032347468,
              59.5149984084303
            ],
            [
              27.649797637481132,
              59.54304889879933
            ],
            [
              27.64195506343322,
              59.57132789110722
            ],
            [
              27.63684589921679,
              59.59976775274324
            ],
            [
              27.634489332300607,
              59.6283002960614
            ],
            [
              27.63489803739567,
              59.65685693872308
            ],
            [
              27.63807807919203,
              59.68536886661273
            ],
            [
              27.64402882990263,
              59.71376719897368
            ],
            [
              27.65274290245942,
              59.741983155390315
            ],
            [
              27.66420610018716,
              59.76994822422203
            ],
            [
              27.678397383752852,
              59.79759433207443
            ],
            [
              27.695288856151627,
              59.824854013873924
            ],
            [
              27.714845766445052,
              59.85166058309253
            ],
            [
              27.737026532912772,
              59.877948301653646
            ],
            [
              27.76178278621499,
              59.90365254903208
            ],
            [
              27.789059433090273,
              59.928709990048134
            ],
            [
              27.81879474103128,
              59.95305874084265
            ],
            [
              27.850920444290672,
              59.976638532509554
            ],
            [
              27.88536187147059,
              59.99939087185375
            ],
            [
              27.92203809484245,
              60.02125919873724
            ],
            [
              27.960862101430724,
              60.04218903947277
            ],
            [
              28.001740985774234,
              60.06212815572447
            ],
            [
              28.04457616415404,
              60.08102668837804
            ],
            [
              28.089263609947725,
              60.09883729584869
            ],
            [
              28.135694109638052,
              60.115515286305275
            ],
            [
              28.183753538870437,
              60.131018743301055
            ],
            [
              28.233323157819633,
              60.145308644318355
            ],
            [
              28.28427992499353,
              60.15834897175381
            ],
            [
              28.33649682847184,
              60.17010681589384
            ],
            [
              28.389843233451412,
              60.18055246945635
            ],
            [
              28.444185244849876,
              60.189659513304335
            ],
            [
              28.49938608360595,
              60.19740489296913
            ],
            [
              28.55530647521013,
              60.203768985657035
            ],
            [
              28.61180504890483,
              60.20873565745025
            ],
            [
              28.668738745908925,
              60.21229231045408
            ],
            [
              28.72596323495058,
              60.21442991968387
            ],
            [
              28.783333333333303,
              60.215143059530064
            ],
            [
              28.840703431716026,
              60.21442991968387
            ],
            [
              28.897927920757674,
              60.21229231045408
            ],
            [
              28.95486161776177,
              60.20873565745026
            ],
            [
              29.011360191456475,
              60.203768985657035
            ],
            [
              29.067280583060665,
              60.19740489296913
            ],
            [
              29.122481421816737,
              60.189659513304335
            ],
            [
              29.17682343321519,
              60.18055246945635
            ],
            [
              29.23016983819476,
              60.17010681589384
            ],
            [
              29.282386741673076,
              60.15834897175381
            ],
            [
              29.33334350884697,
              60.145308644318355
            ],
            [
              29.382913127796172,
              60.13101874330107
            ],
            [
              29.430972557028557,
              60.115515286305275
            ],
            [
              29.477403056718877,
              60.09883729584869
            ],
            [
              29.52209050251256,
              60.08102668837804
            ],
            [
              29.564925680892372,
              60.06212815572447
            ],
            [
              29.605804565235882,
              60.04218903947277
            ],
            [
              29.644628571824157,
              60.02125919873724
            ],
            [
              29.681304795196013,
              59.99939087185375
            ],
            [
              29.715746222375937,
              59.976638532509554
            ],
            [
              29.74787192563532,
              59.95305874084265
            ],
            [
              29.777607233576326,
              59.92870999004812
            ],
            [
              29.804883880451616,
              59.90365254903211
            ],
            [
              29.829640133753827,
              59.877948301653646
            ],
            [
              29.851820900221554,
              59.85166058309253
            ],
            [
              29.87137781051498,
              59.824854013873924
            ],
            [
              29.888269282913754,
              59.79759433207443
            ],
            [
              29.902460566479444,
              59.76994822422203
            ],
            [
              29.91392376420719,
              59.74198315539033
            ],
            [
              29.92263783676397,
              59.71376719897368
            ],
            [
              29.92858858747457,
              59.68536886661273
            ],
            [
              29.931768629270934,
              59.65685693872308
            ],
            [
              29.932177334366,
              59.6283002960614
            ]
          ]
        ]
      },
      "properties": {
        "title": "X2636/26 for None",
        "text": "From: 2026-08-01 07:01:00+00:00\nTo: 2026-08-02 16:55:00+00:00\n\nATS RTE SEGMENTS CLSD AS FLW:\n\nL870 TURAL-RANVA FL055-FL200\n\nM60  UTETA-ATLUM FL055-FL200\n\nM60  UMODI-UTETA FL055-FL100\n\nT561 OKBOR-TURAL FL055-FL100\n\nT561 TURAL-ATLUM FL055-FL200."
      }
    },
    {
      "type": "Feature",
      "geometry": {
        "type": "Polygon",
        "coordinates": [
          [
            [
              29.15583333333333,
              60.70444444444445
            ],
            [
              29.241666666666667,
              60.70138888888889
            ],
            [
              29.328333333333333,
              60.591944444444444
            ],
            [
              29.191388888888888,
              60.56722222222223
            ],
            [
              29.028333333333332,
              60.725
            ],
            [
              29.013055555555557,
              60.75527777777778
            ],
            [
              29.058055555555555,
              60.75972222222222
            ],
            [
              29.15583333333333,
              60.70444444444445
            ]
          ]
        ],
        "meta": {
          "shape": "polygon"
        }
      },
      "properties": {
        "title": "X2643/26 for None",
        "text": "From: 2026-07-25 08:00:00+00:00\nTo: 2026-07-25 15:00:00+00:00\n\nAIRSPACE CLSD Within AREA:\n\n604216N0290921E-604205N0291430E-603531N0291942E-603402N0291129E-\n\n604330N0290142E-604519N0290047E-604535N0290329E-604216N0290921E."
      }
    },
    {
      "type": "Feature",
      "geometry": {
        "type": "Polygon",
        "coordinates": [
          [
            [
              29.683611111111112,
              59.290277777777774
            ],
            [
              29.503333333333334,
              59.246944444444445
            ],
            [
              29.415277777777778,
              59.161944444444444
            ],
            [
              29.730277777777776,
              59.25055555555556
            ],
            [
              29.995,
              59.34111111111111
            ],
            [
              30.02138888888889,
              59.347500000000004
            ],
            [
              30.056944444444444,
              59.36138888888889
            ],
            [
              30.049166666666668,
              59.37277777777778
            ],
            [
              30.022222222222222,
              59.36666666666667
            ],
            [
              29.683611111111112,
              59.290277777777774
            ]
          ]
        ],
        "meta": {
          "shape": "polygon"
        }
      },
      "properties": {
        "title": "X2671/26 for None",
        "text": "From: 2026-07-25 08:00:00+00:00\nTo: 2026-07-26 16:00:00+00:00\n\nAIRSPACE CLSD Within AREA:\n\n591725N0294101E-591449N0293012E-590943N0292455E-591502N0294349E-\n\n592028N0295942E-592051N0300117E-592141N0300325E-592222N0300257E-\n\n592200N0300120E-591725N0294101E."
      }
    },
    {
      "type": "Feature",
      "geometry": {
        "type": "Polygon",
        "coordinates": [
          [
            [
              37.619166666666665,
              63.83777777777778
            ],
            [
              37.70194444444445,
              63.78666666666666
            ],
            [
              37.58638888888889,
              63.750277777777775
            ],
            [
              37.50361111111111,
              63.801111111111105
            ],
            [
              37.619166666666665,
              63.83777777777778
            ]
          ]
        ],
        "meta": {
          "shape": "polygon"
        }
      },
      "properties": {
        "title": "X2682/26 for None",
        "text": "From: 2026-07-29 06:00:00+00:00\nTo: 2026-08-03 19:00:00+00:00\n\nAIRSPACE CLSD Within AREA:\n\n635016N0373709E-634712N0374207E-634501N0373511E-\n\n634804N0373013E-635016N0373709E."
      }
    },
    {
      "type": "Feature",
      "geometry": {
        "type": "Polygon",
        "coordinates": [
          [
            [
              30.416201219610883,
              59.94777766859753
            ],
            [
              30.41619473242361,
              59.94764554322098
            ],
            [
              30.41617532931062,
              59.94751373666719
            ],
            [
              30.416143057168284,
              59.94738256646407
            ],
            [
              30.416097993892624,
              59.94725234860276
            ],
            [
              30.41604024819024,
              59.9471233967765
            ],
            [
              30.415969959314978,
              59.946996021625075
            ],
            [
              30.415887296731192,
              59.946870529986626
            ],
            [
              30.415792459704118,
              59.946747224158536
            ],
            [
              30.415685676818736,
              59.946626401169496
            ],
            [
              30.415567205427923,
              59.94650835206416
            ],
            [
              30.415437331031466,
              59.94639336120222
            ],
            [
              30.415296366587427,
              59.94628170557375
            ],
            [
              30.415144651757423,
              59.94617365413213
            ],
            [
              30.414982552087675,
              59.9460694671465
            ],
            [
              30.414810458127963,
              59.945969395575105
            ],
            [
              30.414628784490272,
              59.94587368046109
            ],
            [
              30.414437968849878,
              59.94578255235206
            ],
            [
              30.41423847089077,
              59.945696230745185
            ],
            [
              30.414030771198348,
              59.945614923558715
            ],
            [
              30.413815370101887,
              59.945538826631456
            ],
            [
              30.413592786469504,
              59.945468123251324
            ],
            [
              30.413363556458723,
              59.94540298371419
            ],
            [
              30.413128232225425,
              59.94534356491387
            ],
            [
              30.412887380594423,
              59.94529000996455
            ],
            [
              30.41264158169482,
              59.945242447856295
            ],
            [
              30.412391427563414,
              59.94520099314456
            ],
            [
              30.41213752071956,
              59.94516574567443
            ],
            [
              30.411880472714806,
              59.94513679034037
            ],
            [
              30.411620902660907,
              59.94511419688186
            ],
            [
              30.411359435739666,
              59.94509801971557
            ],
            [
              30.411096701698202,
              59.94508829780435
            ],
            [
              30.410833333333304,
              59.94508505456348
            ],
            [
              30.410569964968403,
              59.94508829780435
            ],
            [
              30.410307230926943,
              59.94509801971557
            ],
            [
              30.4100457640057,
              59.94511419688186
            ],
            [
              30.4097861939518,
              59.94513679034037
            ],
            [
              30.409529145947047,
              59.94516574567443
            ],
            [
              30.40927523910319,
              59.945200993144546
            ],
            [
              30.409025084971784,
              59.945242447856295
            ],
            [
              30.408779286072182,
              59.94529000996455
            ],
            [
              30.40853843444118,
              59.94534356491387
            ],
            [
              30.408303110207886,
              59.94540298371419
            ],
            [
              30.4080738801971,
              59.945468123251324
            ],
            [
              30.40785129656472,
              59.945538826631456
            ],
            [
              30.40763589546826,
              59.945614923558715
            ],
            [
              30.407428195775836,
              59.945696230745185
            ],
            [
              30.407228697816727,
              59.94578255235206
            ],
            [
              30.407037882176336,
              59.94587368046109
            ],
            [
              30.406856208538642,
              59.945969395575105
            ],
            [
              30.406684114578933,
              59.9460694671465
            ],
            [
              30.406522014909186,
              59.94617365413213
            ],
            [
              30.40637030007918,
              59.94628170557375
            ],
            [
              30.406229335635143,
              59.94639336120222
            ],
            [
              30.40609946123869,
              59.94650835206416
            ],
            [
              30.40598098984787,
              59.946626401169496
            ],
            [
              30.405874206962483,
              59.946747224158536
            ],
            [
              30.405779369935416,
              59.946870529986626
            ],
            [
              30.40569670735163,
              59.946996021625075
            ],
            [
              30.405626418476366,
              59.9471233967765
            ],
            [
              30.405568672773985,
              59.94725234860276
            ],
            [
              30.405523609498324,
              59.94738256646407
            ],
            [
              30.40549133735599,
              59.94751373666719
            ],
            [
              30.405471934243,
              59.94764554322098
            ],
            [
              30.405465447055725,
              59.94777766859753
            ],
            [
              30.40547189157642,
              59.94790979449715
            ],
            [
              30.40549125243373,
              59.948041602615106
            ],
            [
              30.405523483138225,
              59.94817277540843
            ],
            [
              30.405568506192967,
              59.94830299686103
            ],
            [
              30.405626213278715,
              59.94843195324506
            ],
            [
              30.405696465513486,
              59.94855933387687
            ],
            [
              30.405779093785828,
              59.94868483186555
            ],
            [
              30.405873899160913,
              59.948808144852556
            ],
            [
              30.40598065335861,
              59.9489289757402
            ],
            [
              30.406099099302324,
              59.949047033407844
            ],
            [
              30.40622895173732,
              59.949162033413245
            ],
            [
              30.40636989791704,
              59.94927369867835
            ],
            [
              30.40652159835577,
              59.94938176015695
            ],
            [
              30.40668368764588,
              59.94948595748321
            ],
            [
              30.406855775337572,
              59.94958603959932
            ],
            [
              30.40703744687918,
              59.94968176536064
            ],
            [
              30.407228264615647,
              59.94977290411694
            ],
            [
              30.407427768842794,
              59.94985923626855
            ],
            [
              30.407635478914848,
              59.94994055379565
            ],
            [
              30.40785089440259,
              59.9500166607599
            ],
            [
              30.40807349629928,
              59.95008737377666
            ],
            [
              30.408302748271513,
              59.95015252245729
            ],
            [
              30.40853809795192,
              59.95021194981989
            ],
            [
              30.4087789782706,
              59.950265512667826
            ],
            [
              30.409024808822192,
              59.95031308193496
            ],
            [
              30.409274997265047,
              59.95035454299693
            ],
            [
              30.409528940749382,
              59.95038979594746
            ],
            [
              30.40978602737078,
              59.9504187558393
            ],
            [
              30.410045637645595,
              59.950441352889094
            ],
            [
              30.410307146004676,
              59.950457532645586
            ],
            [
              30.41056992230182,
              59.95046725612097
            ],
            [
              30.410833333333304,
              59.9504704998849
            ],
            [
              30.411096744364784,
              59.95046725612097
            ],
            [
              30.411359520661932,
              59.950457532645586
            ],
            [
              30.41162102902101,
              59.95044135288911
            ],
            [
              30.411880639295816,
              59.950418755839316
            ],
            [
              30.412137725917223,
              59.95038979594746
            ],
            [
              30.412391669401565,
              59.95035454299693
            ],
            [
              30.412641857844413,
              59.95031308193496
            ],
            [
              30.412887688396005,
              59.950265512667826
            ],
            [
              30.41312856871469,
              59.95021194981989
            ],
            [
              30.4133639183951,
              59.95015252245729
            ],
            [
              30.413593170367328,
              59.95008737377666
            ],
            [
              30.413815772264027,
              59.9500166607599
            ],
            [
              30.414031187751764,
              59.94994055379566
            ],
            [
              30.414238897823815,
              59.94985923626855
            ],
            [
              30.414438402050955,
              59.94977290411694
            ],
            [
              30.41462921978743,
              59.94968176536064
            ],
            [
              30.41481089132904,
              59.94958603959932
            ],
            [
              30.414982979020724,
              59.94948595748321
            ],
            [
              30.41514506831084,
              59.94938176015695
            ],
            [
              30.415296768749567,
              59.94927369867835
            ],
            [
              30.415437714929286,
              59.949162033413245
            ],
            [
              30.415567567364278,
              59.949047033407844
            ],
            [
              30.415686013308,
              59.9489289757402
            ],
            [
              30.415792767505692,
              59.94880814485254
            ],
            [
              30.415887572880777,
              59.94868483186555
            ],
            [
              30.415970201153122,
              59.94855933387687
            ],
            [
              30.416040453387893,
              59.94843195324506
            ],
            [
              30.41609816047364,
              59.94830299686103
            ],
            [
              30.41614318352838,
              59.94817277540843
            ],
            [
              30.416175414232878,
              59.948041602615106
            ],
            [
              30.41619477509019,
              59.94790979449715
            ],
            [
              30.416201219610883,
              59.94777766859753
            ]
          ]
        ],
        "meta": {
          "shape": "circle"
        }
      },
      "properties": {
        "title": "X2683/26 for None",
        "text": "From: 2026-07-28 08:00:00+00:00\nTo: 2026-07-28 16:00:00+00:00\n\nAIRSPACE CLSD Within CIRCLE RADIUS 0.3KM CENTRE 595652N0302439E."
      }
    },
    {
      "type": "Feature",
      "geometry": {
        "type": "Polygon",
        "coordinates": [
          [
            [
              57.41694444444444,
              66.64972222222222
            ],
            [
              57.51694444444444,
              66.40194444444445
            ],
            [
              57.434999999999995,
              66.3963888888889
            ],
            [
              57.367222222222225,
              66.44305555555556
            ],
            [
              57.41694444444444,
              66.64972222222222
            ]
          ]
        ],
        "meta": {
          "shape": "polygon"
        }
      },
      "properties": {
        "title": "X2688/26 for None",
        "text": "From: 2026-07-27 06:00:00+00:00\nTo: 2026-08-01 17:00:00+00:00\n\nAIRSPACE CLSD AS FLW:\n\n1. AREA: 662635N0572202E-663859N0572501E-662407N0573101E-\n\n         662347N0572606E-662635N0572202E\n\n   320M AMSL-400M AMSL.\n\n2. Within CIRCLE RADIUS 0.5KM CENTRE 662435N0572554E\n\n   SFC-400M AMSL."
      }
    },
    {
      "type": "Feature",
      "geometry": {
        "type": "Polygon",
        "coordinates": [
          [
            [
              59.602222222222224,
              67.76305555555555
            ],
            [
              59.55694444444444,
              67.7025
            ],
            [
              58.94472222222222,
              67.78694444444444
            ],
            [
              58.43555555555555,
              67.31444444444445
            ],
            [
              57.900555555555556,
              67.26583333333333
            ],
            [
              57.49111111111111,
              67.08416666666666
            ],
            [
              57.606944444444444,
              66.99111111111111
            ],
            [
              57.280277777777776,
              66.9888888888889
            ],
            [
              57.1175,
              66.91638888888889
            ],
            [
              57.3,
              66.71555555555555
            ],
            [
              56.9075,
              66.91638888888889
            ],
            [
              56.98972222222222,
              67.00194444444445
            ],
            [
              56.96055555555556,
              67.0436111111111
            ],
            [
              57.5475,
              67.315
            ],
            [
              58.200833333333335,
              67.36749999999999
            ],
            [
              58.812777777777775,
              67.84944444444444
            ],
            [
              59.03138888888889,
              67.86555555555555
            ],
            [
              59.602222222222224,
              67.76305555555555
            ]
          ]
        ],
        "meta": {
          "shape": "polygon"
        }
      },
      "properties": {
        "title": "X2689/26 for None",
        "text": "From: 2026-07-27 06:00:00+00:00\nTo: 2026-08-01 17:00:00+00:00\n\nAIRSPACE CLSD AS FLW:\n\n1. AREA: 675058N0584846E-675156N0590153E-674547N0593608E-\n\n         674209N0593325E-674713N0585641E-671852N0582608E-\n\n         671557N0575402E-670503N0572928E-665928N0573625E-\n\n         665920N0571649E-665459N0570703E-664256N0571800E-\n\n         665459N0565427E-670007N0565923E-670237N0565738E-\n\n         671854N0573251E-672203N0581203E-675058N0584846E\n\n   320M AMSL-400M AMSL.\n\n2. Within CIRCLE RADIUS 1.5KM CENTRE 674858N0585458E\n\n   SFC-400M AMSL.\n\n3. Within CIRCLE RADIUS 1.5KM CENTRE 671514N0573438E\n\n   SFC-400M AMSL."
      }
    },
    {
      "type": "Feature",
      "geometry": {
        "type": "Polygon",
        "coordinates": [
          [
            [
              57.68333333333333,
              68.03333333333333
            ],
            [
              58.583333333333336,
              67.85
            ],
            [
              58.03333333333333,
              67.68333333333334
            ],
            [
              57.416666666666664,
              67.76666666666667
            ],
            [
              57.68333333333333,
              68.03333333333333
            ]
          ]
        ],
        "meta": {
          "shape": "polygon"
        }
      },
      "properties": {
        "title": "X2690/26 for None",
        "text": "From: 2026-07-27 06:00:00+00:00\nTo: 2026-08-01 17:00:00+00:00\n\nAIRSPACE CLSD AS FLW:\n\n1. AREA: 674600N0572500E-680200N0574100E-675100N0583500E-\n\n         674100N0580200E-674600N0572500E\n\n   300M AMSL-450M AMSL.\n\n2. Within CIRCLE RADIUS 1.5KM CENTRE 675000N0582500E\n\n   SFC-400M AMSL."
      }
    },
    {
      "type": "Feature",
      "geometry": {
        "type": "Polygon",
        "coordinates": [
          [
            [
              34.0,
              69.28333333333333
            ],
            [
              34.0,
              69.0
            ],
            [
              32.833333333333336,
              69.0
            ],
            [
              33.166666666666664,
              69.21666666666667
            ],
            [
              33.083333333333336,
              69.36666666666666
            ],
            [
              31.833333333333332,
              69.66666666666667
            ],
            [
              31.0,
              69.33333333333333
            ],
            [
              29.666666666666668,
              68.91666666666667
            ],
            [
              29.5,
              68.33333333333333
            ],
            [
              30.166666666666668,
              68.0
            ],
            [
              30.6,
              67.78333333333333
            ],
            [
              33.95,
              67.78333333333333
            ],
            [
              33.95,
              68.0
            ],
            [
              34.833333333333336,
              68.0
            ],
            [
              35.25,
              68.7
            ],
            [
              34.8,
              69.23333333333333
            ],
            [
              34.0,
              69.28333333333333
            ]
          ]
        ],
        "meta": {
          "shape": "polygon"
        }
      },
      "properties": {
        "title": "X2691/26A02 for None",
        "text": "From: 2026-07-25 00:00:00+00:00\nTo: 2026-07-30 23:59:00+00:00\n\nAIRSPACE CLSD Within:\n\n691700N0340000E-690000N0340000E-690000N0325000E-\n\n691300N0331000E-692200N0330500E-694000N0315000E-\n\n692000N0310000E-685500N0294000E-682000N0293000E-\n\n680000N0301000E-674700N0303600E-674700N0335700E-\n\n680000N0335700E-680000N0345000E-684200N0351500E-\n\n691400N0344800E-691700N0340000E\n\nVIP FLT AND FLT FOR THEIR SUPPORT, INTL FLT, SKED FLT NOT AFFECTED."
      }
    },
    {
      "type": "Feature",
      "geometry": {
        "type": "Polygon",
        "coordinates": [
          [
            [
              35.4749968912951,
              68.50425283165562
            ],
            [
              35.463493383412164,
              68.44818428737142
            ],
            [
              35.44459759320213,
              68.3923883951056
            ],
            [
              35.41840828636621,
              68.33699702590613
            ],
            [
              35.38503967926401,
              68.28214014952752
            ],
            [
              35.344620723274595,
              68.22794556559407
            ],
            [
              35.29729438801051,
              68.17453864729741
            ],
            [
              35.243216947503775,
              68.12204209757442
            ],
            [
              35.18255727300753,
              68.07057571765064
            ],
            [
              35.115496135592096,
              68.02025618778201
            ],
            [
              35.042225521264264,
              67.97119685998355
            ],
            [
              34.96294796090783,
              67.92350756249688
            ],
            [
              34.87787587693403,
              67.87729441571976
            ],
            [
              34.78723094814492,
              67.83265965929778
            ],
            [
              34.691243493953195,
              67.78970149006246
            ],
            [
              34.59015187876737,
              67.74851391048894
            ],
            [
              34.48420193704386,
              67.70918658734062
            ],
            [
              34.37364641922621,
              67.6718047201671
            ],
            [
              34.258744458535546,
              67.6364489193241
            ],
            [
              34.13976105834558,
              67.60319509319055
            ],
            [
              34.01696659966771,
              67.57211434426722
            ],
            [
              33.8906363680871,
              67.54327287385269
            ],
            [
              33.76105009932622,
              67.5167318950073
            ],
            [
              33.62849154246803,
              67.4925475535313
            ],
            [
              33.493248039744344,
              67.47077085670091
            ],
            [
              33.35561012168492,
              67.45144760952567
            ],
            [
              33.21587111632823,
              67.43461835830973
            ],
            [
              33.07432677111348,
              67.42031834132118
            ],
            [
              32.93127488600502,
              67.40857744639555
            ],
            [
              32.78701495634273,
              67.39942017532077
            ],
            [
              32.6418478238652,
              67.39286561487523
            ],
            [
              32.49607533431418,
              67.38892741441201
            ],
            [
              32.35,
              67.38761376990709
            ],
            [
              32.203924665685825,
              67.38892741441201
            ],
            [
              32.05815217613481,
              67.39286561487523
            ],
            [
              31.912985043657276,
              67.39942017532077
            ],
            [
              31.76872511399499,
              67.40857744639555
            ],
            [
              31.625673228886527,
              67.42031834132118
            ],
            [
              31.484128883671776,
              67.43461835830973
            ],
            [
              31.34438987831509,
              67.45144760952567
            ],
            [
              31.206751960255662,
              67.47077085670091
            ],
            [
              31.07150845753198,
              67.4925475535313
            ],
            [
              30.938949900673787,
              67.5167318950073
            ],
            [
              30.80936363191291,
              67.54327287385269
            ],
            [
              30.6830334003323,
              67.57211434426722
            ],
            [
              30.560238941654433,
              67.60319509319055
            ],
            [
              30.441255541464464,
              67.6364489193241
            ],
            [
              30.326353580773798,
              67.6718047201671
            ],
            [
              30.215798062956146,
              67.70918658734062
            ],
            [
              30.109848121232638,
              67.74851391048894
            ],
            [
              30.00875650604681,
              67.78970149006246
            ],
            [
              29.912769051855093,
              67.83265965929778
            ],
            [
              29.822124123065983,
              67.87729441571976
            ],
            [
              29.737052039092177,
              67.92350756249688
            ],
            [
              29.657774478735742,
              67.97119685998355
            ],
            [
              29.58450386440791,
              68.02025618778201
            ],
            [
              29.517442726992478,
              68.07057571765064
            ],
            [
              29.456783052496235,
              68.12204209757442
            ],
            [
              29.402705611989493,
              68.17453864729741
            ],
            [
              29.35537927672541,
              68.22794556559407
            ],
            [
              29.314960320736,
              68.28214014952752
            ],
            [
              29.281591713633798,
              68.33699702590613
            ],
            [
              29.255402406797874,
              68.3923883951056
            ],
            [
              29.236506616587846,
              68.44818428737142
            ],
            [
              29.22500310870491,
              68.50425283165562
            ],
            [
              29.220974488298637,
              68.56046053697116
            ],
            [
              29.224486500896585,
              68.61667258616873
            ],
            [
              29.23558734970185,
              68.67275314195157
            ],
            [
              29.25430703525377,
              68.72856566484651
            ],
            [
              29.28065672386905,
              68.78397324274212
            ],
            [
              29.314628151663847,
              68.83883893148965
            ],
            [
              29.356193071291685,
              68.89302610593879
            ],
            [
              29.405302748804267,
              68.94639882064928
            ],
            [
              29.46188751824151,
              68.99882217938307
            ],
            [
              29.52585640167144,
              69.05016271233964
            ],
            [
              29.597096802416445,
              69.10028875995316
            ],
            [
              29.675474279112226,
              69.1490708619237
            ],
            [
              29.760832408035213,
              69.1963821500106
            ],
            [
              29.852992740799085,
              69.2420987429735
            ],
            [
              29.951754864051562,
              69.28610014191193
            ],
            [
              30.05689656719621,
              69.32826962412622
            ],
            [
              30.168174123419433,
              69.36849463350676
            ],
            [
              30.28532268842028,
              69.40666716535743
            ],
            [
              30.40805682022698,
              69.44268414347347
            ],
            [
              30.536071122347522,
              69.4764477872295
            ],
            [
              30.669041011253427,
              69.50786596639092
            ],
            [
              30.806623607854302,
              69.53685254134334
            ],
            [
              30.948458751204402,
              69.56332768644323
            ],
            [
              31.094170131214025,
              69.58721819422972
            ],
            [
              31.243366535645386,
              69.6084577583028
            ],
            [
              31.39564320518151,
              69.62698723276813
            ],
            [
              31.550583288898324,
              69.64275486627373
            ],
            [
              31.707759391074298,
              69.6557165088164
            ],
            [
              31.866735198969675,
              69.6658357896767
            ],
            [
              32.027067180027615,
              69.67308426504653
            ],
            [
              32.18830633591935,
              69.67744153414169
            ],
            [
              32.35,
              69.67889532283917
            ],
            [
              32.51169366408065,
              69.67744153414169
            ],
            [
              32.67293281997239,
              69.67308426504653
            ],
            [
              32.83326480103033,
              69.6658357896767
            ],
            [
              32.99224060892571,
              69.6557165088164
            ],
            [
              33.149416711101686,
              69.64275486627372
            ],
            [
              33.304356794818496,
              69.62698723276813
            ],
            [
              33.456633464354624,
              69.6084577583028
            ],
            [
              33.605829868785975,
              69.58721819422972
            ],
            [
              33.751541248795604,
              69.56332768644323
            ],
            [
              33.893376392145704,
              69.53685254134334
            ],
            [
              34.03095898874658,
              69.50786596639092
            ],
            [
              34.16392887765248,
              69.4764477872295
            ],
            [
              34.29194317977303,
              69.44268414347347
            ],
            [
              34.41467731157973,
              69.40666716535743
            ],
            [
              34.53182587658058,
              69.36849463350676
            ],
            [
              34.6431034328038,
              69.32826962412621
            ],
            [
              34.74824513594845,
              69.28610014191194
            ],
            [
              34.84700725920092,
              69.2420987429735
            ],
            [
              34.9391675919648,
              69.1963821500106
            ],
            [
              35.02452572088778,
              69.1490708619237
            ],
            [
              35.102903197583565,
              69.10028875995316
            ],
            [
              35.17414359832858,
              69.05016271233964
            ],
            [
              35.2381124817585,
              68.99882217938308
            ],
            [
              35.29469725119575,
              68.94639882064928
            ],
            [
              35.343806928708325,
              68.89302610593879
            ],
            [
              35.38537184833616,
              68.83883893148965
            ],
            [
              35.41934327613096,
              68.78397324274212
            ],
            [
              35.44569296474623,
              68.72856566484651
            ],
            [
              35.46441265029816,
              68.67275314195157
            ],
            [
              35.47551349910342,
              68.61667258616873
            ],
            [
              35.47902551170137,
              68.56046053697116
            ],
            [
              35.4749968912951,
              68.50425283165562
            ]
          ]
        ]
      },
      "properties": {
        "title": "X2691/26B02 for None",
        "text": "From: 2026-07-25 00:00:00+00:00\nTo: 2026-07-30 23:59:00+00:00\n\nFLT WO CONTINUOUS TWO-WAY RDO COM Within ATS (FLT OPS CTL) UNITS,\n\nOPERATING LOCATION AND FLT PARAMETERS DATA TRANSMISSION Equipment\n\nPROHIBITED."
      }
    },
    {
      "type": "Feature",
      "geometry": {
        "type": "Polygon",
        "coordinates": [
          [
            [
              51.57333333333334,
              72.66666666666667
            ],
            [
              52.519999999999996,
              73.265
            ],
            [
              53.31166666666666,
              73.49166666666667
            ],
            [
              52.87,
              73.715
            ],
            [
              52.97166666666667,
              73.90666666666667
            ],
            [
              53.57333333333334,
              74.0
            ],
            [
              55.0,
              74.0
            ],
            [
              53.5,
              72.66666666666667
            ],
            [
              51.57333333333334,
              72.66666666666667
            ]
          ]
        ],
        "meta": {
          "shape": "polygon"
        }
      },
      "properties": {
        "title": "X2693/26 for None",
        "text": "From: 2026-07-25 00:00:00+00:00\nTo: 2026-07-29 23:59:00+00:00\n\nAIRSPACE CLSD Within AREA:\n\n724000N0513424E-731554N0523112E-732930N0531842E-734254N0525212E-\n\n735424N0525818E-740000N0533424E-740000N0550000E-724000N0533000E-\n\n724000N0513424E."
      }
    },
    {
      "type": "Feature",
      "geometry": {
        "type": "Polygon",
        "coordinates": [
          [
            [
              51.57333333333334,
              72.66666666666667
            ],
            [
              50.0,
              72.66666666666667
            ],
            [
              50.0,
              74.0
            ],
            [
              53.57333333333334,
              74.0
            ],
            [
              52.97166666666667,
              73.90666666666667
            ],
            [
              52.87,
              73.715
            ],
            [
              53.31166666666666,
              73.49166666666667
            ],
            [
              52.519999999999996,
              73.265
            ],
            [
              51.57333333333334,
              72.66666666666667
            ]
          ]
        ],
        "meta": {
          "shape": "polygon"
        }
      },
      "properties": {
        "title": "X2695/26 for None",
        "text": "From: 2026-07-25 00:00:00+00:00\nTo: 2026-07-30 23:59:00+00:00\n\nTEMPO DANGER AREA ACT:\n\n724000N0513424E-724000N0500000E-740000N0500000E-740000N0533424E-\n\n735424N0525818E-734254N0525212E-732930N0531842E-731554N0523112E-\n\n724000N0513424E."
      }
    },
    {
      "type": "Feature",
      "geometry": {
        "type": "Polygon",
        "coordinates": [
          [
            [
              29.683611111111112,
              59.290277777777774
            ],
            [
              29.503333333333334,
              59.246944444444445
            ],
            [
              29.415277777777778,
              59.161944444444444
            ],
            [
              29.730277777777776,
              59.25055555555556
            ],
            [
              29.995,
              59.34111111111111
            ],
            [
              30.02138888888889,
              59.347500000000004
            ],
            [
              30.056944444444444,
              59.36138888888889
            ],
            [
              30.049166666666668,
              59.37277777777778
            ],
            [
              30.022222222222222,
              59.36666666666667
            ],
            [
              29.683611111111112,
              59.290277777777774
            ]
          ]
        ],
        "meta": {
          "shape": "polygon"
        }
      },
      "properties": {
        "title": "X2708/26 for None",
        "text": "From: 2026-07-28 08:00:00+00:00\nTo: 2026-07-31 16:00:00+00:00\n\nAIRSPACE CLSD Within AREA:\n\n591725N0294101E-591449N0293012E-590943N0292455E-591502N0294349E-\n\n592028N0295942E-592051N0300117E-592141N0300325E-592222N0300257E-\n\n592200N0300120E-591725N0294101E."
      }
    },
    {
      "type": "Feature",
      "geometry": {
        "type": "Polygon",
        "coordinates": [
          [
            [
              34.72133105910339,
              61.59995994280806
            ],
            [
              34.721196744744255,
              61.59751368219816
            ],
            [
              34.7208106696328,
              61.59507350610477
            ],
            [
              34.72017382274642,
              61.59264529100406
            ],
            [
              34.71928779601425,
              61.59023488319944
            ],
            [
              34.71815477992752,
              61.587848084771245
            ],
            [
              34.71677755772503,
              61.58549063964588
            ],
            [
              34.715159498172994,
              61.58316821981716
            ],
            [
              34.71330454696128,
              61.58088641175265
            ],
            [
              34.71121721674191,
              61.5786507030172
            ],
            [
              34.70890257583762,
              61.5764664691446
            ],
            [
              34.70636623565211,
              61.57433896078868
            ],
            [
              34.703614336815555,
              61.572273291183485
            ],
            [
              34.70065353410216,
              61.57027442394186
            ],
            [
              34.69749098015872,
              61.56834716122037
            ],
            [
              34.694134308085566,
              61.566496132278466
            ],
            [
              34.690591612913664,
              61.56472578245768
            ],
            [
              34.686871432023864,
              61.56304036260639
            ],
            [
              34.682982724555735,
              61.56144391897446
            ],
            [
              34.67893484985628,
              61.55994028360046
            ],
            [
              34.67473754501984,
              61.55853306521369
            ],
            [
              34.67040090157233,
              61.55722564067136
            ],
            [
              34.66593534135482,
              61.556021146950705
            ],
            [
              34.66135159166245,
              61.55492247371347
            ],
            [
              34.65666065969643,
              61.5539322564602
            ],
            [
              34.65187380638746,
              61.55305287028932
            ],
            [
              34.64700251965082,
              61.55228642427509
            ],
            [
              34.64205848713356,
              61.55163475647712
            ],
            [
              34.63705356851548,
              61.55109942959241
            ],
            [
              34.63199976742634,
              61.550681727260006
            ],
            [
              34.626909203042274,
              61.55038265102598
            ],
            [
              34.6217940814248,
              61.55020291797598
            ],
            [
              34.6166666666667,
              61.550142959040414
            ],
            [
              34.6115392519086,
              61.55020291797598
            ],
            [
              34.60642413029113,
              61.55038265102598
            ],
            [
              34.60133356590706,
              61.550681727260006
            ],
            [
              34.59627976481793,
              61.55109942959241
            ],
            [
              34.591274846199845,
              61.55163475647712
            ],
            [
              34.586330813682586,
              61.55228642427509
            ],
            [
              34.58145952694595,
              61.55305287028932
            ],
            [
              34.57667267363698,
              61.5539322564602
            ],
            [
              34.57198174167095,
              61.55492247371347
            ],
            [
              34.56739799197859,
              61.556021146950705
            ],
            [
              34.56293243176108,
              61.55722564067136
            ],
            [
              34.55859578831357,
              61.55853306521369
            ],
            [
              34.55439848347713,
              61.55994028360046
            ],
            [
              34.55035060877768,
              61.56144391897446
            ],
            [
              34.54646190130954,
              61.56304036260639
            ],
            [
              34.54274172041974,
              61.56472578245768
            ],
            [
              34.53919902524785,
              61.566496132278466
            ],
            [
              34.53584235317469,
              61.56834716122037
            ],
            [
              34.532679799231246,
              61.57027442394186
            ],
            [
              34.52971899651785,
              61.572273291183485
            ],
            [
              34.52696709768131,
              61.574338960788666
            ],
            [
              34.524430757495786,
              61.5764664691446
            ],
            [
              34.5221161165915,
              61.5786507030172
            ],
            [
              34.52002878637212,
              61.58088641175265
            ],
            [
              34.51817383516042,
              61.58316821981716
            ],
            [
              34.516555775608374,
              61.58549063964588
            ],
            [
              34.515178553405896,
              61.587848084771245
            ],
            [
              34.51404553731916,
              61.59023488319944
            ],
            [
              34.51315951058699,
              61.59264529100406
            ],
            [
              34.51252266370061,
              61.59507350610477
            ],
            [
              34.51213658858915,
              61.59751368219816
            ],
            [
              34.512002274230014,
              61.59995994280806
            ],
            [
              34.51212010369988,
              61.60240639542133
            ],
            [
              34.51248985267917,
              61.60484714567579
            ],
            [
              34.51311068941871,
              61.60727631156582
            ],
            [
              34.5139811761746,
              61.60968803763147
            ],
            [
              34.51509927211298,
              61.612076509097
            ],
            [
              34.51646233768334,
              61.614435965923896
            ],
            [
              34.51806714045494,
              61.61676071674478
            ],
            [
              34.51990986240752,
              61.61904515264348
            ],
            [
              34.521986108663384,
              61.621283760747964
            ],
            [
              34.52429091764454,
              61.62347113760211
            ],
            [
              34.52681877263451,
              61.625602002283664
            ],
            [
              34.52956361472084,
              61.62767120923549
            ],
            [
              34.53251885709061,
              61.62967376077839
            ],
            [
              34.535677400647224,
              61.631604819274045
            ],
            [
              34.53903165091383,
              61.63345971890776
            ],
            [
              34.5425735361841,
              61.63523397706117
            ],
            [
              34.546294526878405,
              61.636923305246526
            ],
            [
              34.55018565605971,
              61.63852361957456
            ],
            [
              34.55423754105991,
              61.640031050729746
            ],
            [
              34.558440406164564,
              61.64144195342721
            ],
            [
              34.56278410630038,
              61.642752915327655
            ],
            [
              34.56725815166742,
              61.64396076538704
            ],
            [
              34.57185173325458,
              61.645062581620046
            ],
            [
              34.576553749174565,
              61.64605569825711
            ],
            [
              34.58135283175224,
              61.64693771227699
            ],
            [
              34.58623737529764,
              61.64770648929757
            ],
            [
              34.59119556449301,
              61.64836016881019
            ],
            [
              34.59621540332135,
              61.648897168743716
            ],
            [
              34.60128474446221,
              61.649316189346585
            ],
            [
              34.606391319079194,
              61.64961621637693
            ],
            [
              34.611522766922214,
              61.64979652359229
            ],
            [
              34.6166666666667,
              61.649856674532685
            ],
            [
              34.6218105664112,
              61.64979652359229
            ],
            [
              34.62694201425421,
              61.64961621637693
            ],
            [
              34.6320485888712,
              61.649316189346585
            ],
            [
              34.63711793001205,
              61.648897168743716
            ],
            [
              34.64213776884039,
              61.64836016881019
            ],
            [
              34.64709595803577,
              61.64770648929757
            ],
            [
              34.651980501581164,
              61.64693771227699
            ],
            [
              34.65677958415884,
              61.64605569825711
            ],
            [
              34.66148160007882,
              61.645062581620046
            ],
            [
              34.666075181665974,
              61.64396076538704
            ],
            [
              34.67054922703303,
              61.642752915327655
            ],
            [
              34.67489292716884,
              61.64144195342721
            ],
            [
              34.679095792273486,
              61.640031050729746
            ],
            [
              34.683147677273695,
              61.63852361957456
            ],
            [
              34.68703880645501,
              61.636923305246526
            ],
            [
              34.69075979714931,
              61.63523397706117
            ],
            [
              34.69430168241958,
              61.63345971890776
            ],
            [
              34.69765593268618,
              61.631604819274045
            ],
            [
              34.7008144762428,
              61.62967376077839
            ],
            [
              34.703769718612556,
              61.62767120923549
            ],
            [
              34.70651456069889,
              61.625602002283664
            ],
            [
              34.70904241568887,
              61.62347113760211
            ],
            [
              34.71134722467002,
              61.621283760747964
            ],
            [
              34.71342347092589,
              61.61904515264348
            ],
            [
              34.71526619287847,
              61.61676071674478
            ],
            [
              34.71687099565007,
              61.614435965923896
            ],
            [
              34.71823406122042,
              61.612076509097
            ],
            [
              34.71935215715881,
              61.60968803763147
            ],
            [
              34.720222643914695,
              61.60727631156582
            ],
            [
              34.720843480654246,
              61.60484714567579
            ],
            [
              34.72121322963353,
              61.60240639542133
            ],
            [
              34.72133105910339,
              61.59995994280806
            ]
          ]
        ]
      },
      "properties": {
        "title": "X2710/26 for None",
        "text": "From: 2026-07-27 06:00:00+00:00\nTo: 2026-07-31 16:00:00+00:00\n\nAIRSPACE CLSD Within SECTOR BTN AZM 050-235 DEG RADIUS 5KM CENTRE\n\n613616N0343751E."
      }
    },
    {
      "type": "Feature",
      "geometry": {
        "type": "Polygon",
        "coordinates": [
          [
            [
              28.857977114744834,
              58.101964777967154
            ],
            [
              28.85803536161475,
              58.10199624121584
            ],
            [
              28.858099153419992,
              58.102024530464654
            ],
            [
              28.858167875805346,
              58.10204937326487
            ],
            [
              28.858240866925716,
              58.102070530359356
            ],
            [
              28.85831742382052,
              58.10208779798705
            ],
            [
              28.858396809184157,
              58.10210100984558
            ],
            [
              28.858478258467528,
              58.102110038693
            ],
            [
              28.858560987241958,
              58.10211479757334
            ],
            [
              28.858644198754757,
              58.102115240654356
            ],
            [
              28.858727091603495,
              58.102111363668755
            ],
            [
              28.858808867455107,
              58.102103203955394
            ],
            [
              28.858888738735438,
              58.10209084009965
            ],
            [
              28.85896593621505,
              58.102074391176494
            ],
            [
              28.859039716418337,
              58.102054015603535
            ],
            [
              28.859109368784388,
              58.102029909615176
            ],
            [
              28.859174222510795,
              58.10200230537249
            ],
            [
              28.859233653014254,
              58.10197146872718
            ],
            [
              28.85928708794593,
              58.10193769666091
            ],
            [
              28.859334012703485,
              58.101901314424914
            ],
            [
              28.8593739753868,
              58.101862672407385
            ],
            [
              28.859406591149593,
              58.101822142758756
            ],
            [
              28.859431545905096,
              58.10178011580742
            ],
            [
              28.85944859935002,
              58.1017369963004
            ],
            [
              28.85945758727791,
              58.101693199505306
            ],
            [
              28.859458423159506,
              58.101649147210914
            ],
            [
              28.859451098974837,
              58.10160526366504
            ],
            [
              28.85943568528945,
              58.10156197148886
            ],
            [
              28.859412330573555,
              58.1015196876068
            ],
            [
              28.859381259771173,
              58.1014788192315
            ],
            [
              28.85934277213281,
              58.101439759942274
            ],
            [
              28.859297238332644,
              58.10140288589493
            ],
            [
              28.85924509689814,
              58.101368552199446
            ],
            [
              28.82757835925732,
              58.082479819927755
            ],
            [
              28.827520170994102,
              58.08244834267029
            ],
            [
              28.82745643832225,
              58.08242003803624
            ],
            [
              28.827387775017005,
              58.082395178606916
            ],
            [
              28.827314842332623,
              58.08237400378487
            ],
            [
              28.827238342634562,
              58.08235671748849
            ],
            [
              28.827159012635946,
              58.08234348618856
            ],
            [
              28.82707761630341,
              58.08233443730524
            ],
            [
              28.826994937500633,
              58.08232965798103
            ],
            [
              28.82691177244035,
              58.0823291942417
            ],
            [
              28.826828922017512,
              58.08233305055316
            ],
            [
              28.82674718409743,
              58.0823411897784
            ],
            [
              28.826667345832973,
              58.08235353353513
            ],
            [
              28.826590176084913,
              58.08236996295042
            ],
            [
              28.826516418018446,
              58.08239031980555
            ],
            [
              28.82644678194688,
              58.08241440805936
            ],
            [
              28.826381938491547,
              58.082441995736
            ],
            [
              28.826322512123905,
              58.0824728171588
            ],
            [
              28.826269075151725,
              58.082506575508546
            ],
            [
              28.826222142207477,
              58.08254294568164
            ],
            [
              28.826182165291996,
              58.08258157742081
            ],
            [
              28.826149529420988,
              58.082622098687956
            ],
            [
              28.826124548916518,
              58.08266411924683
            ],
            [
              28.826107464379113,
              58.08270723442103
            ],
            [
              28.82609844036971,
              58.082751028991034
            ],
            [
              28.82609756382378,
              58.082795081192906
            ],
            [
              28.826104843212967,
              58.08283896677999
            ],
            [
              28.826120208462374,
              58.08288226310875
            ],
            [
              28.82614351162421,
              58.082924553209
            ],
            [
              28.82617452830164,
              58.0829654297997
            ],
            [
              28.826212959808764,
              58.08300449921143
            ],
            [
              28.826258436046377,
              58.08304138517795
            ],
            [
              28.82631051906554,
              58.083075732459974
            ],
            [
              28.857977114744834,
              58.101964777967154
            ]
          ]
        ],
        "meta": {
          "shape": "line_corridor"
        }
      },
      "properties": {
        "title": "X2713/26 for None",
        "text": "From: 2026-07-29 09:00:00+00:00\nTo: 2026-07-29 23:59:00+00:00\n\nAIRSPACE CLSD Within 0.05KM EITHER SIDE OF LINE JOINING POINTS:\n\n580458N0284937E-580606N0285131E."
      }
    },
    {
      "type": "Feature",
      "geometry": {
        "type": "Polygon",
        "coordinates": [
          [
            [
              43.75833333333333,
              60.32527777777778
            ],
            [
              44.010555555555555,
              60.376666666666665
            ],
            [
              44.07555555555556,
              60.40611111111111
            ],
            [
              44.02111111111111,
              60.47
            ],
            [
              44.05,
              60.47694444444445
            ],
            [
              44.14666666666667,
              60.4375
            ],
            [
              44.21083333333333,
              60.46527777777778
            ],
            [
              44.70055555555556,
              60.532222222222224
            ],
            [
              44.924166666666665,
              60.60305555555556
            ],
            [
              45.05555555555555,
              60.619166666666665
            ],
            [
              45.14972222222222,
              60.651111111111106
            ],
            [
              45.17666666666666,
              60.61611111111111
            ],
            [
              45.081388888888895,
              60.58416666666667
            ],
            [
              45.06805555555556,
              60.561388888888885
            ],
            [
              44.96,
              60.56805555555556
            ],
            [
              44.720555555555556,
              60.49388888888889
            ],
            [
              44.447222222222216,
              60.466944444444444
            ],
            [
              44.34805555555556,
              60.4375
            ],
            [
              44.20777777777778,
              60.393055555555556
            ],
            [
              44.047777777777775,
              60.343333333333334
            ],
            [
              43.788333333333334,
              60.28805555555555
            ],
            [
              43.565555555555555,
              60.21555555555556
            ],
            [
              43.32833333333333,
              60.16416666666667
            ],
            [
              43.27333333333333,
              60.14055555555556
            ],
            [
              43.21888888888889,
              60.16861111111111
            ],
            [
              43.28444444444444,
              60.19638888888888
            ],
            [
              43.53527777777778,
              60.249722222222225
            ],
            [
              43.75833333333333,
              60.32527777777778
            ]
          ]
        ],
        "meta": {
          "shape": "polygon"
        }
      },
      "properties": {
        "title": "X2718/26 for None",
        "text": "From: 2026-07-27 06:00:00+00:00\nTo: 2026-08-01 18:00:00+00:00\n\nAIRSPACE CLSD AS FLW:\n\n1. AREA: 601147N0431704E-601459N0433207E-601931N0434530E-\n\n         602236N0440038E-602422N0440432E-602812N0440116E-\n\n         602837N0440300E-602615N0440848E-602755N0441239E-\n\n         603156N0444202E-603611N0445527E-603709N0450320E-\n\n         603904N0450859E-603658N0451036E-603503N0450453E-\n\n         603341N0450405E-603405N0445736E-602938N0444314E-\n\n         602801N0442650E-602615N0442053E-602335N0441228E-\n\n         602036N0440252E-601717N0434718E-601256N0433356E-\n\n         600951N0431942E-600826N0431624E-601007N0431308E-\n\n         601147N0431704E\n\n   600M AMSL-1300M AMSL.\n\n2. Within CIRCLE RADIUS 1KM CENTRE 602736N0442030E\n\n   SFC-1300M AMSL.\n\n3. Within CIRCLE RADIUS 1KM CENTRE 603424N0450316E\n\n   SFC-1300M AMSL.\n\n4. Within CIRCLE RADIUS 1KM CENTRE 602359N0440852E\n\n   SFC-1300M AMSL.\n\n5. Within CIRCLE RADIUS 1KM CENTRE 602752N0440254E\n\n   SFC-1300M AMSL."
      }
    },
    {
      "type": "Feature",
      "geometry": {
        "type": "Polygon",
        "coordinates": [
          [
            [
              29.68735335937697,
              59.18916401826012
            ],
            [
              29.687321243541373,
              59.18850331936262
            ],
            [
              29.6872259888825,
              59.18784422478515
            ],
            [
              29.68706782849448,
              59.18718832220656
            ],
            [
              29.68684714694625,
              59.18653719152596
            ],
            [
              29.686564479320943,
              59.185892401059064
            ],
            [
              29.686220509893705,
              59.18525550376279
            ],
            [
              29.685816070451406,
              59.184628033498086
            ],
            [
              29.685352138258683,
              59.18401150133921
            ],
            [
              29.68482983367537,
              59.183407391938935
            ],
            [
              29.68425041743145,
              59.18281715995778
            ],
            [
              29.683615287566255,
              59.1822422265664
            ],
            [
              29.682925976039595,
              59.181683976029014
            ],
            [
              29.682184145023104,
              59.18114375237633
            ],
            [
              29.68139158288095,
              59.180622856175766
            ],
            [
              29.680550199849705,
              59.180122541406746
            ],
            [
              29.67966202342801,
              59.17964401244846
            ],
            [
              29.678729193486948,
              59.1791884211873
            ],
            [
              29.677753957113378,
              59.178756864250765
            ],
            [
              29.6767386631982,
              59.178350380374695
            ],
            [
              29.6756857567829,
              59.177969947909574
            ],
            [
              29.674597773177872,
              59.17761648247247
            ],
            [
              29.673477331866486,
              59.177290834749556
            ],
            [
              29.672327130209577,
              59.176993788454865
            ],
            [
              29.671149936965456,
              59.176726058449994
            ],
            [
              29.6699485856406,
              59.17648828902913
            ],
            [
              29.66872596768719,
              59.17628105237347
            ],
            [
              29.667485025563355,
              59.17610484717886
            ],
            [
              29.66622874567282,
              59.17596009745981
            ],
            [
              29.66496015120053,
              59.175847151532416
            ],
            [
              29.663682294861285,
              59.17576628117925
            ],
            [
              29.662398251578622,
              59.175717680997586
            ],
            [
              29.661111111111104,
              59.17570146793272
            ],
            [
              29.659823970643586,
              59.175717680997586
            ],
            [
              29.658539927360923,
              59.17576628117925
            ],
            [
              29.657262071021677,
              59.175847151532416
            ],
            [
              29.655993476549387,
              59.17596009745981
            ],
            [
              29.654737196658854,
              59.17610484717886
            ],
            [
              29.653496254535014,
              59.17628105237347
            ],
            [
              29.652273636581608,
              59.17648828902913
            ],
            [
              29.651072285256753,
              59.176726058449994
            ],
            [
              29.64989509201263,
              59.176993788454865
            ],
            [
              29.648744890355722,
              59.177290834749556
            ],
            [
              29.647624449044336,
              59.17761648247247
            ],
            [
              29.6465364654393,
              59.177969947909574
            ],
            [
              29.645483559024008,
              59.178350380374695
            ],
            [
              29.644468265108827,
              59.178756864250765
            ],
            [
              29.643493028735257,
              59.1791884211873
            ],
            [
              29.6425601987942,
              59.17964401244846
            ],
            [
              29.6416720223725,
              59.180122541406746
            ],
            [
              29.64083063934126,
              59.180622856175766
            ],
            [
              29.6400380771991,
              59.18114375237633
            ],
            [
              29.639296246182614,
              59.181683976029014
            ],
            [
              29.63860693465595,
              59.1822422265664
            ],
            [
              29.637971804790755,
              59.18281715995778
            ],
            [
              29.637392388546832,
              59.183407391938935
            ],
            [
              29.636870083963522,
              59.18401150133921
            ],
            [
              29.636406151770803,
              59.184628033498086
            ],
            [
              29.636001712328504,
              59.18525550376279
            ],
            [
              29.635657742901262,
              59.18589240105905
            ],
            [
              29.63537507527596,
              59.18653719152596
            ],
            [
              29.635154393727728,
              59.18718832220656
            ],
            [
              29.634996233339713,
              59.18784422478515
            ],
            [
              29.634900978680836,
              59.18850331936262
            ],
            [
              29.634868862845238,
              59.18916401826012
            ],
            [
              29.63489996685591,
              59.18982472984277
            ],
            [
              29.63499421943429,
              59.19048386235352
            ],
            [
              29.635151397136806,
              59.19113982774826
            ],
            [
              29.635371124858327,
              59.19179104552283
            ],
            [
              29.635652876701595,
              59.19243594652282
            ],
            [
              29.635995977210932,
              59.19307297672678
            ],
            [
              29.636399602967614,
              59.19370060099384
            ],
            [
              29.636862784543254,
              59.194317306766564
            ],
            [
              29.63738440880686,
              59.19492160772024
            ],
            [
              29.63796322158032,
              59.19551204734951
            ],
            [
              29.63859783063602,
              59.196087202484016
            ],
            [
              29.63928670902986,
              59.19664568672403
            ],
            [
              29.640028198761502,
              59.197186153788124
            ],
            [
              29.64082051475355,
              59.19770730076471
            ],
            [
              29.641661749139985,
              59.19820787125927
            ],
            [
              29.642549875853735,
              59.19868665842981
            ],
            [
              29.643482755502387,
              59.19914250790326
            ],
            [
              29.6444581405204,
              59.19957432056535
            ],
            [
              29.645473680585358,
              59.19998105521749
            ],
            [
              29.64652692828522,
              59.20036173109404
            ],
            [
              29.647615345022835,
              59.20071543023379
            ],
            [
              29.648736307143547,
              59.20104129969989
            ],
            [
              29.64988711227081,
              59.201338553642785
            ],
            [
              29.651064985834598,
              59.20160647520109
            ],
            [
              29.65226708777657,
              59.20184441823587
            ],
            [
              29.6534905194157,
              59.20205180889395
            ],
            [
              29.654732330457612,
              59.20222814699629
            ],
            [
              29.655989526130426,
              59.2023730072485
            ],
            [
              29.657259074429714,
              59.202486040269925
            ],
            [
              29.65853791345478,
              59.202566973439204
            ],
            [
              29.659822958818292,
              59.202615611554194
            ],
            [
              29.661111111111104,
              59.20263183730422
            ],
            [
              29.662399263403916,
              59.202615611554194
            ],
            [
              29.663684308767426,
              59.202566973439204
            ],
            [
              29.664963147792495,
              59.202486040269925
            ],
            [
              29.666232696091782,
              59.2023730072485
            ],
            [
              29.667489891764596,
              59.20222814699629
            ],
            [
              29.668731702806507,
              59.20205180889395
            ],
            [
              29.66995513444564,
              59.20184441823587
            ],
            [
              29.671157236387607,
              59.20160647520109
            ],
            [
              29.6723351099514,
              59.201338553642785
            ],
            [
              29.67348591507866,
              59.20104129969989
            ],
            [
              29.674606877199366,
              59.20071543023379
            ],
            [
              29.67569529393699,
              59.20036173109404
            ],
            [
              29.676748541636854,
              59.19998105521748
            ],
            [
              29.67776408170181,
              59.19957432056535
            ],
            [
              29.678739466719836,
              59.19914250790326
            ],
            [
              29.679672346368474,
              59.19868665842981
            ],
            [
              29.680560473082217,
              59.19820787125927
            ],
            [
              29.681401707468652,
              59.19770730076471
            ],
            [
              29.682194023460703,
              59.197186153788124
            ],
            [
              29.68293551319235,
              59.19664568672402
            ],
            [
              29.683624391586186,
              59.19608720248403
            ],
            [
              29.684259000641894,
              59.19551204734951
            ],
            [
              29.684837813415342,
              59.194921607720225
            ],
            [
              29.685359437678947,
              59.194317306766564
            ],
            [
              29.68582261925459,
              59.19370060099384
            ],
            [
              29.68622624501128,
              59.19307297672678
            ],
            [
              29.686569345520613,
              59.19243594652282
            ],
            [
              29.68685109736388,
              59.19179104552283
            ],
            [
              29.687070825085396,
              59.19113982774826
            ],
            [
              29.68722800278792,
              59.19048386235352
            ],
            [
              29.687322255366297,
              59.18982472984278
            ],
            [
              29.68735335937697,
              59.18916401826012
            ]
          ]
        ],
        "meta": {
          "shape": "circle"
        }
      },
      "properties": {
        "title": "X2721/26 for None",
        "text": "From: 2026-07-28 08:00:00+00:00\nTo: 2026-07-28 09:00:00+00:00\n\nAIRSPACE CLSD Within CIRCLE RADIUS 1.5KM CENTRE 591121N0293940E."
      }
    },
    {
      "type": "Feature",
      "geometry": {
        "type": "Polygon",
        "coordinates": [
          [
            [
              29.32604138253313,
              59.46722192469892
            ],
            [
              29.326030702165788,
              59.46700169977914
            ],
            [
              29.325998801813604,
              59.46678200682049
            ],
            [
              29.325945758737117,
              59.466563375067125
            ],
            [
              29.32587170112359,
              59.466346331196576
            ],
            [
              29.3257768077743,
              59.46613139805119
            ],
            [
              29.325661307670085,
              59.465919093378844
            ],
            [
              29.325525479416054,
              59.46570992858619
            ],
            [
              29.325369650567026,
              59.46550440750704
            ],
            [
              29.325194196835177,
              59.46530302518921
            ],
            [
              29.324999541182006,
              59.465106266702655
            ],
            [
              29.324786152796673,
              59.46491460597151
            ],
            [
              29.32455454596334,
              59.46472850463336
            ],
            [
              29.324305278820116,
              59.464548410927804
            ],
            [
              29.324038952012835,
              59.464374758617645
            ],
            [
              29.323756207246618,
              59.464207965944745
            ],
            [
              29.32345772573901,
              59.46404843462358
            ],
            [
              29.323144226578336,
              59.46389654887433
            ],
            [
              29.32281646499109,
              59.46375267449834
            ],
            [
              29.322475230522784,
              59.463617157997874
            ],
            [
              29.32212134513638,
              59.46349032574237
            ],
            [
              29.32175566123318,
              59.46337248318309
            ],
            [
              29.321379059600552,
              59.46326391411833
            ],
            [
              29.320992447291836,
              59.46316488001053
            ],
            [
              29.32059675544316,
              59.46307561935736
            ],
            [
              29.32019293703268,
              59.46299634711786
            ],
            [
              29.319781964587378,
              59.462927254195385
            ],
            [
              29.319364827843206,
              59.46286850697842
            ],
            [
              29.31894253136385,
              59.46282024694022
            ],
            [
              29.318516092124117,
              59.462782590298644
            ],
            [
              29.318086537063532,
              59.462755627736556
            ],
            [
              29.317654900616112,
              59.4627394241836
            ],
            [
              29.3172222222222,
              59.4627340186602
            ],
            [
              29.316789543828282,
              59.4627394241836
            ],
            [
              29.316357907380866,
              59.462755627736556
            ],
            [
              29.315928352320277,
              59.462782590298644
            ],
            [
              29.315501913080546,
              59.46282024694022
            ],
            [
              29.31507961660119,
              59.46286850697842
            ],
            [
              29.314662479857017,
              59.462927254195385
            ],
            [
              29.31425150741172,
              59.46299634711786
            ],
            [
              29.313847689001236,
              59.46307561935736
            ],
            [
              29.31345199715256,
              59.46316488001053
            ],
            [
              29.313065384843846,
              59.46326391411833
            ],
            [
              29.312688783211218,
              59.46337248318309
            ],
            [
              29.312323099308006,
              59.463490325742356
            ],
            [
              29.31196921392161,
              59.463617157997874
            ],
            [
              29.311627979453306,
              59.46375267449834
            ],
            [
              29.31130021786606,
              59.46389654887433
            ],
            [
              29.310986718705383,
              59.46404843462358
            ],
            [
              29.31068823719778,
              59.464207965944745
            ],
            [
              29.31040549243156,
              59.464374758617645
            ],
            [
              29.31013916562428,
              59.464548410927804
            ],
            [
              29.309889898481053,
              59.46472850463336
            ],
            [
              29.30965829164772,
              59.46491460597151
            ],
            [
              29.30944490326239,
              59.46510626670263
            ],
            [
              29.309250247609217,
              59.46530302518921
            ],
            [
              29.309074793877368,
              59.46550440750704
            ],
            [
              29.30891896502834,
              59.46570992858619
            ],
            [
              29.30878313677431,
              59.465919093378844
            ],
            [
              29.308667636670094,
              59.46613139805119
            ],
            [
              29.308572743320813,
              59.466346331196576
            ],
            [
              29.308498685707278,
              59.466563375067125
            ],
            [
              29.308445642630794,
              59.46678200682049
            ],
            [
              29.308413742278606,
              59.46700169977914
            ],
            [
              29.308403061911264,
              59.46722192469892
            ],
            [
              29.308413627672493,
              59.46744215104388
            ],
            [
              29.308445414522275,
              59.467661848264356
            ],
            [
              29.308498346293163,
              59.46788048707512
            ],
            [
              29.30857229586985,
              59.46809754073069
            ],
            [
              29.308667085491482,
              59.4683124862945
            ],
            [
              29.308782487176206,
              59.46852480589905
            ],
            [
              29.30891822326672,
              59.4687339879939
            ],
            [
              29.309073967095806,
              59.46893952857863
            ],
            [
              29.309249343770066,
              59.46914093241752
            ],
            [
              29.309443931070113,
              59.469337714233404
            ],
            [
              29.30965726046506,
              59.46952939987741
            ],
            [
              29.309888818238864,
              59.469715527472104
            ],
            [
              29.31013804672588,
              59.46989564852498
            ],
            [
              29.310404345652564,
              59.470069329009895
            ],
            [
              29.310687073582294,
              59.470236150413605
            ],
            [
              29.310985549459655,
              59.47039571074497
            ],
            [
              29.311299054250576,
              59.47054762550444
            ],
            [
              29.311626832674293,
              59.47069152861124
            ],
            [
              29.31196809502321,
              59.47082707328644
            ],
            [
              29.312322019065807,
              59.47095393288929
            ],
            [
              29.312687752028538,
              59.47107180170511
            ],
            [
              29.31306441265154,
              59.47118039568276
            ],
            [
              29.313451093313383,
              59.47127945311984
            ],
            [
              29.313846862219634,
              59.4713687352941
            ],
            [
              29.314250765650076,
              59.471448027039145
            ],
            [
              29.314661830258892,
              59.47151713726382
            ],
            [
              29.315079065422562,
              59.471575899413
            ],
            [
              29.315501465629573,
              59.47162417186962
            ],
            [
              29.315928012906152,
              59.47166183829622
            ],
            [
              29.316357679272336,
              59.47168880791573
            ],
            [
              29.316789429222162,
              59.47170501573049
            ],
            [
              29.3172222222222,
              59.471710422679074
            ],
            [
              29.317655015222233,
              59.47170501573049
            ],
            [
              29.318086765172062,
              59.47168880791573
            ],
            [
              29.318516431538242,
              59.47166183829622
            ],
            [
              29.318942978814825,
              59.47162417186962
            ],
            [
              29.319365379021832,
              59.471575899413
            ],
            [
              29.319782614185506,
              59.47151713726382
            ],
            [
              29.32019367879432,
              59.471448027039145
            ],
            [
              29.32059758222476,
              59.4713687352941
            ],
            [
              29.320993351131015,
              59.47127945311984
            ],
            [
              29.321380031792856,
              59.47118039568276
            ],
            [
              29.321756692415857,
              59.47107180170511
            ],
            [
              29.32212242537858,
              59.47095393288929
            ],
            [
              29.32247634942118,
              59.47082707328644
            ],
            [
              29.322817611770102,
              59.47069152861124
            ],
            [
              29.323145390193826,
              59.47054762550444
            ],
            [
              29.323458894984736,
              59.47039571074498
            ],
            [
              29.3237573708621,
              59.470236150413605
            ],
            [
              29.32404009879183,
              59.470069329009895
            ],
            [
              29.324306397718516,
              59.46989564852498
            ],
            [
              29.32455562620553,
              59.469715527472104
            ],
            [
              29.324787183979335,
              59.46952939987742
            ],
            [
              29.32500051337428,
              59.469337714233404
            ],
            [
              29.32519510067433,
              59.46914093241752
            ],
            [
              29.32537047734859,
              59.46893952857863
            ],
            [
              29.325526221177675,
              59.4687339879939
            ],
            [
              29.325661957268192,
              59.46852480589905
            ],
            [
              29.325777358952912,
              59.4683124862945
            ],
            [
              29.325872148574543,
              59.46809754073069
            ],
            [
              29.32594609815123,
              59.46788048707512
            ],
            [
              29.32599902992212,
              59.467661848264356
            ],
            [
              29.326030816771905,
              59.46744215104388
            ],
            [
              29.32604138253313,
              59.46722192469892
            ]
          ]
        ],
        "meta": {
          "shape": "circle"
        }
      },
      "properties": {
        "title": "X2722/26 for None",
        "text": "From: 2026-07-30 08:00:00+00:00\nTo: 2026-07-30 09:00:00+00:00\n\nAIRSPACE CLSD Within CIRCLE RADIUS 0.5KM CENTRE 592802N0291902E."
      }
    },
    {
      "type": "Feature",
      "geometry": {
        "type": "Polygon",
        "coordinates": [
          [
            [
              29.510269632938126,
              59.32666656015321
            ],
            [
              29.510263265005264,
              59.32653442216129
            ],
            [
              29.51024421755376,
              59.32640260300973
            ],
            [
              29.510212536616674,
              59.32627142025685
            ],
            [
              29.51016829865945,
              59.326141189924314
            ],
            [
              29.51011161039425,
              59.32601222573572
            ],
            [
              29.510042608521573,
              59.32588483836103
            ],
            [
              29.509961459399644,
              59.325759334668305
            ],
            [
              29.50986835864242,
              59.325636016984554
            ],
            [
              29.509763530647184,
              59.32551518236765
            ],
            [
              29.509647228052934,
              59.32539712189096
            ],
            [
              29.509519731130762,
              59.32528211994235
            ],
            [
              29.50938134710781,
              59.3251704535394
            ],
            [
              29.509232409426424,
              59.32506239166231
            ],
            [
              29.509073276940285,
              59.32495819460626
            ],
            [
              29.508904333049315,
              59.32485811335466
            ],
            [
              29.508725984775822,
              59.32476238897489
            ],
            [
              29.50853866178362,
              59.32467125203789
            ],
            [
              29.50834281534293,
              59.324584922062975
            ],
            [
              29.508138917243308,
              59.324503606989545
            ],
            [
              29.507927458657218,
              59.32442750267627
            ],
            [
              29.507708948957152,
              59.32435679242982
            ],
            [
              29.507483914488958,
              59.32429164656338
            ],
            [
              29.507252897304436,
              59.32423222198688
            ],
            [
              29.507016453856252,
              59.3241786618292
            ],
            [
              29.506775153658186,
              59.32413109509362
            ],
            [
              29.506529577914126,
              59.32408963634737
            ],
            [
              29.50628031811893,
              59.324054385445834
            ],
            [
              29.506027974634602,
              59.32402542729223
            ],
            [
              29.50577315524521,
              59.324002831633244
            ],
            [
              29.505516473693927,
              59.323986652891136
            ],
            [
              29.50525854820585,
              59.323976930032835
            ],
            [
              29.504999999999995,
              59.32397368647601
            ],
            [
              29.504741451794143,
              59.323976930032835
            ],
            [
              29.504483526306064,
              59.323986652891136
            ],
            [
              29.504226844754786,
              59.324002831633244
            ],
            [
              29.503972025365393,
              59.32402542729223
            ],
            [
              29.503719681881066,
              59.324054385445834
            ],
            [
              29.50347042208587,
              59.32408963634737
            ],
            [
              29.503224846341805,
              59.32413109509362
            ],
            [
              29.502983546143742,
              59.3241786618292
            ],
            [
              29.502747102695558,
              59.32423222198688
            ],
            [
              29.502516085511036,
              59.32429164656337
            ],
            [
              29.502291051042842,
              59.32435679242982
            ],
            [
              29.502072541342777,
              59.32442750267627
            ],
            [
              29.501861082756687,
              59.324503606989545
            ],
            [
              29.50165718465706,
              59.324584922062975
            ],
            [
              29.501461338216373,
              59.32467125203789
            ],
            [
              29.501274015224173,
              59.32476238897489
            ],
            [
              29.501095666950675,
              59.32485811335466
            ],
            [
              29.500926723059706,
              59.32495819460626
            ],
            [
              29.50076759057357,
              59.32506239166231
            ],
            [
              29.500618652892182,
              59.3251704535394
            ],
            [
              29.500480268869232,
              59.32528211994235
            ],
            [
              29.500352771947053,
              59.32539712189096
            ],
            [
              29.500236469352807,
              59.32551518236765
            ],
            [
              29.50013164135758,
              59.32563601698454
            ],
            [
              29.50003854060035,
              59.325759334668305
            ],
            [
              29.499957391478418,
              59.32588483836103
            ],
            [
              29.49988838960574,
              59.32601222573572
            ],
            [
              29.49983170134054,
              59.326141189924314
            ],
            [
              29.49978746338332,
              59.32627142025685
            ],
            [
              29.499755782446236,
              59.32640260300973
            ],
            [
              29.499736734994727,
              59.32653442216129
            ],
            [
              29.499730367061865,
              59.32666656015321
            ],
            [
              29.49973669413609,
              59.32679869865531
            ],
            [
              29.49975570112245,
              59.32693051933256
            ],
            [
              29.499787342377566,
              59.32706170461184
            ],
            [
              29.499831541818185,
              59.327191938447285
            ],
            [
              29.49988819310307,
              59.3273209070815
            ],
            [
              29.499957159887856,
              59.32744829980169
            ],
            [
              29.500038276152235,
              59.32757380968834
            ],
            [
              29.5001313465987,
              59.3276971343548
            ],
            [
              29.50023614712185,
              59.32781797667591
            ],
            [
              29.500352425347284,
              59.32793604550415
            ],
            [
              29.500479901238585,
              59.32805105637119
            ],
            [
              29.500618267771156,
              59.32816273217357
            ],
            [
              29.500767191671052,
              59.328270803840596
            ],
            [
              29.50092631421739,
              59.328375010982775
            ],
            [
              29.501095252105916,
              59.32847510251957
            ],
            [
              29.501273598372165,
              59.32857083728455
            ],
            [
              29.50146092337162,
              59.328661984606775
            ],
            [
              29.50165677581475,
              59.32874832486688
            ],
            [
              29.50186068385419,
              59.328829650026464
            ],
            [
              29.502072156221736,
              59.328905764129644
            ],
            [
              29.50229068341219,
              59.32897648377557
            ],
            [
              29.502515738911264,
              59.32904163856042
            ],
            [
              29.50274678046459,
              59.32910107148846
            ],
            [
              29.502983251384865,
              59.32915463935036
            ],
            [
              29.503224581893697,
              59.329202213068626
            ],
            [
              29.503470190495307,
              59.32924367800882
            ],
            [
              29.50371948537839,
              59.329278934255846
            ],
            [
              29.50397186584303,
              59.32930789685507
            ],
            [
              29.504226723749035,
              59.32933049601692
            ],
            [
              29.50448344498227,
              59.32934667728549
            ],
            [
              29.504741410935498,
              59.329356401669465
            ],
            [
              29.504999999999995,
              59.32935964573649
            ],
            [
              29.505258589064496,
              59.329356401669465
            ],
            [
              29.50551655501772,
              59.32934667728549
            ],
            [
              29.505773276250956,
              59.32933049601692
            ],
            [
              29.506028134156963,
              59.32930789685507
            ],
            [
              29.506280514621604,
              59.32927893425586
            ],
            [
              29.506529809504695,
              59.32924367800881
            ],
            [
              29.506775418106297,
              59.329202213068626
            ],
            [
              29.50701674861513,
              59.32915463935036
            ],
            [
              29.5072532195354,
              59.32910107148846
            ],
            [
              29.507484261088727,
              59.32904163856042
            ],
            [
              29.507709316587796,
              59.32897648377557
            ],
            [
              29.507927843778255,
              59.328905764129644
            ],
            [
              29.508139316145797,
              59.32882965002645
            ],
            [
              29.508343224185243,
              59.32874832486688
            ],
            [
              29.508539076628367,
              59.328661984606775
            ],
            [
              29.50872640162783,
              59.32857083728455
            ],
            [
              29.508904747894075,
              59.32847510251957
            ],
            [
              29.509073685782596,
              59.328375010982775
            ],
            [
              29.50923280832894,
              59.328270803840596
            ],
            [
              29.509381732228835,
              59.32816273217357
            ],
            [
              29.509520098761406,
              59.32805105637119
            ],
            [
              29.509647574652703,
              59.32793604550415
            ],
            [
              29.509763852878145,
              59.32781797667591
            ],
            [
              29.50986865340129,
              59.3276971343548
            ],
            [
              29.50996172384776,
              59.32757380968834
            ],
            [
              29.51004284011214,
              59.327448299801674
            ],
            [
              29.510111806896923,
              59.3273209070815
            ],
            [
              29.51016845818181,
              59.3271919384473
            ],
            [
              29.51021265762243,
              59.32706170461184
            ],
            [
              29.510244298877545,
              59.32693051933256
            ],
            [
              29.510263305863905,
              59.32679869865531
            ],
            [
              29.510269632938126,
              59.32666656015321
            ]
          ]
        ],
        "meta": {
          "shape": "circle"
        }
      },
      "properties": {
        "title": "X2724/26 for None",
        "text": "From: 2026-07-28 07:00:00+00:00\nTo: 2026-07-28 08:00:00+00:00\n\nAIRSPACE CLSD Within CIRCLE RADIUS 0.3KM CENTRE 591936N0293018E."
      }
    },
    {
      "type": "Feature",
      "geometry": {
        "type": "Polygon",
        "coordinates": [
          [
            [
              33.40555555555555,
              59.04194444444444
            ],
            [
              33.50778973335001,
              58.98655728395652
            ],
            [
              33.508721894688165,
              58.98822702926613
            ],
            [
              33.4075,
              59.043055555555554
            ],
            [
              33.545833333333334,
              59.18472222222222
            ],
            [
              33.67444444444444,
              59.342222222222226
            ],
            [
              33.726111111111116,
              59.34111111111111
            ],
            [
              33.72606365682248,
              59.341024365998884
            ],
            [
              34.86083333333333,
              59.32
            ],
            [
              34.86083333333333,
              59.170833333333334
            ],
            [
              34.68833333333333,
              59.160555555555554
            ],
            [
              34.321245688543975,
              59.04006680534442
            ],
            [
              34.476111111111116,
              58.96083333333333
            ],
            [
              33.904444444444444,
              58.780833333333334
            ],
            [
              33.766666666666666,
              58.85333333333333
            ],
            [
              34.282836905916206,
              59.02745993534583
            ],
            [
              33.75318176259269,
              58.85361184438497
            ],
            [
              33.864444444444445,
              58.79333333333333
            ],
            [
              33.49722222222222,
              58.676944444444445
            ],
            [
              33.01111111111111,
              58.765277777777776
            ],
            [
              33.40555555555555,
              59.04194444444444
            ]
          ]
        ],
        "meta": {
          "shape": "polygon"
        }
      },
      "properties": {
        "title": "X2726/26 for None",
        "text": "From: 2026-07-26 07:01:00+00:00\nTo: 2026-07-31 23:59:00+00:00\n\nAIRSPACE CLSD AS FLW:\n\n1. AREA: 590235N0332427E-591105N0333245E-592032N0334028E-\n\n         592028N0334334E-585841N0333139E-590235N0332427E\n\n   GND-1500M AMSL.\n\n2. AREA: 592029N0334223E-591912N0345139E-591015N0345139E-\n\n         590938N0344118E-585042N0334337E-585816N0332957E-\n\n         591034N0333649E-592029N0334223E\n\n   GND-1500M AMSL.\n\n3. AREA: 584037N0332950E-584736N0335152E-590231N0332420E-\n\n         584555N0330040E-584037N0332950E\n\n   GND-1500M AMSL.\n\n4. AREA: 585112N0334600E-590225N0341915E-585739N0342834E-\n\n         584651N0335416E-585112N0334600E\n\n   GND-1500M AMSL.\n\n5. Within CIRCLE RADIUS 5KM CENTRE 584809N0332226E\n\n   GND-750M AMSL.\n\n6. Within 2.5KM EITHER SIDE OF LINE JOINING POINTS:\n\n   585852N0335310E-590920N0342330E.\n\n   1000M AMSL-1500M AMSL."
      }
    },
    {
      "type": "Feature",
      "geometry": {
        "type": "Polygon",
        "coordinates": [
          [
            [
              33.40555555555555,
              59.04194444444444
            ],
            [
              33.50778973335001,
              58.98655728395652
            ],
            [
              33.508721894688165,
              58.98822702926613
            ],
            [
              33.4075,
              59.043055555555554
            ],
            [
              33.545833333333334,
              59.18472222222222
            ],
            [
              33.67444444444444,
              59.342222222222226
            ],
            [
              33.726111111111116,
              59.34111111111111
            ],
            [
              33.72606365682248,
              59.341024365998884
            ],
            [
              34.86083333333333,
              59.32
            ],
            [
              34.86083333333333,
              59.170833333333334
            ],
            [
              34.68833333333333,
              59.160555555555554
            ],
            [
              34.321245688543975,
              59.04006680534442
            ],
            [
              34.476111111111116,
              58.96083333333333
            ],
            [
              33.904444444444444,
              58.780833333333334
            ],
            [
              33.766666666666666,
              58.85333333333333
            ],
            [
              34.282836905916206,
              59.02745993534583
            ],
            [
              33.75318176259269,
              58.85361184438497
            ],
            [
              33.864444444444445,
              58.79333333333333
            ],
            [
              33.49722222222222,
              58.676944444444445
            ],
            [
              33.01111111111111,
              58.765277777777776
            ],
            [
              33.40555555555555,
              59.04194444444444
            ]
          ]
        ],
        "meta": {
          "shape": "polygon"
        }
      },
      "properties": {
        "title": "X2727/26 for None",
        "text": "From: 2026-07-27 00:00:00+00:00\nTo: 2026-08-01 07:00:00+00:00\n\nAIRSPACE CLSD AS FLW:\n\n1. AREA: 590235N0332427E-591105N0333245E-592032N0334028E-\n\n         592028N0334334E-585841N0333139E-590235N0332427E\n\n   GND-1500M AMSL.\n\n2. AREA: 592029N0334223E-591912N0345139E-591015N0345139E-\n\n         590938N0344118E-585042N0334337E-585816N0332957E-\n\n         591034N0333649E-592029N0334223E\n\n   GND-1500M AMSL.\n\n3. AREA: 584037N0332950E-584736N0335152E-590231N0332420E-\n\n         584555N0330040E-584037N0332950E\n\n   GND-1500M AMSL.\n\n4. AREA: 585112N0334600E-590225N0341915E-585739N0342834E-\n\n         584651N0335416E-585112N0334600E\n\n   GND-1500M AMSL.\n\n5. Within CIRCLE RADIUS 5KM CENTRE 584809N0332226E\n\n   GND-750M AMSL.\n\n6. Within 2.5KM EITHER SIDE OF LINE JOINING POINTS:\n\n   585852N0335310E-590920N0342330E.\n\n   1000M AMSL-1500M AMSL."
      }
    },
    {
      "type": "Feature",
      "geometry": {
        "type": "Polygon",
        "coordinates": [
          [
            [
              32.203611111111115,
              59.099444444444444
            ],
            [
              32.327222222222225,
              59.1225
            ],
            [
              32.71239809990022,
              58.94772587209768
            ],
            [
              33.15608428192919,
              59.12221167127103
            ],
            [
              32.74388888888889,
              59.34138888888889
            ],
            [
              32.75138888888889,
              59.36027777777778
            ],
            [
              33.331944444444446,
              59.35166666666667
            ],
            [
              33.33163803399557,
              59.351108429006764
            ],
            [
              33.672777777777775,
              59.3425
            ],
            [
              33.5425,
              59.18694444444444
            ],
            [
              33.400555555555556,
              59.04416666666666
            ],
            [
              32.950833333333335,
              58.730000000000004
            ],
            [
              32.59527777777778,
              58.901666666666664
            ],
            [
              32.62420551676352,
              58.9130429047819
            ],
            [
              32.203611111111115,
              59.099444444444444
            ]
          ]
        ],
        "meta": {
          "shape": "polygon"
        }
      },
      "properties": {
        "title": "X2728/26 for None",
        "text": "From: 2026-07-26 07:01:00+00:00\nTo: 2026-07-31 16:55:00+00:00\n\nAIRSPACE CLSD AS FLW:\n\n1. AREA: 590239N0332402E-591113N0333233E-592033N0334022E-\n\n         592108N0331715E-590720N0330922E-585406N0323543E-\n\n         584348N0325703E-590239N0332402E\n\n   SFC-1500M AMSL.\n\n2. AREA: 590721N0321938E-584818N0330137E-584545N0325750E-\n\n         590558N0321213E-590721N0321938E\n\n   1500M AMSL-1500M AMSL.\n\n3. AREA: 592106N0331955E-590606N0331141E-592029N0324438E-\n\n         592137N0324505E-592106N0331955E\n\n   750M AMSL-1500M AMSL.\n\n4. Within CIRCLE RADIUS 1KM CENTRE 585223N0330707E\n\n   SFC-1000M AMSL."
      }
    },
    {
      "type": "Feature",
      "geometry": {
        "type": "Polygon",
        "coordinates": [
          [
            [
              35.92396555123857,
              68.27805492229695
            ],
            [
              35.923947892376056,
              68.27779097601686
            ],
            [
              35.923895294652425,
              68.27752766863625
            ],
            [
              35.923807885978384,
              68.27726563445273
            ],
            [
              35.92368587810395,
              68.27700550467512
            ],
            [
              35.923529566097024,
              68.27674790590336
            ],
            [
              35.9233393276216,
              68.27649345861971
            ],
            [
              35.923115622017335,
              68.27624277569481
            ],
            [
              35.922858989183055,
              68.27599646091245
            ],
            [
              35.92257004826665,
              68.27575510751619
            ],
            [
              35.922249496164916,
              68.27551929678167
            ],
            [
              35.92189810583682,
              68.27528959661781
            ],
            [
              35.92151672443447,
              68.27506656020054
            ],
            [
              35.921106271256264,
              68.27485072464185
            ],
            [
              35.920667735527225,
              68.27464260969782
            ],
            [
              35.920202174011955,
              68.27444271651858
            ],
            [
              35.91971070846603,
              68.27425152644302
            ],
            [
              35.91919452293184,
              68.27406949984137
            ],
            [
              35.91865486088558,
              68.27389707500822
            ],
            [
              35.91809302224223,
              68.27373466710885
            ],
            [
              35.917510360225606,
              68.27358266718113
            ],
            [
              35.9169082781112,
              68.27344144119567
            ],
            [
              35.916288225849485,
              68.27331132917604
            ],
            [
              35.915651696577896,
              68.27319264438165
            ],
            [
              35.91500022302966,
              68.27308567255497
            ],
            [
              35.9143353738483,
              68.2729906712348
            ],
            [
              35.91365874981646,
              68.27290786913746
            ],
            [
              35.912971980008095,
              68.27283746560727
            ],
            [
              35.912276717873254,
              68.2727796301375
            ],
            [
              35.91157463726482,
              68.27273450196328
            ],
            [
              35.910867428416495,
              68.27270218972703
            ],
            [
              35.91015679388194,
              68.27268277121738
            ],
            [
              35.9094444444444,
              68.27267629318243
            ],
            [
              35.908732095006854,
              68.27268277121738
            ],
            [
              35.9080214604723,
              68.27270218972703
            ],
            [
              35.90731425162397,
              68.27273450196328
            ],
            [
              35.90661217101554,
              68.2727796301375
            ],
            [
              35.9059169088807,
              68.27283746560727
            ],
            [
              35.90523013907233,
              68.27290786913746
            ],
            [
              35.90455351504049,
              68.2729906712348
            ],
            [
              35.903888665859135,
              68.27308567255497
            ],
            [
              35.9032371923109,
              68.27319264438165
            ],
            [
              35.90260066303931,
              68.27331132917602
            ],
            [
              35.90198061077759,
              68.27344144119567
            ],
            [
              35.90137852866318,
              68.27358266718113
            ],
            [
              35.90079586664656,
              68.27373466710885
            ],
            [
              35.90023402800321,
              68.27389707500822
            ],
            [
              35.899694365956954,
              68.27406949984137
            ],
            [
              35.899178180422766,
              68.27425152644302
            ],
            [
              35.89868671487684,
              68.27444271651858
            ],
            [
              35.89822115336157,
              68.27464260969782
            ],
            [
              35.89778261763253,
              68.27485072464185
            ],
            [
              35.897372164454325,
              68.27506656020054
            ],
            [
              35.896990783051976,
              68.27528959661781
            ],
            [
              35.89663939272388,
              68.27551929678167
            ],
            [
              35.89631884062214,
              68.27575510751619
            ],
            [
              35.89602989970574,
              68.27599646091247
            ],
            [
              35.89577326687146,
              68.27624277569481
            ],
            [
              35.895549561267195,
              68.27649345861971
            ],
            [
              35.89535932279177,
              68.27674790590336
            ],
            [
              35.89520301078484,
              68.27700550467513
            ],
            [
              35.89508100291041,
              68.27726563445273
            ],
            [
              35.89499359423637,
              68.27752766863625
            ],
            [
              35.89494099651274,
              68.27779097601686
            ],
            [
              35.894923337650226,
              68.27805492229695
            ],
            [
              35.89494066140051,
              68.2783188716179
            ],
            [
              35.894992927239215,
              68.27858218809185
            ],
            [
              35.895080010451885,
              68.27884423733354
            ],
            [
              35.89520170242286,
              68.27910438798921
            ],
            [
              35.89535771112657,
              68.27936201325781
            ],
            [
              35.89554766182,
              68.27961649240193
            ],
            [
              35.89577109793497,
              68.27986721224406
            ],
            [
              35.896027482168,
              68.28011356864492
            ],
            [
              35.896316197765366,
              68.28035496796011
            ],
            [
              35.896636550000224,
              68.28059082847177
            ],
            [
              35.896987767838404,
              68.28082058179159
            ],
            [
              35.897369005788995,
              68.28104367423174
            ],
            [
              35.89777934593512,
              68.28125956814071
            ],
            [
              35.89821780014031,
              68.28146774320042
            ],
            [
              35.89868331242507,
              68.28166769768185
            ],
            [
              35.899174761507965,
              68.28185894965571
            ],
            [
              35.899690963505144,
              68.28204103815567
            ],
            [
              35.90023067478186,
              68.28221352429101
            ],
            [
              35.900792594949024,
              68.2823759923061
            ],
            [
              35.90137536999771,
              68.28252805058406
            ],
            [
              35.90197759556385,
              68.2826693325924
            ],
            [
              35.90259782031545,
              68.28279949776802
            ],
            [
              35.90323454945393,
              68.28291823233954
            ],
            [
              35.90388624832119,
              68.28302525008516
            ],
            [
              35.9045513461038,
              68.28312029302381
            ],
            [
              35.90522823962495,
              68.28320313203841
            ],
            [
              35.90591529721533,
              68.28327356742908
            ],
            [
              35.90661086265341,
              68.28333142939569
            ],
            [
              35.90731325916534,
              68.28337657844796
            ],
            [
              35.90802079347507,
              68.28340890574242
            ],
            [
              35.908731759894586,
              68.2834283333454
            ],
            [
              35.9094444444444,
              68.2834348144212
            ],
            [
              35.91015712899421,
              68.2834283333454
            ],
            [
              35.910868095413726,
              68.28340890574242
            ],
            [
              35.91157562972345,
              68.28337657844796
            ],
            [
              35.912278026235384,
              68.28333142939569
            ],
            [
              35.912973591673456,
              68.28327356742908
            ],
            [
              35.91366064926384,
              68.28320313203841
            ],
            [
              35.91433754278499,
              68.28312029302383
            ],
            [
              35.91500264056761,
              68.28302525008516
            ],
            [
              35.91565433943487,
              68.28291823233955
            ],
            [
              35.916291068573344,
              68.28279949776802
            ],
            [
              35.916911293324944,
              68.2826693325924
            ],
            [
              35.917513518891084,
              68.28252805058406
            ],
            [
              35.918096293939776,
              68.2823759923061
            ],
            [
              35.91865821410693,
              68.28221352429101
            ],
            [
              35.91919792538365,
              68.28204103815567
            ],
            [
              35.91971412738082,
              68.28185894965571
            ],
            [
              35.920205576463715,
              68.28166769768185
            ],
            [
              35.92067108874847,
              68.28146774320042
            ],
            [
              35.92110954295367,
              68.28125956814071
            ],
            [
              35.9215198830998,
              68.28104367423174
            ],
            [
              35.9219011210504,
              68.28082058179159
            ],
            [
              35.922252338888576,
              68.28059082847177
            ],
            [
              35.92257269112342,
              68.28035496796011
            ],
            [
              35.92286140672079,
              68.28011356864491
            ],
            [
              35.923117790953825,
              68.27986721224406
            ],
            [
              35.923341227068796,
              68.27961649240194
            ],
            [
              35.92353117776222,
              68.27936201325781
            ],
            [
              35.92368718646593,
              68.27910438798921
            ],
            [
              35.92380887843691,
              68.27884423733354
            ],
            [
              35.92389596164958,
              68.27858218809185
            ],
            [
              35.92394822748828,
              68.2783188716179
            ],
            [
              35.92396555123857,
              68.27805492229695
            ]
          ]
        ],
        "meta": {
          "shape": "circle"
        }
      },
      "properties": {
        "title": "X2730/26 for None",
        "text": "From: 2026-07-30 05:00:00+00:00\nTo: 2026-07-31 17:00:00+00:00\n\nAIRSPACE CLSD Within CIRCLE RADIUS 0.6KM CENTRE 681641N0355434E."
      }
    },
    {
      "type": "Feature",
      "geometry": {
        "type": "Polygon",
        "coordinates": [
          [
            [
              34.0,
              69.28333333333333
            ],
            [
              34.0,
              69.0
            ],
            [
              32.833333333333336,
              69.0
            ],
            [
              33.166666666666664,
              69.21666666666667
            ],
            [
              34.0,
              69.28333333333333
            ]
          ]
        ],
        "meta": {
          "shape": "polygon"
        }
      },
      "properties": {
        "title": "X2741/26 for None",
        "text": "From: 2026-07-25 05:00:00+00:00\nTo: 2026-07-30 23:59:00+00:00\n\nAIRSPACE CLSD Within AREA:\n\n691700N0340000E-690000N0340000E-690000N0325000E-\n\n691300N0331000E-691700N0340000E"
      }
    },
    {
      "type": "Feature",
      "geometry": {
        "type": "Polygon",
        "coordinates": [
          [
            [
              33.83057050251401,
              67.64274771860077
            ],
            [
              33.83044363120209,
              67.64090001464366
            ],
            [
              33.83007885507751,
              67.63905690572963
            ],
            [
              33.829477108205595,
              67.63722283047632
            ],
            [
              33.82863989442898,
              67.63540220471785
            ],
            [
              33.827569283223994,
              67.63359941089227
            ],
            [
              33.826267904210454,
              67.63181878751902
            ],
            [
              33.82473894033296,
              67.63006461879141
            ],
            [
              33.82298611973462,
              67.62834112430863
            ],
            [
              33.821013706347244,
              67.62665244897195
            ],
            [
              33.818826489224705,
              67.62500265306807
            ],
            [
              33.816429770649,
              67.62339570256373
            ],
            [
              33.813829353040816,
              67.62183545963354
            ],
            [
              33.81103152470937,
              67.62032567344349
            ],
            [
              33.80804304447829,
              67.61886997121113
            ],
            [
              33.80487112522661,
              67.61747184956343
            ],
            [
              33.80152341638622,
              67.61613466621205
            ],
            [
              33.79800798543927,
              67.61486163196494
            ],
            [
              33.79433329846044,
              67.613655803093
            ],
            [
              33.790508199751294,
              67.61252007406874
            ],
            [
              33.786541890615574,
              67.61145717069381
            ],
            [
              33.78244390732546,
              67.61046964363076
            ],
            [
              33.7782240983308,
              67.60955986235388
            ],
            [
              33.773892600764334,
              67.60873000953255
            ],
            [
              33.76945981629734,
              67.60798207586002
            ],
            [
              33.76493638640113,
              67.60731785533902
            ],
            [
              33.76033316707094,
              67.60673894103486
            ],
            [
              33.75566120306974,
              67.60624672130567
            ],
            [
              33.75093170175017,
              67.60584237651796
            ],
            [
              33.7461560065134,
              67.60552687625503
            ],
            [
              33.7413455699649,
              67.60530097702448
            ],
            [
              33.73651192682663,
              67.60516522046973
            ],
            [
              33.7316666666667,
              67.60511993208975
            ],
            [
              33.72682140650676,
              67.60516522046973
            ],
            [
              33.721987763368496,
              67.60530097702448
            ],
            [
              33.717177326819986,
              67.60552687625503
            ],
            [
              33.712401631583226,
              67.60584237651796
            ],
            [
              33.707672130263646,
              67.60624672130567
            ],
            [
              33.703000166262456,
              67.60673894103486
            ],
            [
              33.69839694693226,
              67.60731785533902
            ],
            [
              33.693873517036046,
              67.60798207586002
            ],
            [
              33.68944073256906,
              67.60873000953255
            ],
            [
              33.685109235002585,
              67.60955986235388
            ],
            [
              33.68088942600793,
              67.61046964363076
            ],
            [
              33.676791442717814,
              67.61145717069381
            ],
            [
              33.6728251335821,
              67.61252007406874
            ],
            [
              33.66900003487295,
              67.613655803093
            ],
            [
              33.66532534789412,
              67.61486163196494
            ],
            [
              33.66180991694717,
              67.61613466621205
            ],
            [
              33.658462208106776,
              67.61747184956343
            ],
            [
              33.6552902888551,
              67.61886997121113
            ],
            [
              33.65230180862402,
              67.62032567344349
            ],
            [
              33.64950398029257,
              67.62183545963354
            ],
            [
              33.646903562684386,
              67.62339570256371
            ],
            [
              33.64450684410868,
              67.62500265306807
            ],
            [
              33.64231962698614,
              67.62665244897195
            ],
            [
              33.64034721359876,
              67.62834112430865
            ],
            [
              33.638594393000425,
              67.63006461879141
            ],
            [
              33.637065429122934,
              67.63181878751902
            ],
            [
              33.635764050109394,
              67.63359941089227
            ],
            [
              33.63469343890441,
              67.63540220471785
            ],
            [
              33.63385622512779,
              67.63722283047632
            ],
            [
              33.633254478255886,
              67.63905690572962
            ],
            [
              33.63288970213131,
              67.64090001464366
            ],
            [
              33.63276283081939,
              67.64274771860077
            ],
            [
              33.63287422582613,
              67.64459556687711
            ],
            [
              33.63322367468959,
              67.64643910735893
            ],
            [
              33.63381039095315,
              67.64827389727242
            ],
            [
              33.63463301552609,
              67.65009551390095
            ],
            [
              33.63568961943312,
              67.65189956526396
            ],
            [
              33.63697770795157,
              67.65368170073133
            ],
            [
              33.63849422613101,
              67.6554376215476
            ],
            [
              33.64023556568684,
              67.65716309124016
            ],
            [
              33.64219757325584,
              67.65885394588555
            ],
            [
              33.64437555999798,
              67.66050610420923
            ],
            [
              33.64676431252525,
              67.66211557749325
            ],
            [
              33.64935810513493,
              67.66367847926738
            ],
            [
              33.65215071332091,
              67.6651910347596
            ],
            [
              33.655135428533406,
              67.66664959008261
            ],
            [
              33.65830507415368,
              67.66805062113264
            ],
            [
              33.661652022647274,
              67.66939074217898
            ],
            [
              33.66516821385586,
              67.670666714122
            ],
            [
              33.668845174384245,
              67.67187545239928
            ],
            [
              33.6726740380365,
              67.67301403451903
            ],
            [
              33.67664556725151,
              67.6740797072027
            ],
            [
              33.68075017548587,
              67.67506989311767
            ],
            [
              33.68497795048865,
              67.67598219718333
            ],
            [
              33.68931867841067,
              67.67681441243434
            ],
            [
              33.693761868687645,
              67.67756452542584
            ],
            [
              33.69829677963476,
              67.6782307211669
            ],
            [
              33.70291244468785,
              67.6788113875696
            ],
            [
              33.70759769922445,
              67.67930511940202
            ],
            [
              33.71234120789627,
              67.67971072173513
            ],
            [
              33.71713149240285,
              67.68002721287468
            ],
            [
              33.721956959635165,
              67.68025382677027
            ],
            [
              33.726805930116434,
              67.68039001489578
            ],
            [
              33.7316666666667,
              67.68043544759601
            ],
            [
              33.73652740321696,
              67.68039001489579
            ],
            [
              33.74137637369822,
              67.68025382677027
            ],
            [
              33.74620184093054,
              67.68002721287468
            ],
            [
              33.750992125437115,
              67.67971072173513
            ],
            [
              33.75573563410894,
              67.67930511940202
            ],
            [
              33.76042088864555,
              67.6788113875696
            ],
            [
              33.76503655369863,
              67.6782307211669
            ],
            [
              33.76957146464574,
              67.67756452542584
            ],
            [
              33.77401465492272,
              67.67681441243434
            ],
            [
              33.778355382844744,
              67.67598219718334
            ],
            [
              33.78258315784751,
              67.67506989311767
            ],
            [
              33.78668776608187,
              67.67407970720271
            ],
            [
              33.79065929529689,
              67.67301403451904
            ],
            [
              33.79448815894915,
              67.67187545239929
            ],
            [
              33.79816511947754,
              67.67066671412202
            ],
            [
              33.801681310686114,
              67.66939074217898
            ],
            [
              33.80502825917971,
              67.66805062113264
            ],
            [
              33.808197904799975,
              67.66664959008261
            ],
            [
              33.81118262001248,
              67.6651910347596
            ],
            [
              33.813975228198466,
              67.66367847926738
            ],
            [
              33.81656902080813,
              67.66211557749325
            ],
            [
              33.8189577733354,
              67.66050610420923
            ],
            [
              33.821135760077546,
              67.65885394588555
            ],
            [
              33.82309776764656,
              67.65716309124016
            ],
            [
              33.824839107202386,
              67.6554376215476
            ],
            [
              33.826355625381815,
              67.65368170073133
            ],
            [
              33.82764371390027,
              67.65189956526396
            ],
            [
              33.8287003178073,
              67.65009551390095
            ],
            [
              33.82952294238024,
              67.64827389727242
            ],
            [
              33.8301096586438,
              67.64643910735893
            ],
            [
              33.83045910750725,
              67.64459556687711
            ],
            [
              33.83057050251401,
              67.64274771860077
            ]
          ]
        ],
        "meta": {
          "shape": "circle"
        }
      },
      "properties": {
        "title": "X2752/26 for None",
        "text": "From: 2026-07-27 06:00:00+00:00\nTo: 2026-07-31 17:00:00+00:00\n\nAIRSPACE CLSD Within CIRCLE RADIUS 4.2KM CENTRE 673834N0334354E."
      }
    },
    {
      "type": "Feature",
      "geometry": {
        "type": "Polygon",
        "coordinates": [
          [
            [
              29.9690864528368,
              60.033059445977536
            ],
            [
              29.968708687369556,
              60.02645396668742
            ],
            [
              29.967683997179137,
              60.01986570712464
            ],
            [
              29.9660152335407,
              60.013310523965266
            ],
            [
              29.963706791293436,
              60.00680418494603
            ],
            [
              29.960764594665676,
              60.00036233112171
            ],
            [
              29.957196079534892,
              59.994000439514274
            ],
            [
              29.953010172198184,
              59.987733786239545
            ],
            [
              29.948217264735543,
              59.98157741019662
            ],
            [
              29.942829187054613,
              59.975546077402555
            ],
            [
              29.936859175711255,
              59.96965424605237
            ],
            [
              29.930321839606,
              59.96391603238279
            ],
            [
              29.923233122661006,
              59.958345177414905
            ],
            [
              29.915610263586903,
              59.9529550146488
            ],
            [
              29.90747175285269,
              59.94775843878003
            ],
            [
              29.898837286975894,
              59.942767875505574
            ],
            [
              29.88972772025288,
              59.93799525248364
            ],
            [
              29.880165014052785,
              59.933451971508426
            ],
            [
              29.870172183800527,
              59.92914888195873
            ],
            [
              29.859773243776907,
              59.92509625557534
            ],
            [
              29.848993149865652,
              59.92130376261947
            ],
            [
              29.837857740378972,
              59.917780449461155
            ],
            [
              29.826393675094685,
              59.91453471764315
            ],
            [
              29.814628372638936,
              59.911574304463166
            ],
            [
              29.80258994635005,
              59.90890626511275
            ],
            [
              29.790307138759296,
              59.9065369564093
            ],
            [
              29.77780925482557,
              59.90447202215333
            ],
            [
              29.765126094061255,
              59.90271638013974
            ],
            [
              29.752287881687078,
              59.901274210849365
            ],
            [
              29.739325198954184,
              59.900148947842176
            ],
            [
              29.726268912771754,
              59.89934326987187
            ],
            [
              29.71315010477897,
              59.898859094736466
            ],
            [
              29.699999999999996,
              59.898697574877616
            ],
            [
              29.686849895221027,
              59.898859094736466
            ],
            [
              29.67373108722824,
              59.89934326987187
            ],
            [
              29.66067480104581,
              59.900148947842176
            ],
            [
              29.647712118312917,
              59.901274210849365
            ],
            [
              29.63487390593874,
              59.90271638013974
            ],
            [
              29.622190745174425,
              59.90447202215333
            ],
            [
              29.6096928612407,
              59.9065369564093
            ],
            [
              29.597410053649945,
              59.90890626511275
            ],
            [
              29.58537162736106,
              59.911574304463166
            ],
            [
              29.57360632490531,
              59.91453471764315
            ],
            [
              29.562142259621023,
              59.917780449461155
            ],
            [
              29.551006850134343,
              59.92130376261947
            ],
            [
              29.54022675622309,
              59.92509625557534
            ],
            [
              29.529827816199468,
              59.92914888195873
            ],
            [
              29.519834985947206,
              59.933451971508426
            ],
            [
              29.510272279747117,
              59.93799525248364
            ],
            [
              29.5011627130241,
              59.942767875505574
            ],
            [
              29.492528247147305,
              59.94775843878003
            ],
            [
              29.484389736413092,
              59.9529550146488
            ],
            [
              29.47676687733899,
              59.958345177414905
            ],
            [
              29.469678160393997,
              59.96391603238279
            ],
            [
              29.46314082428874,
              59.96965424605237
            ],
            [
              29.457170812945378,
              59.975546077402555
            ],
            [
              29.45178273526445,
              59.98157741019662
            ],
            [
              29.44698982780182,
              59.98773378623953
            ],
            [
              29.442803920465103,
              59.994000439514274
            ],
            [
              29.43923540533432,
              60.00036233112171
            ],
            [
              29.43629320870656,
              60.00680418494603
            ],
            [
              29.433984766459293,
              60.013310523965266
            ],
            [
              29.43231600282086,
              60.01986570712464
            ],
            [
              29.43129131263044,
              60.02645396668742
            ],
            [
              29.430913547163193,
              60.033059445977536
            ],
            [
              29.43118400358857,
              60.03966623742471
            ],
            [
              29.432102418122472,
              60.046258420822895
            ],
            [
              29.433666962925322,
              60.052820101710054
            ],
            [
              29.43587424678964,
              60.05933544977736
            ],
            [
              29.438719319651526,
              60.06578873721398
            ],
            [
              29.442195680950604,
              60.072164376893454
            ],
            [
              29.44629529185341,
              60.0784469603069
            ],
            [
              29.451008591344454,
              60.084621295148445
            ],
            [
              29.45632451617857,
              60.090672442457524
            ],
            [
              29.462230524677047,
              60.09658575322403
            ],
            [
              29.468712624339094,
              60.102346904361845
            ],
            [
              29.475755403227808,
              60.10794193395797
            ],
            [
              29.48334206507902,
              60.113357275704836
            ],
            [
              29.491454468068863,
              60.118579792425614
            ],
            [
              29.500073167164317,
              60.1235968086032
            ],
            [
              29.50917745996883,
              60.12839614182631
            ],
            [
              29.51874543596337,
              60.132966133067804
            ],
            [
              29.5287540290314,
              60.13729567571349
            ],
            [
              29.53917907314469,
              60.14137424326206
            ],
            [
              29.549995361075492,
              60.14519191562013
            ],
            [
              29.561176705989517,
              60.14873940392028
            ],
            [
              29.57269600576355,
              60.152008073792395
            ],
            [
              29.584525309861224,
              60.15498996702444
            ],
            [
              29.596635888590757,
              60.157677821551026
            ],
            [
              29.60899830455928,
              60.160065089714266
            ],
            [
              29.621582486129842,
              60.1621459547447
            ],
            [
              29.634357802679343,
              60.1639153454162
            ],
            [
              29.647293141448326,
              60.16536894883244
            ],
            [
              29.66035698576752,
              60.16650322130913
            ],
            [
              29.673517494440233,
              60.16731539732044
            ],
            [
              29.686742582055103,
              60.167803496484055
            ],
            [
              29.699999999999996,
              60.16796632856511
            ],
            [
              29.71325741794489,
              60.167803496484055
            ],
            [
              29.726482505559762,
              60.16731539732044
            ],
            [
              29.739643014232474,
              60.16650322130913
            ],
            [
              29.75270685855167,
              60.16536894883244
            ],
            [
              29.765642197320645,
              60.1639153454162
            ],
            [
              29.778417513870153,
              60.1621459547447
            ],
            [
              29.791001695440716,
              60.160065089714266
            ],
            [
              29.803364111409238,
              60.157677821551026
            ],
            [
              29.815474690138764,
              60.15498996702444
            ],
            [
              29.827303994236445,
              60.152008073792395
            ],
            [
              29.838823294010478,
              60.14873940392028
            ],
            [
              29.850004638924503,
              60.14519191562013
            ],
            [
              29.860820926855297,
              60.14137424326206
            ],
            [
              29.871245970968594,
              60.1372956757135
            ],
            [
              29.881254564036617,
              60.132966133067804
            ],
            [
              29.890822540031156,
              60.12839614182631
            ],
            [
              29.89992683283567,
              60.1235968086032
            ],
            [
              29.908545531931132,
              60.118579792425614
            ],
            [
              29.916657934920973,
              60.113357275704836
            ],
            [
              29.924244596772184,
              60.10794193395797
            ],
            [
              29.9312873756609,
              60.102346904361845
            ],
            [
              29.937769475322952,
              60.09658575322403
            ],
            [
              29.943675483821433,
              60.090672442457524
            ],
            [
              29.94899140865554,
              60.084621295148445
            ],
            [
              29.953704708146585,
              60.0784469603069
            ],
            [
              29.957804319049398,
              60.072164376893454
            ],
            [
              29.96128068034847,
              60.06578873721398
            ],
            [
              29.964125753210347,
              60.05933544977736
            ],
            [
              29.966333037074673,
              60.052820101710054
            ],
            [
              29.967897581877523,
              60.046258420822895
            ],
            [
              29.968815996411426,
              60.03966623742471
            ],
            [
              29.9690864528368,
              60.033059445977536
            ]
          ]
        ],
        "meta": {
          "shape": "circle"
        }
      },
      "properties": {
        "title": "X2753/26 for None",
        "text": "From: 2026-07-26 07:01:00+00:00\nTo: 2026-07-31 16:59:00+00:00\n\nAIRSPACE CLSD Within CIRCLE RADIUS 15KM CENTRE 600200N0294200E.\n\nCLOSURE NOT AFFECT:\n\n- VIP FLT AND ACFT FOR THEIR SUPPORT\n\n- INTL AND DOM SKED FLT ALONG ATS RTE\n\n- ACFT ARR TO/DEP FROM PULKOVO Aerodrome.\n\n- FLT Within RESTRICTED AREA ULR51 AND PROHIBITED AREA ULP652."
      }
    },
    {
      "type": "Feature",
      "geometry": {
        "type": "Polygon",
        "coordinates": [
          [
            [
              30.178706330687966,
              59.67495680126678
            ],
            [
              30.178569695095298,
              59.67231428535599
            ],
            [
              30.178176921468445,
              59.66967834163671
            ],
            [
              30.177529015845497,
              59.66705531804079
            ],
            [
              30.176627597701547,
              59.66445152991091
            ],
            [
              30.17547489548401,
              59.661873244823276
            ],
            [
              30.174073740698248,
              59.659326667538835
            ],
            [
              30.17242756056304,
              59.65681792511905
            ],
            [
              30.170540369258546,
              59.65435305224153
            ],
            [
              30.168416757792503,
              59.65193797675003
            ],
            [
              30.166061882513638,
              59.64957850547266
            ],
            [
              30.16348145230384,
              59.6472803103419
            ],
            [
              30.16068171448371,
              59.645048914848275
            ],
            [
              30.157669439468584,
              59.64288968085967
            ],
            [
              30.154451904214756,
              59.64080779583652
            ],
            [
              30.15103687449812,
              59.638808260472565
            ],
            [
              30.14743258606964,
              59.63689587678947
            ],
            [
              30.143647724734237,
              59.63507523671278
            ],
            [
              30.13969140540188,
              59.633350711155316
            ],
            [
              30.13557315016154,
              59.63172643963284
            ],
            [
              30.131302865430396,
              59.63020632043563
            ],
            [
              30.12689081823245,
              59.62879400137838
            ],
            [
              30.122347611662338,
              59.627492871149244
            ],
            [
              30.117684159591576,
              59.62630605127757
            ],
            [
              30.11291166067552,
              59.625236388738536
            ],
            [
              30.10804157172107,
              59.624286449211105
            ],
            [
              30.103085580475803,
              59.6234585110047
            ],
            [
              30.098055577900322,
              59.62275455966794
            ],
            [
              30.092963629986635,
              59.62217628329172
            ],
            [
              30.087821949185944,
              59.62172506851701
            ],
            [
              30.082642865509982,
              59.62140199725623
            ],
            [
              30.077438797370533,
              59.62120784413576
            ],
            [
              30.0722222222222,
              59.62114307466489
            ],
            [
              30.06700564707387,
              59.62120784413576
            ],
            [
              30.06180157893442,
              59.62140199725623
            ],
            [
              30.05662249525846,
              59.62172506851701
            ],
            [
              30.05148081445777,
              59.62217628329172
            ],
            [
              30.04638886654408,
              59.62275455966794
            ],
            [
              30.041358863968597,
              59.6234585110047
            ],
            [
              30.036402872723333,
              59.624286449211105
            ],
            [
              30.031532783768885,
              59.625236388738536
            ],
            [
              30.026760284852827,
              59.62630605127757
            ],
            [
              30.022096832782065,
              59.627492871149244
            ],
            [
              30.017553626211953,
              59.62879400137838
            ],
            [
              30.013141579014007,
              59.63020632043563
            ],
            [
              30.008871294282862,
              59.63172643963284
            ],
            [
              30.004753039042523,
              59.633350711155316
            ],
            [
              30.000796719710166,
              59.63507523671278
            ],
            [
              29.997011858374762,
              59.63689587678947
            ],
            [
              29.99340756994628,
              59.638808260472565
            ],
            [
              29.989992540229647,
              59.64080779583652
            ],
            [
              29.98677500497582,
              59.64288968085967
            ],
            [
              29.983762729960684,
              59.645048914848275
            ],
            [
              29.980962992140558,
              59.6472803103419
            ],
            [
              29.978382561930758,
              59.64957850547266
            ],
            [
              29.9760276866519,
              59.65193797675003
            ],
            [
              29.973904075185853,
              59.65435305224153
            ],
            [
              29.972016883881363,
              59.65681792511905
            ],
            [
              29.970370703746156,
              59.659326667538835
            ],
            [
              29.9689695489604,
              59.661873244823276
            ],
            [
              29.967816846742853,
              59.66445152991091
            ],
            [
              29.966915428598906,
              59.66705531804079
            ],
            [
              29.966267522975958,
              59.669678341636725
            ],
            [
              29.965874749349105,
              59.67231428535599
            ],
            [
              29.965738113756437,
              59.67495680126678
            ],
            [
              29.965858005800104,
              59.67759952411834
            ],
            [
              29.966234197126035,
              59.680236086666916
            ],
            [
              29.966865841391378,
              59.68286013502111
            ],
            [
              29.967751475725525,
              59.68546534396936
            ],
            [
              29.968889023686657,
              59.68804543225236
            ],
            [
              29.970275799712237,
              59.690594177743606
            ],
            [
              29.971908515058136,
              59.693105432500786
            ],
            [
              29.973783285217063,
              59.69557313765133
            ],
            [
              29.975895638803557,
              59.697991338075425
            ],
            [
              29.978240527888573,
              59.700354196850334
            ],
            [
              29.98081233976314,
              59.70265600942038
            ],
            [
              29.983604910106614,
              59.70489121745734
            ],
            [
              29.98661153753131,
              59.707054422376615
            ],
            [
              29.989824999471455,
              59.70914039847569
            ],
            [
              29.993237569380646,
              59.711144105661646
            ],
            [
              29.99684103519862,
              59.713060701735955
            ],
            [
              30.000626719044075,
              59.71488555420545
            ],
            [
              30.004585498087284,
              59.71661425158965
            ],
            [
              30.008707826552296,
              59.718242614195766
            ],
            [
              30.012983758795837,
              59.71976670433404
            ],
            [
              30.017402973406405,
              59.72118283594727
            ],
            [
              30.021954798264165,
              59.72248758363014
            ],
            [
              30.026628236499484,
              59.72367779101503
            ],
            [
              30.031411993285193,
              59.72475057850294
            ],
            [
              30.036294503395094,
              59.7257033503197
            ],
            [
              30.041263959458963,
              59.72653380087916
            ],
            [
              30.046308340842202,
              59.72723992043713
            ],
            [
              30.05141544307634,
              59.72782000002137
            ],
            [
              30.056572907764867,
              59.72827263562483
            ],
            [
              30.061768252887454,
              59.72859673165161
            ],
            [
              30.066988903424413,
              59.72879150360615
            ],
            [
              30.0722222222222,
              59.72885648001935
            ],
            [
              30.07745554101999,
              59.72879150360615
            ],
            [
              30.08267619155695,
              59.72859673165161
            ],
            [
              30.087871536679536,
              59.72827263562483
            ],
            [
              30.093029001368055,
              59.72782000002137
            ],
            [
              30.098136103602197,
              59.72723992043713
            ],
            [
              30.10318048498544,
              59.726533800879146
            ],
            [
              30.10814994104931,
              59.7257033503197
            ],
            [
              30.11303245115921,
              59.72475057850294
            ],
            [
              30.11781620794492,
              59.72367779101503
            ],
            [
              30.122489646180245,
              59.72248758363014
            ],
            [
              30.127041471037998,
              59.72118283594727
            ],
            [
              30.13146068564857,
              59.71976670433404
            ],
            [
              30.135736617892114,
              59.718242614195766
            ],
            [
              30.139858946357112,
              59.71661425158965
            ],
            [
              30.143817725400325,
              59.71488555420545
            ],
            [
              30.14760340924579,
              59.713060701735955
            ],
            [
              30.151206875063757,
              59.71114410566163
            ],
            [
              30.154619444972948,
              59.70914039847569
            ],
            [
              30.15783290691309,
              59.707054422376615
            ],
            [
              30.16083953433779,
              59.70489121745734
            ],
            [
              30.163632104681263,
              59.70265600942038
            ],
            [
              30.166203916555823,
              59.700354196850334
            ],
            [
              30.16854880564083,
              59.697991338075425
            ],
            [
              30.17066115922734,
              59.69557313765133
            ],
            [
              30.172535929386267,
              59.693105432500786
            ],
            [
              30.174168644732166,
              59.690594177743606
            ],
            [
              30.175555420757746,
              59.68804543225236
            ],
            [
              30.17669296871888,
              59.68546534396936
            ],
            [
              30.177578603053025,
              59.68286013502111
            ],
            [
              30.17821024731837,
              59.680236086666916
            ],
            [
              30.178586438644295,
              59.67759952411834
            ],
            [
              30.178706330687966,
              59.67495680126678
            ]
          ]
        ],
        "meta": {
          "shape": "circle"
        }
      },
      "properties": {
        "title": "X2754/26 for None",
        "text": "From: 2026-07-26 07:01:00+00:00\nTo: 2026-07-31 16:59:00+00:00\n\nAIRSPACE CLSD Within CIRCLE RADIUS 6KM CENTRE 594030N0300420E.\n\nFLT FLT NOT AFFECTED:\n\n- SKED INTL AND SKED DOM FLT VIA ATS RTE,\n\n- VIP SPECIAL FLT AND ACFT FOR THEIR SUPPORT,\n\n- ARR TO/DEP FROM SANKT-PETERBURG/PULKOVO Aerodrome,\n\n- UNMANNED ACFT FLT, STATE AND EXPERIMENTAL AVIATION FLT, SPECIAL\n\nFLT, MEDICAL AND SANITARY FLT AS WELL AS ACT FOR AIRSPACE USING\n\nNOT CONNECTED WITH ACFT FLT SUBJ COOR WITH DUTY OFFICER VIA TEL.:\n\n8-812-305-30-15."
      }
    },
    {
      "type": "Feature",
      "geometry": {
        "type": "Polygon",
        "coordinates": [
          [
            [
              32.70514770661017,
              59.44809721097607
            ],
            [
              32.703932345328624,
              59.430484766774256
            ],
            [
              32.70102433912173,
              59.41292381682555
            ],
            [
              32.696433293947436,
              59.39545655318207
            ],
            [
              32.6901728083427,
              59.37812487837034
            ],
            [
              32.6822604166128,
              59.36097030632925
            ],
            [
              32.67271752349206,
              59.344033864867136
            ],
            [
              32.661569330643864,
              59.32735599984638
            ],
            [
              32.64884475537419,
              59.31097648129368
            ],
            [
              32.63457634193656,
              59.29493431162581
            ],
            [
              32.618800165807414,
              59.27926763617093
            ],
            [
              32.601555731310576,
              59.26401365615624
            ],
            [
              32.582885862966585,
              59.24920854432358
            ],
            [
              32.562836590937955,
              59.23488736332557
            ],
            [
              32.541457030936336,
              59.22108398704545
            ],
            [
              32.5187992589493,
              59.20783102497545
            ],
            [
              32.4949181811369,
              59.19515974977925
            ],
            [
              32.46987139923842,
              59.18310002815601
            ],
            [
              32.44371907181981,
              59.17168025511528
            ],
            [
              32.416523771681966,
              59.160927291763336
            ],
            [
              32.38835033973867,
              59.150866406694966
            ],
            [
              32.35926573566232,
              59.14152122107605
            ],
            [
              32.32933888558425,
              59.13291365749542
            ],
            [
              32.29864052712546,
              59.125063892658225
            ],
            [
              32.26724305202306,
              59.11799031398448
            ],
            [
              32.235220346607214,
              59.11170948017234
            ],
            [
              32.202647630373754,
              59.10623608577703
            ],
            [
              32.16960129288857,
              59.101582929851915
            ],
            [
              32.1361587292516,
              59.09776088869158
            ],
            [
              32.10239817434045,
              59.09477889271112
            ],
            [
              32.06839853604765,
              59.09264390749054
            ],
            [
              32.034239227719475,
              59.09136091900754
            ],
            [
              32.0,
              59.09093292307662
            ],
            [
              31.965760772280525,
              59.09136091900754
            ],
            [
              31.93160146395235,
              59.09264390749054
            ],
            [
              31.897601825659553,
              59.09477889271112
            ],
            [
              31.8638412707484,
              59.09776088869158
            ],
            [
              31.830398707111428,
              59.101582929851915
            ],
            [
              31.79735236962625,
              59.10623608577703
            ],
            [
              31.764779653392786,
              59.11170948017234
            ],
            [
              31.73275694797694,
              59.11799031398448
            ],
            [
              31.701359472874543,
              59.125063892658225
            ],
            [
              31.670661114415754,
              59.13291365749542
            ],
            [
              31.64073426433768,
              59.14152122107605
            ],
            [
              31.61164966026133,
              59.150866406694966
            ],
            [
              31.583476228318037,
              59.160927291763336
            ],
            [
              31.556280928180193,
              59.17168025511528
            ],
            [
              31.53012860076158,
              59.18310002815601
            ],
            [
              31.505081818863097,
              59.19515974977925
            ],
            [
              31.4812007410507,
              59.20783102497545
            ],
            [
              31.458542969063664,
              59.22108398704545
            ],
            [
              31.437163409062048,
              59.23488736332557
            ],
            [
              31.417114137033415,
              59.24920854432358
            ],
            [
              31.39844426868942,
              59.26401365615624
            ],
            [
              31.38119983419259,
              59.27926763617093
            ],
            [
              31.365423658063445,
              59.29493431162581
            ],
            [
              31.351155244625815,
              59.31097648129368
            ],
            [
              31.33843066935614,
              59.32735599984638
            ],
            [
              31.327282476507943,
              59.344033864867136
            ],
            [
              31.3177395833872,
              59.36097030632925
            ],
            [
              31.309827191657302,
              59.37812487837034
            ],
            [
              31.303566706052564,
              59.39545655318207
            ],
            [
              31.29897566087827,
              59.41292381682555
            ],
            [
              31.296067654671376,
              59.430484766774256
            ],
            [
              31.294852293389834,
              59.44809721097607
            ],
            [
              31.29533514248987,
              59.46571876821812
            ],
            [
              31.297517688238795,
              59.48330696956847
            ],
            [
              31.301397308596602,
              59.500819360661026
            ],
            [
              31.306967253982076,
              59.51821360458145
            ],
            [
              31.314216638218497,
              59.53544758510444
            ],
            [
              31.32313043993049,
              59.552479510025805
            ],
            [
              31.333689514636646,
              59.56926801432602
            ],
            [
              31.345870617752357,
              59.585772262896604
            ],
            [
              31.359646438684653,
              59.601952052554715
            ],
            [
              31.37498564616427,
              59.617767913068825
            ],
            [
              31.391852944921393,
              59.63318120691302
            ],
            [
              31.41020914377009,
              59.64815422746706
            ],
            [
              31.43001123512146,
              59.66265029537702
            ],
            [
              31.451212485899802,
              59.676633852791475
            ],
            [
              31.47376253978707,
              59.690070555189784
            ],
            [
              31.497607530670685,
              59.70292736052056
            ],
            [
              31.522690207118266,
              59.71517261537266
            ],
            [
              31.548950067649976,
              59.72677613790572
            ],
            [
              31.576323506526407,
              59.737709297273554
            ],
            [
              31.604743969715884,
              59.747945089281025
            ],
            [
              31.63414212065261,
              59.75745820802452
            ],
            [
              31.664446015344407,
              59.76622511327601
            ],
            [
              31.695581286337667,
              59.774224093382124
            ],
            [
              31.727471334997645,
              59.78143532346312
            ],
            [
              31.760037531515184,
              59.78784091871011
            ],
            [
              31.79319942200577,
              59.793424982594566
            ],
            [
              31.826874942025647,
              59.79817364982032
            ],
            [
              31.860980635791027,
              59.80207512386572
            ],
            [
              31.89543188035253,
              59.805119708982055
            ],
            [
              31.9301431139465,
              59.80729983653323
            ],
            [
              31.965028067719306,
              59.80861008558189
            ],
            [
              32.0,
              59.80904719764733
            ],
            [
              32.0349719322807,
              59.80861008558189
            ],
            [
              32.0698568860535,
              59.80729983653325
            ],
            [
              32.10456811964747,
              59.805119708982055
            ],
            [
              32.13901936420898,
              59.80207512386572
            ],
            [
              32.173125057974346,
              59.79817364982032
            ],
            [
              32.20680057799422,
              59.793424982594566
            ],
            [
              32.23996246848481,
              59.78784091871011
            ],
            [
              32.272528665002355,
              59.78143532346312
            ],
            [
              32.304418713662336,
              59.774224093382124
            ],
            [
              32.33555398465559,
              59.76622511327601
            ],
            [
              32.365857879347395,
              59.75745820802452
            ],
            [
              32.39525603028412,
              59.747945089281025
            ],
            [
              32.4236764934736,
              59.737709297273554
            ],
            [
              32.451049932350024,
              59.72677613790572
            ],
            [
              32.477309792881734,
              59.71517261537266
            ],
            [
              32.502392469329315,
              59.70292736052056
            ],
            [
              32.526237460212926,
              59.690070555189784
            ],
            [
              32.5487875141002,
              59.676633852791475
            ],
            [
              32.569988764878545,
              59.66265029537702
            ],
            [
              32.58979085622991,
              59.64815422746706
            ],
            [
              32.60814705507862,
              59.63318120691302
            ],
            [
              32.62501435383574,
              59.617767913068825
            ],
            [
              32.64035356131535,
              59.60195205255472
            ],
            [
              32.654129382247646,
              59.585772262896604
            ],
            [
              32.666310485363354,
              59.56926801432602
            ],
            [
              32.676869560069505,
              59.552479510025805
            ],
            [
              32.6857833617815,
              59.53544758510444
            ],
            [
              32.69303274601792,
              59.51821360458145
            ],
            [
              32.6986026914034,
              59.500819360661026
            ],
            [
              32.70248231176121,
              59.48330696956847
            ],
            [
              32.70466485751013,
              59.46571876821812
            ],
            [
              32.70514770661017,
              59.44809721097607
            ]
          ]
        ],
        "meta": {
          "shape": "circle"
        }
      },
      "properties": {
        "title": "X2755/26 for None",
        "text": "From: 2026-07-26 07:01:00+00:00\nTo: 2026-07-31 16:59:00+00:00\n\nAIRSPACE CLSD Within CIRCLE RADIUS 40KM CENTRE 592700N0320000E.\n\nFLW FLT NOT AFFECTED:\n\n- VIP FLT AND ACFT FOR THEIR SUPPORT,\n\n- SKED INTL AND SKED DOM FLT VIA ATS RTE,\n\n- ACFT ARR TO/DEP FROM SANKT-PETERBURG/PULKOVO Aerodrome EXC\n\n  ACFT VFR OPS BELOW LOWER SAFETY LVL."
      }
    },
    {
      "type": "Feature",
      "geometry": {
        "type": "Polygon",
        "coordinates": [
          [
            [
              30.917925027299926,
              60.44993206617386
            ],
            [
              30.917749428359645,
              60.446669862921965
            ],
            [
              30.91725011046343,
              60.44341584282925
            ],
            [
              30.91642837278727,
              60.440177841494815
            ],
            [
              30.91528628929827,
              60.436963653626336
            ],
            [
              30.913826702852433,
              60.43378101432022
            ],
            [
              30.912053217468404,
              60.43063758050678
            ],
            [
              30.90997018880429,
              60.42754091260454
            ],
            [
              30.90758271286852,
              60.42449845642666
            ],
            [
              30.904896612999405,
              60.42151752538215
            ],
            [
              30.901918425151813,
              60.418605283013136
            ],
            [
              30.898655381533004,
              60.415768725908904
            ],
            [
              30.8951153926326,
              60.41301466703619
            ],
            [
              30.891307027695508,
              60.41034971952408
            ],
            [
              30.88723949368864,
              60.40778028094059
            ],
            [
              30.882922612816348,
              60.40531251809701
            ],
            [
              30.878366798640986,
              60.40295235241419
            ],
            [
              30.873583030868513,
              60.4007054458844
            ],
            [
              30.868582828860507,
              60.39857718765985
            ],
            [
              30.863378223937243,
              60.396572681298466
            ],
            [
              30.857981730537343,
              60.394696732695095
            ],
            [
              30.852406316302435,
              60.39295383872539
            ],
            [
              30.846665371156448,
              60.39134817662734
            ],
            [
              30.84077267545077,
              60.38988359414421
            ],
            [
              30.83474236724844,
              60.38856360045043
            ],
            [
              30.828588908821228,
              60.38739135788076
            ],
            [
              30.82232705243519,
              60.386369674480655
            ],
            [
              30.81597180550103,
              60.385500997394175
            ],
            [
              30.809538395166665,
              60.38478740710428
            ],
            [
              30.803042232430258,
              60.384230612537486
            ],
            [
              30.796498875852496,
              60.38383194704427
            ],
            [
              30.789923994947657,
              60.383592365263375
            ],
            [
              30.7833333333333,
              60.38351244087726
            ],
            [
              30.776742671718942,
              60.383592365263375
            ],
            [
              30.770167790814103,
              60.38383194704427
            ],
            [
              30.76362443423634,
              60.384230612537486
            ],
            [
              30.757128271499933,
              60.38478740710428
            ],
            [
              30.75069486116557,
              60.385500997394175
            ],
            [
              30.744339614231407,
              60.386369674480626
            ],
            [
              30.73807775784537,
              60.38739135788076
            ],
            [
              30.731924299418157,
              60.38856360045043
            ],
            [
              30.72589399121583,
              60.38988359414421
            ],
            [
              30.72000129551015,
              60.39134817662734
            ],
            [
              30.714260350364164,
              60.39295383872539
            ],
            [
              30.70868493612926,
              60.394696732695095
            ],
            [
              30.703288442729356,
              60.396572681298466
            ],
            [
              30.69808383780609,
              60.39857718765985
            ],
            [
              30.693083635798086,
              60.4007054458844
            ],
            [
              30.688299868025613,
              60.402952352414204
            ],
            [
              30.68374405385025,
              60.40531251809701
            ],
            [
              30.679427172977956,
              60.40778028094059
            ],
            [
              30.675359638971088,
              60.41034971952408
            ],
            [
              30.67155127403399,
              60.41301466703619
            ],
            [
              30.668011285133595,
              60.415768725908904
            ],
            [
              30.664748241514786,
              60.418605283013136
            ],
            [
              30.661770053667194,
              60.42151752538215
            ],
            [
              30.65908395379807,
              60.42449845642666
            ],
            [
              30.656696477862308,
              60.42754091260454
            ],
            [
              30.654613449198195,
              60.43063758050678
            ],
            [
              30.652839963814166,
              60.43378101432022
            ],
            [
              30.651380377368323,
              60.436963653626336
            ],
            [
              30.65023829387933,
              60.440177841494815
            ],
            [
              30.649416556203164,
              60.44341584282924
            ],
            [
              30.648917238306954,
              60.446669862921965
            ],
            [
              30.648741639366673,
              60.44993206617386
            ],
            [
              30.648890279711726,
              60.45319459493498
            ],
            [
              30.64936289863498,
              60.456449588420604
            ],
            [
              30.650158454082547,
              60.4596892016575
            ],
            [
              30.65127512423317,
              60.462905624414745
            ],
            [
              30.65271031097228,
              60.46609110007314
            ],
            [
              30.654460645261384,
              60.469237944387196
            ],
            [
              30.656521994398258,
              60.47233856409393
            ],
            [
              30.6588894711591,
              60.4753854753227
            ],
            [
              30.661557444808217,
              60.47837132176055
            ],
            [
              30.664519553956502,
              60.481288892528
            ],
            [
              30.667768721244503,
              60.484131139720944
            ],
            [
              30.67129716982095,
              60.48689119557448
            ],
            [
              30.675096441583026,
              60.48956238920583
            ],
            [
              30.6791574171389,
              60.49213826289375
            ],
            [
              30.683470337449066,
              60.49461258785374
            ],
            [
              30.68802482709711,
              60.496979379468264
            ],
            [
              30.69280991913678,
              60.499232911933845
            ],
            [
              30.69781408145679,
              60.501367732286774
            ],
            [
              30.703025244600514,
              60.50337867377211
            ],
            [
              30.708430830973406,
              60.50526086852095
            ],
            [
              30.714017785366426,
              60.50700975950345
            ],
            [
              30.719772606720042,
              60.50862111172666
            ],
            [
              30.72568138104913,
              60.51009102264778
            ],
            [
              30.73172981544584,
              60.51141593177605
            ],
            [
              30.737903273073602,
              60.51259262943775
            ],
            [
              30.744186809062747,
              60.513618264681924
            ],
            [
              30.75056520721506,
              60.51449035230547
            ],
            [
              30.757023017421965,
              60.51520677897961
            ],
            [
              30.763544593698793,
              60.5157658084614
            ],
            [
              30.770114132735667,
              60.51616608587655
            ],
            [
              30.77671571286359,
              60.51640664106236
            ],
            [
              30.7833333333333,
              60.516486890961744
            ],
            [
              30.789950953803007,
              60.51640664106236
            ],
            [
              30.79655253393093,
              60.51616608587655
            ],
            [
              30.803122072967806,
              60.5157658084614
            ],
            [
              30.809643649244634,
              60.51520677897961
            ],
            [
              30.816101459451538,
              60.51449035230547
            ],
            [
              30.822479857603852,
              60.513618264681924
            ],
            [
              30.828763393592997,
              60.51259262943775
            ],
            [
              30.834936851220753,
              60.51141593177605
            ],
            [
              30.84098528561746,
              60.51009102264778
            ],
            [
              30.846894059946557,
              60.50862111172666
            ],
            [
              30.852648881300166,
              60.50700975950345
            ],
            [
              30.858235835693193,
              60.50526086852095
            ],
            [
              30.863641422066085,
              60.50337867377211
            ],
            [
              30.86885258520981,
              60.501367732286774
            ],
            [
              30.873856747529825,
              60.499232911933845
            ],
            [
              30.878641839569493,
              60.496979379468264
            ],
            [
              30.88319632921754,
              60.49461258785374
            ],
            [
              30.887509249527692,
              60.49213826289375
            ],
            [
              30.891570225083573,
              60.48956238920583
            ],
            [
              30.89536949684565,
              60.48689119557448
            ],
            [
              30.898897945422092,
              60.484131139720944
            ],
            [
              30.902147112710097,
              60.481288892528
            ],
            [
              30.905109221858382,
              60.47837132176055
            ],
            [
              30.907777195507506,
              60.4753854753227
            ],
            [
              30.91014467226834,
              60.47233856409393
            ],
            [
              30.912206021405215,
              60.469237944387196
            ],
            [
              30.91395635569431,
              60.46609110007314
            ],
            [
              30.91539154243343,
              60.462905624414745
            ],
            [
              30.916508212584052,
              60.4596892016575
            ],
            [
              30.91730376803162,
              60.456449588420604
            ],
            [
              30.91777638695487,
              60.45319459493498
            ],
            [
              30.917925027299926,
              60.44993206617386
            ]
          ]
        ]
      },
      "properties": {
        "title": "X2756/26 for None",
        "text": "From: 2026-07-27 06:01:00+00:00\nTo: 2026-08-01 17:00:00+00:00\n\nAIRSPACE CLSD Within SECTOR AZM 140-344 DEG RADIUS 6KM CENTRE\n\n602732N0304752E."
      }
    },
    {
      "type": "Feature",
      "geometry": {
        "type": "Polygon",
        "coordinates": [],
        "meta": {
          "shape": "arc"
        }
      },
      "properties": {
        "title": "X2757/26 for None",
        "text": "From: 2026-07-26 00:00:00+00:00\nTo: 2026-07-31 23:59:00+00:00\n\nAIRSPACE CLSD Within AREA:\n\nFM 585145N0273032E THEN ALONG STATE BORDER TO 614422N0295906E\n\nTHEN CLOCKWISE ALONG ARC RADIUS 200KM CENTRE (595700N0301900E) TO\n\n585145N0273032E:\n\nFLW FLT NOT AFFECTED:\n\n- VIP FLT AND ACFT FOR THEIR SUPPORT,\n\n- SKED INTL AND SKED DOM FLT VIA ATS RTE,\n\n- ACFT ARR TO/DEP FROM SANKT-PETERBURG/PULKOVO Aerodrome EXC\n\n  ACFT VFR OPS BELOW LOWER SAFETY LVL,\n\nFLT OF ACFT WO CONTINUOUS TWO-WAY COM WITH ATS (ATFM) UNIT\n\nPROHIBITED."
      }
    },
    {
      "type": "Feature",
      "geometry": {
        "type": "Polygon",
        "coordinates": [
          [
            [
              38.86694444444444,
              59.144444444444446
            ],
            [
              38.77055555555555,
              59.0775
            ],
            [
              38.71888888888889,
              59.09666666666667
            ],
            [
              38.82361111111111,
              59.155833333333334
            ],
            [
              38.86694444444444,
              59.144444444444446
            ]
          ]
        ],
        "meta": {
          "shape": "polygon"
        }
      },
      "properties": {
        "title": "X2761/26 for None",
        "text": "From: 2026-07-28 08:00:00+00:00\nTo: 2026-07-28 15:00:00+00:00\n\nAIRSPACE CLSD AS FLW:\n\n1. AREA: 590921N0384925E-590840N0385201E-590439N0384614E-\n\n         590548N0384308E-590921N0384925E\n\n   300M AMSL-450M AMSL.\n\n2. Within CIRCLE RADIUS 0.4KM CENTRE 590650N0384646E\n\n   SFC-450M AMSL."
      }
    },
    {
      "type": "Feature",
      "geometry": {
        "type": "Polygon",
        "coordinates": [
          [
            [
              55.96638888888889,
              67.93944444444445
            ],
            [
              56.072500000000005,
              67.93972222222223
            ],
            [
              56.073888888888895,
              67.91777777777779
            ],
            [
              55.965833333333336,
              67.91805555555555
            ],
            [
              55.96638888888889,
              67.93944444444445
            ]
          ]
        ],
        "meta": {
          "shape": "polygon"
        }
      },
      "properties": {
        "title": "X2762/26 for None",
        "text": "From: 2026-07-25 09:00:00+00:00\nTo: 2026-07-28 15:00:00+00:00\n\nAIRSPACE CLSD Within AREA:\n\n675622N0555759E-675623N0560421E-675504N0560426E-675505N0555757E-\n\n675622N0555759E."
      }
    },
    {
      "type": "Feature",
      "geometry": {
        "type": "MultiPolygon",
        "coordinates": [
          [
            [
              [
                45.76722222222222,
                60.69305555555555
              ],
              [
                45.74055555555556,
                60.670833333333334
              ],
              [
                45.4075,
                60.711666666666666
              ],
              [
                45.507777777777775,
                60.763888888888886
              ],
              [
                45.76722222222222,
                60.69305555555555
              ]
            ]
          ],
          [
            [
              [
                45.5225,
                60.7725
              ],
              [
                45.406666666666666,
                60.711666666666666
              ],
              [
                45.30583333333333,
                60.65833333333333
              ],
              [
                45.18111111111111,
                60.61694444444444
              ],
              [
                45.156666666666666,
                60.65333333333333
              ],
              [
                45.25972222222222,
                60.68888888888888
              ],
              [
                45.34166666666667,
                60.73527777777778
              ],
              [
                45.48555555555556,
                60.803888888888885
              ],
              [
                46.15555555555555,
                61.02638888888889
              ],
              [
                46.374722222222225,
                61.07055555555556
              ],
              [
                46.536944444444444,
                61.16861111111111
              ],
              [
                47.57833333333333,
                61.32805555555556
              ],
              [
                47.55361111111111,
                61.26638888888889
              ],
              [
                46.59277777777778,
                61.13055555555555
              ],
              [
                46.41555555555556,
                61.03805555555555
              ],
              [
                46.187777777777775,
                60.99055555555556
              ],
              [
                46.060135617415256,
                60.94871877230521
              ],
              [
                46.06666666666667,
                60.950833333333335
              ],
              [
                46.2525,
                60.86083333333333
              ],
              [
                46.19305555555555,
                60.83388888888889
              ],
              [
                45.999188413796794,
                60.9287423402215
              ],
              [
                45.5225,
                60.7725
              ]
            ]
          ]
        ],
        "meta": {
          "shape": "polygon"
        }
      },
      "properties": {
        "title": "X2763/26 for None",
        "text": "From: 2026-07-28 06:00:00+00:00\nTo: 2026-08-02 19:00:00+00:00\n\nAIRSPACE CLSD AS FLW:\n\n1. AREA: 605002N0461135E-605544N0455956E-605703N0460400E-\n\n         605139N0461509E-605002N0461135E\n\n   800M AMSL-1300M AMSL.\n\n2. AREA: 604407N0452030E-604814N0452908E-610135N0460920E-\n\n         610414N0462229E-611007N0463213E-611941N0473442E-\n\n         611559N0473313E-610750N0463534E-610217N0462456E-\n\n         605926N0461116E-604621N0453121E-604242N0452424E-\n\n         603930N0451821E-603701N0451052E-603912N0450924E-\n\n         604120N0451535E-604407N0452030E\n\n   800M AMSL-1300M AMSL.\n\n3. AREA: 604015N0454426E-604242N0452427E-604550N0453028E-\n\n         604135N0454602E-604015N0454426E\n\n   800M AGL-1300M AMSL.\n\n4. Within CIRCLE RADIUS 1KM CENTRE 604405N0452840E\n\n   SFC-1300M AMSL.\n\n5. Within CIRCLE RADIUS 1KM CENTRE 610529N0462652E\n\n   SFC-1300M AMSL.\n\n6. Within CIRCLE RADIUS 1KM CENTRE 604116N0454401E\n\n   SFC-1300M AMSL."
      }
    },
    {
      "type": "Feature",
      "geometry": {
        "type": "Polygon",
        "coordinates": [
          [
            [
              38.88333333333333,
              67.81666666666666
            ],
            [
              38.86666666666667,
              67.9
            ],
            [
              38.93333333333333,
              67.95
            ],
            [
              39.21666666666667,
              67.93333333333334
            ],
            [
              39.38333333333333,
              67.98333333333333
            ],
            [
              39.445555555555565,
              67.97555555555556
            ],
            [
              38.88333333333333,
              67.81666666666666
            ]
          ]
        ],
        "meta": {
          "shape": "polygon"
        }
      },
      "properties": {
        "title": "X2764/26 for None",
        "text": "From: 2026-07-26 08:00:00+00:00\nTo: 2026-07-31 23:00:00+00:00\n\nAIRSPACE CLSD Within 0.75KM EITHER SIDE OF LINE JOINING POINTS:\n\n674900N0385300E-675400N0385200E-675700N0385600E-675600N0391300E-\n\n675900N0392300E-675700N0393900E-675700N0394300E-680000N0394300E-\n\n680200N0393900E."
      }
    },
    {
      "type": "Feature",
      "geometry": {
        "type": "Polygon",
        "coordinates": [
          [
            [
              33.33753392834698,
              69.02054824607882
            ],
            [
              33.337471661044184,
              69.01966851600298
            ],
            [
              33.33728902228992,
              69.01879094024866
            ],
            [
              33.33698646636899,
              69.01791763258937
            ],
            [
              33.33656473617582,
              69.01705069626793
            ],
            [
              33.33602486128998,
              69.01619221893573
            ],
            [
              33.33536815536506,
              69.01534426763186
            ],
            [
              33.33459621283866,
              69.01450888381416
            ],
            [
              33.3337109049722,
              69.01368807845398
            ],
            [
              33.3327143752318,
              69.01288382720651
            ],
            [
              33.33160903402184,
              69.01209806566793
            ],
            [
              33.33039755278527,
              69.01133268473092
            ],
            [
              33.32908285748574,
              69.0105895260493
            ],
            [
              33.327668121487704,
              69.00987037762268
            ],
            [
              33.32615675785277,
              69.00917696951144
            ],
            [
              33.32455241107105,
              69.00851096969237
            ],
            [
              33.32285894824812,
              69.00787398006436
            ],
            [
              33.32108044976894,
              69.00726753261388
            ],
            [
              33.31922119946165,
              69.00669308574909
            ],
            [
              33.31728567428463,
              69.00615202081116
            ],
            [
              33.31527853356197,
              69.00564563877103
            ],
            [
              33.31320460779288,
              69.00517515711934
            ],
            [
              33.31106888706162,
              69.00474170695666
            ],
            [
              33.30887650907564,
              69.00434633029104
            ],
            [
              33.30663274685984,
              69.00398997754885
            ],
            [
              33.30434299613632,
              69.00367350530519
            ],
            [
              33.302012762418784,
              69.00339767423844
            ],
            [
              33.299647647852176,
              69.00316314731454
            ],
            [
              33.297253337827996,
              69.00297048820451
            ],
            [
              33.29483558740665,
              69.00282015993915
            ],
            [
              33.292400207578275,
              69.00271252380436
            ],
            [
              33.289953051394036,
              69.0026478384789
            ],
            [
              33.2875,
              69.00262625941727
            ],
            [
              33.28504694860597,
              69.0026478384789
            ],
            [
              33.282599792421735,
              69.00271252380436
            ],
            [
              33.28016441259336,
              69.00282015993915
            ],
            [
              33.277746662172014,
              69.00297048820451
            ],
            [
              33.27535235214783,
              69.00316314731454
            ],
            [
              33.27298723758122,
              69.00339767423844
            ],
            [
              33.27065700386369,
              69.00367350530519
            ],
            [
              33.26836725314017,
              69.00398997754885
            ],
            [
              33.26612349092437,
              69.00434633029104
            ],
            [
              33.26393111293838,
              69.00474170695666
            ],
            [
              33.26179539220712,
              69.00517515711934
            ],
            [
              33.25972146643803,
              69.00564563877103
            ],
            [
              33.257714325715376,
              69.00615202081116
            ],
            [
              33.25577880053836,
              69.00669308574909
            ],
            [
              33.25391955023106,
              69.00726753261388
            ],
            [
              33.25214105175189,
              69.00787398006436
            ],
            [
              33.25044758892895,
              69.00851096969237
            ],
            [
              33.24884324214724,
              69.00917696951144
            ],
            [
              33.2473318785123,
              69.00987037762268
            ],
            [
              33.24591714251426,
              69.0105895260493
            ],
            [
              33.24460244721474,
              69.01133268473092
            ],
            [
              33.24339096597817,
              69.01209806566793
            ],
            [
              33.2422856247682,
              69.01288382720651
            ],
            [
              33.2412890950278,
              69.01368807845398
            ],
            [
              33.24040378716135,
              69.01450888381416
            ],
            [
              33.23963184463494,
              69.01534426763186
            ],
            [
              33.23897513871003,
              69.01619221893573
            ],
            [
              33.23843526382418,
              69.01705069626792
            ],
            [
              33.23801353363101,
              69.01791763258937
            ],
            [
              33.23771097771008,
              69.01879094024866
            ],
            [
              33.237528338955826,
              69.01966851600298
            ],
            [
              33.23746607165303,
              69.02054824607882
            ],
            [
              33.23752434024493,
              69.02142801126053
            ],
            [
              33.23770301879799,
              69.02230569199438
            ],
            [
              33.238001691166225,
              69.02317917349586
            ],
            [
              33.238419651855885,
              69.02404635084795
            ],
            [
              33.23895590758971,
              69.02490513407803
            ],
            [
              33.239609179568454,
              69.025753453201
            ],
            [
              33.24037790642528,
              69.02658926321678
            ],
            [
              33.24126024786738,
              69.02741054904949
            ],
            [
              33.242254088996944,
              69.02821533041676
            ],
            [
              33.24335704530238,
              69.02900166661702
            ],
            [
              33.24456646830867,
              69.02976766122335
            ],
            [
              33.2458794518741,
              69.03051146667192
            ],
            [
              33.24729283911921,
              69.03123128873447
            ],
            [
              33.2488032299717,
              69.03192539086308
            ],
            [
              33.25040698930992,
              69.03259209839722
            ],
            [
              33.252100255685825,
              69.03322980262234
            ],
            [
              33.25387895060636,
              69.03383696466999
            ],
            [
              33.25573878835168,
              69.03441211925005
            ],
            [
              33.25767528630612,
              69.03495387820567
            ],
            [
              33.25968377577728,
              69.0354609338821
            ],
            [
              33.26175941327684,
              69.03593206230127
            ],
            [
              33.263897192235675,
              69.03636612613383
            ],
            [
              33.26609195512456,
              69.03676207746177
            ],
            [
              33.26833840595064,
              69.03711896032438
            ],
            [
              33.270631123099065,
              69.03743591304124
            ],
            [
              33.27296457248784,
              69.03771217030668
            ],
            [
              33.27533312100331,
              69.03794706505026
            ],
            [
              33.277731050183114,
              69.03814003005867
            ],
            [
              33.28015257011239,
              69.03829059935508
            ],
            [
              33.282591833498486,
              69.03839840933236
            ],
            [
              33.285042949889394,
              69.03846319963755
            ],
            [
              33.2875,
              69.03848481380511
            ],
            [
              33.28995705011061,
              69.03846319963755
            ],
            [
              33.29240816650152,
              69.03839840933236
            ],
            [
              33.29484742988762,
              69.03829059935508
            ],
            [
              33.29726894981689,
              69.03814003005868
            ],
            [
              33.2996668789967,
              69.03794706505026
            ],
            [
              33.30203542751217,
              69.03771217030668
            ],
            [
              33.30436887690094,
              69.03743591304124
            ],
            [
              33.30666159404937,
              69.03711896032438
            ],
            [
              33.30890804487545,
              69.03676207746177
            ],
            [
              33.31110280776433,
              69.03636612613383
            ],
            [
              33.31324058672316,
              69.0359320623013
            ],
            [
              33.31531622422272,
              69.0354609338821
            ],
            [
              33.317324713693885,
              69.03495387820567
            ],
            [
              33.31926121164833,
              69.03441211925005
            ],
            [
              33.32112104939365,
              69.03383696466999
            ],
            [
              33.322899744314185,
              69.03322980262234
            ],
            [
              33.32459301069008,
              69.03259209839723
            ],
            [
              33.326196770028325,
              69.03192539086308
            ],
            [
              33.3277071608808,
              69.03123128873447
            ],
            [
              33.32912054812591,
              69.03051146667192
            ],
            [
              33.330433531691334,
              69.02976766122335
            ],
            [
              33.33164295469762,
              69.02900166661702
            ],
            [
              33.33274591100306,
              69.02821533041674
            ],
            [
              33.333739752132615,
              69.02741054904949
            ],
            [
              33.33462209357472,
              69.02658926321678
            ],
            [
              33.33539082043155,
              69.025753453201
            ],
            [
              33.33604409241029,
              69.02490513407803
            ],
            [
              33.33658034814412,
              69.02404635084795
            ],
            [
              33.33699830883378,
              69.02317917349586
            ],
            [
              33.337296981202016,
              69.02230569199438
            ],
            [
              33.33747565975507,
              69.02142801126053
            ],
            [
              33.33753392834698,
              69.02054824607882
            ]
          ]
        ],
        "meta": {
          "shape": "circle"
        }
      },
      "properties": {
        "title": "X2768/26 for None",
        "text": "From: 2026-07-26 00:00:00+00:00\nTo: 2026-07-31 23:59:00+00:00\n\nAIRSPACE CLSD Within CIRCLE RADIUS 2KM CENTRE 690114N0331715E."
      }
    },
    {
      "type": "Feature",
      "geometry": {
        "type": "MultiPolygon",
        "coordinates": [
          [
            [
              [
                29.647777777777776,
                56.60388888888889
              ],
              [
                29.634444444444444,
                56.56027777777778
              ],
              [
                29.581944444444446,
                56.5675
              ],
              [
                29.60527777777778,
                56.60583333333334
              ],
              [
                29.647777777777776,
                56.60388888888889
              ]
            ]
          ],
          [
            [
              [
                29.60027777777778,
                56.60805555555556
              ],
              [
                29.535833333333336,
                56.6075
              ],
              [
                29.539444444444445,
                56.6275
              ],
              [
                29.598888888888887,
                56.6275
              ],
              [
                29.60027777777778,
                56.60805555555556
              ]
            ]
          ],
          [
            [
              [
                29.498333333333335,
                56.651111111111106
              ],
              [
                29.45138888888889,
                56.655833333333334
              ],
              [
                29.46833333333333,
                56.68861111111111
              ],
              [
                29.520555555555553,
                56.689166666666665
              ],
              [
                29.498333333333335,
                56.651111111111106
              ]
            ]
          ]
        ],
        "meta": {
          "shape": "polygon"
        }
      },
      "properties": {
        "title": "X2769/26 for None",
        "text": "From: 2026-07-30 08:00:00+00:00\nTo: 2026-07-30 15:00:00+00:00\n\nAIRSPACE CLSD AS FLW:\n\n1. AREA: 563621N0293619E-563614N0293852E-563337N0293804E-\n\n         563403N0293455E-563621N0293619E\n\n2. AREA: 563739N0293222E-563627N0293209E-563629N0293601E-\n\n         563739N0293556E-563739N0293222E\n\n3. AREA: 564119N0292806E-564121N0293114E-563904N0292954E-\n\n         563921N0292705E-564119N0292806E."
      }
    },
    {
      "type": "Feature",
      "geometry": {
        "type": "Polygon",
        "coordinates": [
          [
            [
              28.046398460408216,
              57.48860924908363
            ],
            [
              28.04637201152234,
              57.488036489083235
            ],
            [
              28.04629340886062,
              57.487465117793015
            ],
            [
              28.046162844207153,
              57.48689651159972
            ],
            [
              28.045980634479765,
              57.486332040165635
            ],
            [
              28.045747220943703,
              57.485773063130516
            ],
            [
              28.045463168126357,
              57.48522092683818
            ],
            [
              28.045129162435973,
              57.48467696109576
            ],
            [
              28.044746010487835,
              57.48414247597334
            ],
            [
              28.044314637142126,
              57.48361875865174
            ],
            [
              28.043836083258444,
              57.48310707032564
            ],
            [
              28.04331150317248,
              57.48260864317011
            ],
            [
              28.04274216190106,
              57.48212467737721
            ],
            [
              28.0421294320826,
              57.481656338270014
            ],
            [
              28.041474790660207,
              57.48120475350099
            ],
            [
              28.040779815315723,
              57.480771010341314
            ],
            [
              28.040046180663232,
              57.48035615306766
            ],
            [
              28.039275654211366,
              57.479961180452726
            ],
            [
              28.03847009210413,
              57.479587043365306
            ],
            [
              28.037631434650393,
              57.479234642486
            ],
            [
              28.036761701653113,
              57.47890482614356
            ],
            [
              28.035862987549105,
              57.478598388277284
            ],
            [
              28.03493745637142,
              57.478316066530354
            ],
            [
              28.033987336546005,
              57.47805854047846
            ],
            [
              28.033014915535436,
              57.477826429998
            ],
            [
              28.0320225343422,
              57.4776202937779
            ],
            [
              28.03101258188494,
              57.477440627978304
            ],
            [
              28.029987489260687,
              57.4772878650395
            ],
            [
              28.028949723907154,
              57.4771623726439
            ],
            [
              28.027901783678637,
              57.47706445283355
            ],
            [
              28.026846190849753,
              57.476994341285064
            ],
            [
              28.025785486061245,
              57.476952206744144
            ],
            [
              28.0247222222222,
              57.476938150620384
            ],
            [
              28.02365895838315,
              57.476952206744144
            ],
            [
              28.022598253594644,
              57.476994341285064
            ],
            [
              28.02154266076576,
              57.47706445283355
            ],
            [
              28.020494720537243,
              57.4771623726439
            ],
            [
              28.01945695518371,
              57.4772878650395
            ],
            [
              28.018431862559456,
              57.477440627978304
            ],
            [
              28.017421910102193,
              57.4776202937779
            ],
            [
              28.01642952890896,
              57.477826429998
            ],
            [
              28.015457107898392,
              57.47805854047846
            ],
            [
              28.014506988072977,
              57.478316066530354
            ],
            [
              28.013581456895288,
              57.478598388277284
            ],
            [
              28.012682742791284,
              57.47890482614356
            ],
            [
              28.011813009794004,
              57.479234642486
            ],
            [
              28.010974352340266,
              57.479587043365306
            ],
            [
              28.01016879023303,
              57.479961180452726
            ],
            [
              28.009398263781165,
              57.48035615306766
            ],
            [
              28.00866462912867,
              57.480771010341314
            ],
            [
              28.00796965378419,
              57.48120475350099
            ],
            [
              28.007315012361797,
              57.481656338270014
            ],
            [
              28.006702282543337,
              57.48212467737721
            ],
            [
              28.006132941271918,
              57.48260864317011
            ],
            [
              28.005608361185946,
              57.48310707032564
            ],
            [
              28.00512980730227,
              57.48361875865174
            ],
            [
              28.004698433956563,
              57.48414247597334
            ],
            [
              28.00431528200842,
              57.48467696109576
            ],
            [
              28.00398127631804,
              57.48522092683818
            ],
            [
              28.003697223500694,
              57.485773063130516
            ],
            [
              28.003463809964632,
              57.486332040165635
            ],
            [
              28.003281600237244,
              57.48689651159972
            ],
            [
              28.003151035583777,
              57.487465117793015
            ],
            [
              28.003072432922057,
              57.488036489083235
            ],
            [
              28.00304598403618,
              57.48860924908363
            ],
            [
              28.003071755091117,
              57.48918201799781
            ],
            [
              28.003149686449778,
              57.48975341594362
            ],
            [
              28.00327959279308,
              57.49032206627753
            ],
            [
              28.00346116354308,
              57.49088659891218
            ],
            [
              28.003693963588233,
              57.49144565361843
            ],
            [
              28.003977434309398,
              57.49199788330444
            ],
            [
              28.004310894904233,
              57.49254195726365
            ],
            [
              28.004693544007022,
              57.49307656438376
            ],
            [
              28.00512446160026,
              57.493600416309135
            ],
            [
              28.005602611213472,
              57.494112250548675
            ],
            [
              28.00612684240437,
              57.494610833522145
            ],
            [
              28.006695893516117,
              57.495094963536864
            ],
            [
              28.007308394704722,
              57.49556347368823
            ],
            [
              28.007962871228912,
              57.49601523467647
            ],
            [
              28.0086577469949,
              57.496449157533384
            ],
            [
              28.009391348347616,
              57.49686419625168
            ],
            [
              28.010161908099093,
              57.49725935031128
            ],
            [
              28.010967569784665,
              57.497633667095926
            ],
            [
              28.011806392136453,
              57.497986244194486
            ],
            [
              28.012676353763467,
              57.4983162315811
            ],
            [
              28.01357535802703,
              57.49862283366922
            ],
            [
              28.01450123809973,
              57.49890531123411
            ],
            [
              28.01545176219555,
              57.49916298319949
            ],
            [
              28.016424638958576,
              57.499395228283724
            ],
            [
              28.01741752299717,
              57.49960148650156
            ],
            [
              28.018428020550036,
              57.49978126051797
            ],
            [
              28.019453695270553,
              57.49993411685048
            ],
            [
              28.020492074115094,
              57.50005968691722
            ],
            [
              28.021540653321125,
              57.500157667928185
            ],
            [
              28.022596904460322,
              57.50022782361729
            ],
            [
              28.023658280552045,
              57.50026998481379
            ],
            [
              28.0247222222222,
              57.50028404985133
            ],
            [
              28.025786163892352,
              57.50026998481379
            ],
            [
              28.026847539984075,
              57.50022782361729
            ],
            [
              28.027903791123272,
              57.500157667928185
            ],
            [
              28.028952370329304,
              57.50005968691722
            ],
            [
              28.029990749173844,
              57.49993411685048
            ],
            [
              28.03101642389436,
              57.49978126051797
            ],
            [
              28.03202692144723,
              57.49960148650156
            ],
            [
              28.033019805485818,
              57.49939522828371
            ],
            [
              28.033992682248847,
              57.49916298319949
            ],
            [
              28.034943206344668,
              57.49890531123411
            ],
            [
              28.035869086417367,
              57.49862283366923
            ],
            [
              28.036768090680933,
              57.4983162315811
            ],
            [
              28.037638052307944,
              57.497986244194486
            ],
            [
              28.038476874659732,
              57.497633667095926
            ],
            [
              28.039282536345304,
              57.49725935031127
            ],
            [
              28.040053096096788,
              57.49686419625168
            ],
            [
              28.040786697449498,
              57.4964491575334
            ],
            [
              28.041481573215485,
              57.496015234676484
            ],
            [
              28.042136049739675,
              57.49556347368823
            ],
            [
              28.04274855092828,
              57.495094963536864
            ],
            [
              28.04331760204003,
              57.494610833522145
            ],
            [
              28.04384183323092,
              57.49411225054869
            ],
            [
              28.044319982844133,
              57.493600416309135
            ],
            [
              28.044750900437375,
              57.49307656438378
            ],
            [
              28.045133549540164,
              57.49254195726365
            ],
            [
              28.045467010135,
              57.49199788330446
            ],
            [
              28.045750480856167,
              57.49144565361843
            ],
            [
              28.045983280901318,
              57.49088659891218
            ],
            [
              28.046164851651316,
              57.49032206627753
            ],
            [
              28.04629475799462,
              57.48975341594362
            ],
            [
              28.04637268935328,
              57.48918201799781
            ],
            [
              28.046398460408216,
              57.48860924908363
            ]
          ]
        ],
        "meta": {
          "shape": "circle"
        }
      },
      "properties": {
        "title": "X2770/26 for None",
        "text": "From: 2026-07-28 07:00:00+00:00\nTo: 2026-07-28 15:00:00+00:00\n\nAIRSPACE CLSD Within CIRCLE RADIUS 1.3KM CENTRE 572919N0280129E."
      }
    },
    {
      "type": "Feature",
      "geometry": {
        "type": "MultiPolygon",
        "coordinates": [
          [
            [
              [
                32.061388888888885,
                59.269444444444446
              ],
              [
                33.408055555555556,
                59.57027777777778
              ],
              [
                32.588620601773634,
                59.33591605671642
              ],
              [
                32.573888888888895,
                59.34027777777778
              ],
              [
                32.57615657592749,
                59.33664793060679
              ],
              [
                32.061388888888885,
                59.269444444444446
              ]
            ]
          ],
          [
            [
              [
                32.59332123783371,
                59.3345243065876
              ],
              [
                33.516666666666666,
                59.23416666666667
              ],
              [
                33.324444444444445,
                59.11805555555556
              ],
              [
                32.59332123783371,
                59.3345243065876
              ]
            ]
          ],
          [
            [
              [
                32.57803147915298,
                59.33364680564857
              ],
              [
                32.89944444444444,
                58.81916666666667
              ],
              [
                32.254444444444445,
                58.875277777777775
              ],
              [
                32.57803147915298,
                59.33364680564857
              ]
            ]
          ]
        ],
        "meta": {
          "shape": "polygon"
        }
      },
      "properties": {
        "title": "X2771/26 for None",
        "text": "From: 2026-07-25 07:00:00+00:00\nTo: 2026-07-25 16:00:00+00:00\n\nAIRSPACE CLSD Within 1KM EITHER SIDE OF LINE JOINING POINTS:\n\n591610N0320341E-592014N0323450E-585231N0321516E-584909N0325358E-\n\n592025N0323426E-590705N0331928E-591403N0333100E-592007N0323511E-\n\n593413N0332429E."
      }
    },
    {
      "type": "Feature",
      "geometry": {
        "type": "Polygon",
        "coordinates": [
          [
            [
              30.448611111111113,
              60.01694444444444
            ],
            [
              30.44388888888889,
              60.013888888888886
            ],
            [
              30.442222222222224,
              60.015277777777776
            ],
            [
              30.442222222222224,
              60.02305555555555
            ],
            [
              30.448611111111113,
              60.02638888888889
            ],
            [
              30.453333333333333,
              60.021388888888886
            ],
            [
              30.452222222222222,
              60.020833333333336
            ],
            [
              30.453333333333333,
              60.01972222222222
            ],
            [
              30.46722222222222,
              60.01972222222222
            ],
            [
              30.47833333333333,
              60.0125
            ],
            [
              30.474999999999998,
              60.01166666666666
            ],
            [
              30.448611111111113,
              60.01694444444444
            ]
          ]
        ],
        "meta": {
          "shape": "polygon"
        }
      },
      "properties": {
        "title": "X2780/26 for None",
        "text": "From: 2026-07-27 07:01:00+00:00\nTo: 2026-08-01 16:55:00+00:00\n\nAIRSPACE CLSD Within AREA:\n\n600101N0302655E-600050N0302638E-600055N0302632E-600123N0302632E-\n\n600135N0302655E-600117N0302712E-600115N0302708E-600111N0302712E-\n\n600111N0302802E-600045N0302842E-600042N0302830E-600101N0302655E."
      }
    },
    {
      "type": "Feature",
      "geometry": {
        "type": "Polygon",
        "coordinates": [
          [
            [
              30.636388888888888,
              59.92805555555555
            ],
            [
              30.705555555555556,
              59.906388888888884
            ],
            [
              30.68777777777778,
              59.86805555555556
            ],
            [
              30.580277777777777,
              59.89222222222222
            ],
            [
              30.578888888888887,
              59.90361111111111
            ],
            [
              30.636388888888888,
              59.92805555555555
            ]
          ]
        ],
        "meta": {
          "shape": "polygon"
        }
      },
      "properties": {
        "title": "X2781/26 for None",
        "text": "From: 2026-07-27 07:01:00+00:00\nTo: 2026-08-01 16:55:00+00:00\n\nAIRSPACE CLSD Within AREA:\n\n595541N0303811E-595423N0304220E-595205N0304116E-\n\n595332N0303449E-595413N0303444E-595541N0303811E."
      }
    },
    {
      "type": "Feature",
      "geometry": {
        "type": "Polygon",
        "coordinates": [
          [
            [
              40.99722222222222,
              59.38916666666667
            ],
            [
              40.99138888888889,
              59.382777777777775
            ],
            [
              41.04416666666666,
              59.35861111111111
            ],
            [
              41.059444444444445,
              59.35888888888889
            ],
            [
              41.0625,
              59.3775
            ],
            [
              40.99722222222222,
              59.38916666666667
            ]
          ]
        ],
        "meta": {
          "shape": "polygon"
        }
      },
      "properties": {
        "title": "X2782/26 for None",
        "text": "From: 2026-07-29 07:00:00+00:00\nTo: 2026-07-30 15:00:00+00:00\n\nAIRSPACE CLSD Within AREA:\n\n592321N0405950E-592258N0405929E-592131N0410239E-\n\n592132N0410334E-592239N0410345E-592321N0405950E."
      }
    },
    {
      "type": "Feature",
      "geometry": {
        "type": "Polygon",
        "coordinates": [
          [
            [
              32.63333333333333,
              69.38333333333334
            ],
            [
              33.233333333333334,
              69.22444444444444
            ],
            [
              32.78333333333333,
              69.01666666666667
            ],
            [
              32.72805555555556,
              69.03166666666667
            ],
            [
              32.400277777777774,
              69.28777777777778
            ],
            [
              32.63333333333333,
              69.38333333333334
            ]
          ]
        ],
        "meta": {
          "shape": "polygon"
        }
      },
      "properties": {
        "title": "X2784/26 for None",
        "text": "From: 2026-07-28 06:00:00+00:00\nTo: 2026-07-31 20:00:00+00:00\n\nAIRSPACE CLSD Within AREA:\n\n692300N0323800E-691328N0331400E-690100N0324700E-\n\n690154N0324341E-691716N0322401E-692300N0323800E."
      }
    },
    {
      "type": "Feature",
      "geometry": {
        "type": "Polygon",
        "coordinates": [
          [
            [
              29.533055555555556,
              59.513888888888886
            ],
            [
              29.601111111111113,
              59.471944444444446
            ],
            [
              29.509722222222223,
              59.4175
            ],
            [
              29.09361111111111,
              59.263888888888886
            ],
            [
              28.75138888888889,
              59.40472222222222
            ],
            [
              28.748333333333335,
              59.43333333333333
            ],
            [
              28.763333333333332,
              59.45722222222223
            ],
            [
              29.219166666666666,
              59.49722222222222
            ],
            [
              29.435,
              59.52777777777778
            ],
            [
              29.533055555555556,
              59.513888888888886
            ]
          ]
        ],
        "meta": {
          "shape": "polygon"
        }
      },
      "properties": {
        "title": "X2785/26 for None",
        "text": "From: 2026-07-25 07:01:00+00:00\nTo: 2026-07-26 16:55:00+00:00\n\nAIRSPACE CLSD Within AREA:\n\n593050N0293159E-592819N0293604E-592503N0293035E-591550N0290537E-\n\n592417N0284505E-592600N0284454E-592726N0284548E-592950N0291309E-\n\n593140N0292606E-593050N0293159E"
      }
    },
    {
      "type": "Feature",
      "geometry": {
        "type": "MultiPolygon",
        "coordinates": [
          [
            [
              [
                28.339166666666664,
                59.382222222222225
              ],
              [
                28.31277777777778,
                59.17833333333333
              ],
              [
                28.807222222222222,
                59.138888888888886
              ],
              [
                27.69388888888889,
                58.8975
              ],
              [
                27.9175,
                59.169444444444444
              ],
              [
                28.12472222222222,
                59.296388888888885
              ],
              [
                28.245,
                59.303888888888885
              ],
              [
                28.275555555555556,
                59.338055555555556
              ],
              [
                28.27361111111111,
                59.36972222222222
              ],
              [
                28.12777777777778,
                59.43555555555555
              ],
              [
                28.63277777777778,
                59.46083333333333
              ],
              [
                28.413055555555555,
                59.414722222222224
              ],
              [
                28.339166666666664,
                59.382222222222225
              ]
            ]
          ],
          [
            [
              [
                28.12777777777778,
                59.43555555555555
              ],
              [
                28.111111111111114,
                59.45638888888889
              ],
              [
                28.052777777777777,
                59.47638888888889
              ],
              [
                28.585833333333333,
                59.518055555555556
              ],
              [
                28.63,
                59.46138888888889
              ],
              [
                28.12777777777778,
                59.43555555555555
              ]
            ]
          ],
          [
            [
              [
                28.033611111111114,
                59.77583333333333
              ],
              [
                28.122777777777777,
                59.78805555555555
              ],
              [
                28.204722222222223,
                59.57083333333334
              ],
              [
                28.546666666666667,
                59.57944444444445
              ],
              [
                28.586666666666666,
                59.51861111111111
              ],
              [
                28.049722222222226,
                59.47638888888889
              ],
              [
                27.96472222222222,
                59.6975
              ],
              [
                28.033611111111114,
                59.77583333333333
              ]
            ]
          ]
        ],
        "meta": {
          "shape": "polygon"
        }
      },
      "properties": {
        "title": "X2787/26 for None",
        "text": "From: 2026-07-28 00:00:00+00:00\nTo: 2026-08-02 23:59:00+00:00\n\nAIRSPACE CLSD AS FLW:\n\n1. AREA: 593107N0283512E-593446N0283248E-593415N0281217E-\n\n         594717N0280722E-594633N0280201E-594151N0275753E-\n\n         592835N0280259E-593107N0283512E\n\n   300M AMSL-1500M AMSL.\n\n2. AREA: 592608N0280740E-592739N0283758E-592453N0282447E-\n\n         592256N0282021E-591042N0281846E-590820N0284826E-\n\n         585351N0274138E-591010N0275503E-591747N0280729E-\n\n         591814N0281442E-592017N0281632E-592211N0281625E-\n\n         592608N0280740E\n\n   300M AMSL-1500M AMSL.\n\n3. AREA: 592835N0280310E-592723N0280640E-592608N0280740E-\n\n         592741N0283748E-593105N0283509E-592835N0280310E\n\n   600M AMSL-1500M AMSL.\n\n4. Within CIRCLE RADIUS 0.5KM CENTRE 592346N0281442E\n\n   SFC-300M AMSL.\n\n5. Within CIRCLE RADIUS 0.5KM CENTRE 590744N0280308E\n\n   SFC-300M AMSL.\n\n6. Within CIRCLE RADIUS 2KM CENTRE 590454N0281230E\n\n   SFC-290M AMSL."
      }
    },
    {
      "type": "Feature",
      "geometry": {
        "type": "Polygon",
        "coordinates": [
          [
            [
              38.581388888888895,
              59.42361111111111
            ],
            [
              38.659444444444446,
              59.421388888888885
            ],
            [
              38.61333333333334,
              59.245
            ],
            [
              38.56166666666666,
              59.25333333333333
            ],
            [
              38.581388888888895,
              59.42361111111111
            ]
          ]
        ],
        "meta": {
          "shape": "polygon"
        }
      },
      "properties": {
        "title": "X2788/26 for None",
        "text": "From: 2026-07-29 08:00:00+00:00\nTo: 2026-07-29 15:00:00+00:00\n\nAIRSPACE CLSD AS FLW:\n\n1. AREA: 591512N0383342E-591442N0383648E-592517N0383934E-\n\n         592525N0383453E-591512N0383342E\n\n   250M AMSL-500M AMSL.\n\n2. Within CIRCLE RADIUS 0.4KM CENTRE 591608N0383549E\n\n   SFC-500M AMSL."
      }
    },
    {
      "type": "Feature",
      "geometry": {
        "type": "Polygon",
        "coordinates": [
          [
            [
              38.57083333333334,
              59.059444444444445
            ],
            [
              38.50805555555556,
              59.018055555555556
            ],
            [
              38.48083333333334,
              59.06194444444444
            ],
            [
              38.50111111111111,
              59.08416666666667
            ],
            [
              38.57083333333334,
              59.059444444444445
            ]
          ]
        ],
        "meta": {
          "shape": "polygon"
        }
      },
      "properties": {
        "title": "X2789/26 for None",
        "text": "From: 2026-07-30 08:00:00+00:00\nTo: 2026-07-30 15:00:00+00:00\n\nAIRSPACE CLSD AS FLW:\n\n1. AREA: 590503N0383004E-590334N0383415E-590105N0383029E-\n\n         590343N0382851E-590503N0383004E\n\n   300M AMSL-500M AMSL.\n\n2. Within CIRCLE RADIUS 0.4KM CENTRE 590323N0383100E\n\n   SFC-500M AMSL."
      }
    },
    {
      "type": "Feature",
      "geometry": {
        "type": "Polygon",
        "coordinates": [
          [
            [
              39.123333333333335,
              59.02361111111111
            ],
            [
              39.12555555555556,
              58.95194444444445
            ],
            [
              39.01972222222222,
              58.95305555555556
            ],
            [
              39.015277777777776,
              59.01972222222222
            ],
            [
              39.123333333333335,
              59.02361111111111
            ]
          ]
        ],
        "meta": {
          "shape": "polygon"
        }
      },
      "properties": {
        "title": "X2790/26 for None",
        "text": "From: 2026-07-30 11:00:00+00:00\nTo: 2026-07-30 15:00:00+00:00\n\nAIRSPACE CLSD AS FLW:\n\n1. AREA: 590111N0390055E-590125N0390724E-585707N0390732E-\n\n         585711N0390111E-590111N0390055E\n\n   300M AMSL-500M AMSL.\n\n2. Within CIRCLE RADIUS 0.4KM CENTRE 585921N0390408E\n\n   SFC-500M AMSL."
      }
    },
    {
      "type": "Feature",
      "geometry": {
        "type": "Polygon",
        "coordinates": [
          [
            [
              30.161388888888887,
              60.10138888888889
            ],
            [
              30.1675,
              60.109722222222224
            ],
            [
              30.084722222222222,
              60.10944444444445
            ],
            [
              30.10138888888889,
              60.089444444444446
            ],
            [
              30.111666666666668,
              60.08277777777778
            ],
            [
              30.130833333333335,
              60.07694444444445
            ],
            [
              30.134722222222223,
              60.07416666666667
            ],
            [
              30.149444444444445,
              60.074444444444445
            ],
            [
              30.15222222222222,
              60.088055555555556
            ],
            [
              30.125,
              60.093611111111116
            ],
            [
              30.131666666666668,
              60.10027777777778
            ],
            [
              30.160277777777775,
              60.09722222222222
            ],
            [
              30.161388888888887,
              60.10138888888889
            ]
          ]
        ],
        "meta": {
          "shape": "polygon"
        }
      },
      "properties": {
        "title": "X2791/26 for None",
        "text": "From: 2026-07-27 07:00:00+00:00\nTo: 2026-07-27 15:00:00+00:00\n\nAIRSPACE CLSD Within AREA:\n\n600605N0300941E-600635N0301003E-600634N0300505E-600522N0300605E-\n\n600458N0300642E-600437N0300751E-600427N0300805E-600428N0300858E-\n\n600517N0300908E-600537N0300730E-600601N0300754E-600550N0300937E-\n\n600605N0300941E."
      }
    },
    {
      "type": "Feature",
      "geometry": {
        "type": "Polygon",
        "coordinates": [
          [
            [
              31.105931663518156,
              59.69222178993799
            ],
            [
              31.105918746628465,
              59.69195752936145
            ],
            [
              31.10588019531997,
              59.69169390747511
            ],
            [
              31.105816103065532,
              59.69143155934478
            ],
            [
              31.10572662485678,
              59.69117111695298
            ],
            [
              31.105611976825003,
              59.69091320767685
            ],
            [
              31.105472435715026,
              59.69065845277726
            ],
            [
              31.105308338213202,
              59.69040746590268
            ],
            [
              31.105120080131318,
              59.690160851611694
            ],
            [
              31.104908115448357,
              59.689919203917334
            ],
            [
              31.10467295521254,
              59.689683104857146
            ],
            [
              31.10441516630618,
              59.68945312309205
            ],
            [
              31.104135370076623,
              59.68922981253753
            ],
            [
              31.103834240836328,
              59.68901371103053
            ],
            [
              31.103512504235884,
              59.68880533903506
            ],
            [
              31.103170935513955,
              59.688605198389716
            ],
            [
              31.10281035762818,
              59.6884137711001
            ],
            [
              31.10243163927181,
              59.688231518179165
            ],
            [
              31.102035692780596,
              59.688058878538016
            ],
            [
              31.101623471935252,
              59.68789626792996
            ],
            [
              31.101195969664545,
              59.687744077950434
            ],
            [
              31.10075421565464,
              59.68760267509498
            ],
            [
              31.1002992738705,
              59.68747239987779
            ],
            [
              31.099832239995187,
              59.687353566012625
            ],
            [
              31.099354238793243,
              59.6872464596583
            ],
            [
              31.09886642140455,
              59.68715133873056
            ],
            [
              31.09836996257501,
              59.68706843228177
            ],
            [
              31.09786605783084,
              59.68699793995009
            ],
            [
              31.09735592060307,
              59.6869400314794
            ],
            [
              31.096840779309378,
              59.68689484631117
            ],
            [
              31.096321874399894,
              59.68686249324916
            ],
            [
              31.09580045537439,
              59.68684305019764
            ],
            [
              31.0952777777778,
              59.68683656397434
            ],
            [
              31.094755100181203,
              59.68684305019764
            ],
            [
              31.094233681155703,
              59.68686249324916
            ],
            [
              31.093714776246216,
              59.68689484631117
            ],
            [
              31.093199634952523,
              59.6869400314794
            ],
            [
              31.092689497724756,
              59.68699793995009
            ],
            [
              31.09218559298058,
              59.68706843228177
            ],
            [
              31.091689134151043,
              59.68715133873056
            ],
            [
              31.091201316762355,
              59.6872464596583
            ],
            [
              31.090723315560407,
              59.687353566012625
            ],
            [
              31.090256281685093,
              59.68747239987779
            ],
            [
              31.08980133990096,
              59.68760267509498
            ],
            [
              31.08935958589105,
              59.687744077950434
            ],
            [
              31.088932083620346,
              59.68789626792996
            ],
            [
              31.088519862775,
              59.688058878538016
            ],
            [
              31.088123916283788,
              59.688231518179165
            ],
            [
              31.087745197927415,
              59.6884137711001
            ],
            [
              31.08738462004164,
              59.688605198389716
            ],
            [
              31.087043051319714,
              59.68880533903506
            ],
            [
              31.08672131471927,
              59.68901371103053
            ],
            [
              31.086420185478975,
              59.68922981253753
            ],
            [
              31.086140389249415,
              59.68945312309205
            ],
            [
              31.085882600343062,
              59.689683104857146
            ],
            [
              31.085647440107238,
              59.689919203917334
            ],
            [
              31.085435475424283,
              59.69016085161168
            ],
            [
              31.085247217342392,
              59.69040746590268
            ],
            [
              31.08508311984057,
              59.69065845277726
            ],
            [
              31.08494357873059,
              59.69091320767685
            ],
            [
              31.084828930698816,
              59.69117111695298
            ],
            [
              31.084739452490066,
              59.69143155934478
            ],
            [
              31.08467536023563,
              59.69169390747511
            ],
            [
              31.08463680892713,
              59.69195752936145
            ],
            [
              31.084623892037442,
              59.69222178993799
            ],
            [
              31.08463664128977,
              59.69248605258538
            ],
            [
              31.084675026575347,
              59.69274968066432
            ],
            [
              31.084738956020193,
              59.69301203904939
            ],
            [
              31.084828276200643,
              59.69327249565926
            ],
            [
              31.084942772507276,
              59.69353042297987
            ],
            [
              31.08508216965648,
              59.69378519957662
            ],
            [
              31.08524613234833,
              59.694036211592056
            ],
            [
              31.085434266069328,
              59.69428285422548
            ],
            [
              31.085646118038134,
              59.69452453319087
            ],
            [
              31.08588117829206,
              59.69476066614958
            ],
            [
              31.086138880911655,
              59.69499068411418
            ],
            [
              31.086418605380555,
              59.69521403282062
            ],
            [
              31.08671967807742,
              59.695430174064455
            ],
            [
              31.087041373896167,
              59.69563858699905
            ],
            [
              31.087382917990926,
              59.69583876939156
            ],
            [
              31.0877434876412,
              59.69603023883427
            ],
            [
              31.088122214233064,
              59.69621253390829
            ],
            [
              31.088518185351447,
              59.69638521529659
            ],
            [
              31.08893044697847,
              59.696547866843765
            ],
            [
              31.089358005792604,
              59.69670009656016
            ],
            [
              31.089799831563152,
              59.69684153756751
            ],
            [
              31.090254859634047,
              59.69697184898421
            ],
            [
              31.09072199349126,
              59.697090716747894
            ],
            [
              31.091200107407342,
              59.69719785437327
            ],
            [
              31.091688049156932,
              59.69729300364342
            ],
            [
              31.092184642796447,
              59.697375935233076
            ],
            [
              31.0926886915014,
              59.69744644926192
            ],
            [
              31.0931989804543,
              59.69750437577711
            ],
            [
              31.093714279776318,
              59.69754957516341
            ],
            [
              31.0942333474954,
              59.69758193848017
            ],
            [
              31.09475493254383,
              59.69760138772426
            ],
            [
              31.0952777777778,
              59.697607876018424
            ],
            [
              31.095800623011765,
              59.69760138772426
            ],
            [
              31.096322208060194,
              59.69758193848017
            ],
            [
              31.096841275779276,
              59.69754957516341
            ],
            [
              31.097356575101298,
              59.69750437577711
            ],
            [
              31.097866864054193,
              59.69744644926192
            ],
            [
              31.098370912759147,
              59.697375935233076
            ],
            [
              31.098867506398665,
              59.69729300364342
            ],
            [
              31.099355448148252,
              59.69719785437327
            ],
            [
              31.09983356206434,
              59.697090716747894
            ],
            [
              31.100300695921543,
              59.69697184898421
            ],
            [
              31.100755723992442,
              59.69684153756751
            ],
            [
              31.101197549762993,
              59.69670009656016
            ],
            [
              31.10162510857713,
              59.696547866843765
            ],
            [
              31.10203737020414,
              59.69638521529659
            ],
            [
              31.10243334132253,
              59.69621253390829
            ],
            [
              31.102812067914403,
              59.69603023883427
            ],
            [
              31.10317263756467,
              59.69583876939156
            ],
            [
              31.103514181659424,
              59.69563858699905
            ],
            [
              31.10383587747818,
              59.695430174064455
            ],
            [
              31.104136950175043,
              59.69521403282062
            ],
            [
              31.10441667464394,
              59.69499068411418
            ],
            [
              31.10467437726353,
              59.69476066614958
            ],
            [
              31.104909437517453,
              59.69452453319087
            ],
            [
              31.10512128948627,
              59.69428285422548
            ],
            [
              31.105309423207263,
              59.694036211592056
            ],
            [
              31.105473385899117,
              59.69378519957662
            ],
            [
              31.105612783048322,
              59.6935304229799
            ],
            [
              31.105727279354955,
              59.69327249565926
            ],
            [
              31.105816599535405,
              59.69301203904938
            ],
            [
              31.105880528980247,
              59.69274968066432
            ],
            [
              31.10591891426583,
              59.69248605258538
            ],
            [
              31.105931663518156,
              59.69222178993799
            ]
          ]
        ],
        "meta": {
          "shape": "circle"
        }
      },
      "properties": {
        "title": "X2792/26 for None",
        "text": "From: 2026-07-28 09:00:00+00:00\nTo: 2026-07-31 14:00:00+00:00\n\nAIRSPACE CLSD Within CIRCLE RADIUS 0.6KM CENTRE 594132N0310543E."
      }
    },
    {
      "type": "Feature",
      "geometry": {
        "type": "Polygon",
        "coordinates": [
          [
            [
              30.963597267361013,
              59.97460264340604
            ],
            [
              30.963538883185752,
              59.97420723009957
            ],
            [
              30.963441862707388,
              59.97381372891993
            ],
            [
              30.963306441005553,
              59.973423087761475
            ],
            [
              30.963132945632072,
              59.973036247596
            ],
            [
              30.9629217958092,
              59.97265414020691
            ],
            [
              30.962673501407632,
              59.97227768594595
            ],
            [
              30.962388661706644,
              59.97190779151773
            ],
            [
              30.962067963939734,
              59.97154534779733
            ],
            [
              30.961712181628993,
              59.971191227686404
            ],
            [
              30.961322172712777,
              59.97084628401273
            ],
            [
              30.96089887747076,
              59.970511347478364
            ],
            [
              30.960443316251958,
              59.970187224661316
            ],
            [
              30.959956587010854,
              59.96987469607533
            ],
            [
              30.95943986265792,
              59.96957451429278
            ],
            [
              30.95889438823059,
              59.96928740213501
            ],
            [
              30.958321477892085,
              59.96901405093406
            ],
            [
              30.95772251176468,
              59.96875511887065
            ],
            [
              30.957098932605636,
              59.96851122939195
            ],
            [
              30.95645224233346,
              59.968282969712824
            ],
            [
              30.955783998412787,
              59.968070889404494
            ],
            [
              30.955095810106993,
              59.9678754990737
            ],
            [
              30.954389334606965,
              59.96769726913557
            ],
            [
              30.9536662730457,
              59.9675366286833
            ],
            [
              30.952928366408102,
              59.96739396445695
            ],
            [
              30.95217739134578,
              59.967269619914525
            ],
            [
              30.951415155906858,
              59.967163894406376
            ],
            [
              30.95064349519097,
              59.96707704245644
            ],
            [
              30.949864266939837,
              59.96700927315047
            ],
            [
              30.949079347073862,
              59.96696074963394
            ],
            [
              30.948290625185493,
              59.96693158872002
            ],
            [
              30.9475,
              59.96692186060909
            ],
            [
              30.946709374814514,
              59.96693158872002
            ],
            [
              30.94592065292614,
              59.96696074963394
            ],
            [
              30.945135733060166,
              59.96700927315047
            ],
            [
              30.944356504809033,
              59.96707704245644
            ],
            [
              30.943584844093145,
              59.967163894406376
            ],
            [
              30.94282260865422,
              59.967269619914525
            ],
            [
              30.942071633591905,
              59.96739396445695
            ],
            [
              30.9413337269543,
              59.9675366286833
            ],
            [
              30.94061066539304,
              59.96769726913557
            ],
            [
              30.939904189893014,
              59.9678754990737
            ],
            [
              30.93921600158722,
              59.968070889404494
            ],
            [
              30.938547757666548,
              59.968282969712824
            ],
            [
              30.937901067394368,
              59.96851122939195
            ],
            [
              30.937277488235328,
              59.96875511887065
            ],
            [
              30.93667852210792,
              59.96901405093406
            ],
            [
              30.936105611769417,
              59.96928740213501
            ],
            [
              30.935560137342087,
              59.96957451429278
            ],
            [
              30.93504341298915,
              59.96987469607533
            ],
            [
              30.934556683748045,
              59.970187224661316
            ],
            [
              30.934101122529245,
              59.970511347478364
            ],
            [
              30.933677827287227,
              59.97084628401273
            ],
            [
              30.93328781837101,
              59.971191227686404
            ],
            [
              30.932932036060272,
              59.97154534779733
            ],
            [
              30.93261133829336,
              59.97190779151773
            ],
            [
              30.932326498592374,
              59.97227768594595
            ],
            [
              30.932078204190805,
              59.97265414020691
            ],
            [
              30.93186705436793,
              59.973036247596
            ],
            [
              30.93169355899445,
              59.973423087761475
            ],
            [
              30.93155813729262,
              59.97381372891993
            ],
            [
              30.93146111681425,
              59.97420723009957
            ],
            [
              30.93140273263899,
              59.97460264340604
            ],
            [
              30.931394110478067,
              59.974776958315566
            ],
            [
              30.538333333333334,
              59.987500000000004
            ],
            [
              30.723611111111108,
              60.05166666666666
            ],
            [
              30.724275257305667,
              60.051431465848715
            ],
            [
              31.031666666666666,
              60.155
            ],
            [
              31.028333333333332,
              59.97083333333334
            ],
            [
              31.31861111111111,
              59.88333333333333
            ],
            [
              31.00353210016764,
              59.971866718048574
            ],
            [
              30.739270809947183,
              60.04612093892599
            ],
            [
              30.9323436459562,
              59.97774610018649
            ],
            [
              30.932608562768532,
              59.97809052775151
            ],
            [
              30.93292900185134,
              59.978453042637724
            ],
            [
              30.933284554699036,
              59.97880723989396
            ],
            [
              30.933674365583187,
              59.9791522659495
            ],
            [
              30.934097496131223,
              59.979487289308906
            ],
            [
              30.93455292758024,
              59.979811502558036
            ],
            [
              30.935039563225484,
              59.980124124312184
            ],
            [
              30.935556231057923,
              59.98042440110169
            ],
            [
              30.936101686584365,
              59.98071160919034
            ],
            [
              30.93667461582369,
              59.98098505632216
            ],
            [
              30.93727363847156,
              59.98124408339256
            ],
            [
              30.937897311226386,
              59.981488066039425
            ],
            [
              30.93854413126834,
              59.9817164161506
            ],
            [
              30.939212539882952,
              59.981928583283974
            ],
            [
              30.9399009262208,
              59.982124055996664
            ],
            [
              30.940607631183834,
              59.9823023630801
            ],
            [
              30.941330951429208,
              59.9824630746982
            ],
            [
              30.94206914348074,
              59.98260580342544
            ],
            [
              30.942820427938127,
              59.98273020518276
            ],
            [
              30.94358299377361,
              59.982835980068685
            ],
            [
              30.944355002705645,
              59.98292287308385
            ],
            [
              30.945134593639015,
              59.98299067474693
            ],
            [
              30.94591988716048,
              59.98303922160086
            ],
            [
              30.94670899007907,
              59.98306839660773
            ],
            [
              30.9475,
              59.98307812943144
            ],
            [
              30.948291009920933,
              59.98306839660774
            ],
            [
              30.949080112839525,
              59.98303922160086
            ],
            [
              30.94986540636099,
              59.98299067474693
            ],
            [
              30.95064499729436,
              59.98292287308384
            ],
            [
              30.951417006226396,
              59.982835980068685
            ],
            [
              30.95217957206188,
              59.98273020518276
            ],
            [
              30.952930856519263,
              59.98260580342544
            ],
            [
              30.9536690485708,
              59.9824630746982
            ],
            [
              30.95439236881617,
              59.982302363080116
            ],
            [
              30.955099073779206,
              59.982124055996664
            ],
            [
              30.95578746011705,
              59.98192858328398
            ],
            [
              30.956455868731673,
              59.981716416150604
            ],
            [
              30.95710268877362,
              59.981488066039425
            ],
            [
              30.95772636152844,
              59.98124408339256
            ],
            [
              30.95832538417632,
              59.98098505632216
            ],
            [
              30.95889831341563,
              59.98071160919034
            ],
            [
              30.95944376894209,
              59.98042440110169
            ],
            [
              30.959960436774523,
              59.980124124312184
            ],
            [
              30.96044707241977,
              59.979811502558036
            ],
            [
              30.960902503868784,
              59.979487289308906
            ],
            [
              30.96132563441682,
              59.9791522659495
            ],
            [
              30.961715445300964,
              59.97880723989396
            ],
            [
              30.962070998148672,
              59.978453042637724
            ],
            [
              30.96239143723147,
              59.97809052775151
            ],
            [
              30.96267599151852,
              59.97772056882237
            ],
            [
              30.96292397652505,
              59.97734405734656
            ],
            [
              30.96313479595138,
              59.97696190057968
            ],
            [
              30.96330794310875,
              59.976575019349006
            ],
            [
              30.96344300212838,
              59.97618434583346
            ],
            [
              30.96353964895132,
              59.97579082131641
            ],
            [
              30.963597652096404,
              59.97539539391698
            ],
            [
              30.963616873205,
              59.97499901630512
            ],
            [
              30.963597267361013,
              59.97460264340604
            ]
          ]
        ],
        "meta": {
          "shape": "circle"
        }
      },
      "properties": {
        "title": "X2793/26 for None",
        "text": "From: 2026-07-25 07:00:00+00:00\nTo: 2026-07-25 16:00:00+00:00\n\nAIRSPACE CLSD AS FLW:\n\n1. Within CIRCLE RADIUS 0.9KM CENTRE 595830N0305651E\n\n   250M AMSL-350M AMSL.\n\n2. Within 1KM EITHER SIDE OF LINE JOINING POINTS:\n\n   600306N0304325E-595915N0303218E-595828N0305630E.\n\n   SFC-290M AMSL.\n\n3. Within 1KM EITHER SIDE OF LINE JOINING POINTS:\n\n   600303N0304321E-600918N0310154E-595815N0310142E-\n\n   595827N0305654E-595815N0310142E-595300N0311907E.\n\n   310M AMSL-790M AMSL."
      }
    },
    {
      "type": "Feature",
      "geometry": {
        "type": "Polygon",
        "coordinates": [
          [
            [
              29.080424686630714,
              60.57611031479671
            ],
            [
              29.080406952087205,
              60.57575801526766
            ],
            [
              29.080354109570017,
              60.57540656826089
            ],
            [
              29.08026628751569,
              60.57505682040166
            ],
            [
              29.080143698607483,
              60.57470961419489
            ],
            [
              29.07998663925227,
              60.57436578599598
            ],
            [
              29.07979548885609,
              60.57402616399703
            ],
            [
              29.079570708900178,
              60.57369156623275
            ],
            [
              29.07931284181968,
              60.57336279861108
            ],
            [
              29.0790225096881,
              60.57304065297343
            ],
            [
              29.078700412710496,
              60.57272590518875
            ],
            [
              29.078347327529134,
              60.57241931328644
            ],
            [
              29.077964105346016,
              60.57212161563244
            ],
            [
              29.077551669866587,
              60.57183352915264
            ],
            [
              29.077111015069697,
              60.57155574760826
            ],
            [
              29.07664320280934,
              60.571288939927065
            ],
            [
              29.076149360253904,
              60.571033748594445
            ],
            [
              29.075630677169062,
              60.570790788108326
            ],
            [
              29.075088403051044,
              60.57056064350142
            ],
            [
              29.07452384411705,
              60.57034386893464
            ],
            [
              29.073938360160017,
              60.57014098636466
            ],
            [
              29.073333361275537,
              60.569952484289104
            ],
            [
              29.07271030446846,
              60.569778816572274
            ],
            [
              29.07207069014764,
              60.56962040135423
            ],
            [
              29.07141605851692,
              60.56947762004572
            ],
            [
              29.070747985871293,
              60.569350816411465
            ],
            [
              29.070068080806834,
              60.569240295744116
            ],
            [
              29.06937798035364,
              60.569146324130486
            ],
            [
              29.06867934604097,
              60.56906912781215
            ],
            [
              29.06797385990389,
              60.56900889264184
            ],
            [
              29.067263220441113,
              60.56896576363683
            ],
            [
              29.066549138533542,
              60.568939844630506
            ],
            [
              29.0658333333333,
              60.568931198022845
            ],
            [
              29.065117528133054,
              60.568939844630506
            ],
            [
              29.064403446225484,
              60.56896576363683
            ],
            [
              29.063692806762706,
              60.56900889264184
            ],
            [
              29.062987320625627,
              60.56906912781215
            ],
            [
              29.062288686312957,
              60.569146324130486
            ],
            [
              29.061598585859763,
              60.569240295744116
            ],
            [
              29.060918680795304,
              60.569350816411465
            ],
            [
              29.060250608149676,
              60.56947762004572
            ],
            [
              29.059595976518956,
              60.56962040135423
            ],
            [
              29.05895636219814,
              60.569778816572274
            ],
            [
              29.058333305391056,
              60.569952484289104
            ],
            [
              29.05772830650658,
              60.57014098636466
            ],
            [
              29.057142822549544,
              60.57034386893464
            ],
            [
              29.056578263615553,
              60.57056064350142
            ],
            [
              29.056035989497534,
              60.570790788108326
            ],
            [
              29.055517306412693,
              60.571033748594445
            ],
            [
              29.055023463857253,
              60.571288939927065
            ],
            [
              29.0545556515969,
              60.57155574760826
            ],
            [
              29.05411499680001,
              60.57183352915264
            ],
            [
              29.05370256132058,
              60.57212161563244
            ],
            [
              29.053319339137463,
              60.57241931328644
            ],
            [
              29.0529662539561,
              60.57272590518875
            ],
            [
              29.052644156978488,
              60.57304065297343
            ],
            [
              29.052353824846918,
              60.57336279861108
            ],
            [
              29.05209595776642,
              60.57369156623275
            ],
            [
              29.051871177810504,
              60.57402616399703
            ],
            [
              29.05168002741432,
              60.57436578599598
            ],
            [
              29.05152296805911,
              60.57470961419489
            ],
            [
              29.051400379150902,
              60.57505682040166
            ],
            [
              29.05131255709658,
              60.57540656826089
            ],
            [
              29.05125971457939,
              60.57575801526766
            ],
            [
              29.05124198003588,
              60.57611031479671
            ],
            [
              29.05125939733555,
              60.576462618141505
            ],
            [
              29.051311925664123,
              60.57681407655881
            ],
            [
              29.051399439610872,
              60.57716384331343
            ],
            [
              29.051521729459786,
              60.577511075718554
            ],
            [
              29.051678501684098,
              60.577854937166386
            ],
            [
              29.051869379642984,
              60.57819459914468
            ],
            [
              29.05209390447894,
              60.578529243233675
            ],
            [
              29.052351536213763,
              60.57885806307929
            ],
            [
              29.052641655040436,
              60.57918026633722
            ],
            [
              29.052963562808195,
              60.57949507658354
            ],
            [
              29.05331648469691,
              60.57980173518734
            ],
            [
              29.0536995710772,
              60.58009950314031
            ],
            [
              29.05411189955148,
              60.58038766283954
            ],
            [
              29.054552477171427,
              60.58066551981865
            ],
            [
              29.05502024282628,
              60.58093240442342
            ],
            [
              29.055514069796512,
              60.58118767342763
            ],
            [
              29.05603276846653,
              60.58143071158536
            ],
            [
              29.056575089190012,
              60.58166093311582
            ],
            [
              29.057139725300917,
              60.58187778311735
            ],
            [
              29.05772531626307,
              60.582080738906775
            ],
            [
              29.05833045095035,
              60.58226931128131
            ],
            [
              29.05895367105005,
              60.58244304569962
            ],
            [
              29.059593474580723,
              60.58260152337932
            ],
            [
              29.060248319516337,
              60.58274436230811
            ],
            [
              29.060916627507645,
              60.58287121816632
            ],
            [
              29.061596787692082,
              60.582981785158374
            ],
            [
              29.062287160582578,
              60.58307579675136
            ],
            [
              29.062986082026175,
              60.58315302631863
            ],
            [
              29.063691867222573,
              60.58321328768727
            ],
            [
              29.064402814792953,
              60.5832564355877
            ],
            [
              29.065117210889174,
              60.58328236600455
            ],
            [
              29.0658333333333,
              60.58329101642798
            ],
            [
              29.06654945577742,
              60.58328236600455
            ],
            [
              29.067263851873644,
              60.5832564355877
            ],
            [
              29.067974799444023,
              60.58321328768727
            ],
            [
              29.068680584640422,
              60.58315302631863
            ],
            [
              29.06937950608402,
              60.58307579675136
            ],
            [
              29.070069878974515,
              60.582981785158374
            ],
            [
              29.070750039158952,
              60.58287121816632
            ],
            [
              29.07141834715026,
              60.58274436230811
            ],
            [
              29.072073192085867,
              60.58260152337932
            ],
            [
              29.07271299561655,
              60.58244304569962
            ],
            [
              29.073336215716246,
              60.58226931128131
            ],
            [
              29.073941350403526,
              60.582080738906775
            ],
            [
              29.074526941365672,
              60.58187778311735
            ],
            [
              29.075091577476584,
              60.58166093311582
            ],
            [
              29.07563389820006,
              60.58143071158536
            ],
            [
              29.076152596870084,
              60.58118767342763
            ],
            [
              29.076646423840316,
              60.58093240442342
            ],
            [
              29.077114189495177,
              60.58066551981865
            ],
            [
              29.07755476711512,
              60.58038766283954
            ],
            [
              29.077967095589393,
              60.58009950314031
            ],
            [
              29.078350181969686,
              60.57980173518734
            ],
            [
              29.078703103858402,
              60.57949507658354
            ],
            [
              29.079025011626157,
              60.579180266337204
            ],
            [
              29.079315130452834,
              60.57885806307929
            ],
            [
              29.079572762187656,
              60.578529243233675
            ],
            [
              29.079797287023613,
              60.57819459914468
            ],
            [
              29.079988164982495,
              60.577854937166386
            ],
            [
              29.08014493720681,
              60.577511075718554
            ],
            [
              29.080267227055725,
              60.577163843313436
            ],
            [
              29.080354741002473,
              60.57681407655881
            ],
            [
              29.080407269331047,
              60.576462618141505
            ],
            [
              29.080424686630714,
              60.57611031479671
            ]
          ]
        ],
        "meta": {
          "shape": "circle"
        }
      },
      "properties": {
        "title": "X2795/26 for None",
        "text": "From: 2026-07-29 09:00:00+00:00\nTo: 2026-07-29 17:00:00+00:00\n\nAIRSPACE CLSD Within CIRCLE RADIUS 0.8KM CENTRE 603434N0290357E."
      }
    },
    {
      "type": "Feature",
      "geometry": {
        "type": "Polygon",
        "coordinates": [
          [
            [
              40.39361111111111,
              62.88388888888889
            ],
            [
              39.844722222222224,
              62.79361111111111
            ],
            [
              39.76694444444444,
              62.84583333333334
            ],
            [
              39.88305555555556,
              62.931666666666665
            ],
            [
              40.11222222222222,
              63.33444444444444
            ],
            [
              40.723888888888894,
              63.3425
            ],
            [
              40.39361111111111,
              62.88388888888889
            ]
          ]
        ],
        "meta": {
          "shape": "polygon"
        }
      },
      "properties": {
        "title": "X2796/26 for None",
        "text": "From: 2026-07-27 07:00:00+00:00\nTo: 2026-08-01 17:00:00+00:00\n\nAIRSPACE CLSD AS FLW:\n\n1. AREA: 632004N0400644E-625554N0395259E-625045N0394601E-\n\n         624737N0395041E-625302N0402337E-632033N0404326E-\n\n         632004N0400644E\n\n   SFC-1500M AMSL.\n\n2. Within CIRCLE RADIUS 0.5KM CENTRE 625555N0400345E\n\n   SFC-1000M AMSL.\n\n3. Within CIRCLE RADIUS 0.5KM CENTRE 625711N0400908E\n\n   SFC-1000M AMSL.\n\n4. Within CIRCLE RADIUS 0.2KM CENTRE 631141N0400700E\n\n   SFC-1000M AMSL."
      }
    },
    {
      "type": "Feature",
      "geometry": {
        "type": "Polygon",
        "coordinates": [
          [
            [
              30.0125,
              60.044444444444444
            ],
            [
              30.307222222222222,
              59.99861111111111
            ],
            [
              30.425833333333333,
              59.95472222222222
            ],
            [
              30.4225,
              59.947222222222216
            ],
            [
              30.401666666666664,
              59.953611111111115
            ],
            [
              30.34638888888889,
              59.955000000000005
            ],
            [
              30.334999999999997,
              59.95111111111111
            ],
            [
              30.305833333333332,
              59.94194444444444
            ],
            [
              30.294722222222223,
              59.941111111111105
            ],
            [
              30.28777777777778,
              59.934999999999995
            ],
            [
              30.295555555555556,
              59.92944444444444
            ],
            [
              30.310555555555556,
              59.93
            ],
            [
              30.330277777777777,
              59.91611111111111
            ],
            [
              30.340277777777775,
              59.91583333333333
            ],
            [
              30.34638888888889,
              59.91888888888889
            ],
            [
              30.346666666666664,
              59.92361111111111
            ],
            [
              30.338055555555556,
              59.926944444444445
            ],
            [
              30.328333333333333,
              59.925555555555555
            ],
            [
              30.325,
              59.92166666666667
            ],
            [
              30.31222222222222,
              59.93083333333333
            ],
            [
              30.315555555555555,
              59.93472222222222
            ],
            [
              30.311111111111114,
              59.94138888888889
            ],
            [
              30.334444444444443,
              59.94777777777777
            ],
            [
              30.34111111111111,
              59.94333333333333
            ],
            [
              30.40222222222222,
              59.93888888888888
            ],
            [
              30.421944444444446,
              59.945277777777775
            ],
            [
              30.412777777777777,
              59.919999999999995
            ],
            [
              30.393333333333334,
              59.92472222222222
            ],
            [
              30.380277777777778,
              59.921388888888885
            ],
            [
              30.384999999999998,
              59.91416666666667
            ],
            [
              30.397222222222222,
              59.913888888888884
            ],
            [
              30.402777777777775,
              59.918055555555554
            ],
            [
              30.412777777777777,
              59.91888888888889
            ],
            [
              30.409166666666664,
              59.906388888888884
            ],
            [
              30.30888888888889,
              59.90138888888889
            ],
            [
              30.217499999999998,
              59.89055555555556
            ],
            [
              30.209444444444443,
              59.89861111111111
            ],
            [
              30.193055555555556,
              59.902499999999996
            ],
            [
              30.176111111111112,
              59.946666666666665
            ],
            [
              30.19527777777778,
              59.973333333333336
            ],
            [
              30.180833333333336,
              59.97805555555556
            ],
            [
              30.190277777777776,
              59.98305555555556
            ],
            [
              30.190555555555555,
              59.99027777777778
            ],
            [
              30.184166666666666,
              59.995
            ],
            [
              30.17027777777778,
              59.99722222222222
            ],
            [
              30.15861111111111,
              59.995
            ],
            [
              30.151944444444442,
              59.99027777777778
            ],
            [
              30.151666666666664,
              59.986111111111114
            ],
            [
              30.076666666666668,
              60.006388888888885
            ],
            [
              30.083333333333332,
              60.01083333333333
            ],
            [
              30.10138888888889,
              60.01083333333333
            ],
            [
              30.101666666666667,
              60.01833333333333
            ],
            [
              30.078333333333333,
              60.01861111111111
            ],
            [
              30.078611111111112,
              60.01111111111111
            ],
            [
              30.0125,
              60.044444444444444
            ]
          ]
        ],
        "meta": {
          "shape": "polygon"
        }
      },
      "properties": {
        "title": "X2797/26A02 for None",
        "text": "From: 2026-07-27 07:05:00+00:00\nTo: 2026-08-01 16:55:00+00:00\n\nAIRSPACE CLSD Within:\n\n1. AREA: 600240N0300045E-595955N0301826E-595717N0302533E-\n\n          595650N0302521E-595713N0302406E-595718N0302047E-\n\n          595704N0302006E-595631N0301821E-595628N0301741E-\n\n          595606N0301716E-595546N0301744E-595548N0301838E-\n\n          595458N0301949E-595457N0302025E-595508N0302047E-\n\n          595525N0302048E-595537N0302017E-595532N0301942E-\n\n          595518N0301930E-595551N0301844E-595605N0301856E-\n\n          595629N0301840E-595652N0302004E-595636N0302028E-\n\n          595620N0302408E-595643N0302519E-595512N0302446E-\n\n          595529N0302336E-595517N0302249E-595451N0302306E-\n\n          595450N0302350E-595505N0302410E-595508N0302446E-\n\n          595423N0302433E-595405N0301832E-595326N0301303E-\n\n          595355N0301234E-595409N0301135E-595648N0301034E-\n\n          595824N0301143E-595841N0301051E-595859N0301125E-\n\n          595925N0301126E-595942N0301103E-595950N0301013E-\n\n          595942N0300931E-595925N0300907E-595910N0300906E-\n\n          600023N0300436E-600039N0300500E-600039N0300605E-\n\n          600106N0300606E-600107N0300442E-600040N0300443E-"
      }
    },
    {
      "type": "Feature",
      "geometry": {
        "type": "Polygon",
        "coordinates": [
          [
            [
              30.48205147543385,
              59.98306665945314
            ],
            [
              30.481679660413437,
              59.9765421467109
            ],
            [
              30.480669811878343,
              59.97003462422245
            ],
            [
              30.479024734718923,
              59.96355975456844
            ],
            [
              30.47674875631456,
              59.95713311265381
            ],
            [
              30.47384771262053,
              59.95077014842344
            ],
            [
              30.470328930736454,
              59.94448614996241
            ],
            [
              30.466201208030174,
              59.93829620706701
            ],
            [
              30.461474787897853,
              59.932215175369876
            ],
            [
              30.456161332246886,
              59.92625764110102
            ],
            [
              30.45027389079469,
              59.92043788656437
            ],
            [
              30.443826867281082,
              59.91476985640679
            ],
            [
              30.436835982697488,
              59.90926712475427
            ],
            [
              30.429318235640107,
              59.90394286328758
            ],
            [
              30.421291859898833,
              59.89880981032666
            ],
            [
              30.4127762793968,
              59.89388024099031
            ],
            [
              30.40379206059907,
              59.88916593849535
            ],
            [
              30.394360862511807,
              59.88467816665547
            ],
            [
              30.384505384395798,
              59.88042764363829
            ],
            [
              30.37424931132056,
              59.876424517034984
            ],
            [
              30.363617257687118,
              59.87267834029413
            ],
            [
              30.35263470884938,
              59.86919805056843
            ],
            [
              30.341327960965536,
              59.865991948019506
            ],
            [
              30.329724059211927,
              59.86306767662265
            ],
            [
              30.317850734493224,
              59.86043220651059
            ],
            [
              30.305736338783348,
              59.85809181789129
            ],
            [
              30.293409779232583,
              59.8560520865723
            ],
            [
              30.280900451176574,
              59.854317871120166
            ],
            [
              30.268238170183764,
              59.852893301680425
            ],
            [
              30.255453103277983,
              59.85178177048032
            ],
            [
              30.24257569947323,
              59.85098592403274
            ],
            [
              30.229636619758026,
              59.850507657056596
            ],
            [
              30.216666666666704,
              59.85034810812612
            ],
            [
              30.203696713575383,
              59.850507657056596
            ],
            [
              30.190757633860173,
              59.85098592403274
            ],
            [
              30.177880230055425,
              59.85178177048032
            ],
            [
              30.165095163149644,
              59.852893301680425
            ],
            [
              30.152432882156834,
              59.854317871120166
            ],
            [
              30.13992355410082,
              59.8560520865723
            ],
            [
              30.12759699455006,
              59.85809181789129
            ],
            [
              30.115482598840185,
              59.86043220651059
            ],
            [
              30.10360927412148,
              59.86306767662265
            ],
            [
              30.09200537236787,
              59.865991948019506
            ],
            [
              30.08069862448403,
              59.86919805056843
            ],
            [
              30.069716075646298,
              59.872678340294144
            ],
            [
              30.059084022012847,
              59.876424517034984
            ],
            [
              30.04882794893761,
              59.88042764363829
            ],
            [
              30.0389724708216,
              59.88467816665547
            ],
            [
              30.02954127273434,
              59.88916593849535
            ],
            [
              30.020557053936606,
              59.89388024099031
            ],
            [
              30.01204147343457,
              59.89880981032666
            ],
            [
              30.0040150976933,
              59.90394286328758
            ],
            [
              29.99649735063592,
              59.90926712475427
            ],
            [
              29.989506466052323,
              59.91476985640679
            ],
            [
              29.983059442538718,
              59.92043788656437
            ],
            [
              29.977172001086522,
              59.92625764110102
            ],
            [
              29.971858545435555,
              59.932215175369876
            ],
            [
              29.967132125303234,
              59.93829620706701
            ],
            [
              29.963004402596955,
              59.94448614996241
            ],
            [
              29.95948562071288,
              59.95077014842344
            ],
            [
              29.956584577018848,
              59.95713311265381
            ],
            [
              29.954308598614485,
              59.96355975456844
            ],
            [
              29.952663521455065,
              59.97003462422245
            ],
            [
              29.95165367291997,
              59.9765421467109
            ],
            [
              29.95128185789956,
              59.98306665945314
            ],
            [
              29.95154934846708,
              59.989592449774946
            ],
            [
              29.952455877194666,
              59.99610379269918
            ],
            [
              29.953999634164212,
              60.002584988854956
            ],
            [
              29.956177267715415,
              60.00902040241385
            ],
            [
              29.9589838889641,
              60.01539449896112
            ],
            [
              29.96241308011463,
              60.021691883208305
            ],
            [
              29.966456906580294,
              60.027897336454686
            ],
            [
              29.971105932915265,
              60.03399585370314
            ],
            [
              29.976349242551137,
              60.03997268033726
            ],
            [
              29.982174461320533,
              60.04581334826607
            ],
            [
              29.98856778473842,
              60.051503711444006
            ],
            [
              29.99551400900127,
              60.057029980673875
            ],
            [
              30.00299656565193,
              60.06237875760216
            ],
            [
              30.01099755984698,
              60.067537067817376
            ],
            [
              30.0194978121512,
              60.07249239296379
            ],
            [
              30.0284769037724,
              60.077232701784745
            ],
            [
              30.037913225138077,
              60.081746480012264
            ],
            [
              30.04778402770359,
              60.086022759022086
            ],
            [
              30.05806547887058,
              60.090051143176154
            ],
            [
              30.068732719882863,
              60.09382183577762
            ],
            [
              30.07975992655644,
              60.097325663566856
            ],
            [
              30.09112037268955,
              60.100554099690854
            ],
            [
              30.102786495988923,
              60.10349928508175
            ],
            [
              30.11472996633879,
              60.106154048185005
            ],
            [
              30.12692175622996,
              60.108511922981556
            ],
            [
              30.139332213158365,
              60.11056716525342
            ],
            [
              30.15193113379438,
              60.11231476704641
            ],
            [
              30.164687839717438,
              60.11375046928922
            ],
            [
              30.177571254504244,
              60.114870772532605
            ],
            [
              30.190549981953332,
              60.115672945778456
            ],
            [
              30.203592385224365,
              60.11615503337294
            ],
            [
              30.216666666666704,
              60.116315859944635
            ],
            [
              30.229740948109043,
              60.11615503337294
            ],
            [
              30.242783351380073,
              60.115672945778456
            ],
            [
              30.25576207882916,
              60.114870772532605
            ],
            [
              30.26864549361597,
              60.11375046928922
            ],
            [
              30.281402199539034,
              60.11231476704641
            ],
            [
              30.294001120175043,
              60.11056716525342
            ],
            [
              30.30641157710344,
              60.108511922981556
            ],
            [
              30.31860336699462,
              60.106154048185005
            ],
            [
              30.330546837344478,
              60.10349928508175
            ],
            [
              30.34221296064386,
              60.100554099690854
            ],
            [
              30.35357340677696,
              60.097325663566856
            ],
            [
              30.36460061345055,
              60.09382183577762
            ],
            [
              30.375267854462827,
              60.090051143176154
            ],
            [
              30.385549305629823,
              60.086022759022086
            ],
            [
              30.39542010819533,
              60.081746480012264
            ],
            [
              30.404856429561008,
              60.077232701784745
            ],
            [
              30.413835521182214,
              60.07249239296379
            ],
            [
              30.42233577348642,
              60.067537067817376
            ],
            [
              30.430336767681478,
              60.06237875760216
            ],
            [
              30.43781932433214,
              60.057029980673875
            ],
            [
              30.444765548594987,
              60.051503711444006
            ],
            [
              30.45115887201288,
              60.04581334826607
            ],
            [
              30.45698409078227,
              60.03997268033726
            ],
            [
              30.462227400418147,
              60.03399585370314
            ],
            [
              30.466876426753114,
              60.027897336454686
            ],
            [
              30.47092025321878,
              60.021691883208305
            ],
            [
              30.47434944436931,
              60.01539449896112
            ],
            [
              30.477156065617987,
              60.00902040241387
            ],
            [
              30.479333699169196,
              60.002584988854956
            ],
            [
              30.480877456138742,
              59.99610379269918
            ],
            [
              30.48178398486633,
              59.989592449774946
            ],
            [
              30.48205147543385,
              59.98306665945314
            ]
          ]
        ]
      },
      "properties": {
        "title": "X2797/26B02 for None",
        "text": "From: 2026-07-27 07:05:00+00:00\nTo: 2026-08-01 16:55:00+00:00\n\n600026N0300425E-600116N0300057E-600140N0300028E-\n\n          600240N0300045E\n\n   200M AMSL-300M AMSL.\n\n2. CIRCLE RADIUS 0.3KM CENTRE 600200N0300100E\n\n   SFC-200M AMSL."
      }
    },
    {
      "type": "Feature",
      "geometry": {
        "type": "Polygon",
        "coordinates": [
          [
            [
              30.43027777777778,
              60.10194444444445
            ],
            [
              30.500833333333333,
              60.03722222222222
            ],
            [
              30.61888888888889,
              59.956944444444446
            ],
            [
              30.52777777777778,
              59.965833333333336
            ],
            [
              30.44388888888889,
              59.92361111111111
            ],
            [
              30.435277777777777,
              59.92666666666666
            ],
            [
              30.424166666666668,
              59.92583333333333
            ],
            [
              30.41861111111111,
              59.92111111111111
            ],
            [
              30.42027777777778,
              59.91638888888889
            ],
            [
              30.425555555555558,
              59.91361111111111
            ],
            [
              30.411388888888887,
              59.907222222222224
            ],
            [
              30.429166666666667,
              59.962500000000006
            ],
            [
              30.448055555555555,
              60.0125
            ],
            [
              30.385277777777777,
              60.09805555555556
            ],
            [
              30.43027777777778,
              60.10194444444445
            ]
          ]
        ],
        "meta": {
          "shape": "polygon"
        }
      },
      "properties": {
        "title": "X2801/26 for None",
        "text": "From: 2026-07-27 07:05:00+00:00\nTo: 2026-08-01 16:55:00+00:00\n\nAIRSPACE CLSD AS FLW:\n\n1. AREA: 600553N0302307E-600607N0302549E-600214N0303003E-\n\n         595725N0303708E-595757N0303140E-595525N0302638E-\n\n         595536N0302607E-595533N0302527E-595516N0302507E-\n\n         595459N0302513E-595449N0302532E-595426N0302441E-\n\n         595745N0302545E-600045N0302653E-600553N0302307E\n\n   200M AMSL-300M AMSL.\n\n2. Within CIRCLE RADIUS 0.3KM CENTRE 600510N0302418E\n\n   SFC-200M AMSL.\n\n3. Within CIRCLE RADIUS 0.3KM CENTRE 600151N0302900E\n\n   SFC-200M AMSL."
      }
    },
    {
      "type": "Feature",
      "geometry": {
        "type": "Polygon",
        "coordinates": [
          [
            [
              31.805555555555557,
              60.033055555555556
            ],
            [
              32.00222222222222,
              60.04944444444444
            ],
            [
              32.209722222222226,
              59.9525
            ],
            [
              32.13055555555555,
              59.88777777777778
            ],
            [
              31.999722222222225,
              59.87861111111111
            ],
            [
              31.805555555555557,
              60.033055555555556
            ]
          ]
        ],
        "meta": {
          "shape": "polygon"
        }
      },
      "properties": {
        "title": "X2802/26 for None",
        "text": "From: 2026-07-27 07:00:00+00:00\nTo: 2026-07-31 16:50:00+00:00\n\nAIRSPACE CLSD Within AREA:\n\n600159N0314820E-600258N0320008E-595709N0321235E-\n\n595316N0320750E-595243N0315959E-600159N0314820E"
      }
    },
    {
      "type": "Feature",
      "geometry": {
        "type": "Polygon",
        "coordinates": [
          [
            [
              39.788333333333334,
              59.071111111111115
            ],
            [
              39.78138888888889,
              59.03527777777778
            ],
            [
              39.64361111111111,
              59.06166666666666
            ],
            [
              39.66638888888889,
              59.09444444444445
            ],
            [
              39.788333333333334,
              59.071111111111115
            ]
          ]
        ],
        "meta": {
          "shape": "polygon"
        }
      },
      "properties": {
        "title": "X2803/26 for None",
        "text": "From: 2026-07-30 07:00:00+00:00\nTo: 2026-07-30 15:00:00+00:00\n\nAIRSPACE CLSD Within AREA:\n\n590416N0394718E-590207N0394653E-590342N0393837E-\n\n590540N0393959E-590416N0394718E"
      }
    },
    {
      "type": "Feature",
      "geometry": {
        "type": "Polygon",
        "coordinates": [
          [
            [
              32.16888888888889,
              59.23555555555556
            ],
            [
              32.10638888888889,
              59.09583333333334
            ],
            [
              31.835277777777776,
              59.13972222222222
            ],
            [
              31.83567100721379,
              59.14027846313353
            ],
            [
              31.833942479401152,
              59.140124920878
            ],
            [
              31.822027783393626,
              59.13937257980424
            ],
            [
              31.810055966232152,
              59.13892045684966
            ],
            [
              31.798055555555596,
              59.13876962939692
            ],
            [
              31.786055144879043,
              59.13892045684966
            ],
            [
              31.77408332771757,
              59.13937257980424
            ],
            [
              31.76216863171004,
              59.140124920878
            ],
            [
              31.750339452873465,
              59.14117568719271
            ],
            [
              31.738623990118533,
              59.14252237450805
            ],
            [
              31.727050180156592,
              59.14416177299704
            ],
            [
              31.715645632928428,
              59.14608997465172
            ],
            [
              31.704437567684693,
              59.14830238230461
            ],
            [
              31.6934527498476,
              59.15079372024732
            ],
            [
              31.682717428783075,
              59.15355804642572
            ],
            [
              31.672257276611894,
              59.1565887661865
            ],
            [
              31.66209732818792,
              59.15987864754747
            ],
            [
              31.652261922370474,
              59.16341983796084
            ],
            [
              31.642774644717143,
              59.167203882534864
            ],
            [
              31.633658271722332,
              59.17122174367688
            ],
            [
              31.624934716725306,
              59.17546382211693
            ],
            [
              31.616624977610275,
              59.179919979268455
            ],
            [
              31.608749086419444,
              59.184579560879605
            ],
            [
              31.60132606099772,
              59.189431421925335
            ],
            [
              31.594373858786074,
              59.19446395268744
            ],
            [
              31.58790933287774,
              59.199665105967554
            ],
            [
              31.58194819044909,
              59.20502242537436
            ],
            [
              31.576504953673602,
              59.21052307462394
            ],
            [
              31.571592923224383,
              59.216153867789586
            ],
            [
              31.567224144466792,
              59.22190130043468
            ],
            [
              31.563409376438788,
              59.22775158155966
            ],
            [
              31.560158063712063,
              59.23369066629186
            ],
            [
              31.557478311222447,
              59.2397042892448
            ],
            [
              31.55537686215269,
              59.245777998470984
            ],
            [
              31.553859078945237,
              59.251897189930816
            ],
            [
              31.552928927516522,
              59.25804714239778
            ],
            [
              31.55258896473806,
              59.2642130527189
            ],
            [
              31.552840329242635,
              59.270380071347425
            ],
            [
              31.553682735606753,
              59.27653333806366
            ],
            [
              31.555114471952855,
              59.28265801779849
            ],
            [
              31.557132401006914,
              59.28873933647352
            ],
            [
              31.55973196463842,
              59.294762616770186
            ],
            [
              31.562907191901328,
              59.30071331374074
            ],
            [
              31.566650710585193,
              59.30657705017232
            ],
            [
              31.570953762276673,
              59.31233965161676
            ],
            [
              31.57580622092137,
              59.31798718099732
            ],
            [
              31.581196614866954,
              59.323505972705114
            ],
            [
              31.587112152357495,
              59.32888266609805
            ],
            [
              31.593538750439176,
              59.33410423831605
            ],
            [
              31.60046106722719,
              59.33915803632742
            ],
            [
              31.60786253747272,
              59.3440318081228
            ],
            [
              31.615725411358838,
              59.34871373297469
            ],
            [
              31.624030796443378,
              59.35319245068227
            ],
            [
              31.63275870265636,
              59.35745708972391
            ],
            [
              31.641888090249505,
              59.361497294241495
            ],
            [
              31.65139692058482,
              59.36530324978421
            ],
            [
              31.661262209639734,
              59.36886570774154
            ],
            [
              31.671460084096193,
              59.372176008399514
            ],
            [
              31.681965839872312,
              59.375226102556134
            ],
            [
              31.692754002945765,
              59.37800857163734
            ],
            [
              31.70379839231018,
              59.38051664625729
            ],
            [
              31.715072184897238,
              59.38274422317184
            ],
            [
              31.726547982290494,
              59.38468588057773
            ],
            [
              31.738197879049437,
              59.38633689171478
            ],
            [
              31.74999353245665,
              59.38769323673299
            ],
            [
              31.7619062334951,
              59.38875161279123
            ],
            [
              31.773906978858186,
              59.389509442359
            ],
            [
              31.78596654379063,
              59.38996487969768
            ],
            [
              31.798055555555596,
              59.39011681550336
            ],
            [
              31.810144567320567,
              59.38996487969768
            ],
            [
              31.82220413225301,
              59.389509442359
            ],
            [
              31.834204877616095,
              59.38875161279124
            ],
            [
              31.846117578654553,
              59.38769323673299
            ],
            [
              31.857913232061758,
              59.38633689171478
            ],
            [
              31.8695631288207,
              59.38468588057773
            ],
            [
              31.881038926213957,
              59.38274422317184
            ],
            [
              31.892312718801023,
              59.38051664625729
            ],
            [
              31.903357108165427,
              59.37800857163734
            ],
            [
              31.914145271238883,
              59.375226102556134
            ],
            [
              31.924651027015003,
              59.37217600839953
            ],
            [
              31.934848901471458,
              59.36886570774154
            ],
            [
              31.94471419052637,
              59.36530324978418
            ],
            [
              31.954223020861686,
              59.361497294241495
            ],
            [
              31.963352408454835,
              59.35745708972391
            ],
            [
              31.972080314667817,
              59.35319245068227
            ],
            [
              31.980385699752365,
              59.34871373297469
            ],
            [
              31.988248573638476,
              59.3440318081228
            ],
            [
              31.995650043884,
              59.33915803632742
            ],
            [
              32.00257236067202,
              59.33410423831605
            ],
            [
              32.0089989587537,
              59.32888266609805
            ],
            [
              32.01491449624424,
              59.3235059727051
            ],
            [
              32.02030489018983,
              59.31798718099732
            ],
            [
              32.02515734883452,
              59.31233965161676
            ],
            [
              32.029460400526,
              59.30657705017232
            ],
            [
              32.03320391920987,
              59.30071331374074
            ],
            [
              32.036379146472775,
              59.294762616770186
            ],
            [
              32.03897871010428,
              59.28873933647352
            ],
            [
              32.04099663915834,
              59.28265801779849
            ],
            [
              32.04242837550444,
              59.27653333806366
            ],
            [
              32.04327078186856,
              59.270380071347425
            ],
            [
              32.043522146373135,
              59.2642130527189
            ],
            [
              32.04318218359467,
              59.25804714239778
            ],
            [
              32.042252032165955,
              59.251897189930816
            ],
            [
              32.0407342489585,
              59.245777998470984
            ],
            [
              32.03932738947992,
              59.241711825505874
            ],
            [
              32.16888888888889,
              59.23555555555556
            ]
          ]
        ],
        "meta": {
          "shape": "polygon"
        }
      },
      "properties": {
        "title": "X2804/26 for None",
        "text": "From: 2026-07-27 07:00:00+00:00\nTo: 2026-08-01 15:00:00+00:00\n\nAIRSPACE CLSD AS FLW:\n\n1. AREA: 591452N0315442E-591408N0321008E-590545N0320623E-\n\n         590823N0315007E-591452N0315442E\n\n   GND-1500M AMSL.\n\n2. Within CIRCLE RADIUS 14KM CENTRE 591552N0314753E\n\n   GND-900M AMSL."
      }
    },
    {
      "type": "Feature",
      "geometry": {
        "type": "Polygon",
        "coordinates": [
          [
            [
              57.00527777777778,
              66.37277777777777
            ],
            [
              56.888333333333335,
              66.39861111111112
            ],
            [
              56.650555555555556,
              66.39861111111112
            ],
            [
              56.608333333333334,
              66.3436111111111
            ],
            [
              56.92583333333333,
              66.13416666666667
            ],
            [
              56.933611111111105,
              66.0675
            ],
            [
              56.88805555555555,
              66.06694444444445
            ],
            [
              56.57416666666667,
              66.24305555555556
            ],
            [
              56.50611111111111,
              66.35083333333333
            ],
            [
              56.56166666666666,
              66.39611111111111
            ],
            [
              56.33833333333334,
              66.40527777777778
            ],
            [
              56.340833333333336,
              66.42833333333334
            ],
            [
              56.598333333333336,
              66.44638888888889
            ],
            [
              56.91166666666666,
              66.43333333333334
            ],
            [
              57.07472222222223,
              66.39888888888889
            ],
            [
              57.144999999999996,
              66.33305555555555
            ],
            [
              57.125277777777775,
              66.31194444444444
            ],
            [
              57.00527777777778,
              66.37277777777777
            ]
          ]
        ],
        "meta": {
          "shape": "polygon"
        }
      },
      "properties": {
        "title": "X2805/26 for None",
        "text": "From: 2026-07-27 04:00:00+00:00\nTo: 2026-07-29 21:00:00+00:00\n\nAIRSPACE CLSD AS FLW:\n\n1. AREA: 661959N0570842E-662356N0570429E-662600N0565442E-\n\n         662647N0563554E-662542N0562027E-662419N0562018E-\n\n         662346N0563342E-662103N0563022E-661435N0563427E-\n\n         660401N0565317E-660403N0565601E-660803N0565533E-\n\n         662037N0563630E-662355N0563902E-662355N0565318E-\n\n         662222N0570019E-661843N0570731E-661959N0570842E\n\n   340M AMSL-450M AMSL.\n\n2. Within CIRCLE RADIUS 1KM CENTRE 660713N0565419E\n\n   SFC-450M AMSL.\n\n3. Within CIRCLE RADIUS 1KM CENTRE 662500N0563600E\n\n   SFC-450M AMSL."
      }
    },
    {
      "type": "Feature",
      "geometry": {
        "type": "Polygon",
        "coordinates": [
          [
            [
              57.87277777777778,
              66.09972222222221
            ],
            [
              58.11138888888889,
              66.00666666666666
            ],
            [
              58.12916666666667,
              65.9875
            ],
            [
              58.1325,
              65.97722222222222
            ],
            [
              58.086111111111116,
              65.91388888888889
            ],
            [
              58.13111111111111,
              65.89305555555556
            ],
            [
              58.221944444444446,
              65.88194444444444
            ],
            [
              58.269444444444446,
              65.8436111111111
            ],
            [
              58.224444444444444,
              65.83638888888889
            ],
            [
              58.17111111111111,
              65.84888888888888
            ],
            [
              58.09777777777778,
              65.86027777777777
            ],
            [
              58.01277777777778,
              65.89583333333334
            ],
            [
              57.67055555555555,
              65.95611111111111
            ],
            [
              57.64361111111111,
              66.01138888888889
            ],
            [
              57.62777777777778,
              66.02277777777778
            ],
            [
              57.60777777777778,
              66.03333333333333
            ],
            [
              57.45722222222223,
              66.07944444444443
            ],
            [
              57.50472222222222,
              66.09166666666667
            ],
            [
              57.57888888888889,
              66.07583333333334
            ],
            [
              57.87277777777778,
              66.09972222222221
            ]
          ]
        ],
        "meta": {
          "shape": "polygon"
        }
      },
      "properties": {
        "title": "X2806/26 for None",
        "text": "From: 2026-07-27 04:00:00+00:00\nTo: 2026-07-29 21:00:00+00:00\n\nAIRSPACE CLSD AS FLW:\n\n1. AREA: 660530N0573017E-660433N0573444E-660559N0575222E-\n\n         660024N0580641E-655915N0580745E-655838N0580757E-\n\n         655450N0580510E-655335N0580752E-655255N0581319E-\n\n         655037N0581610E-655011N0581328E-655056N0581016E-\n\n         655137N0580552E-655345N0580046E-655722N0574014E-\n\n         660041N0573837E-660122N0573740E-660200N0573628E-\n\n         660446N0572726E-660530N0573017E\n\n   340M AMSL-450M AMSL.\n\n2. Within CIRCLE RADIUS 1KM CENTRE 660111N0574044E\n\n   SFC-450M AMSL.\n\n3. Within CIRCLE RADIUS 1KM CENTRE 655747N0574123E\n\n   SFC-450M AMSL.\n\n4. Within CIRCLE RADIUS 1KM CENTRE 655936N0574926E\n\n   SFC-450M AMSL.\n\n5. Within CIRCLE RADIUS 0.8KM CENTRE 660145N0573839E\n\n   SFC-450M AMSL."
      }
    },
    {
      "type": "Feature",
      "geometry": {
        "type": "Polygon",
        "coordinates": [
          [
            [
              58.011944444444445,
              65.89555555555556
            ],
            [
              58.08277777777778,
              65.86611111111111
            ],
            [
              58.07555555555556,
              65.84638888888888
            ],
            [
              58.04222222222222,
              65.80055555555555
            ],
            [
              57.98972222222222,
              65.78305555555555
            ],
            [
              57.97916666666667,
              65.68666666666667
            ],
            [
              57.962500000000006,
              65.66166666666668
            ],
            [
              57.92833333333333,
              65.62527777777777
            ],
            [
              57.7825,
              65.64333333333335
            ],
            [
              57.84666666666667,
              65.68916666666667
            ],
            [
              57.84861111111111,
              65.76361111111112
            ],
            [
              57.87111111111111,
              65.80777777777777
            ],
            [
              57.93388888888889,
              65.83333333333333
            ],
            [
              57.94444444444444,
              65.86
            ],
            [
              57.97277777777778,
              65.9025
            ],
            [
              58.011944444444445,
              65.89555555555556
            ]
          ]
        ],
        "meta": {
          "shape": "polygon"
        }
      },
      "properties": {
        "title": "X2807/26 for None",
        "text": "From: 2026-07-27 04:00:00+00:00\nTo: 2026-07-29 21:00:00+00:00\n\nAIRSPACE CLSD AS FLW:\n\n1. AREA: 655409N0575822E-655136N0575640E-655000N0575602E-\n\n         654828N0575216E-654549N0575055E-654121N0575048E-\n\n         653836N0574657E-653731N0575542E-653942N0575745E-\n\n         654112N0575845E-654659N0575923E-654802N0580232E-\n\n         655047N0580432E-655158N0580458E-655344N0580043E-\n\n         655409N0575822E\n\n   340M AMSL-450M AMSL.\n\n2. Within CIRCLE RADIUS 1KM CENTRE 653936N0575249E\n\n   SFC-450M AMSL."
      }
    },
    {
      "type": "Feature",
      "geometry": {
        "type": "Polygon",
        "coordinates": [
          [
            [
              30.330833333333334,
              56.42972222222222
            ],
            [
              30.378611111111113,
              56.42638888888889
            ],
            [
              30.374444444444446,
              56.39944444444444
            ],
            [
              30.325,
              56.401944444444446
            ],
            [
              30.330833333333334,
              56.42972222222222
            ]
          ]
        ],
        "meta": {
          "shape": "polygon"
        }
      },
      "properties": {
        "title": "X2808/26 for None",
        "text": "From: 2026-07-28 08:00:00+00:00\nTo: 2026-07-28 12:00:00+00:00\n\nAIRSPACE CLSD Within AREA:\n\n562547N0301951E-562535N0302243E-562358N0302228E-\n\n562407N0301930E-562547N0301951E."
      }
    },
    {
      "type": "Feature",
      "geometry": {
        "type": "Polygon",
        "coordinates": [
          [
            [
              32.34722222222222,
              59.76444444444444
            ],
            [
              32.29666666666667,
              59.776666666666664
            ],
            [
              32.31194444444444,
              59.82944444444445
            ],
            [
              32.3775,
              59.81583333333333
            ],
            [
              32.34722222222222,
              59.76444444444444
            ]
          ]
        ],
        "meta": {
          "shape": "polygon"
        }
      },
      "properties": {
        "title": "X2811/26 for None",
        "text": "From: 2026-07-27 07:01:00+00:00\nTo: 2026-08-01 16:59:00+00:00\n\nAIRSPACE CLSD Within AREA:\n\n594552N0322050E-594636N0321748E-594946N0321843E-\n\n594857N0322239E-594552N0322050E."
      }
    },
    {
      "type": "Feature",
      "geometry": {
        "type": "Polygon",
        "coordinates": [
          [
            [
              20.016666666666666,
              54.78333333333333
            ],
            [
              20.0,
              54.75
            ],
            [
              19.95,
              54.733333333333334
            ],
            [
              19.95,
              54.75
            ],
            [
              19.866666666666667,
              54.766666666666666
            ],
            [
              19.883333333333333,
              54.78333333333333
            ],
            [
              19.95,
              54.78333333333333
            ],
            [
              20.016666666666666,
              54.78333333333333
            ]
          ]
        ],
        "meta": {
          "shape": "polygon"
        }
      },
      "properties": {
        "title": "X2336/26 for Khrabrovo Airport",
        "text": "From: 2026-07-20 06:00:00+00:00\nTo: 2026-07-25 23:00:00+00:00\n\nAIRSPACE CLSD AS FLW:\n\n1. AREA: 544700N0195300E-544700N0195700E-544500N0195700E-\n\n         544600N0195200E-544700N0195300E\n\n   GND-3000M AGL.\n\n2. AREA: 544700N0195700E-544700N0200100E-544500N0200000E-\n\n         544400N0195700E-544500N0195700E-544700N0195700E\n\n   GND-3000M AGL."
      }
    },
    {
      "type": "Feature",
      "geometry": {
        "type": "Polygon",
        "coordinates": [
          [
            [
              21.100001835761432,
              54.62115836379988
            ],
            [
              21.100760523973573,
              54.62113662825573
            ],
            [
              21.10151188552281,
              54.621071839869224
            ],
            [
              21.102248682083868,
              54.62096462278973
            ],
            [
              21.102963815781113,
              54.62081600990364
            ],
            [
              21.103650397626588,
              54.6206274328747
            ],
            [
              21.104301813936157,
              54.620400708339204
            ],
            [
              21.104911790081587,
              54.62013802039032
            ],
            [
              21.105474450962127,
              54.619841899520466
            ],
            [
              21.105984377611822,
              54.61951519822579
            ],
            [
              21.106436659395968,
              54.61916106350852
            ],
            [
              21.106826941294106,
              54.61878290654313
            ],
            [
              21.107151465814315,
              54.6183843697993
            ],
            [
              21.107407109136176,
              54.617969291939495
            ],
            [
              21.107591411136127,
              54.61754167082994
            ],
            [
              21.107702599008242,
              54.617105625022106
            ],
            [
              21.10773960425569,
              54.61666535407626
            ],
            [
              21.10770207289243,
              54.6162250981097
            ],
            [
              21.107590368760256,
              54.615789096959524
            ],
            [
              21.107405569932787,
              54.6153615493533
            ],
            [
              21.107149458244596,
              54.61494657248087
            ],
            [
              21.106824502049705,
              54.61454816235604
            ],
            [
              21.10643383237858,
              54.61417015534978
            ],
            [
              21.10598121272605,
              54.61381619126443
            ],
            [
              21.1054710027633,
              54.61348967830402
            ],
            [
              21.104908116325163,
              54.6131937602768
            ],
            [
              21.104297974078207,
              54.61293128634518
            ],
            [
              21.1036464513259,
              54.61270478361333
            ],
            [
              21.10295982145317,
              54.61251643281513
            ],
            [
              21.10224469555389,
              54.61236804733615
            ],
            [
              21.101507958821085,
              54.61226105577013
            ],
            [
              21.10075670431029,
              54.61219648817795
            ],
            [
              21.099998164710996,
              54.612174966179964
            ],
            [
              21.066668501955665,
              54.61217496617996
            ],
            [
              21.065909962356375,
              54.61219648817795
            ],
            [
              21.06515870784558,
              54.61226105577012
            ],
            [
              21.06442197111278,
              54.612368047336126
            ],
            [
              21.06370684521349,
              54.612516432815134
            ],
            [
              21.063020215340764,
              54.61270478361333
            ],
            [
              21.06236869258846,
              54.612931286345194
            ],
            [
              21.0617585503415,
              54.6131937602768
            ],
            [
              21.061195663903362,
              54.61348967830402
            ],
            [
              21.060685453940618,
              54.61381619126443
            ],
            [
              21.060232834288087,
              54.61417015534977
            ],
            [
              21.05984216461696,
              54.61454816235603
            ],
            [
              21.05951720842207,
              54.61494657248087
            ],
            [
              21.05926109673388,
              54.6153615493533
            ],
            [
              21.05907629790641,
              54.6157890969595
            ],
            [
              21.058964593774235,
              54.616225098109695
            ],
            [
              21.058927062410977,
              54.61666535407626
            ],
            [
              21.058964067658426,
              54.617105625022106
            ],
            [
              21.05907525553054,
              54.61754167082994
            ],
            [
              21.059259557530492,
              54.61796929193949
            ],
            [
              21.059515200852353,
              54.6183843697993
            ],
            [
              21.059839725372562,
              54.618782906543125
            ],
            [
              21.0602300072707,
              54.61916106350852
            ],
            [
              21.06068228905484,
              54.619515198225805
            ],
            [
              21.061192215704533,
              54.619841899520466
            ],
            [
              21.061754876585088,
              54.62013802039033
            ],
            [
              21.062364852730507,
              54.62040070833921
            ],
            [
              21.06301626904008,
              54.62062743287469
            ],
            [
              21.06370285088555,
              54.62081600990365
            ],
            [
              21.064417984582803,
              54.62096462278973
            ],
            [
              21.065154781143864,
              54.621071839869224
            ],
            [
              21.065906142693088,
              54.62113662825573
            ],
            [
              21.06666483090524,
              54.62115836379988
            ],
            [
              21.100001835761432,
              54.62115836379988
            ]
          ]
        ],
        "meta": {
          "shape": "line_corridor"
        }
      },
      "properties": {
        "title": "X2711/26 for Khrabrovo Airport",
        "text": "From: 2026-07-27 06:30:00+00:00\nTo: 2026-07-31 23:00:00+00:00\n\nAIRSPACE CLSD Within 0.5KM EITHER SIDE OF LINE JOINING POINTS:\n\n543700N0210400E-543700N0210600E."
      }
    },
    {
      "type": "Feature",
      "geometry": {
        "type": "Polygon",
        "coordinates": [
          [
            [
              20.740833333333335,
              54.56666666666667
            ],
            [
              20.783333333333335,
              54.583333333333336
            ],
            [
              20.8,
              54.583333333333336
            ],
            [
              20.916666666666668,
              54.583333333333336
            ],
            [
              21.15,
              54.583333333333336
            ],
            [
              21.183333333333334,
              54.516666666666666
            ],
            [
              21.166666666666668,
              54.5
            ],
            [
              20.866666666666667,
              54.483333333333334
            ],
            [
              20.743055555555557,
              54.54527777777778
            ],
            [
              20.740833333333335,
              54.56666666666667
            ]
          ]
        ],
        "meta": {
          "shape": "polygon"
        }
      },
      "properties": {
        "title": "X2712/26 for Khrabrovo Airport",
        "text": "From: 2026-07-27 06:30:00+00:00\nTo: 2026-07-31 23:00:00+00:00\n\nAIRSPACE CLSD Within AREA:\n\n543400N0204427E-543500N0204700E-543500N0204800E-543500N0205500E-\n\n543500N0210900E-543100N0211100E-543000N0211000E-542900N0205200E-\n\n543243N0204435E-543400N0204427E."
      }
    },
    {
      "type": "Feature",
      "geometry": {
        "type": "Polygon",
        "coordinates": [
          [
            [
              19.9,
              54.833333333333336
            ],
            [
              20.033333333333335,
              54.833333333333336
            ],
            [
              20.033333333333335,
              54.8
            ],
            [
              19.883333333333333,
              54.8
            ],
            [
              19.9,
              54.833333333333336
            ]
          ]
        ],
        "meta": {
          "shape": "polygon"
        }
      },
      "properties": {
        "title": "X2719/26 for Khrabrovo Airport",
        "text": "From: 2026-07-25 08:00:00+00:00\nTo: 2026-07-25 11:00:00+00:00\n\nAIRSPACE CLSD Within AREA:\n\n545000N0195400E-545000N0200200E-544800N0200200E-\n\n544800N0195300E-545000N0195400E."
      }
    },
    {
      "type": "Feature",
      "geometry": {
        "type": "Polygon",
        "coordinates": [
          [
            [
              21.24512677850891,
              55.29022588683276
            ],
            [
              21.241589831536555,
              55.24699975617913
            ],
            [
              21.234356545395737,
              55.20392413612984
            ],
            [
              21.22345614677776,
              55.161102124165865
            ],
            [
              21.208926354279978,
              55.118635884408086
            ],
            [
              21.190813181551555,
              55.07662641298893
            ],
            [
              21.169170725930268,
              55.03517330906809
            ],
            [
              21.144060943916706,
              54.99437455187122
            ],
            [
              21.11555341478319,
              54.95432628409502
            ],
            [
              21.08372509356008,
              54.91512260198806
            ],
            [
              21.048660054580335,
              54.876855352385014
            ],
            [
              21.010449226698178,
              54.839613936940935
            ],
            [
              20.969190121228205,
              54.80348512378473
            ],
            [
              20.924986553579675,
              54.768552866783764
            ],
            [
              20.877948359487444,
              54.73489813258762
            ],
            [
              20.82819110666719,
              54.70259873559601
            ],
            [
              20.77583580264822,
              54.671729180976286
            ],
            [
              20.721008599464472,
              54.642360515835946
            ],
            [
              20.66384049581221,
              54.61456018864033
            ],
            [
              20.604467037213315,
              54.58839191694956
            ],
            [
              20.543028014655444,
              54.56391556353637
            ],
            [
              20.479667162116208,
              54.54118702093414
            ],
            [
              20.414531853316994,
              54.520258104455074
            ],
            [
              20.347772797994427,
              54.50117645370937
            ],
            [
              20.27954373792353,
              54.483985442648944
            ],
            [
              20.210001142876877,
              54.46872409815339
            ],
            [
              20.13930390665805,
              54.45542702717071
            ],
            [
              20.06761304330664,
              54.44412435242124
            ],
            [
              19.995091383534625,
              54.434841656670656
            ],
            [
              19.921903271421964,
              54.42759993557456
            ],
            [
              19.84821426137075,
              54.42241555909712
            ],
            [
              19.774190815294492,
              54.41930024150336
            ],
            [
              19.7,
              54.41826101992554
            ],
            [
              19.625809184705506,
              54.41930024150336
            ],
            [
              19.55178573862925,
              54.42241555909712
            ],
            [
              19.478096728578034,
              54.42759993557456
            ],
            [
              19.404908616465374,
              54.434841656670656
            ],
            [
              19.33238695669336,
              54.44412435242124
            ],
            [
              19.26069609334195,
              54.4554270271707
            ],
            [
              19.189998857123122,
              54.46872409815339
            ],
            [
              19.12045626207647,
              54.483985442648944
            ],
            [
              19.05222720200557,
              54.50117645370937
            ],
            [
              18.985468146683004,
              54.520258104455074
            ],
            [
              18.92033283788379,
              54.54118702093414
            ],
            [
              18.856971985344554,
              54.56391556353637
            ],
            [
              18.795532962786684,
              54.58839191694956
            ],
            [
              18.73615950418779,
              54.61456018864033
            ],
            [
              18.678991400535526,
              54.642360515835946
            ],
            [
              18.624164197351778,
              54.671729180976286
            ],
            [
              18.571808893332808,
              54.70259873559601
            ],
            [
              18.522051640512554,
              54.73489813258762
            ],
            [
              18.475013446420324,
              54.768552866783764
            ],
            [
              18.430809878771793,
              54.80348512378473
            ],
            [
              18.38955077330182,
              54.839613936940935
            ],
            [
              18.351339945419664,
              54.876855352385014
            ],
            [
              18.31627490643992,
              54.91512260198806
            ],
            [
              18.284446585216806,
              54.95432628409502
            ],
            [
              18.255939056083292,
              54.99437455187122
            ],
            [
              18.23082927406973,
              55.03517330906809
            ],
            [
              18.209186818448448,
              55.07662641298893
            ],
            [
              18.19107364572002,
              55.11863588440808
            ],
            [
              18.17654385322224,
              55.161102124165865
            ],
            [
              18.16564345460426,
              55.20392413612984
            ],
            [
              18.158410168463444,
              55.24699975617913
            ],
            [
              18.154873221491087,
              55.29022588683276
            ],
            [
              18.155053167513483,
              55.33349873710672
            ],
            [
              18.158961723845934,
              55.37671406714567
            ],
            [
              18.166601626398016,
              55.41976743713677
            ],
            [
              18.17796650497719,
              55.4625544599732
            ],
            [
              18.193040780234067,
              55.5049710570949
            ],
            [
              18.211799583674818,
              55.54691371689417
            ],
            [
              18.234208702133454,
              55.58827975503394
            ],
            [
              18.26022454804835,
              55.62896757598805
            ],
            [
              18.289794156822467,
              55.66887693507519
            ],
            [
              18.32285521246474,
              55.70790920022255
            ],
            [
              18.359336102611042,
              55.74596761266155
            ],
            [
              18.39915600390629,
              55.782957545727996
            ],
            [
              18.4422249985955,
              55.818786760910776
            ],
            [
              18.488444223020498,
              55.85336566027036
            ],
            [
              18.53770604855231,
              55.886607534329066
            ],
            [
              18.589894295306724,
              55.918428804520204
            ],
            [
              18.64488447879461,
              55.94874925927484
            ],
            [
              18.70254408945003,
              55.977492282820826
            ],
            [
              18.76273290476023,
              56.004585075771686
            ],
            [
              18.825303333494656,
              56.02995886659225
            ],
            [
              18.89010079129661,
              56.05354911304279
            ],
            [
              18.95696410666524,
              56.07529569272694
            ],
            [
              19.02572595611812,
              56.09514308189717
            ],
            [
              19.096213327090858,
              56.11304052170821
            ],
            [
              19.168248006900367,
              56.12894217115213
            ],
            [
              19.241647095878808,
              56.14280724595817
            ],
            [
              19.31622354257554,
              56.15460014279651
            ],
            [
              19.391786698730506,
              56.1642905481881
            ],
            [
              19.46814289154514,
              56.17185353158874
            ],
            [
              19.54509601061983,
              56.17726962219027
            ],
            [
              19.62244810679221,
              56.18052486905717
            ],
            [
              19.7,
              56.181610884298266
            ],
            [
              19.777551893207786,
              56.18052486905717
            ],
            [
              19.854903989380166,
              56.17726962219027
            ],
            [
              19.93185710845486,
              56.17185353158874
            ],
            [
              20.008213301269492,
              56.1642905481881
            ],
            [
              20.08377645742446,
              56.15460014279651
            ],
            [
              20.15835290412119,
              56.14280724595817
            ],
            [
              20.231751993099625,
              56.12894217115213
            ],
            [
              20.303786672909137,
              56.113040521708214
            ],
            [
              20.37427404388188,
              56.09514308189718
            ],
            [
              20.44303589333476,
              56.07529569272695
            ],
            [
              20.509899208703388,
              56.05354911304279
            ],
            [
              20.57469666650535,
              56.02995886659225
            ],
            [
              20.637267095239768,
              56.004585075771686
            ],
            [
              20.69745591054997,
              55.977492282820826
            ],
            [
              20.75511552120539,
              55.94874925927485
            ],
            [
              20.810105704693274,
              55.91842880452021
            ],
            [
              20.862293951447686,
              55.886607534329066
            ],
            [
              20.9115557769795,
              55.85336566027037
            ],
            [
              20.9577750014045,
              55.818786760910776
            ],
            [
              21.000843996093703,
              55.782957545727996
            ],
            [
              21.040663897388963,
              55.74596761266155
            ],
            [
              21.077144787535257,
              55.70790920022255
            ],
            [
              21.110205843177532,
              55.668876935075204
            ],
            [
              21.13977545195165,
              55.62896757598805
            ],
            [
              21.16579129786654,
              55.58827975503394
            ],
            [
              21.188200416325184,
              55.54691371689417
            ],
            [
              21.20695921976593,
              55.504971057094906
            ],
            [
              21.22203349502281,
              55.46255445997319
            ],
            [
              21.233398373601982,
              55.41976743713677
            ],
            [
              21.241038276154065,
              55.37671406714567
            ],
            [
              21.244946832486516,
              55.33349873710672
            ],
            [
              21.24512677850891,
              55.29022588683276
            ]
          ]
        ]
      },
      "properties": {
        "title": "X2773/26 for Khrabrovo Airport",
        "text": "From: 2026-07-25 06:00:00+00:00\nTo: 2026-07-25 18:00:00+00:00\n\nATS RTE SEGMENTS CLSD:\n\nL32 TIGNU-PELUG FL095-FL590\n\nL32 PELUG-KALININGRAD (KHRABROVO) VOR/DME(KRD) FL045-FL590\n\nL983 RANOK-TARUN FL095-FL590\n\nL983 TARUN-IRBAD FL105-FL590\n\nM997 LATMI-ASNIG FL095-FL590\n\nP733 IPLIT-ABNAB FL095-FL590."
      }
    },
    {
      "type": "Feature",
      "geometry": {
        "type": "Polygon",
        "coordinates": [
          [
            [
              20.25,
              55.16638888888889
            ],
            [
              20.25,
              55.1
            ],
            [
              20.166666666666668,
              55.02444444444444
            ],
            [
              19.983611111111113,
              55.02305555555555
            ],
            [
              19.966666666666665,
              55.016666666666666
            ],
            [
              19.95,
              55.016666666666666
            ],
            [
              19.933333333333334,
              55.016666666666666
            ],
            [
              19.916666666666668,
              55.016666666666666
            ],
            [
              19.9,
              55.016666666666666
            ],
            [
              19.9,
              55.0
            ],
            [
              19.883333333333333,
              55.0
            ],
            [
              19.866666666666667,
              55.0
            ],
            [
              19.866666666666667,
              54.983333333333334
            ],
            [
              19.85,
              54.983333333333334
            ],
            [
              19.85,
              54.96666666666667
            ],
            [
              19.833333333333332,
              54.96666666666667
            ],
            [
              19.833333333333332,
              54.95
            ],
            [
              19.8275,
              54.93333333333333
            ],
            [
              19.82638888888889,
              54.766666666666666
            ],
            [
              19.593888888888888,
              54.766666666666666
            ],
            [
              19.583333333333332,
              54.85
            ],
            [
              19.583333333333332,
              54.916666666666664
            ],
            [
              19.6,
              54.95
            ],
            [
              19.616666666666667,
              55.0
            ],
            [
              19.666666666666668,
              55.06666666666667
            ],
            [
              19.75,
              55.1
            ],
            [
              19.783333333333335,
              55.11666666666667
            ],
            [
              19.9,
              55.15
            ],
            [
              20.0,
              55.166666666666664
            ],
            [
              20.25,
              55.16638888888889
            ]
          ]
        ],
        "meta": {
          "shape": "polygon"
        }
      },
      "properties": {
        "title": "X2775/26 for Khrabrovo Airport",
        "text": "From: 2026-07-25 06:00:00+00:00\nTo: 2026-07-25 18:00:00+00:00\n\nAIRSPACE CLSD Within AREA:\n\n550959N0201500E-550600N0201500E-550128N0201000E-550123N0195901E-\n\n550100N0195800E-550100N0195700E-550100N0195600E-550100N0195500E-\n\n550100N0195400E-550000N0195400E-550000N0195300E-550000N0195200E-\n\n545900N0195200E-545900N0195100E-545800N0195100E-545800N0195000E-\n\n545700N0195000E-545600N0194939E-544600N0194935E-544600N0193538E-\n\n545100N0193500E-545500N0193500E-545700N0193600E-550000N0193700E-\n\n550400N0194000E-550600N0194500E-550700N0194700E-550900N0195400E-\n\n551000N0200000E-550959N0201500E."
      }
    },
    {
      "type": "Feature",
      "geometry": {
        "type": "MultiPolygon",
        "coordinates": [
          [
            [
              [
                20.25,
                55.483333333333334
              ],
              [
                20.25,
                55.16638888888889
              ],
              [
                20.0,
                55.16
              ],
              [
                19.9,
                55.15
              ],
              [
                19.783333333333335,
                55.11666666666667
              ],
              [
                19.75,
                55.1
              ],
              [
                19.666666666666668,
                55.06666666666667
              ],
              [
                19.616666666666667,
                55.0
              ],
              [
                19.6,
                54.95
              ],
              [
                19.583333333333332,
                54.916666666666664
              ],
              [
                19.583333333333332,
                54.85
              ],
              [
                19.6,
                54.766666666666666
              ],
              [
                19.593888888888888,
                54.766666666666666
              ],
              [
                19.333333333333332,
                54.833333333333336
              ],
              [
                19.105833333333333,
                55.333333333333336
              ],
              [
                19.083333333333332,
                55.38333333333333
              ],
              [
                20.0,
                55.46194444444445
              ],
              [
                20.25,
                55.483333333333334
              ]
            ]
          ],
          [
            [
              [
                19.216666666666665,
                55.4
              ],
              [
                19.133333333333333,
                55.61666666666667
              ],
              [
                19.3,
                55.75
              ],
              [
                20.25,
                55.483333333333334
              ],
              [
                19.216666666666665,
                55.4
              ]
            ]
          ]
        ],
        "meta": {
          "shape": "polygon"
        }
      },
      "properties": {
        "title": "X2777/26 for Khrabrovo Airport",
        "text": "From: 2026-07-25 06:00:00+00:00\nTo: 2026-07-25 18:00:00+00:00\n\nTEMPO DANGER AREA ACT:\n\n1. AREA: 554500N0191800E-552900N0201500E-552400N0191300E-\n\n         553700N0190800E-554500N0191800E\n\n   GND-2100M AGL.\n\n2. AREA: 552743N0200000E-552000N0200000E-552000N0190621E-\n\n         552300N0190500E-552743N0200000E\n\n   GND-9000M AGL.\n\n3. AREA: 552900N0201500E-550959N0201500E-550936N0200000E-\n\n         552743N0200000E-552900N0201500E\n\n   GND-2100M AGL.\n\n4. AREA: 552000N0190621E-552000N0200000E-550936N0200000E-\n\n         550900N0195400E-550700N0194700E-550600N0194500E-\n\n         550400N0194000E-550000N0193700E-545700N0193600E-\n\n         545500N0193500E-545100N0193500E-544600N0193600E-\n\n         544600N0193538E-545000N0192000E-552000N0190621E\n\n   GND-18000M AGL."
      }
    },
    {
      "type": "Feature",
      "geometry": {
        "type": "Polygon",
        "coordinates": [
          [
            [
              20.708125785603517,
              55.17631730555779
            ],
            [
              20.70535028581784,
              55.13960915003098
            ],
            [
              20.699442011470442,
              55.10302274201345
            ],
            [
              20.690423668152103,
              55.06664575511534
            ],
            [
              20.678325220574628,
              55.03056512594373
            ],
            [
              20.66318374360388,
              54.99486685254896
            ],
            [
              20.6450432598628,
              54.95963579719795
            ],
            [
              20.623954564922286,
              54.924955493832485
            ],
            [
              20.599975041074067,
              54.89090796054276
            ],
            [
              20.57316846064924,
              54.85757351735975
            ],
            [
              20.543604779811655,
              54.82503060964516
            ],
            [
              20.511359923715887,
              54.79335563733273
            ],
            [
              20.47651556387676,
              54.76262279025175
            ],
            [
              20.43915888855204,
              54.73290388974151
            ],
            [
              20.399382366892322,
              54.704268236745015
            ],
            [
              20.357283507562723,
              54.676782466550335
            ],
            [
              20.312964612491758,
              54.65051041033055
            ],
            [
              20.26653252635202,
              54.625512963615975
            ],
            [
              20.218098382327764,
              54.60184796181725
            ],
            [
              20.16777734467523,
              54.57957006290343
            ],
            [
              20.11568834853347,
              54.55873063732651
            ],
            [
              20.061953837397084,
              54.5393776652719
            ],
            [
              20.006699498617433,
              54.5215556413038
            ],
            [
              19.950053997256962,
              54.50530548646491
            ],
            [
              19.892148708580642,
              54.49066446788136
            ],
            [
              19.83311744943182,
              54.477666125915924
            ],
            [
              19.773096208705,
              54.46634020890651
            ],
            [
              19.71222287709685,
              54.4567126155197
            ],
            [
              19.650636976288443,
              54.44880534474544
            ],
            [
              19.588479387686853,
              54.442636453552986
            ],
            [
              19.52589208083278,
              54.43822002222481
            ],
            [
              19.46301784156275,
              54.43556612738148
            ],
            [
              19.4,
              54.43468082270701
            ],
            [
              19.336982158437248,
              54.43556612738148
            ],
            [
              19.274107919167218,
              54.43822002222481
            ],
            [
              19.211520612313144,
              54.442636453552986
            ],
            [
              19.149363023711555,
              54.44880534474544
            ],
            [
              19.08777712290315,
              54.4567126155197
            ],
            [
              19.026903791295,
              54.46634020890651
            ],
            [
              18.966882550568176,
              54.477666125915924
            ],
            [
              18.907851291419355,
              54.49066446788136
            ],
            [
              18.849946002743035,
              54.50530548646491
            ],
            [
              18.793300501382564,
              54.5215556413038
            ],
            [
              18.738046162602913,
              54.5393776652719
            ],
            [
              18.684311651466526,
              54.55873063732651
            ],
            [
              18.632222655324767,
              54.57957006290343
            ],
            [
              18.581901617672234,
              54.60184796181725
            ],
            [
              18.53346747364798,
              54.625512963615975
            ],
            [
              18.48703538750824,
              54.65051041033055
            ],
            [
              18.442716492437274,
              54.676782466550335
            ],
            [
              18.400617633107675,
              54.704268236745015
            ],
            [
              18.360841111447954,
              54.73290388974151
            ],
            [
              18.323484436123245,
              54.76262279025175
            ],
            [
              18.28864007628411,
              54.79335563733273
            ],
            [
              18.25639522018834,
              54.82503060964516
            ],
            [
              18.22683153935076,
              54.85757351735975
            ],
            [
              18.200024958925937,
              54.89090796054276
            ],
            [
              18.17604543507771,
              54.924955493832485
            ],
            [
              18.154956740137198,
              54.95963579719795
            ],
            [
              18.136816256396113,
              54.99486685254895
            ],
            [
              18.121674779425373,
              55.03056512594373
            ],
            [
              18.109576331847894,
              55.06664575511534
            ],
            [
              18.10055798852956,
              55.10302274201346
            ],
            [
              18.094649714182157,
              55.13960915003098
            ],
            [
              18.09187421439648,
              55.17631730555779
            ],
            [
              18.09224680114086,
              55.21305900347632
            ],
            [
              18.09577527377089,
              55.249745716184755
            ],
            [
              18.102459816597925,
              55.286288805704785
            ],
            [
              18.11229291405691,
              55.32259973840236
            ],
            [
              18.125259284497883,
              55.35859030182083
            ],
            [
              18.14133583359863,
              55.394172823097485
            ],
            [
              18.16049162835885,
              55.42926038840723
            ],
            [
              18.182687892587595,
              55.46376706285016
            ],
            [
              18.207878024735827,
              55.49760811017492
            ],
            [
              18.236007638854733,
              55.53070021170598
            ],
            [
              18.267014629376582,
              55.56296168382139
            ],
            [
              18.30082926032067,
              55.59431269330867
            ],
            [
              18.33737427942041,
              55.624675469909675
            ],
            [
              18.376565057550565,
              55.65397451535213
            ],
            [
              18.418309753706517,
              55.68213680815537
            ],
            [
              18.462509505650555,
              55.70909200349131
            ],
            [
              18.509058646194845,
              55.734772627379506
            ],
            [
              18.557844944938736,
              55.75911426449668
            ],
            [
              18.608749875118956,
              55.78205573888742
            ],
            [
              18.66164890506883,
              55.803539286873324
            ],
            [
              18.71641181361705,
              55.82351072147383
            ],
            [
              18.772903028589162,
              55.84191958767176
            ],
            [
              18.830981987410027,
              55.8587193078819
            ],
            [
              18.890503518641317,
              55.87386731701132
            ],
            [
              18.951318243130473,
              55.887325186534056
            ],
            [
              19.013272993295217,
              55.89905873704262
            ],
            [
              19.07621124892472,
              55.909038138781995
            ],
            [
              19.139973587745978,
              55.91723799971965
            ],
            [
              19.20439814888305,
              55.9236374407564
            ],
            [
              19.269321107230752,
              55.9282201577375
            ],
            [
              19.334577156672797,
              55.93097446998169
            ],
            [
              19.4,
              55.93189335510541
            ],
            [
              19.4654228433272,
              55.93097446998169
            ],
            [
              19.530678892769245,
              55.9282201577375
            ],
            [
              19.595601851116946,
              55.923637440756394
            ],
            [
              19.66002641225402,
              55.91723799971965
            ],
            [
              19.723788751075276,
              55.909038138781995
            ],
            [
              19.78672700670478,
              55.89905873704262
            ],
            [
              19.848681756869517,
              55.887325186534056
            ],
            [
              19.909496481358683,
              55.87386731701132
            ],
            [
              19.96901801258997,
              55.8587193078819
            ],
            [
              20.02709697141083,
              55.841919587671754
            ],
            [
              20.083588186382947,
              55.82351072147384
            ],
            [
              20.13835109493116,
              55.803539286873324
            ],
            [
              20.19125012488105,
              55.78205573888742
            ],
            [
              20.242155055061254,
              55.75911426449669
            ],
            [
              20.290941353805152,
              55.73477262737951
            ],
            [
              20.337490494349442,
              55.709092003491314
            ],
            [
              20.38169024629347,
              55.68213680815537
            ],
            [
              20.423434942449433,
              55.65397451535213
            ],
            [
              20.462625720579588,
              55.624675469909675
            ],
            [
              20.49917073967932,
              55.59431269330867
            ],
            [
              20.532985370623415,
              55.5629616838214
            ],
            [
              20.563992361145264,
              55.53070021170598
            ],
            [
              20.59212197526417,
              55.49760811017492
            ],
            [
              20.617312107412406,
              55.46376706285015
            ],
            [
              20.639508371641146,
              55.42926038840723
            ],
            [
              20.65866416640137,
              55.394172823097485
            ],
            [
              20.674740715502114,
              55.35859030182085
            ],
            [
              20.68770708594309,
              55.32259973840236
            ],
            [
              20.697540183402072,
              55.286288805704785
            ],
            [
              20.704224726229107,
              55.249745716184755
            ],
            [
              20.707753198859137,
              55.21305900347632
            ],
            [
              20.708125785603517,
              55.17631730555779
            ]
          ]
        ]
      },
      "properties": {
        "title": "X2779/26 for Khrabrovo Airport",
        "text": "From: 2026-07-25 06:00:00+00:00\nTo: 2026-07-25 18:00:00+00:00\n\nATS RTE SEGMENTS CLSD:\n\nL32 TIGNU-PELUG FL095-FL590\n\nL32 PELUG-KALININGRAD (KHRABROVO) VOR/DME(KRD) FL045-FL070\n\nL59 RANOK-GAREK FL095-FL590\n\nL733 ABNAB-OTVOV FL095-FL590\n\nL733 RANOK-ABNAB FL095-FL590\n\nL983 RANOK-TARUN FL095-FL590\n\nL983 TARUN-IRBAD FL105-FL590\n\nM155 KUNER-TIGNU FL095-FL300\n\nM997 LATMI-PELUG FL095-FL590\n\nP733 ABNAB-TIGNU FL095-FL590\n\nP733 IPLIT-ABNAB FL095-FL590\n\nP861 RANOK-TIGNU FL095-FL590."
      }
    },
    {
      "type": "Feature",
      "geometry": null,
      "properties": {
        "title": "X0789/26 for None",
        "text": "From: 2026-07-01 06:34:00+00:00\nTo: 2026-08-01 23:59:00+00:00\n\nCHECKLIST:\n\n  YEAR=2026 0071 0084 0107 0108 0143 0144 0156 0162 0163 0164 0167\n\n  0181 0183 0194 0199 0202 0208 0232 0250 0253 0254 0255 0263 0267\n\n  0310 0318 0332 0333 0334 0336 0337 0338 0341 0342 0343 0344 0346\n\n  0355 0360 0361 0362 0367 0373 0374 0378 0379 0380 0381 0382 0383\n\n  0384 0385 0407 0410 0411 0412 0414 0415 0416 0417 0418 0420 0421\n\n  0422 0423 0424 0425 0426 0432 0434 0435 0436 0438 0439 0446 0448\n\n  0449 0450 0451 0456 0457 0459 0460 0461 0473 0476 0477 0478 0479\n\n  0480 0481 0482 0500 0501 0512 0513 0514 0515 0520 0522 0523 0524\n\n  0530 0533 0539 0542 0549 0553 0554 0555 0556 0559 0560 0565 0566\n\n  0567 0586 0589 0593 0597 0599 0601 0603 0604 0605 0610 0611 0612\n\n  0613 0621 0622 0626 0628 0630 0632 0634 0636 0637 0638 0639 0640\n\n  0641 0642 0644 0645 0647 0648 0649 0650 0652 0653 0662 0663 0664\n\n  0666 0668 0669 0670 0671 0672 0673 0677 0679 0681 0683 0689 0690\n\n  0691 0694 0697 0700 0701 0702 0703 0704 0705 0706 0707 0708 0709\n\n  0710 0711 0712 0713 0714 0715 0716 0717 0718 0719 0720 0721 0722\n\n  0723 0724 0725 0726 0727 0728 0729 0730 0734 0736 0737 0739 0740\n\n  0742 0743 0744 0745 0746 0747 0748 0749 0750 0751 0752 0753 0755\n\n  0756 0757 0758 0759 0760 0768 0770 0772 0774 0776 0777 0780 0785\n\nLATEST PUBLICATIONS\n\nAIRAC Aeronautical Information Publication AMDT 07/26\n\nAeronautical Information Publication AMDT 365/11\n\nAeronautical Information Publication SUP:\n\nSUP 03/26\n\n1-SUP 06/25\n\n2-SUP 01/26\n\n4-SUP 01/25\n\nAIC X07/26"
      }
    }
  ]
}